type,cycle,v1,v2,v7,v16,v17,v18,v21,v22,v23,v24,v25,v46,v47,v52,v53,v99
F01,1,1.255056254,1.255642064,1.245189158,1.24132932,1.241273626,1.239956538,1.238900757,1.238769404,1.238183467,1.237154007,1.239100138,1.254675929,1.256320699,1.263286209,1.263748423,1.260520681
F01,2,1.252953847,1.255795161,1.260737101,1.251769765,1.252281443,1.254430135,1.261996969,1.262363307,1.264298757,1.26668396,1.267603683,1.261933645,1.261811447,1.257226563,1.258806356,1.266847738
F01,3,1.248266983,1.250568644,1.242791621,1.243312581,1.242650986,1.242278417,1.238514328,1.237395096,1.236665471,1.235523097,1.235691579,1.234519958,1.248668798,1.217859014,1.209567134,1.246850967
F01,4,1.230106608,1.227925364,1.226228078,1.237359619,1.239013672,1.240842311,1.244122569,1.247212728,1.250577927,1.252768326,1.254921722,1.262517929,1.261927414,1.242882792,1.232654063,1.240856298
F01,5,1.222677358,1.222672653,1.224472046,1.226656342,1.227220535,1.227667236,1.22996432,1.231426748,1.232912191,1.232272212,1.23166008,1.226673253,1.228398387,1.224317424,1.223325094,1.228322728
F01,6,1.247212728,1.252000046,1.265383911,1.263824081,1.262616857,1.260701497,1.251981608,1.252533468,1.252558136,1.25464503,1.255824534,1.250966009,1.253406779,1.252760696,1.253644816,1.239828237
F01,7,1.225266647,1.224226252,1.224858475,1.223923238,1.225234095,1.226478577,1.230780538,1.230299759,1.229512914,1.232079061,1.233106995,1.275544612,1.267006938,1.252162425,1.249427795,1.212439346
F01,8,1.194725672,1.192971166,1.195041021,1.193204625,1.19076678,1.190244293,1.19625295,1.202329636,1.209966024,1.216093699,1.218605677,1.249707667,1.249100113,1.23803978,1.23886528,1.226724243
F01,9,1.211303202,1.209540939,1.200126775,1.208992132,1.210425059,1.210888799,1.212232208,1.214863205,1.217242177,1.219449615,1.220486832,1.242009481,1.235968399,1.250270335,1.253570684,1.228659693
F01,10,1.243870544,1.240636698,1.229933421,1.206225077,1.208588664,1.205180105,1.185413615,1.192292531,1.195130666,1.188347626,1.189474487,1.210559591,1.217018,1.199896495,1.210290655,1.217212804
F01,11,1.189289093,1.198114141,1.215000788,1.231992467,1.228429286,1.222264608,1.215976206,1.215506236,1.211671066,1.20914828,1.209448115,1.182926432,1.191341909,1.206056595,1.207531357,1.201331075
F01,12,1.228291829,1.230121994,1.224940364,1.239410909,1.239631907,1.239475759,1.234532293,1.232960129,1.231811651,1.231555049,1.230658468,1.240077209,1.24071401,1.238288625,1.245190684,1.225900396
F01,13,1.204954402,1.204187648,1.201748403,1.203165944,1.202519735,1.203493627,1.211470032,1.210593669,1.207939402,1.205088933,1.204159927,1.204520035,1.21477356,1.177797318,1.17374115,1.206780116
F01,14,1.197387568,1.197696813,1.195804723,1.185633214,1.186944071,1.18670756,1.189916611,1.193867747,1.201151657,1.204334513,1.206217321,1.206303914,1.205659358,1.200745138,1.199015427,1.199267324
F01,15,1.228157298,1.229919561,1.232932281,1.239240901,1.240084839,1.239407857,1.225523249,1.218743261,1.215382512,1.21554184,1.21978658,1.224917221,1.224016062,1.227316411,1.22423083,1.217943954
F01,16,1.241901271,1.239950434,1.222229004,1.208494314,1.207412338,1.205863317,1.200497818,1.201060486,1.201332601,1.202467219,1.204176839,1.217158763,1.217290115,1.214829127,1.213280233,1.222154872
F01,17,1.232301585,1.234519958,1.232143911,1.228988902,1.227096812,1.225643794,1.21777242,1.214815267,1.215048726,1.215578842,1.215005366,1.220066452,1.229032262,1.218919373,1.228279368,1.212821198
F01,18,1.236764399,1.232813263,1.225894165,1.222847366,1.221307755,1.218042882,1.203829066,1.198633575,1.194441223,1.193577194,1.191519674,1.204891078,1.202470271,1.200774511,1.202765528,1.20843722
F01,19,1.154461543,1.153396479,1.162826029,1.164348729,1.164796956,1.165282313,1.172199885,1.170552063,1.171870677,1.174622218,1.176738485,1.187823613,1.189162318,1.190051142,1.191889064,1.201760737
F01,20,2.146405792,2.13114535,2.119533157,2.118570073,2.123836772,2.117713674,2.091895294,2.094033178,2.082875443,2.081811905,2.078559494,2.386358134,2.425455221,2.464040629,2.460199229,0.01159987926
F01,21,2.179526774,2.180653636,2.179475657,2.18090566,2.180240885,2.176925151,2.171420288,2.170874786,2.169298045,2.174026744,2.200968933,2.217643738,2.213969167,2.20560023,2.204592133,2.214007823
F01,22,2.187444305,2.183301544,2.201777395,2.17484436,2.172215017,2.174890645,2.19858195,2.198790741,2.202987671,2.201862335,2.20075709,2.225794729,2.236527507,2.253803507,2.255366516,2.193865712
F01,23,2.238543193,2.241588593,2.243018341,2.240928396,2.236464183,2.235943095,2.252570089,2.257507324,2.242764791,2.24597702,2.243086497,2.245936839,2.253121948,2.260926819,2.266977183,2.228894297
F01,24,2.237577057,2.233496094,2.22859904,2.243976847,2.247275543,2.248866272,2.24408493,2.247519938,2.246661886,2.250291443,2.254744975,2.290954336,2.291484578,2.282607015,2.284533183,2.247122447
F01,25,2.290357717,2.256111654,2.230240631,2.209197235,2.214654032,2.227828979,2.193414307,2.18845698,2.202054087,2.211038462,2.209218852,2.302555847,2.311419678,2.269501495,2.272812653,2.233542379
F01,26,2.262574514,2.250634766,2.236553701,2.244881185,2.243720245,2.242056783,2.243958282,2.241706085,2.236907705,2.235161082,2.22938563,2.236281586,2.235890706,2.251239014,2.245519511,2.292967224
F01,27,2.19822642,2.194298553,2.189118449,2.186840057,2.195722198,2.20274353,2.229456838,2.238421122,2.24386851,2.241956329,2.237277222,2.243021393,2.241288503,2.237536875,2.236920166,2.160630544
F01,28,2.245916748,2.242734019,2.238758087,2.269697825,2.276374308,2.284526825,2.289824422,2.292276255,2.296132914,2.295746613,2.298688253,2.311401113,2.310289764,2.277935537,2.273316701,2.219458516
F01,29,2.266018677,2.266366577,2.268431854,2.256143951,2.255772909,2.253223928,2.258676147,2.258881632,2.257846069,2.260914358,2.261792501,2.268230693,2.278529104,2.229241943,2.203238169,2.259568024
F01,30,2.254360199,2.254251862,2.256218211,2.264761861,2.262478892,2.267204285,2.270654551,2.277535248,2.276473236,2.274511464,2.276088206,2.275236511,2.267494965,2.261529541,2.259826152,2.282256063
F01,31,2.32948583,2.331841532,2.304044596,2.287882996,2.29225769,2.287607829,2.26296107,2.251696777,2.247091675,2.239917501,2.242299652,2.278889211,2.27490565,2.283110809,2.286675517,2.271724447
F01,32,2.309071604,2.305859375,2.302531179,2.322362518,2.324022675,2.323665619,2.323994954,2.323922221,2.321704102,2.31677297,2.312173971,2.308513387,2.308320363,2.311309814,2.310536957,2.274500783
F01,33,2.237971242,2.262440236,2.269196828,2.289240011,2.304718526,2.321932729,2.280935923,2.275961558,2.272640991,2.277771759,2.278320313,2.267275492,2.27698644,2.306120555,2.310762787,2.295987701
F01,34,2.256573741,2.253194682,2.249025472,2.283047485,2.297658793,2.297816467,2.288533783,2.288402303,2.279360708,2.28505249,2.288985189,2.268332926,2.267689768,2.275695546,2.262900798,2.322028605
F01,35,2.310623423,2.316394043,2.28286972,2.297572072,2.301960754,2.298204295,2.303553009,2.303872935,2.302092234,2.297893778,2.295868683,2.248968252,2.252290344,2.240354919,2.248612722,2.313361104
F01,36,2.324407705,2.314976501,2.303373718,2.273953501,2.271273041,2.263680013,2.301792145,2.266522725,2.266173299,2.268201447,2.269393158,2.286218007,2.288128662,2.279108683,2.278018951,2.339394379
F01,37,2.308569082,2.315596517,2.325312042,2.338140869,2.339433034,2.342119853,2.333201853,2.328490194,2.329275513,2.326632182,2.327191671,2.317701976,2.324353536,2.323783112,2.327298482,2.322055054
F01,38,2.302701314,2.308892314,2.320009867,2.335607147,2.335597992,2.336169942,2.339320374,2.340824382,2.345342763,2.347503916,2.347910309,2.318736013,2.319753265,2.311646779,2.309396108,2.314628855
F01,39,2.340431722,2.340904744,2.326159159,2.33712972,2.342309825,2.347426605,2.356295013,2.35426534,2.357635244,2.353436788,2.351136525,2.344855754,2.348051198,2.352095032,2.354906718,2.351682281
F01,40,2.376483409,2.373303731,2.355029043,2.359310913,2.356812795,2.362501526,2.349453227,2.343102773,2.341740926,2.328694153,2.321994527,2.324409231,2.329853566,2.307950846,2.315093994,2.28162384
F01,41,2.365927124,2.362226359,2.356296539,2.371547699,2.372887929,2.377471161,2.369729869,2.370688121,2.371853638,2.367392476,2.365257772,2.346186829,2.364481608,2.356939697,2.352518463,2.285397339
F01,42,1.287694804,1.2843249,1.275767136,1.267772166,1.262245814,1.260157394,1.257600657,1.258307012,1.25739034,1.257395045,1.257770665,1.261262639,1.261401876,1.261874898,1.263074366,1.267262014
F01,43,1.253310903,1.26487999,1.28839035,1.266554006,1.263620122,1.269373703,1.288775253,1.293344752,1.295239894,1.297787476,1.300268555,1.261024602,1.267705663,1.287824631,1.291706212,1.271795909
F01,44,1.254870733,1.24035848,1.243861389,1.235031509,1.238024267,1.239277903,1.233474986,1.234368388,1.238195928,1.238761648,1.238743083,1.279073715,1.280441793,1.280135727,1.279197311,1.262077332
F01,45,1.281574885,1.278906759,1.248297882,1.230548731,1.231295268,1.233386866,1.227794011,1.226493963,1.215364075,1.201287715,1.192297236,1.179202525,1.183529282,1.202331161,1.202020518,1.205282211
F01,46,1.260604223,1.261020025,1.263702011,1.267863337,1.268059667,1.271540833,1.269129435,1.266942088,1.265144221,1.263055801,1.263400523,1.251411184,1.251299795,1.248263804,1.24766566,1.220904287
F01,47,1.225227992,1.226331711,1.228138733,1.257820129,1.258602269,1.258889898,1.249013519,1.246987025,1.247101339,1.247146225,1.252262878,1.264980443,1.263961665,1.263095983,1.263134638,1.234535344
F01,48,1.226144663,1.223199844,1.234031423,1.258633296,1.259800339,1.269791031,1.277538681,1.273947779,1.270922597,1.271833038,1.271103414,1.257493973,1.253139369,1.241588974,1.238056691,1.222215144
F01,49,1.244096247,1.246023941,1.253185781,1.255311203,1.26034139,1.262207158,1.266668447,1.266674678,1.265189107,1.267725754,1.263855108,1.263722102,1.259661229,1.26269722,1.264972687,1.2535923
F01,50,1.289925385,1.289937719,1.283973948,1.295426941,1.294318644,1.29349467,1.277398046,1.274651082,1.272758993,1.274674225,1.281274923,1.287738037,1.284902954,1.294405238,1.29748141,1.27759285
F01,51,1.276516851,1.275267919,1.280613327,1.290064494,1.290704473,1.289381282,1.282616679,1.279671987,1.277169291,1.274971135,1.278929901,1.19055659,1.239381536,1.364679972,1.377467092,1.279787827
F01,52,1.292210134,1.29395078,1.3100722,1.299923833,1.296241633,1.293143845,1.277421188,1.259872945,1.252672577,1.249315008,1.253683472,1.235223262,1.238263957,1.237500254,1.235940552,1.262771479
F01,53,1.260547002,1.258999634,1.287115097,1.30108312,1.300718307,1.303132884,1.282298279,1.274501165,1.263426844,1.273972448,1.276244863,1.269047419,1.269616318,1.276856995,1.276074855,1.268520355
F01,54,1.271194585,1.267884954,1.257158534,1.282819239,1.283992513,1.288968531,1.291729355,1.294011052,1.297801336,1.300766246,1.299642436,1.300078328,1.299157079,1.292714055,1.291866938,1.27323672
F01,55,1.278506343,1.280560811,1.232944743,1.198676809,1.19757932,1.194254176,1.17934316,1.179034042,1.18330663,1.190208817,1.196531169,1.228022766,1.230514654,1.230421956,1.230486806,1.259447861
F01,56,1.317346827,1.322908656,1.323213196,1.293041738,1.283080546,1.278245163,1.267718124,1.268554306,1.266135152,1.265776443,1.260217667,1.28189799,1.284008026,1.27821579,1.276291275,1.283893585
F01,57,1.288064194,1.285983531,1.294470088,1.304029465,1.304661814,1.306185913,1.308385595,1.310262299,1.311511358,1.308756638,1.308365504,1.298223368,1.278212738,1.294596863,1.290736898,1.293496323
F01,58,1.277676264,1.280022812,1.28460935,1.274716059,1.275794983,1.278214264,1.281273397,1.281342951,1.280460358,1.278959274,1.278795497,1.278115336,1.27883873,1.287966792,1.28037529,1.286056137
F01,59,1.275138092,1.2769605,1.282681656,1.280914815,1.281284205,1.280062993,1.277572759,1.275861486,1.274465561,1.273933792,1.27238795,1.266612752,1.26572698,1.252582932,1.253691228,1.279834239
F01,60,1.287161509,1.283986282,1.292687734,1.294236755,1.295374425,1.295873769,1.300059891,1.301081594,1.300885264,1.300237656,1.299855804,1.292046229,1.291944249,1.297911199,1.298381042,1.291373825
F01,61,1.288257472,1.291333644,1.298183187,1.288696416,1.286363856,1.288099798,1.287857056,1.287932841,1.287883377,1.29142952,1.292078781,1.298438263,1.300590007,1.306419373,1.307356135,1.299308523
F01,62,1.297391764,1.299381256,1.288439814,1.290753937,1.290543747,1.288702647,1.286458079,1.285164261,1.283465449,1.283488592,1.283292262,1.293992488,1.293217977,1.293938319,1.297353109,1.298014704
F01,63,1.064948972,1.065360133,1.065992419,1.065700213,1.066258303,1.066392771,1.062838936,1.060569636,1.059666888,1.059150569,1.05965449,1.060146077,1.059147453,1.053288778,1.051824888,1.05977815
F01,64,1.066811625,1.067756144,1.072807948,1.081057994,1.078376007,1.077272288,1.078470357,1.077232107,1.078127162,1.078082275,1.077378972,1.07440478,1.073225276,1.068776449,1.068507512,1.052899234
F01,65,1.032226944,1.031395276,1.031058248,1.041812579,1.042945671,1.045589066,1.047779465,1.049201647,1.050068855,1.049744225,1.052698263,1.035525703,1.034868749,1.032922554,1.033921115,1.04789079
F01,66,1.109714508,1.108123906,1.100722504,1.091296005,1.080237198,1.071044159,1.054095713,1.048162842,1.042917824,1.044616699,1.046474775,1.076907476,1.078343582,1.085281245,1.086018626,1.060048676
F01,67,1.059028435,1.061195691,1.068298721,1.068036016,1.066558139,1.065737343,1.063587062,1.061662547,1.061865044,1.063290278,1.063669014,1.06153272,1.059536997,1.059373156,1.060606766,1.064359983
F01,68,1.116843923,1.115664419,1.117151515,1.122153854,1.121326828,1.119440842,1.116990789,1.11590716,1.115316645,1.115684509,1.11629982,1.113902156,1.113525009,1.109236908,1.108876673,1.096384939
F01,69,1.088485718,1.087837982,1.092730586,1.099116389,1.097751363,1.09965121,1.096503957,1.095727921,1.094792684,1.091503143,1.092059708,1.085278066,1.086884181,1.085545603,1.08277537,1.08515447
F01,70,1.029411952,1.035664813,1.044720268,1.052318001,1.051047325,1.049623617,1.043777339,1.039543343,1.038175265,1.035762215,1.033666102,1.031215922,1.031089211,1.033171399,1.034132894,1.064602725
F01,71,1.096627553,1.097378794,1.097854996,1.09459788,1.094733938,1.096217982,1.095015335,1.09488856,1.094682948,1.093600845,1.095185343,1.096946081,1.095998383,1.098150253,1.098304749,1.108114624
F01,72,1.090535482,1.091025543,1.103365835,1.096197891,1.094687525,1.093706004,1.091003799,1.091340892,1.091968409,1.092280706,1.092545064,1.098445511,1.098366674,1.101023865,1.101860174,1.082330195
F01,73,1.095877838,1.095177587,1.093334961,1.093390656,1.092323939,1.091340892,1.09402593,1.081810888,1.085545603,1.087805557,1.086388016,1.09438769,1.09454066,1.095650609,1.095828374,1.086856461
F01,74,1.079348373,1.079493586,1.082011795,1.07906545,1.079481252,1.080003738,1.079029846,1.080428823,1.079410172,1.078974279,1.07902832,1.091704178,1.091320801,1.093688965,1.093372091,1.100131989
F01,75,1.102449163,1.103982671,1.109784063,1.099790319,1.099598694,1.100152079,1.104004288,1.104540634,1.103648758,1.102719625,1.102532578,1.105446498,1.104849879,1.109051387,1.109674327,1.110561625
F01,76,1.097266006,1.097582881,1.098522822,1.099785741,1.100407155,1.10057869,1.09724439,1.094602585,1.090680822,1.090303548,1.09008255,1.104015096,1.104328918,1.10517451,1.103559113,1.105976741
F01,77,1.0921772,1.091730372,1.089342117,1.080739594,1.08115387,1.080543264,1.079988352,1.07819519,1.079852295,1.079521434,1.079280345,1.079538472,1.080490748,1.078076172,1.07868983,1.0876695
F01,78,1.102591324,1.103146362,1.101198578,1.091722616,1.092586772,1.093967183,1.097185644,1.096689351,1.096537908,1.097262955,1.097015635,1.097349421,1.098615519,1.093528239,1.093134054,1.078406906
F01,79,1.097457631,1.095466614,1.108170319,1.107808558,1.108513387,1.109159597,1.108915329,1.107207235,1.106873322,1.106704839,1.107439041,1.100567881,1.099368286,1.09310468,1.090342204,1.097414398
F01,80,1.107695643,1.107429759,1.107408142,1.117261251,1.119020462,1.118355687,1.115086238,1.114625676,1.114741516,1.115227,1.114157232,1.119196701,1.119425456,1.121065521,1.120461146,1.112351735
F01,81,1.097253672,1.096981557,1.097392782,1.096405029,1.098397573,1.100475184,1.106248856,1.107570521,1.108281581,1.110938899,1.113551331,1.123679479,1.121940486,1.119467163,1.119671249,1.118751399
F01,82,1.137445068,1.137851715,1.1421182,1.144747543,1.144586817,1.145641073,1.142705536,1.141941961,1.139484024,1.138958486,1.13868955,1.13588384,1.1344045,1.12945315,1.129796346,1.138796107
F01,83,1.115061569,1.112943776,1.117720413,1.120287959,1.120142746,1.118921534,1.113749186,1.112198639,1.112025579,1.110550817,1.110025279,1.118037287,1.117831675,1.126213201,1.126213201,1.138346354
F01,84,1.11724116,1.116013845,1.111212413,1.113548152,1.116156006,1.116803741,1.121013006,1.119569143,1.121073278,1.121187719,1.120258586,1.11797231,1.117202504,1.112255859,1.111813736,1.125854492
F01,85,1.052064514,1.052358182,1.047340457,1.048612658,1.050759824,1.05271066,1.052594694,1.05295798,1.052011935,1.051147842,1.05067323,1.047383753,1.048046875,1.064356931,1.037457975,1.027827517
F01,86,1.074687703,1.075100454,1.071242015,1.071684138,1.072735341,1.073192851,1.073206711,1.074457296,1.075777435,1.075918198,1.076228841,1.068903224,1.069812139,1.067963282,1.067397563,1.066836421
F01,87,1.055817795,1.054625956,1.052234523,1.053372256,1.054848544,1.055548795,1.05698026,1.056924566,1.057661947,1.058045324,1.058598709,1.06004715,1.059875552,1.060915883,1.054536311,1.056349564
F01,88,1.058898608,1.058521398,1.054894892,1.052775574,1.053684553,1.051968638,1.049830755,1.049176915,1.048968188,1.047301801,1.04667422,1.048705419,1.049368604,1.052392197,1.054904175,1.056233597
F01,89,1.166114044,1.17068189,1.181680425,1.176882172,1.179658508,1.180547333,1.18232193,1.184156926,1.183382416,1.184682465,1.18204689,1.156325785,1.155007299,1.151077779,1.149446869,1.142198563
F01,90,1.092554347,1.100240199,1.107714208,1.109360504,1.107763672,1.108777746,1.108004888,1.10777448,1.10733401,1.107621511,1.10756429,1.104151154,1.105778885,1.107901255,1.106417338,1.089040629
F01,91,1.068272527,1.067555237,1.065639941,1.055839411,1.054041608,1.055233447,1.052232997,1.054836146,1.05922629,1.053655179,1.056419118,1.065567271,1.064604251,1.065309143,1.064440409,1.047215271
F01,92,1.034854825,1.035295359,1.037875366,1.040568225,1.04154981,1.041407585,1.038037682,1.037263234,1.03633728,1.035046514,1.034581184,1.040061188,1.040436808,1.038691584,1.037773323,1.014538002
F01,93,1.044012324,1.045035617,1.046935463,1.056773059,1.060898908,1.063593292,1.057453283,1.054594994,1.051252937,1.043106461,1.037445641,1.049806023,1.048360697,1.045432917,1.045666313,1.045522563
F01,94,1.062647247,1.062107722,1.054046249,1.0526179,1.049299049,1.053149668,1.056987953,1.052004242,1.053948847,1.060612933,1.060707219,1.049898783,1.049059423,1.04840711,1.04972566,1.0407444
F01,95,1.065457535,1.065576553,1.067626317,1.077253723,1.073447927,1.064197667,1.087088267,1.073684438,1.06067632,1.070571136,1.072008769,1.074684525,1.07425944,1.074924215,1.073406219,1.04785525
F01,96,1.219216283,1.217900721,1.207188161,1.184351603,1.174142965,1.156784948,1.163036219,1.167967478,1.162198385,1.147040049,1.140768687,1.127117411,1.153177007,1.19155515,1.20571963,1.171108627
F01,97,1.07001152,1.069362259,1.070161438,1.069288127,1.066303126,1.066878128,1.062223689,1.061157036,1.060292943,1.059584936,1.057153384,1.055981636,1.054992294,1.05537103,1.054540888,1.049756559
F01,98,1.204020691,1.204278946,1.203439585,1.239301173,1.248177338,1.252553558,1.246334712,1.255379232,1.260124969,1.26341451,1.267142995,1.278152339,1.270667521,1.240319824,1.240896479,1.258430735
F01,99,1.031537501,1.03074913,1.035369555,1.035544268,1.034949112,1.034581184,1.033741824,1.032100169,1.031849734,1.032945697,1.032282575,1.033856201,1.033684603,1.034256617,1.034505463,1.046151733
F01,100,1.289151001,1.288280614,1.275334295,1.268385824,1.262228775,1.253779348,1.248571523,1.252819443,1.256779861,1.259069188,1.26580747,1.303915151,1.304992549,1.309166336,1.309245173,1.153852463
F01,101,1.217783229,1.219986089,1.246617508,1.283258311,1.286907959,1.287948227,1.257271322,1.256339264,1.259389114,1.256006877,1.246891149,1.260100174,1.257430649,1.264853668,1.269902293,1.206787745
F01,102,1.243473307,1.240741857,1.237123108,1.204255676,1.201159414,1.19543368,1.192496618,1.195254389,1.196316401,1.191170247,1.186644109,1.207007345,1.210669327,1.226444499,1.232380422,1.216730499
F01,103,1.315315628,1.316108576,1.33043073,1.316416168,1.313406499,1.313578033,1.29831454,1.308051809,1.317705409,1.289220556,1.301774216,1.286490631,1.284808731,1.285318883,1.284092967,1.294912211
F01,104,1.400352987,1.403576024,1.39849027,1.410142771,1.41456693,1.415111033,1.411956024,1.408252207,1.408297094,1.409090042,1.411529414,1.418089803,1.414910126,1.418953959,1.424101512,1.436857732
F01,105,1.486140188,1.484987005,1.485422897,1.482754898,1.48168513,1.48161087,1.479814657,1.478782018,1.477475866,1.477667491,1.477747854,1.483029938,1.483637492,1.486266963,1.485883586,1.485112254
F01,106,1.474660873,1.473939006,1.46518809,1.470290883,1.469830195,1.468950653,1.472165934,1.472317378,1.474407323,1.47289861,1.472184499,1.483042399,1.48204689,1.472914124,1.471465683,1.482686869
F01,107,1.511820984,1.512493388,1.514159902,1.509788259,1.510663223,1.509077199,1.5065389,1.506378174,1.506597646,1.506770833,1.50650177,1.509112676,1.508316676,1.507492701,1.505895869,1.505088933
F01,108,1.510466894,1.510748164,1.514033127,1.501555125,1.504162979,1.502246221,1.499278132,1.496733729,1.495090485,1.494364039,1.492903137,1.50616951,1.507809575,1.511298498,1.509877904,1.516401291
F01,109,1.495795441,1.496313222,1.503955841,1.510142263,1.509188461,1.50832901,1.504986954,1.504198583,1.503094864,1.503000514,1.503257116,1.510253525,1.510534922,1.510296885,1.510196304,1.536979294
F01,110,1.503849157,1.503917185,1.497404607,1.49159228,1.491249212,1.490519587,1.492555364,1.493900299,1.49382604,1.493031438,1.492134857,1.50682958,1.506603877,1.508835983,1.506756846,1.481804148
F01,111,1.510102081,1.509373983,1.504853948,1.501683426,1.505589803,1.508373769,1.504957581,1.503892517,1.503980637,1.503569412,1.501528931,1.504306793,1.505095164,1.502525965,1.5055233,1.492196782
F01,112,1.502529017,1.508499018,1.504309845,1.506062826,1.503603363,1.500924428,1.493039195,1.495650101,1.498120372,1.500757472,1.504653041,1.508053843,1.509488297,1.497423172,1.499200821,1.504762777
F01,113,1.493815231,1.492212168,1.498206965,1.493767293,1.493575668,1.493465805,1.491630936,1.491508865,1.492662048,1.496653366,1.496650314,1.494734955,1.489641444,1.465815735,1.466464869,1.495204926
F01,114,1.504529317,1.505160014,1.510949198,1.50211792,1.500779215,1.503281911,1.507804998,1.508140437,1.508225377,1.508551534,1.508032227,1.500873439,1.502464167,1.501549021,1.50034167,1.523485819
F01,115,1.484999339,1.484496943,1.479604467,1.479743576,1.478506851,1.477191416,1.485361099,1.488825353,1.488814418,1.48409818,1.469477717,1.464000829,1.468137487,1.470613861,1.469949214,1.492781067
F01,116,1.525464503,1.521544266,1.51837527,1.525436656,1.524261856,1.52566541,1.529616547,1.531599808,1.53287824,1.535325241,1.535410309,1.545920436,1.544957352,1.534697723,1.53435758,1.531089783
F01,117,1.528237661,1.527613195,1.526685715,1.527622477,1.529261017,1.527039719,1.5264136,1.52693456,1.526497142,1.526308441,1.524084091,1.526065826,1.525102743,1.525728861,1.52365125,1.522212092
F01,118,1.526830928,1.52846489,1.526296107,1.543998973,1.538418452,1.523921712,1.535838445,1.53463122,1.536565018,1.540656789,1.54488004,1.516903687,1.515226491,1.501549021,1.500133006,1.517348862
F01,119,1.531779226,1.530349223,1.528783417,1.523923238,1.525742722,1.527031962,1.526008606,1.531480789,1.530656942,1.530502319,1.528270086,1.511765416,1.504445903,1.52621727,1.52193222,1.531998698
F01,120,1.509462102,1.508240891,1.507324219,1.504016113,1.504189301,1.504906591,1.506109238,1.505764516,1.504588064,1.50535024,1.507931646,1.513965098,1.513813527,1.515132141,1.516106033,1.510789998
F01,121,1.52239596,1.520822398,1.514302063,1.502804184,1.503550847,1.504750443,1.510789998,1.510799154,1.510270564,1.510463715,1.511048126,1.512273916,1.513839849,1.519831467,1.519887161,1.51951917
F01,122,1.510644658,1.510111364,1.515447489,1.526156998,1.519222387,1.509653727,1.517381287,1.517879105,1.519189962,1.517568334,1.515897369,1.5182223,1.521182505,1.522950999,1.522276942,1.523396174
F01,123,1.520545705,1.520409648,1.519922638,1.521341705,1.519565582,1.518423208,1.519582621,1.519131215,1.51946818,1.52173907,1.521499379,1.518192927,1.518220774,1.51894722,1.522940191,1.519398626
F01,124,1.537821833,1.535908127,1.53384285,1.535107295,1.532822545,1.532369614,1.527566783,1.526784643,1.526648585,1.527798716,1.530950546,1.530585734,1.528548431,1.52888387,1.528981272,1.53155187
F01,125,0.8088890711,0.8086556117,0.8048498154,0.8030025482,0.8031509399,0.8036719004,0.8032282511,0.8032962799,0.8032189687,0.8034261068,0.8038589478,0.803157107,0.8029839834,0.8021446228,0.8019915899,0.8030813853
F01,126,0.7932669322,0.7921492894,0.7908538818,0.7924553553,0.7923069636,0.7925094604,0.7937306722,0.793821907,0.7943474452,0.7947710037,0.7947385788,0.7897270203,0.7895198822,0.7879833221,0.7881100337,0.7827274958
F01,127,0.7862241745,0.7854620616,0.787337176,0.7867559433,0.7869955063,0.7875813802,0.7875257492,0.7871068319,0.7867543538,0.787496376,0.7876122793,0.7902850469,0.7901521047,0.7892091751,0.7891349157,0.7843753179
F01,128,0.7931494395,0.7925465902,0.7897192637,0.7897455215,0.7903514862,0.7913439433,0.7938682556,0.7936920166,0.7933643341,0.7927197138,0.7925110499,0.7893668493,0.788057518,0.7872119268,0.7867219289,0.7890391032
F01,129,0.7935560226,0.7936812083,0.7936379115,0.7889046351,0.7885614395,0.7885011673,0.7889277776,0.7886711756,0.7886233012,0.7889741898,0.7890236537,0.7861546199,0.7864142736,0.788337326,0.7885011673,0.7861684799
F01,130,0.797354126,0.7978626887,0.7960602442,0.7953414281,0.7961313248,0.796928978,0.7964729945,0.7965796153,0.7967775345,0.7966198603,0.7957711538,0.7970449448,0.7967048645,0.791748937,0.7909620921,0.7881347656
F01,131,0.7868888855,0.7866956075,0.786904335,0.7884223302,0.7879632314,0.787856547,0.7886588415,0.7895291011,0.7892215093,0.7896481832,0.7903886159,0.7802464167,0.779737854,0.7782910029,0.7781812032,0.7832639058
F01,132,0.7768440882,0.7772258759,0.7810951233,0.7802850723,0.7790128708,0.778576978,0.776559639,0.7768734614,0.7770852407,0.7763478597,0.7764731089,0.7787207286,0.7787516276,0.7769167582,0.7759443919,0.7738807042
F01,133,0.776822408,0.7765565872,0.7747927984,0.7727692922,0.7722390493,0.7718603134,0.7713811239,0.7720504761,0.7724848429,0.7729857127,0.7733659744,0.7747123718,0.7746629079,0.7747571945,0.7750741323,0.7776648839
F01,134,0.7736024857,0.7728295644,0.7715588888,0.7718309402,0.7718695958,0.7721911748,0.7732902527,0.7727692922,0.7726425171,0.7714738846,0.7707721074,0.776551946,0.77752889,0.7808322906,0.7817505519,0.7800130208
F01,135,0.7757682165,0.7749055862,0.7744094213,0.7763169607,0.7761067073,0.7766724904,0.777352651,0.7772305171,0.7773727417,0.7774546941,0.7777406693,0.7769785563,0.7773712158,0.7778133392,0.7784470876,0.7718788783
F01,136,0.775046285,0.7740955989,0.7731356303,0.7692277908,0.7700455348,0.7699821472,0.7684579849,0.7678040822,0.7665009816,0.7657574336,0.7652781804,0.7772429148,0.7767559687,0.7755440394,0.7735823949,0.7747402191
F01,137,0.7659351985,0.7658130646,0.7652225494,0.7663370768,0.766542689,0.7659954707,0.7662319819,0.766126887,0.7660912832,0.7661840439,0.7657002131,0.7654729843,0.7650525411,0.7656955719,0.7663061778,0.7631542206
F01,138,0.7623380661,0.76185112,0.7618495941,0.7631542206,0.7599234899,0.7628559113,0.7619887034,0.7622097651,0.7629424413,0.7637091955,0.7636396408,0.7563062668,0.7566370646,0.7558409373,0.7557033539,0.7612528483
F01,139,0.7617645264,0.7616872787,0.7618758519,0.7659290314,0.7655069987,0.7649937948,0.7649072011,0.7645207723,0.7646073023,0.7647047043,0.764621226,0.760857137,0.7602357229,0.7611214956,0.7616872787,0.7615481059
F01,140,0.752098465,0.751866595,0.7480035782,0.7504104614,0.750841713,0.7503934224,0.7499482473,0.7494783401,0.7492263794,0.7493268331,0.748935763,0.7531357447,0.7527694066,0.7542116165,0.7545749029,0.7535809199
F01,141,0.7602202733,0.7603779475,0.7625977198,0.758295695,0.7581983566,0.756902949,0.7561763763,0.7569446564,0.7579308828,0.7585971196,0.7586496989,0.7535175959,0.7539210002,0.7559754054,0.7557652156,0.7546754201
F01,142,0.7582168579,0.758063825,0.7551252365,0.7491135279,0.7482880274,0.7476357142,0.7471054713,0.7470884959,0.7473559062,0.747558403,0.7482169469,0.7567174276,0.7569693883,0.7570683161,0.7567854563,0.7449567795
F01,143,0.7622391383,0.761602211,0.7595153809,0.7565381368,0.7565350215,0.7559491475,0.7546351751,0.7546862284,0.7543136597,0.7543785731,0.7541838328,0.7586682638,0.7591444016,0.758087031,0.7571441015,0.7505727768
F01,144,0.7603701909,0.7593298594,0.7536118825,0.7541111628,0.7549582799,0.7551901499,0.7549999873,0.7551747004,0.7552272797,0.7550123851,0.7546166738,0.7553833644,0.7566664378,0.7572105408,0.757776324,0.7532547633
F01,145,0.753939565,0.7530754725,0.7518728256,0.75129776,0.7506655375,0.7505434036,0.7524092356,0.7534727097,0.7543538411,0.7545749029,0.7547959646,0.7615666707,0.7610008876,0.7560465495,0.7550711314,0.7452473958
F01,146,0.7617027283,0.7607844671,0.7564067205,0.7565272649,0.7556276321,0.7560094198,0.7577098211,0.7589155833,0.7595895767,0.7599744797,0.7599960963,0.7701027552,0.7695957184,0.767592303,0.7677577337,0.7544574102
F01,147,1.296326701,1.29682134,1.299453863,1.296326701,1.297269567,1.29639473,1.299497096,1.299729029,1.300582377,1.301887004,1.302530034,1.29600207,1.295043691,1.294797897,1.293491618,1.296377691
F01,148,1.309133784,1.30910759,1.3063591,1.304380417,1.304684957,1.304011027,1.301703008,1.300978088,1.300747681,1.300501887,1.300330353,1.296812057,1.296037547,1.295300293,1.296564738,1.294484075
F01,149,1.295471827,1.294304784,1.293853378,1.29953893,1.300491079,1.300766246,1.299132284,1.298725764,1.298697917,1.29796524,1.299344126,1.29307429,1.293170039,1.293049494,1.293092855,1.292808406
F01,150,1.295208995,1.292483775,1.294672648,1.293876521,1.294077428,1.294886017,1.2935009,1.295258458,1.296114858,1.295915476,1.296416346,1.2881972,1.284805679,1.285567729,1.28498497,1.290318044
F01,151,1.285835139,1.283544286,1.291316605,1.303058751,1.303111267,1.302720261,1.300817235,1.300574621,1.301820501,1.301958084,1.301883952,1.28728358,1.288092041,1.29085439,1.291273371,1.290336609
F01,152,1.290080007,1.289681117,1.289351908,1.284873581,1.284394455,1.283262889,1.283282979,1.283317057,1.283210373,1.281720098,1.282052485,1.289212799,1.289350382,1.293367894,1.29284083,1.294565964
F01,153,1.300293223,1.296861521,1.290636444,1.280848312,1.28091011,1.281299718,1.287275823,1.290226873,1.294686508,1.297529348,1.299784724,1.27786026,1.280904007,1.287680817,1.288271332,1.289707438
F01,154,1.270536168,1.27062734,1.266226323,1.260115687,1.259055201,1.262783813,1.26419665,1.264689763,1.260121918,1.260693868,1.261358515,1.269787979,1.272012329,1.262255096,1.264413071,1.260438792
F01,155,1.282568868,1.281166712,1.270560837,1.259862137,1.257920583,1.256243388,1.257823181,1.260115687,1.261482239,1.261503855,1.261969121,1.27064743,1.271656799,1.27050209,1.268724442,1.249716949
F01,156,1.280543772,1.280899302,1.270601018,1.248922348,1.246810786,1.24694519,1.249982834,1.251582718,1.251975377,1.255972926,1.258429209,1.260723241,1.259690603,1.260015233,1.259518941,1.265584819
F01,157,1.271689351,1.271117274,1.273609161,1.255400976,1.255213928,1.252751414,1.256622187,1.258693568,1.258687337,1.259548314,1.261449687,1.2587677,1.253021876,1.250483704,1.25736262,1.260917918
F01,158,1.284402212,1.286690013,1.278415171,1.271098836,1.267461395,1.263856634,1.251831563,1.247622299,1.248061371,1.247854233,1.254890823,1.260226949,1.261207072,1.266413371,1.267571259,1.283284505
F01,159,1.272522481,1.274547577,1.280982844,1.274504217,1.274491882,1.2729599,1.268733724,1.269318008,1.268463135,1.268464661,1.269120153,1.263423793,1.261621348,1.258803304,1.258613205,1.221553548
F01,160,1.261972173,1.263816452,1.266700872,1.271664556,1.273842621,1.27407608,1.278438314,1.278022512,1.276130422,1.277490743,1.277830887,1.262973913,1.261814499,1.258007177,1.260499064,1.255799739
F01,161,1.270542272,1.269265493,1.260823695,1.259107844,1.257396571,1.256152217,1.248234431,1.248990377,1.248919296,1.247314707,1.248693593,1.267888133,1.267399597,1.262227249,1.259466426,1.263286209
F02,162,3.060271962,3.058031972,3.059059906,3.063354238,3.063896942,3.063306427,3.062539673,3.062692769,3.062460836,3.062153117,3.06219635,3.061760457,3.061789958,3.062463888,3.060289001,3.062813314
F02,163,3.062231954,3.061794535,3.062703451,3.060881042,3.060695394,3.061394246,3.062621562,3.061768341,3.062912242,3.062446849,3.061898041,3.063107045,3.062283071,3.063408407,3.062446849,3.062587484
F02,164,3.062355804,3.062766774,3.063046773,3.065705363,3.065368398,3.06374232,3.063335673,3.062091319,3.063241323,3.06431427,3.064506022,3.063188934,3.063952637,3.063569132,3.064124044,3.062929281
F02,165,3.065049998,3.065002187,3.063887533,3.063375854,3.06358312,3.063824209,3.063847351,3.064294179,3.064626567,3.065008291,3.064808909,3.064440918,3.063544464,3.064198303,3.062231954,3.062507121
F02,166,3.064003499,3.064165751,3.063815053,3.062663269,3.062634023,3.065581767,3.063604736,3.063247681,3.063309479,3.064235433,3.064210765,3.065067037,3.065764109,3.064433289,3.065088654,3.062214915
F02,167,3.065122732,3.06542867,3.062817891,3.062315369,3.063252258,3.064864604,3.063122304,3.062133026,3.064601644,3.063470205,3.063131714,3.062015533,3.062671153,3.062745158,3.06348114,3.063004812
F02,168,3.065151978,3.065629832,3.064771779,3.064827474,3.063612366,3.062844086,3.06415507,3.065022278,3.064969635,3.06521225,3.064535268,3.064637248,3.064119466,3.066226451,3.065009816,3.066416677
F02,169,3.064846039,3.063960266,3.06392924,3.064337413,3.063187408,3.064173635,3.065048472,3.064425659,3.064830526,3.064297231,3.065179952,3.062975566,3.062519582,3.069644165,3.066257222,3.059806569
F02,170,3.071760559,3.066767375,3.063578542,3.024476878,2.997873179,2.956611888,1.647343572,0.9575728099,0.4517151197,0.2100205739,0.09824033737,0.04265243212,0.04248239199,0.04238500595,0.042360274,0.04139413039
F02,171,3.066829427,3.066368612,3.067229716,3.066738129,3.065849304,3.066094971,3.067280579,3.066864777,3.066255697,3.065016174,3.066891225,3.065926615,3.065043894,3.066514079,3.066322327,3.067212677
F02,172,3.060853068,3.068279266,3.066847738,3.06648763,3.065223185,3.066898855,3.068058268,3.066844686,3.065960439,3.064592489,3.066368612,3.066702525,3.064227804,3.065467326,3.066503143,3.065309652
F02,173,3.068286896,3.067953237,3.067572784,3.06556015,3.066068776,3.066224925,3.066851044,3.067192586,3.066801453,3.066759745,3.067129262,3.066057841,3.066350047,3.06665624,3.067263794,3.065206146
F02,174,3.066898855,3.066765849,3.066266632,3.068585459,3.065835317,3.063615417,3.064733124,3.062171682,3.066716512,3.065992991,3.067852529,3.064474996,3.066470591,3.062785339,3.066175334,3.061049398
F02,175,3.0664505,3.066314443,3.066232554,3.065979004,3.068489583,3.065931193,3.066172282,3.064278666,3.064280192,3.066262054,3.066784414,3.067492421,3.065468852,3.065714773,3.066108958,3.066175334
F02,176,3.060621389,3.065758006,3.067307027,3.066467539,3.065019226,3.066608175,3.067532603,3.066061147,3.064906311,3.067463175,3.06603775,3.064244588,3.064164225,3.067141469,3.067093658,3.06531601
F02,177,3.066642253,3.067003886,3.073433177,3.065333049,3.064815013,3.065781148,3.06678594,3.064464315,3.065289561,3.066329956,3.069118754,3.066755168,3.060216268,3.070296478,3.066289775,3.058348846
F02,178,3.066928355,3.067600759,3.067483266,3.06648763,3.067238871,3.067313131,3.066875712,3.066645304,3.067214203,3.066447449,3.065929667,3.065485891,3.065566254,3.065049998,3.064495087,3.064614105
F02,179,3.067949931,3.067634583,3.067339325,3.066932933,3.069072215,3.067299143,3.067200216,3.067455292,3.067028809,3.068296305,3.067571259,3.067262014,3.06767807,3.067999522,3.064419301,3.065399424
F02,180,3.067016347,3.066645304,3.066915894,3.067163086,3.066586558,3.066682434,3.064709981,3.066274261,3.066356405,3.066077932,3.066098022,3.066212463,3.066599019,3.065872447,3.066629791,3.0610171
F02,181,3.066926575,3.067163086,3.066101329,3.065892537,3.063088481,3.064011383,3.065040843,3.065955861,3.065359243,3.063139343,3.062117513,3.066306814,3.064618683,3.065615845,3.066787465,3.06415507
F02,182,3.0664505,3.066854095,3.066753642,3.066925049,3.067208099,3.065844727,3.065895589,3.06531601,3.066475423,3.065617371,3.065246328,3.066953023,3.066874186,3.066107432,3.067055003,3.064813487
F02,183,3.700585429,3.699685923,3.701799011,3.698960876,3.700451152,3.699410756,3.699290212,3.700967407,3.699823507,3.699684397,3.70062561,3.701128133,3.697350057,3.69932251,3.700706228,3.698609924
F02,184,3.703751373,3.698645528,3.702287547,3.696903483,3.701568604,3.702474467,3.696263377,3.700675201,3.700826772,3.699551392,3.69890213,3.701100413,3.699532827,3.702324677,3.69903361,3.69954834
F02,185,3.702789815,3.706444295,3.691655223,3.700146484,3.70012792,3.700928752,3.703074392,3.700509898,3.69809672,3.701424917,3.70165685,3.698184967,3.701288859,3.700652059,3.700563812,3.700152588
F02,186,3.711403147,3.707660675,3.714286296,3.702057139,3.704236857,3.703276825,3.704722087,3.701506805,3.700359853,3.703514862,3.7020401,3.701492818,3.700209808,3.699704488,3.698861949,3.703298442
F02,187,3.682513173,3.691205343,3.69121933,3.689090729,3.686931356,3.687786102,3.694646454,3.691772715,3.691672262,3.691723378,3.692075857,3.692854818,3.693115997,3.69175415,3.691207123,3.691383362
F02,188,3.690641276,3.689760081,3.688577525,3.689042918,3.698871104,3.687560527,3.687362417,3.692689514,3.689795685,3.690332031,3.694895426,3.691700236,3.690679932,3.687969971,3.684215291,3.682777659
F02,189,3.692027791,3.69169693,3.693321737,3.686673228,3.69121933,3.689743042,3.690039825,3.690805054,3.694258372,3.691867065,3.686340841,3.69064738,3.691780599,3.688002523,3.693664805,3.693137868
F02,190,3.687880452,3.689246877,3.69535141,3.687832387,3.690128072,3.688636271,3.684966532,3.689081573,3.692440542,3.690803528,3.68891449,3.692153168,3.68861618,3.690883891,3.695181274,3.693824005
F02,191,3.692014058,3.690730794,3.689928691,3.688319397,3.689478811,3.69148229,3.689960988,3.689396922,3.687823232,3.69385198,3.692480723,3.689166514,3.690534465,3.690737152,3.690523783,3.693596903
F02,192,3.694426982,3.693695831,3.689301046,3.692561086,3.691831462,3.690103404,3.691723378,3.692341614,3.691101837,3.692001597,3.691240946,3.691046143,3.691046143,3.690281169,3.691088104,3.691785177
F02,193,3.695297241,3.692285919,3.691327667,3.691859436,3.690305837,3.690815989,3.692264303,3.692987823,3.692004649,3.690727743,3.692279816,3.6910525,3.690092468,3.688537343,3.689226786,3.694409943
F02,194,3.686476898,3.69092865,3.688405863,3.686850993,3.686115011,3.694578552,3.695635732,3.691159058,3.689075216,3.688059743,3.691004435,3.6915006,3.685510763,3.691975403,3.692824046,3.688664246
F02,195,3.68180542,3.678733826,3.676993052,3.668327332,3.678995005,3.697081248,3.696192424,3.686405691,3.688365682,3.683640289,3.687552643,3.69297231,3.69013265,3.690325928,3.696697744,3.675450389
F02,196,3.691489919,3.692701721,3.692814636,3.692592112,3.691517639,3.69082667,3.688402812,3.686349996,3.6897494,3.689736938,3.686234029,3.689641062,3.690240987,3.687286886,3.691068014,3.689058431
F02,197,3.685292562,3.691933441,3.688214366,3.690032196,3.693847402,3.693717448,3.683909098,3.689689128,3.692377218,3.692163849,3.693745168,3.692304484,3.689767965,3.689854431,3.688322449,3.693689728
F02,198,3.689274851,3.689922333,3.688750712,3.69303716,3.688724518,3.690361532,3.689041392,3.689420064,3.689206696,3.687965393,3.6898791,3.69515508,3.694110107,3.692831675,3.6932429,3.690839132
F02,199,3.693667857,3.689382935,3.69185791,3.689217631,3.692534892,3.687449137,3.693737539,3.691454315,3.693306224,3.689769491,3.689351908,3.68989919,3.688215892,3.688000997,3.689478811,3.690700022
F02,200,3.68960851,3.690427907,3.693287659,3.693989563,3.692077382,3.694633993,3.692810059,3.691338348,3.690848287,3.690740204,3.688194275,3.691649119,3.689673615,3.689248403,3.686387126,3.688939158
F02,201,2.645186615,2.64706014,2.647594961,2.647021484,2.64454066,2.648281352,2.64728597,2.644735209,2.645370738,2.646265666,2.642498525,2.651753235,2.653241984,2.646098836,2.648641713,2.646670787
F02,202,2.646879323,2.647170003,2.645086161,2.646001434,2.647558085,2.646723175,2.648057302,2.646696981,2.647094218,2.647044881,2.645154317,2.647006226,2.645147959,2.647301483,2.645914714,2.646064758
F02,203,2.648366547,2.647867076,2.648160807,2.648814646,2.648182424,2.648683421,2.64898173,2.647439067,2.647721863,2.648816172,2.648256683,2.648470052,2.646941121,2.647741954,2.64788564,2.647162374
F02,204,2.666945648,2.658420563,2.649010976,2.64498113,2.645583852,2.645571645,2.647275035,2.648354085,2.649589284,2.648179372,2.646179199,2.648207347,2.646696981,2.647101847,2.648292287,2.646689351
F02,205,2.64520518,2.64357427,2.648970795,2.655279287,2.645644379,2.649876658,2.648420461,2.642946879,2.646998342,2.647469838,2.649562836,2.645126343,2.648508708,2.649746958,2.644837443,2.644809469
F02,206,2.648218028,2.649267578,2.648366547,2.648014069,2.649114736,2.649270884,2.648067983,2.648296865,2.648967743,2.647151438,2.648014069,2.648252106,2.649051158,2.65019989,2.64760437,2.647347768
F02,207,2.64817632,2.648383331,2.646833038,2.646182251,2.648550415,2.646903992,2.648153178,2.649176534,2.648708089,2.64553299,2.648074341,2.646513112,2.648026276,2.648739115,2.648006185,2.645061493
F02,208,2.6484375,2.64754715,2.649294027,2.646749624,2.644166565,2.647384898,2.647966003,2.648998769,2.648449961,2.648188782,2.647755941,2.646610514,2.64504598,2.648196411,2.645815786,2.646154277
F02,209,2.650125631,2.64879303,2.649686686,2.648870341,2.648789978,2.648762258,2.647981517,2.647001394,2.64837265,2.649864451,2.649705251,2.647992452,2.647765096,2.646290334,2.64883016,2.644987233
F02,210,2.646751149,2.648666382,2.649825795,2.648619843,2.648734283,2.649304708,2.647978465,2.648958588,2.650022125,2.648983256,2.649105326,2.649320221,2.648252106,2.646917979,2.645124817,2.646206919
F02,211,2.649762217,2.648375702,2.647033946,2.646890259,2.646570079,2.646543884,2.648392741,2.647066498,2.647661591,2.645954895,2.646400197,2.647820791,2.652383931,2.646374003,2.645750936,2.644263713
F02,212,2.649995677,2.650173442,2.650522868,2.648969269,2.649086761,2.649116262,2.649375916,2.64866333,2.649834951,2.64959844,2.6479599,2.646353912,2.648125203,2.646885427,2.641980743,2.646276601
F02,213,2.647624461,2.646748098,2.64497172,2.649848938,2.649634043,2.649024963,2.647788239,2.648015594,2.64712677,2.64824117,2.648946126,2.649437714,2.647030894,2.649545797,2.649120839,2.649038951
F02,214,2.6487559,2.64998347,2.650171916,2.648879751,2.647720337,2.648031108,2.647103628,2.64882253,2.649582926,2.650383759,2.648465474,2.648780823,2.647217814,2.646964264,2.649834951,2.648349508
F02,215,2.649830373,2.650417837,2.648783875,2.648324839,2.649329376,2.649538167,2.646992238,2.648548889,2.648011017,2.647638448,2.647856394,2.646962738,2.648153178,2.648505656,2.648871867,2.646166738
F02,216,2.64773585,2.650553894,2.645733897,2.648684947,2.64777298,2.646814473,2.650553894,2.648774465,2.649454753,2.648320007,2.647360229,2.651298777,2.650433095,2.646543884,2.64648056,2.646319834
F02,217,2.649788666,2.64693044,2.648703512,2.650536855,2.650257111,2.648998769,2.651430257,2.649751536,2.653034973,2.648180898,2.647732544,2.648601532,2.646276601,2.645333608,2.650553894,2.650023651
F02,218,2.618992615,2.658751424,2.652716319,2.650603231,2.650267792,2.647967529,2.649739075,2.650515238,2.648670959,2.645886993,2.648236593,2.64901886,2.649717458,2.6471639,2.649615479,2.648067983
F02,219,2.650470225,2.648616791,2.64844691,2.648610687,2.649960073,2.648607635,2.647993978,2.649126943,2.64849472,2.647475942,2.647799174,2.651499939,2.649532064,2.651651255,2.649003347,2.649586233
F02,220,1.989663696,1.987542852,1.98662618,1.987327957,1.988593928,1.988643392,1.988709895,1.988577016,1.988239924,1.990098063,1.987737528,1.988256963,1.987515004,1.987400564,1.987106832,1.986890411
F02,221,1.989077759,1.987850444,1.988906225,1.988499705,1.988229116,1.987524287,1.987457784,1.987981796,1.987414551,1.987092972,1.991116714,1.986779149,1.981511052,1.989167404,1.990858587,1.987252172
F02,222,1.986476135,1.988617198,1.987867483,1.988292567,1.987688065,1.98774999,1.987708155,1.987737528,1.988037491,1.986793137,1.987507248,1.988468806,1.988686752,1.988559977,1.988318761,1.98596611
F02,223,1.988646571,1.988512039,1.987683487,1.987950897,1.987570572,1.987425359,1.988502757,1.987381999,1.988428624,1.988801066,1.988431676,1.987578328,1.987915293,1.986980184,1.986731211,1.98182017
F02,224,1.9886542,1.986751302,1.98787206,1.986896642,1.987409846,1.987429937,1.987848918,1.987720617,1.98761851,1.987746811,1.987953949,1.988300196,1.988192113,1.988295619,1.988499705,1.988161087
F02,225,1.988434728,1.988223012,1.987565994,1.986354065,1.98787206,1.988985062,1.988683573,1.988573837,1.986774572,1.98792305,1.988886134,1.988142522,1.987349574,1.98878568,1.988895416,1.986725108
F02,226,1.98792305,1.988122431,1.987632497,1.988148753,1.988474909,1.987381999,1.987361908,1.986998622,1.986432902,1.987896856,1.987321726,1.986649323,1.986774572,1.987134679,1.986673991,1.986800766
F02,227,1.988103994,1.987875112,1.989059321,1.98688736,1.986706543,1.986789958,1.98704656,1.987700526,1.987037277,1.987320201,1.987150192,1.986136119,1.987575277,1.987185669,1.989682261,1.985748037
F02,228,1.988935598,1.988796488,1.989895503,1.988682048,1.988148753,1.988025157,1.987528865,1.988032786,1.987640254,1.987335714,1.986678696,1.988782501,1.987681961,1.987385178,1.98783493,1.988076146
F02,229,1.986796188,1.987779363,1.988478088,1.987944667,1.987935384,1.986743673,1.987363434,1.987861252,1.987026469,1.987805557,1.987199656,1.9888738,1.987405268,1.986720403,1.987640254,1.988102341
F02,230,1.987988027,1.988657379,1.987743759,1.987915293,1.987515004,1.987876765,1.987678782,1.98735733,1.987570572,1.987366613,1.987865829,1.987770081,1.987488683,1.987456258,1.987188848,1.987349574
F02,231,1.987174861,1.987963231,1.988312658,1.987825648,1.987963231,1.989366913,1.987524287,1.98843778,1.98750267,1.988116328,1.988635763,1.987739182,1.987199656,1.987779363,1.987879817,1.986791484
F02,232,1.98653183,1.988318761,1.98894488,1.988612493,1.987269211,1.987855021,1.987912242,1.987536621,1.986389669,1.987499491,1.987771606,1.987779363,1.988726934,1.989195251,1.989255524,1.987703578
F02,233,1.989280319,1.988760885,1.98951683,1.989298884,1.988192113,1.988153458,1.98837293,1.987077459,1.988739268,1.989294179,1.989363734,1.987918472,1.987573751,1.988218307,1.98787206,1.993016561
F02,234,1.981296158,1.979649862,1.980770493,1.979764175,1.980121231,1.981932958,1.981149292,1.980518595,1.981388855,1.981500117,1.982302475,1.9824941,1.981311544,1.982389069,1.983141836,1.98174909
F02,235,1.982645671,1.980819956,1.98213857,1.980017726,1.979657491,1.983348974,1.980430476,1.982913081,1.981715012,1.982478714,1.982741419,1.984492874,1.982416789,1.983424759,1.982506561,1.980025482
F02,236,1.981218847,1.9814785,1.980074946,1.982129288,1.981500117,1.982294718,1.984180578,1.976970927,1.978270976,1.980206299,1.981359482,1.983455658,1.979598745,1.977562968,1.979957453,1.981419754
F02,237,1.979091771,1.980398051,1.980396398,1.98029747,1.981093597,1.981130727,1.980473709,1.981441371,1.981286875,1.980554072,1.980629857,1.980558777,1.979673004,1.980217107,1.980163066,1.979860051
F02,238,1.982143275,1.981963857,1.98188502,1.982286962,1.981085841,1.981388855,1.980654653,1.980119705,1.980150604,1.980806096,1.981282171,1.980813853,1.979966736,1.97957255,1.979659144,1.978836695
F02,239,1.981067276,1.981662496,1.981302261,1.983336639,1.981206512,1.982500331,1.990917333,1.982399877,1.97735583,1.978955714,1.98171196,1.979892476,1.980540212,1.981724294,1.980235672,1.981340917
F02,240,1.620933151,1.619841766,1.619235865,1.619758352,1.619656245,1.617595673,1.619582113,1.619544983,1.619484711,1.620068995,1.619948451,1.618388748,1.619221878,1.619223404,1.619013214,1.619815572
F02,241,1.619348653,1.620801799,1.621285629,1.619739787,1.619249725,1.620657984,1.620079803,1.620727539,1.621577708,1.619458389,1.61966095,1.621937943,1.619999441,1.620062892,1.623554866,1.622080104
F02,242,1.620154063,1.6195357,1.621194331,1.6192173,1.619857279,1.620123164,1.619976298,1.620759964,1.619953028,1.618447495,1.620436986,1.618955994,1.620348867,1.621794128,1.619829432,1.620545197
F02,243,1.62097791,1.619486237,1.621443303,1.62110316,1.619617589,1.620690409,1.620348867,1.620617803,1.621399943,1.619303894,1.619327037,1.620024236,1.620197296,1.621791077,1.621095403,1.620900726
F02,244,1.620744578,1.62100118,1.620688883,1.622471237,1.620585378,1.621032079,1.620208104,1.619844818,1.621537526,1.62103831,1.620922343,1.620988846,1.621029027,1.619997915,1.620858892,1.621219126
F02,245,1.621350479,1.620976384,1.619387309,1.621019745,1.621761703,1.620509593,1.618538666,1.620679601,1.620188014,1.621369044,1.62058843,1.620937729,1.62027003,1.620758438,1.620401382,1.619399643
F02,246,1.619433721,1.620483271,1.622407913,1.620223618,1.621557617,1.620996475,1.620947011,1.621152623,1.618705622,1.620266851,1.621304194,1.621625646,1.621772512,1.619685618,1.621702957,1.622120285
F02,247,1.621931712,1.620220566,1.622041448,1.619541931,1.620896022,1.621288681,1.619976298,1.621602503,1.620698166,1.620308685,1.621956507,1.61987737,1.620693588,1.618871053,1.621757126,1.618945185
F02,248,1.628806051,1.619169362,1.61942749,1.623208618,1.622563934,1.622301229,1.622461955,1.621199036,1.621795654,1.623554866,1.621384557,1.620106125,1.620814133,1.622723262,1.621894709,1.620829519
F02,249,1.620633189,1.621486537,1.621679815,1.621642685,1.621766281,1.618614451,1.621673584,1.622715505,1.621304194,1.620477168,1.618193944,1.620025762,1.621341197,1.622703171,1.619625346,1.618524806
F02,250,1.620780055,1.621749369,1.621225357,1.621083069,1.621466446,1.620470937,1.621461868,1.619699605,1.62212499,1.62328275,1.618719482,1.621138763,1.620698166,1.621574656,1.621880722,1.622084808
F02,251,1.619900513,1.621492767,1.622468185,1.620424525,1.621273168,1.621532949,1.623244095,1.620089086,1.620772425,1.621447881,1.620985667,1.620627085,1.62101504,1.620917638,1.621265539,1.619708888
F02,252,1.621192805,1.621735382,1.619765981,1.62135671,1.62194252,1.622015254,1.621137238,1.621189753,1.621715291,1.622041448,1.621331914,1.622865423,1.620446269,1.621763229,1.621064504,1.622395452
F02,253,1.622758738,1.62117424,1.622894796,1.622111003,1.622647476,1.622709274,1.622952016,1.623047892,1.62187767,1.622052383,1.622418722,1.622009023,1.620930099,1.621988932,1.621251551,1.62094396
F02,254,1.621665827,1.62135671,1.621937943,1.622967402,1.62059466,1.621766281,1.621869914,1.622066243,1.623367818,1.621704483,1.622027588,1.622483571,1.622324371,1.621134059,1.618819936,1.62240626
F02,255,1.622200775,1.623194631,1.622857666,1.622313563,1.622934977,1.620902252,1.62294426,1.622219213,1.622666041,1.623207092,1.621199036,1.621710714,1.621730804,1.622803624,1.620608521,1.621084595
F02,256,1.621339671,1.622315089,1.621984355,1.623024623,1.622919591,1.622502136,1.621848297,1.622874705,1.62325503,1.623159154,1.623231761,1.623392614,1.621315002,1.622325897,1.622421773,1.623550288
F02,257,1.621905518,1.623383331,1.621625646,1.62208786,1.620721308,1.622146606,1.624638494,1.626991272,1.619809341,1.620806376,1.621021271,1.622418722,1.622766495,1.622163645,1.622265625,1.621149572
F02,258,1.622208405,1.622547023,1.621829732,1.623104986,1.623789851,1.62208786,1.623050944,1.621710714,1.623398717,1.621814219,1.620239003,1.623970668,1.62296435,1.621505102,1.621353658,1.622604243
F02,259,1.622253291,1.620970281,1.623126729,1.620483271,1.621933238,1.623041662,1.623412704,1.62166125,1.620576096,1.622492854,1.622718557,1.622307332,1.622081629,1.622669093,1.62218221,1.620249939
F02,260,2.472644552,2.472779083,2.472140757,2.471461995,2.473273722,2.472233582,2.471924337,2.473221334,2.472123718,2.471978505,2.473167165,2.470072428,2.472847239,2.473760732,2.471945953,2.473898315
F02,261,2.473161062,2.470988973,2.472972361,2.472463735,2.471203868,2.473162587,2.472791545,2.472967784,2.472522481,2.470910136,2.472394307,2.4731486,2.472726695,2.471466827,2.472873433,2.472626241
F02,262,2.47686793,2.474409993,2.473249054,2.473592377,2.47322286,2.472921499,2.47383194,2.471537781,2.473329417,2.472737376,2.472610728,2.475711568,2.474386851,2.473919932,2.474651082,2.474487305
F02,263,2.473862712,2.475201416,2.474325053,2.474683634,2.473671214,2.473227437,2.474270884,2.472330983,2.473300171,2.47398173,2.472653961,2.47466507,2.473604584,2.471785227,2.473887634,2.475009664
F02,264,2.473507182,2.47639033,2.47411321,2.476047007,2.474352773,2.474725342,2.475526174,2.47240804,2.473408254,2.474971263,2.474369812,2.475124105,2.474253845,2.471995544,2.474972788,2.473936971
F02,265,2.474510447,2.469750977,2.475118001,2.473442332,2.473477936,2.474351247,2.47181778,2.472506968,2.472936757,2.473412832,2.474213664,2.473805491,2.473579915,2.473055776,2.474417623,2.472615306
F02,266,2.471055603,2.474950918,2.472437541,2.473771667,2.473552195,2.474552155,2.472037252,2.472542572,2.473723602,2.474544525,2.474378967,2.474026744,2.47455368,2.473352559,2.474782562,2.473021952
F02,267,2.472831726,2.473995717,2.475352987,2.472905986,2.474869029,2.473940023,2.474825795,2.474801127,2.472128296,2.47501297,2.473960114,2.474978892,2.474190521,2.47399114,2.475685374,2.475991313
F02,268,2.47305425,2.472607676,2.473145549,2.469736989,2.46972936,2.470298004,2.473740641,2.464488983,2.474323527,2.482120514,2.481221008,2.4726415,2.464550781,2.478920746,2.478644053,2.474328105
F02,269,2.47466507,2.472958374,2.474227651,2.470904032,2.474573771,2.473259989,2.473595428,2.472466787,2.471360016,2.473463949,2.47325058,2.472290802,2.473023478,2.47151769,2.472851817,2.476529439
F02,270,2.474269358,2.473151652,2.473343404,2.47138799,2.473558299,2.472822316,2.473634084,2.472754415,2.47116216,2.473225911,2.472250366,2.47391688,2.474363708,2.473380534,2.473575338,2.474546051
F02,271,2.475281779,2.474147288,2.472969309,2.475251007,2.474989573,2.474593862,2.472771454,2.476283518,2.474998983,2.473904419,2.473684947,2.474706777,2.475037638,2.474818166,2.474008179,2.47436676
F02,272,2.474798075,2.473579915,2.472969309,2.471356964,2.471372477,2.474375916,2.47414093,2.473879751,2.476036326,2.477037811,2.474516551,2.4681633,2.471333822,2.473963165,2.473756154,2.472497813
F02,273,2.474400838,2.474960327,2.473327891,2.47385966,2.473986562,2.47340215,2.473283132,2.470154317,2.472125244,2.475705465,2.473980204,2.471980031,2.474255371,2.4721934,2.470648956,2.472166951
F02,274,2.473346456,2.474898529,2.473828888,2.473926036,2.473773193,2.474926249,2.47430191,2.473600006,2.474943288,2.473459371,2.473725128,2.473161062,2.47338206,2.47491862,2.473451487,2.473555247
F02,275,2.475170644,2.47133077,2.473467,2.472477722,2.472639974,2.472615306,2.471475983,2.474051412,2.472933706,2.472262828,2.473675791,2.474117788,2.473763784,2.473550415,2.473977153,2.474716187
F02,276,2.471792857,2.4726415,2.473796336,2.473817952,2.472876485,2.472726695,2.471901194,2.474195099,2.472779083,2.473006439,2.47351354,2.473399099,2.472149913,2.473895264,2.472194926,2.471435801
F02,277,2.473443858,2.473130035,2.479140218,2.478039551,2.470335134,2.472204081,2.472409821,2.474827321,2.473733012,2.472360229,2.471183777,2.471324412,2.473929342,2.462086741,2.473119354,2.47436676
F02,278,2.47421519,2.474269358,2.473788706,2.470995331,2.473527273,2.471647644,2.473607635,2.471493022,2.472015635,2.471935018,2.472506968,2.474836731,2.473522695,2.47401123,2.473000336,2.472313944
F02,279,2.471356964,2.471938324,2.472729747,2.472760518,2.472888947,2.473092906,2.472326152,2.472120667,2.472273763,2.472534943,2.47209905,2.46988856,2.472530365,2.472567495,2.47007548,2.473524221
F02,280,3.23508021,3.235874685,3.235546875,3.235330455,3.235389201,3.236148326,3.2345637,3.236578115,3.235551707,3.236591848,3.236649068,3.235845184,3.236562602,3.23533198,3.235067749,3.231711833
F02,281,3.235522207,3.234939321,3.236856333,3.231006877,3.234052022,3.238331095,3.236876424,3.239640299,3.237060293,3.232510885,3.237941488,3.233402761,3.239495087,3.232894389,3.237878164,3.236495972
F02,282,3.236655426,3.237173208,3.237102,3.235661316,3.236361694,3.234112295,3.235607147,3.235035197,3.237106578,3.236169942,3.235788218,3.239499664,3.23463033,3.234144847,3.234959412,3.241278839
F02,283,3.23454361,3.237193298,3.233469391,3.237810008,3.237248993,3.236392466,3.238405101,3.241439565,3.239442444,3.230821482,3.230615743,3.236288961,3.237151591,3.23684845,3.235611979,3.237485504
F02,284,3.234052022,3.235867055,3.234262339,3.235353597,3.235001373,3.23686854,3.236295064,3.236799113,3.239680481,3.24072698,3.233119965,3.23281072,3.235313416,3.239730072,3.242949931,3.237006124
F02,285,3.245890045,3.242551168,3.237150065,3.236179097,3.240654246,3.233438365,3.236299642,3.239328003,3.239267731,3.238572184,3.233084361,3.238552094,3.228769938,3.240550741,3.229802704,3.218508911
F02,286,3.23758138,3.235387675,3.233653259,3.234129333,3.235794322,3.235553233,3.234593201,3.235253143,3.235310364,3.235506694,3.235707601,3.237279765,3.236261241,3.236162313,3.236621348,3.233081309
F02,287,3.234249878,3.233625539,3.237500763,3.237202454,3.234345754,3.234639486,3.235421753,3.235243988,3.234673564,3.234263865,3.235394033,3.231802877,3.234061432,3.235692342,3.232866414,3.240358988
F02,288,3.234178925,3.233237457,3.234739939,3.239830526,3.242858632,3.239835103,3.231302134,3.246282705,3.236628977,3.235798899,3.237511698,3.232721202,3.236839294,3.23834788,3.234008789,3.225582631
F02,289,3.229515076,3.234457143,3.242149099,3.222801717,3.234557597,3.243580627,3.233647156,3.238952382,3.236361694,3.233146159,3.232902018,3.235867055,3.240407054,3.240581767,3.225760396,3.235806529
F02,290,3.25051829,3.242673238,3.223611705,3.233016459,3.252419535,3.234246826,3.229490407,3.240586344,3.256939697,3.227782186,3.218383535,3.232317607,3.222203318,3.236519368,3.243084462,3.2361468
F02,291,3.236425018,3.23534139,3.233085887,3.237989299,3.234081523,3.234367371,3.235338338,3.237309265,3.236098735,3.235452525,3.233061218,3.240975952,3.236222585,3.234501902,3.235163625,3.23124644
F02,292,3.235806529,3.233436839,3.235220846,3.2369428,3.235429382,3.234345754,3.23621165,3.237128448,3.243555959,3.237910461,3.229070028,3.238018799,3.235888672,3.233905284,3.234622447,3.236901093
F02,293,3.2486262,3.247102102,3.238958486,3.241268158,3.23110733,3.231249491,3.23668162,3.241376241,3.237595113,3.23091863,3.231892649,3.239550527,3.23927714,3.230594126,3.235540771,3.233025614
F02,294,3.234937795,3.234857432,3.236002858,3.234818776,3.236030833,3.23498586,3.234381358,3.233892822,3.234617869,3.234138743,3.23470459,3.234936269,3.235313416,3.23373998,3.23537852,3.235984294
F02,295,3.235432434,3.234977976,3.236016846,3.237459056,3.23617452,3.238159434,3.237632243,3.235401662,3.234815725,3.235890198,3.234713745,3.235618083,3.234905497,3.235298157,3.234908549,3.232480113
F02,296,3.237286123,3.237505595,3.237562815,3.239699046,3.228756205,3.227711233,3.234155782,3.23213679,3.237519328,3.23841451,3.237180837,3.223764547,3.230286407,3.229765574,3.231752014,3.243877411
F02,297,3.238549042,3.218462372,3.23126653,3.235458883,3.233776855,3.233826447,3.235166677,3.233634694,3.23495636,3.234183502,3.233308665,3.236610413,3.236197662,3.229715983,3.234355164,3.236013794
F02,298,3.236474355,3.236358388,3.234925588,3.232554118,3.234869893,3.2359876,3.236267344,3.235486603,3.233868154,3.234205119,3.233328756,3.240949504,3.24290034,3.24529953,3.238077545,3.23771108
F02,299,3.235667419,3.23485438,3.235642751,3.232954661,3.235118866,3.235553233,3.237505595,3.236295064,3.234981283,3.233943939,3.235653687,3.234670512,3.234110769,3.235226949,3.234288534,3.230999247
F02,300,3.233889771,3.234791056,3.237485504,3.235192871,3.236369324,3.234437052,3.232609812,3.233776855,3.234783427,3.240213776,3.237083435,3.235296631,3.235386149,3.233900706,3.236816152,3.235001373
F02,301,2.950080872,2.950607808,2.94968516,2.950238546,2.951166026,2.951162974,2.951028442,2.946984609,2.946392568,2.954860433,2.953767649,2.945562236,2.955693563,2.951104228,2.950380707,2.951186117
F02,302,2.952142843,2.952226512,2.951564789,2.949157969,2.95030187,2.94600296,2.951258596,2.95177358,2.954543559,2.947925822,2.943766022,2.952019246,2.949715932,2.950584666,2.950167338,2.950241597
F02,303,2.950782522,2.952110545,2.950609589,2.952433523,2.951600393,2.951241811,2.951059214,2.950556946,2.952470652,2.952017721,2.951433309,2.950974274,2.951300557,2.951175181,2.950643412,2.947199249
F02,304,2.951246389,2.950887807,2.953647105,2.950706736,2.952365621,2.951804352,2.951142883,2.949740601,2.949943288,2.950842794,2.951224772,2.950389862,2.959069824,2.949276988,2.947765096,2.952008311
F02,305,2.950858307,2.952493795,2.951849111,2.954245249,2.955413818,2.945061493,2.950615692,2.950215149,2.957752736,2.949476369,2.948276774,2.953045654,2.950745392,2.944008891,2.936675262,2.946947479
F02,306,2.952714793,2.953116862,2.952934265,2.951342265,2.95304718,2.953036499,2.951631165,2.951084137,2.951606496,2.952979279,2.952549489,2.953177134,2.954661051,2.957978312,2.952404277,2.94767863
F02,307,2.952787526,2.950951131,2.952189382,2.952898916,2.951509094,2.952295939,2.95341212,2.953167725,2.951611074,2.951603444,2.953119914,2.951042175,2.951656087,2.951105754,2.951345317,2.95032196
F02,308,2.952118174,2.950658925,2.952269745,2.951652781,2.950597127,2.95404129,2.952449036,2.951949819,2.949791718,2.952600606,2.950882975,2.949352773,2.949782562,2.94853948,2.948610687,2.947043355
F02,309,2.951587931,2.951761119,2.953003947,2.95209198,2.954141744,2.952527873,2.949258423,2.951991526,2.951487478,2.952707163,2.951572418,2.95036672,2.951339213,2.950765483,2.950858307,2.951580302
F02,310,2.952543386,2.953929901,2.952864838,2.951580302,2.951108805,2.952277374,2.956678263,2.951091766,2.946019999,2.952169291,2.952271271,2.948457591,2.950060781,2.951048533,2.948921458,2.951980591
F02,311,2.956593323,2.954033407,2.948491669,2.952013143,2.952483114,2.9541804,2.952360789,2.951442719,2.950881449,2.951399485,2.95205485,2.951362356,2.953784688,2.949638621,2.951114909,2.943173981
F02,312,2.951937358,2.950589244,2.951309713,2.953552755,2.953711955,2.949579875,2.949586233,2.949681854,2.949981944,2.94914093,2.950918579,2.950448608,2.952905019,2.950832113,2.951666768,2.95596873
F02,313,2.949213664,2.949703725,2.951643626,2.953653208,2.956163534,2.951662191,2.9521492,2.950710042,2.950136312,2.951436361,2.95115509,2.958573659,2.949943288,2.954705811,2.959819539,2.951821391
F02,314,2.946441905,2.951526133,2.953512573,2.951000468,2.951444244,2.952537028,2.95093104,2.952779897,2.952674611,2.953186289,2.952042389,2.949230703,2.947984568,2.95007782,2.94504598,2.9524381
F02,315,2.952153778,2.951028442,2.950456492,2.954640961,2.952172343,2.951428731,2.949966431,2.950665029,2.951833852,2.949306234,2.947879537,2.952081045,2.951822917,2.951509094,2.950683594,2.951419576
F02,316,2.951223246,2.952784475,2.953362528,2.95013326,2.9519605,2.951366933,2.948839569,2.946650696,2.951331329,2.950348155,2.954240672,2.948593648,2.950733185,2.948323059,2.956782023,2.951934306
F02,317,2.951365407,2.951241811,2.954985809,2.948366547,2.951050059,2.954184977,2.952255758,2.952295939,2.9518013,2.951595815,2.950884501,2.950198364,2.950522868,2.951343791,2.953514099,2.945379893
F02,318,2.950946554,2.951799774,2.952748871,2.9524381,2.950110118,2.951671346,2.951767222,2.950349681,2.950827535,2.951317342,2.950918579,2.950102488,2.950478109,2.951218414,2.950782522,2.950055949
F02,319,2.948803965,2.94969279,2.949915314,2.950447083,2.950762431,2.950918579,2.950425466,2.951767222,2.950445557,2.950273895,2.950436401,2.950538381,2.949740601,2.950144196,2.950479635,2.950388336
F02,320,2.950349681,2.95136083,2.952330017,2.951366933,2.951495107,2.952090454,2.951285044,2.951308187,2.951349894,2.950855255,2.951442719,2.951183065,2.95142568,2.951501465,2.950882975,2.951153564
F02,321,2.951767222,2.952071889,2.949474843,2.953249613,2.948974101,2.946720123,2.959276835,2.960389964,2.948159281,2.945385997,2.947715759,2.956111145,2.94975764,2.949736023,2.948428345,2.948995717
F02,322,2.818099721,2.816957347,2.822698466,2.82263209,2.821718597,2.822897847,2.821375275,2.820905304,2.819878896,2.822679901,2.823190053,2.821556091,2.819243622,2.820090739,2.820212809,2.821112569
F02,323,2.821022797,2.820549774,2.821842194,2.825017293,2.820981089,2.818925222,2.819356537,2.820744578,2.821931712,2.821792603,2.822392527,2.820039622,2.822675323,2.821242269,2.821472677,2.820280965
F02,324,2.819974772,2.821956635,2.820141856,2.821492767,2.823018646,2.820656586,2.81917572,2.819022624,2.822089386,2.821062978,2.821363068,2.822989146,2.820622508,2.822010549,2.821736908,2.820812734
F02,325,2.822782135,2.821050771,2.822931925,2.818758138,2.803077443,2.800862122,2.815807343,2.822310638,2.823072561,2.821795654,2.822884115,2.819617716,2.819860331,2.820817312,2.820252991,2.820338186
F02,326,2.821409353,2.819685618,2.820670319,2.820571391,2.821042887,2.821279399,2.822217814,2.819834137,2.824587504,2.82517039,2.813193258,2.821651967,2.817925008,2.817617289,2.823006185,2.81917394
F02,327,2.820517476,2.826165771,2.818609873,2.82211736,2.821148173,2.822465007,2.820420074,2.821015167,2.819497172,2.820631663,2.822605896,2.821936544,2.821152751,2.821270243,2.818240356,2.823112742
F02,328,2.822731018,2.823094177,2.822329203,2.82202301,2.822046153,2.823357137,2.823255157,2.823049418,2.823955282,2.823503876,2.824776204,2.822067769,2.821480306,2.822381592,2.823811595,2.817464447
F02,329,2.822961426,2.821403249,2.822307332,2.824643199,2.822240957,2.819073486,2.823697154,2.819608307,2.821805064,2.820651754,2.818510946,2.820118459,2.819467672,2.820696767,2.820200602,2.820404561
F02,330,2.82078476,2.821256256,2.82131958,2.8208697,2.819555918,2.82151591,2.821424866,2.821120199,2.819670359,2.819821676,2.819507853,2.820970408,2.820455424,2.820056661,2.81969045,2.819300842
F02,331,2.816210683,2.818543243,2.819452413,2.820569865,2.820271556,2.819483185,2.822279612,2.819582113,2.810389201,2.812893422,2.825652568,2.819254557,2.818727366,2.81974589,2.820042928,2.818292999
F02,332,2.819460042,2.81850942,2.820280965,2.820116933,2.819534302,2.81876119,2.819704183,2.8205513,2.820067596,2.820161947,2.820413717,2.818000793,2.818200175,2.818744405,2.82340037,2.819894409
F02,333,2.818945313,2.81895752,2.819472504,2.819484711,2.825100708,2.817056274,2.816610972,2.814089712,2.824859619,2.830172729,2.806572469,2.815559896,2.819948578,2.823326111,2.819577535,2.816903178
F02,334,2.81971817,2.818792216,2.817642212,2.818796794,2.822205353,2.823666128,2.815204366,2.818563334,2.818639119,2.820511119,2.817971293,2.816583252,2.815224457,2.818359375,2.817336019,2.816793569
F02,335,2.817019145,2.818758138,2.816405487,2.815703583,2.816977437,2.817866262,2.816048431,2.817679342,2.818563334,2.816508993,2.817788951,2.816226196,2.815587616,2.816206106,2.816178131,2.821967316
F02,336,2.815573883,2.815787252,2.825286357,2.815818024,2.819087474,2.817343903,2.826678975,2.816275533,2.815527344,2.821013641,2.819923655,2.821540833,2.817677816,2.814811707,2.816470337,2.815750122
F02,337,2.817294312,2.818039449,2.819092051,2.819419861,2.816855367,2.817617289,2.816360728,2.817097982,2.81748759,2.820014954,2.818974559,2.815049744,2.81516571,2.815576935,2.81692632,2.815832011
F02,338,2.818238831,2.818598938,2.817699432,2.815491994,2.816923269,2.818037923,2.818221792,2.816866048,2.817774963,2.819027201,2.817476654,2.815904744,2.816111755,2.816759491,2.815164185,2.814332581
F02,339,2.814619954,2.815122477,2.815651194,2.815930939,2.816221619,2.815491994,2.81510849,2.815446981,2.816110229,2.816068522,2.815802511,2.815504201,2.815249125,2.815669759,2.816862996,2.813247426
F02,340,2.816213735,2.817116547,2.817043813,2.816931152,2.816629537,2.815448507,2.817744191,2.816894023,2.817286682,2.81779836,2.818651581,2.82186381,2.817765808,2.810430908,2.824590556,2.814582825
F02,341,2.816802724,2.817320506,2.815768687,2.81497701,2.816241709,2.815502675,2.815301768,2.816212209,2.816218313,2.816685232,2.815467072,2.813646189,2.814683533,2.815100861,2.816569265,2.813902791
F02,342,2.817963664,2.817207845,2.818076579,2.816113281,2.817530823,2.816226196,2.815864563,2.819654846,2.816764069,2.815974172,2.816873932,2.817598979,2.811989085,2.811435699,2.815148671,2.81452891
F02,343,3.304880269,3.190949758,3.327730815,3.325936127,3.324643707,3.324370066,3.321009572,3.320386505,3.321261342,3.322532145,3.322301737,3.323707072,3.32979126,3.316597748,3.30256017,3.324951426
F02,344,3.323386892,3.319191488,3.321901449,3.332380676,3.323260244,3.319169871,3.321848806,3.320250448,3.317577871,3.3217453,3.322263082,3.322123973,3.32203598,3.319574992,3.321412913,3.323029836
F02,345,3.322417704,3.326770782,3.318080139,3.316101583,3.321299998,3.328752645,3.322413127,3.322261556,3.323507436,3.323031362,3.322678884,3.324031576,3.322904714,3.322559865,3.320337168,3.320604451
F02,346,3.33791453,3.335296122,3.321301524,3.320745087,3.322890727,3.326628621,3.320613861,3.31998469,3.318373871,3.32594223,3.322920227,3.322233836,3.323204549,3.322176615,3.319612122,3.321343486
F02,347,3.307638041,3.317982737,3.317352041,3.318301137,3.319193268,3.323592631,3.324493663,3.326126099,3.326566823,3.321301524,3.32107137,3.322496541,3.322629547,3.32270991,3.322054545,3.321553548
F02,348,3.323488871,3.318273417,3.345594279,3.317970276,3.319380188,3.324645233,3.318480428,3.32062149,3.319239553,3.321066793,3.322227478,3.322932434,3.322980499,3.322793325,3.322509003,3.320664724
F02,349,3.303985341,3.313442739,3.302209218,3.331848907,3.352831777,3.338165029,3.312227631,3.339584096,3.329108175,3.307387543,3.309125264,3.344601949,3.339090983,3.313958995,3.327520498,3.31825943
F02,350,3.320907338,3.319536336,3.320661672,3.316089122,3.320881144,3.316634878,3.318362935,3.319908905,3.320035553,3.320848846,3.321061961,3.322618612,3.322001902,3.320942942,3.318008931,3.324031576
F02,351,3.317633311,3.317896271,3.313212331,3.319765218,3.3204422,3.319338481,3.320524089,3.322601573,3.31944046,3.317916361,3.317370605,3.327268473,3.312451681,3.317436981,3.316447703,3.320420583
F02,352,3.272744242,3.247796122,3.279722087,3.319398753,3.315399679,3.312093099,3.316589864,3.314838664,3.316573079,3.324603526,3.323784129,3.322975667,3.318594869,3.324465942,3.321949259,3.324255625
F02,353,3.29763972,3.338407644,3.319432831,3.320808411,3.322864532,3.321313985,3.315914408,3.320707957,3.320618439,3.318012238,3.321215057,3.320731354,3.320590464,3.321264648,3.320616913,3.319587453
F02,354,3.288202413,3.288986206,3.297389221,3.323634338,3.326068878,3.312530518,3.304908244,3.324844615,3.323161316,3.317166646,3.317917887,3.31085968,3.308316803,3.309647624,3.315739695,3.318554688
F02,355,3.32004954,3.32053655,3.332884471,3.306852722,3.317053731,3.314374797,3.31963679,3.32373937,3.321199544,3.31676,3.31812795,3.30859197,3.315075175,3.301519775,3.306900787,3.320074209
F02,356,3.322275543,3.319445038,3.300644684,3.334883372,3.314186096,3.306777191,3.320805359,3.327999624,3.319944509,3.317027537,3.318888601,3.320692698,3.320839437,3.323751831,3.322739156,3.321477763
F02,357,3.319598134,3.317897797,3.319684601,3.320069631,3.319330597,3.318571726,3.318411001,3.319939677,3.319667816,3.31852061,3.319299825,3.318362935,3.319053904,3.317355092,3.319361623,3.319828542
F02,358,3.309633636,3.320862579,3.321906026,3.318174489,3.320585887,3.319023132,3.31992747,3.321915436,3.322320302,3.318726349,3.321845754,3.320689392,3.321031189,3.320562744,3.322139486,3.321029663
F02,359,3.29292806,3.304668681,3.342414602,3.321581523,3.325206502,3.318104808,3.334003703,3.323621877,3.312261709,3.32350591,3.317468007,3.319813029,3.319966125,3.317769368,3.320383453,3.320490011
F02,360,3.316735331,3.308279673,3.321096039,3.319887288,3.317412313,3.322495015,3.317276255,3.31611379,3.319267273,3.316783142,3.31959966,3.318828328,3.322610982,3.31879425,3.321239726,3.317457072
F02,361,3.327667236,3.320350901,3.297549947,3.317086283,3.306355031,3.306330363,3.333594004,3.326722972,3.321488698,3.320939891,3.306328837,3.321896871,3.320221202,3.322607931,3.318024445,3.321632385
F02,362,3.317220561,3.315968577,3.31979599,3.317461904,3.318273417,3.316742961,3.318162028,3.318961334,3.317645772,3.31738917,3.318751017,3.32049942,3.31944809,3.319959768,3.319205475,3.319049327
F02,363,2.981337484,2.997444916,2.988605754,2.986056773,2.985344187,2.985100047,2.979667918,2.979986318,2.98664271,2.984849548,2.98273646,2.984589895,2.983132172,2.984053294,2.984192657,2.986100006
F02,364,2.986880747,2.984595998,2.985172526,2.986118571,2.986942546,2.984144592,2.984569804,2.985996501,2.985888418,2.985596212,2.984990184,2.984878794,2.985463206,2.986217499,2.985228221,2.985795593
F02,365,2.986599477,2.986118571,2.985188039,2.984552765,2.988978322,2.986472575,2.984739685,2.987027486,2.986002604,2.98667984,2.985916138,2.986138662,2.986783346,2.986183675,2.985741425,2.985405986
F02,366,2.986308797,2.984821574,2.986064402,2.982513682,2.984283702,2.984303792,2.982417806,2.978966014,2.983170827,2.986160278,2.987557729,2.986410777,2.986871338,2.984218852,2.98686676,2.986786397
F02,367,2.991873678,2.999084981,2.991579946,2.988732656,2.986203766,2.991031392,2.991009521,2.980247498,2.979463959,2.985167948,2.983772024,2.989647675,2.998995463,2.946794383,2.953868103,2.985222117
F02,368,2.9743131,2.976647441,2.990825653,2.984091949,2.986308797,2.985001119,2.98498408,2.984809367,2.986059825,2.983518473,2.984201813,2.98504893,2.985823313,2.985970306,2.984829458,2.985571289
F02,369,2.989185588,2.986856079,2.988106537,2.984320831,2.986444855,2.984486135,2.983445994,2.985347239,2.986996714,2.987077077,2.987310537,2.988820648,2.981425476,2.98376592,2.986811066,2.986155701
F02,370,2.985956319,2.987008921,2.988503774,2.988391113,2.986379751,2.987030792,2.98757782,2.986746216,2.982898712,2.984602102,2.987713877,2.985410563,2.98934021,2.985454051,2.984464518,2.986373647
F02,371,2.983946737,2.987661489,2.986601003,2.988070933,2.985977936,2.983498383,2.986117045,2.98630422,2.986517334,2.985096741,2.984070333,2.983105723,2.986243947,2.986064402,2.986265564,2.984328461
F02,372,2.98635966,2.987276459,2.986947123,2.986593119,2.988397217,2.983402507,2.986863708,2.985617828,2.986509705,2.983850861,2.983674622,2.986264038,2.984098307,2.986795807,2.985692088,2.987877909
F02,373,2.985569763,2.985747528,2.986747742,2.98568573,2.985325623,2.983694712,2.990887451,2.988188426,2.9852005,2.98657608,2.986531321,2.992499797,2.992708588,2.985454051,2.981937154,2.983226267
F02,374,2.976995087,2.975056712,2.986920929,2.987321218,2.987066142,2.985625458,2.986253103,2.985385895,2.988528697,2.986582438,2.986786397,2.986160278,2.982787323,2.986831156,2.985486348,2.986662801
F02,375,2.985974884,2.9898084,2.977214559,2.984478505,2.981484222,2.984347026,2.981611125,2.988324483,2.992858378,2.975395203,2.996350352,2.984886678,2.983863322,2.985294596,2.987389374,3.026302338
F02,376,2.988029226,2.986865234,2.986339569,2.985014852,2.985970306,2.98683904,2.98824412,2.987559255,2.985469309,2.981757863,2.989507039,2.986472575,2.988010661,2.986800385,2.98892746,2.989270528
F02,377,2.989599864,2.981206004,3.002836863,2.978542582,2.989847056,2.991318766,2.987350718,2.984447479,2.982261912,2.98293279,2.980256907,2.989745076,2.986730703,2.986588542,2.990490214,3.013161214
F02,378,2.986158752,2.988635254,2.984772237,2.988689423,2.986280823,2.982753245,2.985953267,2.987378438,2.987885539,2.984639231,2.985991923,2.985988871,2.985495758,2.984911346,2.98580958,2.980641683
F02,379,2.987210083,2.985616302,2.988265737,2.96377538,2.988081868,2.993843079,2.989265951,2.98245341,2.980499522,2.981399282,2.993436686,2.925958252,2.927660116,2.974843343,2.943702698,3.014809163
F02,380,2.988864136,2.985927073,2.988703156,2.98655777,2.986383057,2.986937968,2.983731842,2.986523692,2.985158793,2.987319692,2.986049143,2.985861969,2.985212708,2.988078817,2.991375987,2.985169474
F02,381,2.986797333,2.987596385,2.985460154,2.982210795,2.98492686,2.987477366,2.987307485,2.98694102,2.985090637,2.986647288,2.987715403,2.996602376,2.982485962,2.986619568,2.986560822,2.986701457
F02,382,2.982050069,2.990365092,2.984194183,2.970154826,2.986409251,2.983090464,2.989875031,2.984586843,2.984613037,2.984943899,2.985195669,2.968134562,2.98863678,2.989995575,2.966174316,2.972742716
F02,383,3.008820597,3.009754435,3.008833059,3.010814667,3.010106659,3.009562683,3.01021347,3.007389323,3.008928935,3.009477488,3.008581034,3.009327698,3.010828654,3.006835683,3.008346049,3.009207153
F02,384,3.010214996,3.010595194,3.01127243,3.009862518,3.009734344,3.010776011,3.0099027,3.009477488,3.010513306,3.010176341,3.011165619,3.010001628,3.010681915,3.011912282,3.011099243,3.010383352
F02,385,3.011306254,3.011406708,3.009919739,3.010978699,3.011649577,3.012137858,3.011354319,3.010935211,3.010386658,3.010310872,3.011700439,3.012798055,3.01348292,3.007616425,3.010508728,3.009748077
F02,386,3.010395813,3.010143789,3.010921478,3.008905538,3.009412638,3.011207326,3.009777578,3.010907491,3.009958394,3.009859467,3.009536235,3.010355632,3.009873454,3.010038757,3.009885661,3.011471812
F02,387,3.010564423,3.010624695,3.008222453,3.008973694,3.01232961,3.012675985,3.012295532,3.008627319,3.006866709,3.010703532,3.010267639,3.009737396,3.010191854,3.008703105,3.010731252,3.010204061
F02,388,3.010681915,3.009398651,3.008973694,3.010092926,3.009384918,3.010738881,3.01014684,3.011154938,3.011428324,3.009998576,3.010448456,3.011065165,3.010332489,3.0105395,3.011553701,3.00781428
F02,389,3.010839589,3.011363475,3.008607229,3.012876892,3.008398692,3.009278107,3.009431203,3.009530131,3.013750203,3.009145355,3.009184011,3.00822703,3.010929108,3.009240977,3.00976359,3.009601339
F02,390,3.007367452,3.010582987,3.008919525,3.010507202,3.009629059,3.012275441,3.010969289,3.010703532,3.009615072,3.009121958,3.011518097,3.011032613,3.008571879,3.011303202,3.011394501,3.010139211
F02,391,3.011410014,3.010276794,3.009459178,3.011862946,3.011700439,3.008802032,3.012892405,3.010683441,3.009081777,3.009740448,3.009472911,3.008029175,3.007990519,3.013468933,3.010567474,3.010293833
F02,392,3.008189901,3.009721883,3.010113017,3.009976959,3.00980072,3.010449982,3.009684753,3.009822337,3.011193593,3.009007772,3.010666402,3.010463969,3.01128006,3.009925842,3.008644358,3.008426412
F02,393,3.012753296,3.007706197,3.008897909,3.011638641,3.008155823,3.00797348,3.008548482,3.005974833,3.013558706,3.012190501,3.009292094,3.010296885,3.010179392,3.01028773,3.010114543,3.009856415
F02,394,3.00933075,3.006793976,3.010505676,3.011754608,3.010009257,3.01012853,3.011906179,3.008879344,3.009901174,3.011014048,3.010259755,3.010182444,3.011618551,3.011128489,3.008013662,3.008231608
F02,395,3.007738495,3.012709808,3.013951111,3.006766256,3.009599813,3.010139211,3.007959493,3.00759023,3.009068044,3.011811829,3.012226105,3.011498006,3.010731252,3.008027649,3.012614187,3.008672333
F02,396,3.013315837,3.011544291,3.0139328,3.011770121,3.009842428,3.01102651,3.010940043,3.009779104,3.010500844,3.014581807,3.00933075,3.010381826,3.011278534,3.010227458,3.009610494,3.010017141
F02,397,3.007260895,3.011493429,3.011776225,3.008814494,3.009333801,3.010848745,3.012136332,3.010779317,3.012688192,3.012119548,3.01048406,3.010177867,3.009370931,3.011331177,3.010578156,3.009290568
F02,398,3.011549123,3.012298838,3.011434682,3.009369405,3.010882823,3.00987498,3.009693909,3.011640167,3.010845693,3.013232422,3.010051219,3.009933726,3.009272003,3.01075592,3.011722056,3.0099027
F02,399,3.009749603,3.010660044,3.011668142,3.010660044,3.010717265,3.008738708,3.010230509,3.009610494,3.011494954,3.009327698,3.010290782,3.009077199,3.011446889,3.010456085,3.010896556,3.010623169
F02,400,3.011001841,3.010579681,3.010151672,3.010279846,3.010816193,3.012300364,3.011736043,3.01140213,3.010542806,3.010598246,3.011071269,3.007993571,3.010397339,3.009857941,3.00822703,3.011211904
F02,401,2.836437734,2.834926097,2.834139252,2.835045115,2.834805552,2.834935252,2.836071523,2.835748291,2.834655507,2.835457865,2.83390274,2.833695475,2.835060628,2.835354106,2.83432312,2.834830221
F02,402,2.835743713,2.83557841,2.833421834,2.834196472,2.834030914,2.835176341,2.834684753,2.834278361,2.833251953,2.837201436,2.835893758,2.834732819,2.835358938,2.834462229,2.834165446,2.833774312
F02,403,2.833720398,2.835182699,2.834120687,2.836985016,2.836643473,2.838595835,2.838558706,2.837062327,2.833476003,2.832499186,2.833499146,2.835323334,2.835853577,2.836596934,2.834807078,2.831638082
F02,404,2.835530345,2.837130483,2.828501638,2.838220215,2.835365041,2.834689585,2.831936391,2.839246623,2.836179606,2.834709676,2.833735657,2.836607869,2.832662964,2.838677724,2.833826955,2.835649363
F02,405,2.836941783,2.836077627,2.837003581,2.835989634,2.83733139,2.835177867,2.833137512,2.834018707,2.836651103,2.830858866,2.833731079,2.835218302,2.830753835,2.832755788,2.832287343,2.83449173
F02,406,2.836569214,2.835176341,2.839724223,2.835940043,2.835443878,2.834732819,2.834605916,2.835796356,2.836621857,2.836159515,2.835796356,2.835470072,2.836170451,2.835640208,2.834881083,2.835723623
F02,407,2.834819285,2.83505427,2.836666616,2.837278748,2.835249074,2.836941783,2.835442352,2.833401744,2.832301331,2.83433253,2.833856201,2.835590617,2.835374196,2.835491689,2.834799194,2.834340159
F02,408,2.836073049,2.836250814,2.837240092,2.834915161,2.834952291,2.835133108,2.835493215,2.835386658,2.835501099,2.834973907,2.835292308,2.835235087,2.835004934,2.834157817,2.835505676,2.834646352
F02,409,2.82609787,2.849591319,2.832930247,2.836015828,2.837198385,2.836042023,2.836159515,2.834268951,2.836950938,2.84140447,2.839903514,2.837870789,2.83404185,2.836566162,2.836875407,2.834335581
F02,410,2.835300191,2.835551961,2.835417684,2.836300151,2.836207581,2.834224192,2.834653982,2.835261536,2.835343424,2.836189016,2.836385345,2.835371145,2.835136159,2.835321808,2.835164134,2.835385132
F02,411,2.836297099,2.835921478,2.836156464,2.835329437,2.83526001,2.83378067,2.831667328,2.831262461,2.83125,2.83643926,2.837159729,2.834474691,2.836008199,2.834218089,2.835496521,2.834448242
F02,412,2.835448456,2.835780843,2.836689758,2.836380768,2.835748291,2.836901601,2.835858154,2.835627747,2.83666509,2.84053421,2.838962046,2.834063466,2.833763631,2.835457865,2.836644999,2.8352506
F02,413,2.840877533,2.842378489,2.833830007,2.836151886,2.836950938,2.836940257,2.835542806,2.835058848,2.835289256,2.835921478,2.835066732,2.836954244,2.835334015,2.836547597,2.836062113,2.835457865
F02,414,2.835782369,2.836189016,2.834691111,2.830688985,2.835187276,2.83797582,2.833295186,2.833757273,2.831984202,2.832605743,2.835386658,2.83598175,2.835978699,2.835957082,2.836096191,2.835283152
F02,415,2.840855916,2.83769455,2.835833486,2.838128916,2.837518311,2.836610921,2.836694336,2.835827128,2.836003367,2.836679077,2.836536662,2.835295359,2.834859467,2.835649363,2.835736084,2.835528819
F02,416,2.835720571,2.835123952,2.833775838,2.835955556,2.836259969,2.836958822,2.835416158,2.836342112,2.836513519,2.837268066,2.834392802,2.83493983,2.833044688,2.836425527,2.835657247,2.831022898
F02,417,2.836226145,2.836159515,2.835348002,2.835385132,2.836389923,2.834363302,2.830933126,2.836037445,2.83663737,2.835785421,2.834381866,2.831948853,2.835078939,2.836326599,2.836643473,2.833857981
F02,418,2.835066732,2.837323507,2.834842428,2.834354146,2.83484726,2.835650889,2.835575358,2.834558105,2.834831746,2.835434723,2.835582987,2.835519663,2.836743927,2.839566549,2.837272644,2.834378815
F02,419,2.835923004,2.837019094,2.841038259,2.83244044,2.835575358,2.83470815,2.834759013,2.833806864,2.836536662,2.832781982,2.834418996,2.832924143,2.834913635,2.835940043,2.834771474,2.834989421
F02,420,2.835555267,2.835536702,2.838399506,2.833587392,2.835408274,2.835357412,2.834718831,2.834516398,2.835889181,2.835216522,2.835408274,2.834367879,2.836273956,2.835499573,2.833973694,2.835130056
F02,421,2.880804698,2.880954488,2.881750743,2.881381226,2.88361028,2.88413264,2.884186808,2.881645457,2.881629944,2.882534281,2.882393646,2.880623627,2.880221812,2.882229869,2.88271052,2.882310232
F02,422,2.882092285,2.882566833,2.88432134,2.880609894,2.882954915,2.883851369,2.882356517,2.880580393,2.884737142,2.883690643,2.883196004,2.883916219,2.879080963,2.881892904,2.882070669,2.881455485
F02,423,2.885108185,2.883941142,2.880860138,2.883151245,2.877955627,2.881090546,2.882758586,2.882685852,2.882313283,2.883891551,2.883332062,2.882395172,2.883602651,2.879878743,2.88416214,2.882107798
F02,424,2.883308919,2.880710347,2.882911428,2.885701752,2.88445282,2.88094991,2.882189687,2.882552846,2.882070669,2.883141836,2.884885661,2.88229777,2.88282191,2.884296672,2.882424672,2.883732351
F02,425,2.882647196,2.882423147,2.881730652,2.882151031,2.882554372,2.883370717,2.881892904,2.882713572,2.881781514,2.882197316,2.882563782,2.879583486,2.884276581,2.882962545,2.884208425,2.882237498
F02,426,2.88184967,2.880212657,2.881425985,2.882495626,2.883279419,2.881730652,2.88322525,2.881735229,2.881449127,2.885386403,2.885149892,2.880707296,2.881676483,2.88316981,2.882566833,2.88191452
F02,427,2.883753967,2.884375509,2.885046387,2.882039642,2.881895955,2.883634949,2.885231781,2.879586538,2.882628632,2.883460236,2.879238637,2.880911255,2.881656392,2.883050791,2.883268738,2.879098002
F02,428,2.882435354,2.880647024,2.883199056,2.883883921,2.881722768,2.881303914,2.880455271,2.881798553,2.882727559,2.883820597,2.88149236,2.882290141,2.883135732,2.88172582,2.882489522,2.881348674
F02,429,2.884884135,2.884996796,2.882154083,2.879945119,2.883763377,2.882163493,2.88195165,2.883202108,2.881408946,2.881378174,2.884530131,2.883800507,2.880883535,2.881487783,2.889674632,2.87996521
F02,430,2.88355306,2.884999847,2.882855988,2.882367452,2.883332062,2.883971914,2.882354991,2.880475362,2.883976746,2.88221283,2.880999247,2.880928294,2.88133316,2.883163452,2.882545217,2.881297811
F02,431,2.883669027,2.884328969,2.883086141,2.881427511,2.881064351,2.882432302,2.879827627,2.882498932,2.882079824,2.881841787,2.882636515,2.880951436,2.881429036,2.883157349,2.881194051,2.882296244
F02,432,2.882169596,2.881934611,2.881410472,2.880935923,2.881082916,2.881797028,2.880520121,2.883568573,2.881073507,2.882449341,2.882676697,2.883347575,2.880897268,2.882120005,2.879427338,2.881376648
F02,433,2.883039856,2.882291667,2.879434967,2.8820165,2.881642405,2.882188161,2.882624054,2.882192739,2.882330322,2.882039642,2.882047526,2.88176295,2.881166331,2.882627106,2.883703105,2.88156662
F02,434,2.882226817,2.880575816,2.881130727,2.882970174,2.881252797,2.881166331,2.882316335,2.878714752,2.882962545,2.882794189,2.882287089,2.882126363,2.881408946,2.881470744,2.880302175,2.879351552
F02,435,2.882432302,2.880260468,2.882018026,2.883002726,2.883775584,2.881030273,2.880823263,2.881855774,2.882082876,2.882211304,2.881900533,2.881260681,2.882033539,2.880758158,2.881218974,2.881562042
F02,436,2.879560089,2.883350627,2.881478628,2.88376948,2.890005239,2.890670013,2.882061259,2.881212616,2.87955246,2.879475149,2.879266612,2.883755493,2.882133993,2.881092072,2.884718577,2.881325531
F02,437,2.883862305,2.880781301,2.87967453,2.8830012,2.88266271,2.882992045,2.882317861,2.881163279,2.883996836,2.88175532,2.879079437,2.883012136,2.880534108,2.879229482,2.882497152,2.880130514
F02,438,2.881687164,2.882988739,2.883982849,2.879260254,2.881824748,2.882712046,2.879901886,2.881883494,2.883420054,2.879605103,2.882540639,2.880792236,2.881699626,2.881245168,2.882052104,2.881804657
F02,439,2.883859253,2.882218933,2.882449341,2.879080963,2.883007304,2.882195791,2.880997721,2.881976318,2.883495839,2.879325358,2.88111674,2.881912994,2.882229869,2.88200887,2.880724335,2.88281428
F02,440,2.69208552,2.692886353,2.691983541,2.69384613,2.693493652,2.692357635,2.692433421,2.692247772,2.694698079,2.692304993,2.689623006,2.69433314,2.6918396,2.69106369,2.692646535,2.691093191
F02,441,2.693048604,2.692484283,2.694838715,2.691596985,2.692822774,2.694479879,2.693588003,2.693566386,2.693008423,2.692762502,2.694028727,2.693453471,2.692778015,2.693907928,2.691459401,2.693060811
F02,442,2.691301727,2.693220266,2.69318924,2.692062378,2.693496958,2.697314962,2.69737854,2.702782694,2.69609375,2.689103699,2.680910746,2.692601776,2.692725372,2.692164358,2.692487335,2.692714691
F02,443,2.693399556,2.692292531,2.691600037,2.690822601,2.692872365,2.693009949,2.685985565,2.679842631,2.702464294,2.694983927,2.681467183,2.69246877,2.693201701,2.692201487,2.692736308,2.690160878
F02,444,2.692073059,2.693424225,2.693254089,2.692940267,2.693150584,2.693062592,2.693990072,2.692473602,2.690327962,2.693436432,2.695092265,2.691944885,2.692442576,2.693285116,2.688349152,2.692043813
F02,445,2.71304067,2.701405334,2.678273519,2.695596059,2.700112915,2.695919037,2.693907928,2.694220225,2.691488902,2.69270223,2.69474589,2.692844391,2.692144267,2.683183034,2.705775452,2.692743937
F02,446,2.692190552,2.692946625,2.689842478,2.693584951,2.693173726,2.691377513,2.693008423,2.692176819,2.692662048,2.694691722,2.696171061,2.693713379,2.694331614,2.701079051,2.695990245,2.692332713
F02,447,2.69368693,2.692829132,2.694711812,2.694150798,2.691527557,2.694436646,2.692778015,2.693728638,2.692490387,2.693068695,2.692632802,2.693136597,2.692884572,2.693233999,2.693334452,2.692983754
F02,448,2.693119558,2.693045553,2.693096415,2.693520101,2.693903351,2.693226369,2.69327418,2.69231898,2.69273173,2.693785858,2.693672943,2.693643697,2.693034617,2.692699178,2.692617289,2.692314402
F02,449,2.693465932,2.693847656,2.693864695,2.695376587,2.695022583,2.692145793,2.69404246,2.693535614,2.694486237,2.692229207,2.69334844,2.693901825,2.69381841,2.693688456,2.69414444,2.693990072
F02,450,2.693835449,2.693414815,2.695090485,2.693252563,2.693431854,2.694959259,2.69420166,2.694040934,2.693840027,2.693914286,2.692781067,2.696316528,2.691225942,2.693128967,2.69577535,2.693393199
F02,451,2.691658783,2.693473562,2.693934377,2.692745463,2.694730377,2.695868174,2.693042247,2.691743978,2.69874649,2.687746429,2.686545308,2.69366684,2.693199921,2.693448893,2.692782593,2.693615977
F02,452,2.694486237,2.691782633,2.698101807,2.69320933,2.694107564,2.693588003,2.694475301,2.695257568,2.692575582,2.691941833,2.694909668,2.693741099,2.694523366,2.682991536,2.684203339,2.692946625
F02,453,2.692405446,2.694345601,2.694906616,2.692830658,2.695048777,2.696447754,2.694891103,2.694195557,2.693612671,2.693625132,2.691817983,2.692382304,2.693428802,2.695857239,2.692951202,2.692646535
F02,454,2.695444489,2.694751994,2.693996175,2.692238617,2.688740285,2.692178345,2.696047465,2.691481018,2.691678874,2.693082682,2.695177205,2.692830658,2.696115367,2.693798319,2.694421132,2.694087474
F02,455,2.694429016,2.694115194,2.693802897,2.693758138,2.693496958,2.69443512,2.692753347,2.693634542,2.696072133,2.693991597,2.690317027,2.694054921,2.694541931,2.692819722,2.693812307,2.694643911
F02,456,2.694419607,2.693472036,2.694524892,2.693566386,2.694141388,2.694416555,2.69443512,2.694353231,2.694410451,2.693257141,2.694232686,2.695691935,2.691847483,2.692945099,2.696002706,2.693441264
F02,457,2.698922729,2.680808767,2.697910055,2.693518575,2.695778402,2.692875417,2.694359334,2.693689982,2.692897034,2.696730804,2.696617889,2.687276459,2.693707021,2.693904877,2.694113668,2.694365692
F02,458,2.695141602,2.695221965,2.694934591,2.693003845,2.695758311,2.695217387,2.692909495,2.694166311,2.693385569,2.69894282,2.693790436,2.693044027,2.693312836,2.694147746,2.690487162,2.69394989
F02,459,2.69369634,2.694209544,2.694929759,2.695951589,2.694821676,2.692943319,2.694756571,2.694812266,2.695554352,2.694059499,2.694175466,2.694667053,2.694031779,2.694439697,2.694722748,2.693482971
F02,460,2.69353714,2.690082041,2.695694987,2.693721008,2.695087433,2.694380951,2.695119985,2.693636068,2.694926707,2.695192719,2.694215647,2.69343338,2.694101206,2.694043986,2.69368693,2.692969767
F02,461,2.066314952,2.066022873,2.066046015,2.065882238,2.065356572,2.065311813,2.065200424,2.064699682,2.062979126,2.064082845,2.06405805,2.065554428,2.066316605,2.066268667,2.066262436,2.06539065
F02,462,2.059473165,2.063646952,2.066968918,2.065489578,2.063792165,2.064599101,2.062771988,2.064733632,2.067075602,2.06901563,2.066736984,2.06727651,2.066451009,2.064558919,2.063532511,2.067019908
F02,463,2.065291723,2.06579717,2.066325887,2.065321096,2.065299352,2.065532811,2.065415319,2.065781657,2.065535863,2.064263662,2.065577698,2.06656545,2.064608383,2.065979513,2.065572993,2.065911611
F02,464,2.06661644,2.066109467,2.065841929,2.064320882,2.064834086,2.065828069,2.061816661,2.063804626,2.065222168,2.065579224,2.064796956,2.065166473,2.065671921,2.065744654,2.064589818,2.064245097
F02,465,2.065900675,2.06533343,2.065522003,2.06708018,2.065786362,2.066259384,2.066015116,2.066480382,2.065463257,2.065633265,2.066063054,2.065886815,2.065959422,2.066993586,2.066027451,2.065106201
F02,466,2.067197673,2.065528234,2.066039912,2.065729141,2.065243785,2.065344238,2.065361277,2.066114044,2.066866811,2.0656147,2.065232976,2.064848073,2.065453974,2.065410741,2.065429306,2.065897624
F02,467,2.067026138,2.067026138,2.065673447,2.066531372,2.066290283,2.06492691,2.065721385,2.065585327,2.065869776,2.065733719,2.065965652,2.066075389,2.06600736,2.066871516,2.066112518,2.065774028
F02,468,2.066689046,2.066820526,2.065809504,2.064783096,2.065089162,2.065218989,2.064670308,2.066454188,2.066049067,2.066144943,2.065117009,2.065755463,2.066141891,2.065081406,2.067118835,2.065869776
F02,469,2.067220815,2.067169825,2.066379929,2.067655182,2.065855916,2.064789327,2.066760254,2.066931788,2.067698542,2.066750971,2.06650823,2.065855916,2.067616653,2.065825017,2.06574618,2.065232976
F02,470,2.066141891,2.066610209,2.067302831,2.066474279,2.065633265,2.066740163,2.066729228,2.067200724,2.066690699,2.066339747,2.06665357,2.065242259,2.065081406,2.065913137,2.065293248,2.065070597
F02,471,2.06656545,2.064810944,2.067565536,2.066028976,2.067173004,2.068386459,2.066685994,2.068497721,2.06170222,2.063113658,2.072431819,2.067264175,2.067145157,2.06661644,2.066148122,2.06899236
F02,472,2.066563924,2.066376877,2.065486399,2.066823578,2.066897837,2.065316391,2.066294861,2.066129557,2.066961161,2.067073949,2.066787974,2.065540568,2.065464783,2.066393789,2.066976674,2.065373611
F02,473,2.06759491,2.068400319,2.067196147,2.067376963,2.068335342,2.065430832,2.067233276,2.065396754,2.066205215,2.066746267,2.066384633,2.066121801,2.066219203,2.066613388,2.06610171,2.066811244
F02,474,2.069692612,2.067287318,2.06610171,2.065259171,2.065471013,2.063606771,2.062116496,2.068159231,2.066041438,2.067336782,2.066839091,2.064404424,2.066358312,2.065917714,2.0652963,2.064899063
F02,475,2.066322708,2.066155752,2.066577784,2.065794118,2.066308848,2.066008886,2.065783183,2.065667343,2.066767883,2.066384633,2.065387472,2.065753937,2.064933014,2.065964127,2.065593084,2.065392176
F02,476,2.066293335,2.067134349,2.067545446,2.066211446,2.065732193,2.065877533,2.066063054,2.066038259,2.06652209,2.065685908,2.066358312,2.065851212,2.066281001,2.065535863,2.065522003,2.063648478
F02,477,2.067780431,2.068278249,2.066497421,2.06673851,2.066655095,2.067030716,2.067189916,2.067814509,2.066829809,2.065388997,2.066412354,2.065812556,2.065206655,2.067038472,2.066585541,2.065504964
F02,478,2.067924245,2.067667643,2.066938019,2.0669782,2.065909958,2.065531286,2.065908432,2.066345978,2.06400706,2.066361364,2.068932088,2.069142278,2.066995112,2.065158717,2.069102097,2.067191442
F02,479,2.065964127,2.06699206,2.066619492,2.066556168,2.064546585,2.064409002,2.066192881,2.06615893,2.067123413,2.065914663,2.067584101,2.06726265,2.06834933,2.06656545,2.067706299,2.0656147
F02,480,2.067123413,2.067242559,2.067259471,2.067177582,2.066319656,2.064878972,2.06616656,2.066356786,2.066319656,2.067896398,2.066608683,2.066489665,2.065430832,2.067060089,2.067163722,2.06497167
F02,481,2.413713074,2.408979797,2.365565236,2.365903727,2.366313426,2.366704559,2.37289861,2.375608571,2.37787323,2.379558055,2.379207102,2.363138326,2.364631653,2.364048767,2.363977814,2.378395589
F03,482,2.405211131,2.406290181,2.401989492,2.407014974,2.403223165,2.404756673,2.404660797,2.402982076,2.401672618,2.399791463,2.39549408,2.403640493,2.404277547,2.403382365,2.403643545,2.406772359
F03,483,2.401524353,2.401395925,2.396086121,2.402516683,2.401301829,2.399601237,2.401046753,2.401368205,2.401779429,2.403200022,2.401782481,2.404847717,2.403815206,2.402359009,2.402224477,2.398098755
F03,484,2.407112376,2.406781769,2.405850983,2.403053029,2.399723307,2.399346161,2.40118103,2.401907603,2.40432078,2.403099569,2.403445689,2.39638443,2.398894755,2.401012675,2.399670919,2.4107282
F03,485,2.407927195,2.405971527,2.406766256,2.405238851,2.403020732,2.401159414,2.403374736,2.403988393,2.405156962,2.406426239,2.40499471,2.408084869,2.406922404,2.403921763,2.404056295,2.405997976
F03,486,2.412079112,2.395895894,2.42036794,2.408505249,2.410859426,2.408845266,2.408961233,2.407389069,2.411671193,2.411796316,2.408128103,2.404381053,2.404560343,2.407143402,2.408772786,2.407378387
F03,487,2.404851023,2.404928335,2.41280721,2.409639994,2.409165446,2.411228943,2.416755422,2.415183258,2.416613007,2.414326731,2.416109212,2.412372843,2.408588664,2.40397288,2.400876617,2.394721222
F03,488,2.39709549,2.397706095,2.393968201,2.395498657,2.394849396,2.39317983,2.394351705,2.397226969,2.399925995,2.400473022,2.397052256,2.394793701,2.394615936,2.398295085,2.397198995,2.395098368
F03,489,2.390250651,2.390125275,2.388921102,2.39497935,2.395305379,2.392883046,2.394699605,2.393969727,2.397560883,2.398236338,2.394885,2.391932424,2.393370056,2.394048564,2.390827179,2.394949849
F03,490,2.388615163,2.387885539,2.387146505,2.389806875,2.393047078,2.393059285,2.396532949,2.39753596,2.383064016,2.366250102,2.367033895,2.390641785,2.389694214,2.395410665,2.396202087,2.402539825
F03,491,2.401105499,2.400490061,2.399956767,2.399069468,2.397820536,2.398618062,2.399568939,2.399443563,2.399582672,2.397542318,2.39748052,2.395575968,2.397358195,2.398460388,2.39734141,2.390771484
F03,492,2.390861257,2.390646362,2.392071533,2.390694173,2.389386495,2.390312449,2.388862356,2.388086446,2.388250224,2.386962636,2.388683065,2.391252391,2.390836589,2.390981801,2.39106369,2.378112793
F03,493,2.401514943,2.400326284,2.400248973,2.40311025,2.405852509,2.406891378,2.406171163,2.40630544,2.406407674,2.404506175,2.405775452,2.405119832,2.404851023,2.404125977,2.404603577,2.467738342
F03,494,2.404418182,2.405826314,2.407293447,2.404921977,2.404557292,2.404864756,2.402634176,2.40499471,2.402289581,2.402924856,2.405104319,2.377857717,2.377285767,2.381335704,2.380576833,2.392895508
F03,495,2.401378886,2.400245921,2.394897461,2.402487437,2.397378286,2.39311498,2.387211609,2.390065002,2.392583211,2.392025248,2.394487762,2.397806549,2.397571564,2.402172089,2.402031453,2.396127828
F03,496,2.395280711,2.395192719,2.392617289,2.399154663,2.398922729,2.402148946,2.396174113,2.398463694,2.398930359,2.403505961,2.401420848,2.396353404,2.404753621,2.395119985,2.395875804,2.400510152
F03,497,2.388851674,2.326003011,2.408029175,2.390653992,2.399012248,2.42148234,2.386308797,2.393785858,2.416746012,2.413541667,2.408203888,2.390160878,2.401776377,2.395953115,2.430520884,2.405696615
F03,498,2.412304942,2.410990906,2.405714925,2.407638041,2.409179179,2.413484446,2.410848745,2.404209391,2.407931773,2.416191101,2.412652588,2.423736318,2.42735672,2.425691732,2.412107086,2.401870473
F03,499,2.414241791,2.409499105,2.397648875,2.381655884,2.38590215,2.395552826,2.385174052,2.382716115,2.388463593,2.396415456,2.392563121,2.401360321,2.406477102,2.407817332,2.408952077,2.420406596
F03,500,2.411807251,2.409194692,2.404563395,2.40714798,2.410168457,2.406583913,2.404810842,2.407021332,2.410088094,2.412380727,2.409686279,2.40867691,2.407804871,2.409019979,2.40922877,2.40881602
F03,501,2.384048716,2.382672882,2.380848948,2.389925893,2.389296722,2.39917628,2.397775777,2.420449829,2.41655426,2.40429128,2.38988266,2.408316549,2.410950724,2.418341319,2.419321442,2.43600235
F03,502,2.408404795,2.408471171,2.409349314,2.410726674,2.408400218,2.401890564,2.380112966,2.373860168,2.369432831,2.367352295,2.370836639,2.487418111,2.494513448,2.492761993,2.478514099,2.388069407
F03,503,2.399904378,2.402787272,2.40573349,2.40432841,2.402321879,2.401043447,2.399258169,2.399285889,2.40077769,2.401334127,2.399200948,2.40544459,2.406325531,2.405229696,2.405841827,2.408819071
F03,504,2.808868154,2.803579712,2.788861847,2.774513499,2.778562164,2.779305776,2.787067159,2.785829163,2.786411794,2.786663818,2.784496562,2.769761658,2.771799215,2.772813161,2.772740428,2.783567556
F03,505,2.905060069,2.905760447,2.908176422,2.904890188,2.902792358,2.905019887,2.904577891,2.904443359,2.903903961,2.903927104,2.903664144,2.903921,2.903783417,2.904695384,2.902769216,2.906173197
F03,506,2.912991842,2.913243866,2.912685649,2.910549418,2.90998052,2.910246277,2.909000397,2.910444387,2.910476685,2.90986913,2.910476685,2.912000783,2.912033335,2.910161336,2.910977681,2.90937144
F03,507,2.925545502,2.92419281,2.927749888,2.923664093,2.923271434,2.923051961,2.921146139,2.923234304,2.922062683,2.922676341,2.922501628,2.92400589,2.925305939,2.926129659,2.927256775,2.926826986
F03,508,2.919193522,2.918967946,2.917992655,2.918991089,2.921424357,2.921257273,2.921744283,2.922090403,2.92221578,2.922982534,2.921246592,2.920258586,2.920427195,2.919325002,2.919913991,2.920742544
F03,509,2.790539296,2.786810557,2.774966431,2.762181091,2.767272949,2.770205434,2.785929616,2.789996592,2.799265289,2.805392965,2.810967255,2.802843984,2.802344767,2.800698344,2.797558848,2.813083394
F03,510,2.814519501,2.811964417,2.810154215,2.820855967,2.819843292,2.816862996,2.811257935,2.812758891,2.81138916,2.809540558,2.812128194,2.81952184,2.817102559,2.819682566,2.820368958,2.823780568
F03,511,2.777090454,2.779118601,2.78247757,2.763980357,2.762856547,2.762320201,2.763287862,2.763417562,2.76395874,2.765071615,2.763221232,2.765673065,2.768007151,2.763493347,2.764790344,2.783573659
F03,512,2.808294423,2.806983693,2.803088125,2.805026754,2.806167348,2.806603495,2.806484477,2.805436198,2.806009674,2.805043538,2.805046844,2.805402374,2.805476379,2.805481211,2.805663554,2.811299642
F03,513,2.836090088,2.837088521,2.837675985,2.837308248,2.838282013,2.839625295,2.839132182,2.839446004,2.840069071,2.839277395,2.838415019,2.828470612,2.828594208,2.825538127,2.827931213,2.83838857
F03,514,2.921115112,2.920969899,2.923463186,2.922866567,2.924853007,2.9264033,2.927080536,2.928740692,2.928374227,2.927254995,2.929176585,2.929004924,2.927497864,2.930000559,2.928981781,2.931116486
F03,515,2.945846812,2.935784912,2.969023387,2.997516123,2.994197083,2.995087433,3.006257629,2.998596446,2.993036143,2.997035217,2.994186401,3.005042521,3.001286316,2.939756266,2.94068222,2.873101807
F03,516,2.898603312,2.898256938,2.899591064,2.901054891,2.898883057,2.898349762,2.900563304,2.901127625,2.902674866,2.903466288,2.903129323,2.901696523,2.902685801,2.903205109,2.903995005,2.916881053
F03,517,3.010527293,3.01035258,3.016450755,2.972708639,2.94744517,2.93325297,2.901872762,2.893559265,2.886126963,2.880135345,2.87964681,2.893667348,2.892039744,2.886406708,2.889592489,2.906868744
F03,518,2.893806458,2.893854523,2.892109172,2.885165405,2.877532196,2.875933584,2.874919637,2.871362813,2.873401642,2.87211558,2.872375234,2.889663696,2.889410146,2.886235046,2.881930033,2.899881744
F03,519,2.889315796,2.890065511,2.890013123,2.889244843,2.891354879,2.891452281,2.89177831,2.88932368,2.890105947,2.89117101,2.889241791,2.899043783,2.895916494,2.886473083,2.885874939,2.900693258
F03,520,2.558625031,2.555412801,2.543445079,2.538348389,2.537192281,2.535142517,2.518908183,2.514576721,2.510604095,2.506626638,2.505334218,2.55831426,2.558574168,2.563968913,2.563822174,2.568773397
F03,521,2.531313324,2.528162893,2.506028239,2.550902049,2.552904002,2.551939392,2.543998464,2.544335429,2.544706472,2.54344813,2.540835571,2.542112478,2.541571554,2.539663951,2.537876892,2.532358297
F03,522,2.538142904,2.539255778,2.539574178,2.535304769,2.534516398,2.533891805,2.533732605,2.534176381,2.534681702,2.535306295,2.536488851,2.534777578,2.533894857,2.535505676,2.53621521,2.540025584
F03,523,2.493921407,2.494241333,2.499283854,2.503561147,2.504515076,2.505052948,2.5056928,2.507056427,2.510664368,2.512435659,2.513163757,2.504808553,2.503820801,2.499860382,2.500407664,2.511430868
F03,524,2.511168162,2.511044566,2.515728505,2.518408966,2.516278585,2.512109629,2.509154002,2.509446208,2.509370422,2.510032145,2.510665894,2.525241343,2.525086721,2.527509054,2.525606283,2.505342102
F03,525,3.092862447,3.087180074,3.078294627,3.066983795,3.06671346,3.069808197,3.07683843,3.077659353,3.075750224,3.072612254,3.066928355,3.068733724,3.066070302,3.069930267,3.075974528,3.068279266
F03,526,3.072467041,3.073989614,3.06942927,3.0547671,3.055444336,3.056254323,3.060843913,3.061248779,3.058526611,3.060428111,3.060329183,3.06392924,3.066674805,3.069248454,3.064012909,3.040394084
F03,527,3.072083537,3.07571462,3.080533091,3.057209524,3.055867767,3.056073507,3.062757619,3.057300822,3.055255636,3.053358968,3.051483917,3.036245219,3.034716288,3.045211029,3.045101166,3.029867045
F03,528,3.073314158,3.077589925,3.068517303,3.054131826,3.056345622,3.062150065,3.07130305,3.071004486,3.070839183,3.06969223,3.070679983,3.049996694,3.048203532,3.059157308,3.064666748,3.065263367
F03,529,3.074409993,3.069328817,3.014026896,2.988888804,2.992977397,2.999228668,3.011150106,3.010284424,3.012309519,3.009057109,3.004697927,3.027310181,3.026096853,3.019557953,3.023151906,3.056959279
F03,530,3.149520111,3.156465658,3.16808548,3.138561757,3.134086609,3.134176381,3.153483582,3.15363973,3.148278809,3.148467509,3.149167633,3.161058299,3.159991709,3.137856801,3.135604604,3.145354207
F03,531,3.230617269,3.230133565,3.229210663,3.213463338,3.215754191,3.214520518,3.213664246,3.21439387,3.214107768,3.214384715,3.216751353,3.223350271,3.218992615,3.215763346,3.218097687,3.218284607
F03,532,3.166400655,3.168397776,3.160223389,3.135009511,3.132607269,3.131644185,3.139226532,3.142665863,3.144624583,3.145485687,3.146310933,3.133936818,3.131467946,3.123196411,3.120412191,3.133360036
F03,533,1.610869853,1.612780507,1.61208636,1.599245199,1.589106115,1.571947479,1.534012858,1.516124598,1.513476563,1.522394435,1.521241252,1.450244522,1.45361913,1.469519424,1.470553589,1.52729009
F03,534,1.455679703,1.453827794,1.461298752,1.321998215,1.302669144,1.299203491,1.275756327,1.2866745,1.2844841,1.281392415,1.267144521,1.280624135,1.285932541,1.287816874,1.290050634,1.324352519
F03,535,1.538845189,1.53842926,1.529262543,1.503958893,1.50347201,1.503649775,1.499850082,1.50105896,1.501751455,1.498087947,1.496545156,1.503031413,1.503434881,1.502852122,1.503131866,1.50172526
F03,536,1.575099436,1.578058116,1.587909698,1.588115311,1.585815048,1.584938558,1.578668722,1.580696869,1.583522542,1.58453509,1.588265228,1.621760178,1.618832397,1.620634842,1.619419734,1.610188166
F03,537,1.686051051,1.68555336,1.689394633,1.68337059,1.684352239,1.684214656,1.686310705,1.686701838,1.686587524,1.686131414,1.686279806,1.680687078,1.680312983,1.68485616,1.685425059,1.68890775
F03,538,2.958321635,2.958030955,2.958065033,2.957860819,2.957146708,2.958392588,2.959615326,2.960515086,2.959075928,2.960083771,2.960473378,2.959250641,2.959372711,2.958428192,2.95717926,2.957642873
F03,539,2.912065887,2.912075043,2.908875275,2.907678731,2.909289551,2.909901683,2.910774994,2.908773295,2.910475159,2.910039266,2.909850566,2.91518987,2.914044444,2.915120443,2.917714183,2.920297241
F03,540,2.906219482,2.906641642,2.907595317,2.904273224,2.905336761,2.904197693,2.901190948,2.901648458,2.901040904,2.899935659,2.901337687,2.904352061,2.902061208,2.905029297,2.90312322,2.90981191
F03,541,2.889499919,2.889128876,2.889359283,2.892823283,2.894647471,2.893358358,2.894901021,2.895548757,2.894800568,2.895148214,2.898216756,2.898853556,2.900230916,2.899824524,2.901804606,2.914146423
F03,542,2.858847555,2.858928172,2.858841451,2.862305705,2.862719981,2.863857778,2.867147319,2.867457835,2.868553925,2.868954213,2.867742411,2.873373922,2.872585551,2.878442637,2.879220072,2.889056142
F03,543,2.696611786,2.69949468,2.698882548,2.712369792,2.709224192,2.710551961,2.715268199,2.715809377,2.714592743,2.713527679,2.714960734,2.717815908,2.719973755,2.720435842,2.718325806,2.739798991
F03,544,2.766863251,2.768509674,2.767079671,2.785136414,2.789087677,2.802593486,2.799596151,2.793527222,2.789362844,2.790322876,2.795779419,2.786767324,2.78615977,2.772909037,2.774700673,2.770919545
F03,545,2.722094727,2.72299118,2.748239136,2.729001363,2.728276316,2.729131317,2.726110586,2.727791087,2.728335063,2.72734731,2.72883606,2.712238566,2.716814168,2.713737996,2.718649038,2.724809011
F03,546,2.796812185,2.797529348,2.799186452,2.799549866,2.797894287,2.798217265,2.795832062,2.797968292,2.797517141,2.797164663,2.797544861,2.809602356,2.809630076,2.803384908,2.805383809,2.80742569
F03,547,2.78782781,2.78775355,2.783335622,2.787784576,2.787694804,2.790455627,2.795590973,2.7970843,2.794930776,2.791894786,2.793336995,2.798374939,2.797787476,2.796801249,2.796436564,2.806083934
F03,548,2.696809642,2.696529643,2.696934764,2.694246674,2.694826253,2.694645437,2.695379639,2.696376801,2.696936289,2.695851135,2.696709188,2.697344462,2.698118846,2.69516627,2.695257568,2.698358409
F03,549,2.702278646,2.703408559,2.703505961,2.705296071,2.704364014,2.70448761,2.706191254,2.704761251,2.706535848,2.706208293,2.705939229,2.702870687,2.703479767,2.703683726,2.70387853,2.701440938
F03,550,2.708073934,2.707574717,2.70583725,2.705711873,2.705968475,2.705906677,2.707736969,2.707699839,2.708494568,2.708083344,2.70843099,2.705956268,2.706449382,2.706715139,2.70569814,2.704686991
F03,551,2.703509267,2.702291107,2.703162893,2.704125977,2.704883321,2.705044047,2.70435791,2.703940328,2.7024086,2.702332815,2.70077769,2.699125163,2.699186961,2.700242869,2.701558431,2.701062012
F03,552,2.716223653,2.715316264,2.716209666,2.715099843,2.715637716,2.716701253,2.71730423,2.7169192,2.717820485,2.717124685,2.71886851,2.713935852,2.714056396,2.713778178,2.714152273,2.712385305
F03,553,3.367404429,3.366378021,3.362827301,3.359237671,3.358931732,3.361692556,3.361698659,3.362080638,3.36136322,3.359183757,3.361789958,3.358743032,3.359936523,3.357251485,3.355297343,3.356840261
F03,554,3.344427236,3.344668325,3.343453217,3.307180532,3.30765508,3.312125651,3.315325419,3.315229543,3.317874654,3.319341532,3.320423635,3.329094187,3.328044637,3.33600235,3.335144552,3.355705516
F03,555,3.354455058,3.354255676,3.359316508,3.363886007,3.366323853,3.368384298,3.366722616,3.365827688,3.367861938,3.368443044,3.368189748,3.359514364,3.359687551,3.362855021,3.36399587,3.372043355
F03,556,3.412540944,3.411486816,3.414281464,3.413574982,3.414213562,3.413072713,3.417861684,3.416849264,3.417751821,3.418231201,3.416368357,3.421614838,3.421288808,3.424280039,3.425328064,3.421062978
F03,557,1.822473272,1.823478063,1.818308894,1.816551208,1.814351527,1.812392934,1.812105433,1.811326345,1.810262807,1.808601125,1.809106572,1.817469533,1.817695109,1.819922638,1.82138354,1.816741435
F03,558,1.836274465,1.834552383,1.836091995,1.833507411,1.835516993,1.835263443,1.833165741,1.834366862,1.838563792,1.838738505,1.837350337,1.84064916,1.839359919,1.835962168,1.83513209,1.811300023
F03,559,1.856047058,1.855589549,1.857710393,1.858506521,1.856520081,1.85568072,1.851148351,1.852895228,1.852329381,1.845036189,1.834742483,1.824700801,1.822892253,1.830927404,1.831718953,1.810556539
F03,560,1.855762736,1.856586583,1.857344055,1.834246318,1.819061661,1.814747238,1.815428925,1.818664424,1.823835246,1.824008306,1.823679097,1.837654877,1.836362584,1.836575826,1.833801142,1.844445674
F03,561,1.854026667,1.85271581,1.853049723,1.828090795,1.826940791,1.828859075,1.829035314,1.826857249,1.828455607,1.829004415,1.828372192,1.832020315,1.832504145,1.836217244,1.837447739,1.839107895
F03,562,3.319264221,3.320707957,3.326286825,3.329834493,3.330664825,3.328101858,3.327069092,3.321987915,3.318197632,3.316348775,3.314861806,3.32354304,3.323781077,3.324713389,3.323096466,3.325107574
F03,563,3.349386342,3.352229055,3.351071167,3.354490662,3.354232279,3.354994456,3.359398651,3.358385976,3.356664022,3.354308065,3.352573649,3.357708995,3.357940928,3.356292979,3.358024343,3.357449341
F03,564,3.342425283,3.342038981,3.343428548,3.342502594,3.344601949,3.342595418,3.34170049,3.341845703,3.341541036,3.341536458,3.343442535,3.345937602,3.345929718,3.34285965,3.343663534,3.344246419
F03,565,3.342895253,3.343232218,3.348517354,3.344608053,3.345159912,3.344302114,3.342638652,3.340355428,3.340862528,3.341227468,3.340089671,3.348409271,3.34893163,3.348900859,3.34826711,3.347934723
F03,566,3.362368011,3.360919698,3.354427083,3.350086466,3.347736867,3.347291565,3.34708608,3.347815704,3.354141235,3.357370504,3.357189433,3.350236511,3.350726573,3.353417714,3.351868693,3.34948527
F03,567,1.779524104,1.78136673,1.77554512,1.761155065,1.763138326,1.765364329,1.771181234,1.772068532,1.772352982,1.7736468,1.773935954,1.787322744,1.78900617,1.792215347,1.791796366,1.785180283
F03,568,1.790899785,1.791757711,1.789992396,1.769879659,1.772127279,1.774510956,1.777721659,1.776911672,1.776600901,1.77545077,1.772323608,1.775489426,1.775161743,1.775914637,1.779966227,1.78520813
F03,569,1.771297201,1.768842443,1.770637131,1.765226746,1.765623983,1.765532811,1.768976847,1.769633865,1.768553289,1.769564311,1.770433044,1.776266988,1.776039759,1.774056498,1.772295761,1.768353907
F03,570,1.771737798,1.769992574,1.766719945,1.762515386,1.761107127,1.757528559,1.74672788,1.745455678,1.746579488,1.746610387,1.745619456,1.76601359,1.766117096,1.763980738,1.764322408,1.748548762
F03,571,1.78245341,1.783741124,1.781453323,1.773091888,1.774880473,1.775730642,1.776055272,1.77695961,1.777935028,1.777965927,1.775512695,1.77358195,1.773387146,1.764753723,1.765109253,1.768151474
F03,572,2.659235128,2.660263062,2.666900889,2.680493418,2.678525543,2.676927185,2.67662735,2.681184387,2.681399282,2.68075765,2.680678813,2.686798859,2.685630035,2.689261373,2.688539378,2.70340093
F03,573,2.789002736,2.792686208,2.799477132,2.799310303,2.799681091,2.800460307,2.805094655,2.803814697,2.805227661,2.80406367,2.804875183,2.807530975,2.80572993,2.805964915,2.807014465,2.81072464
F03,574,2.825123851,2.825015767,2.82519811,2.822066243,2.819524892,2.818650055,2.824026489,2.824774679,2.824922943,2.825284576,2.824249013,2.848492177,2.847411601,2.846280162,2.847216797,2.852716827
F03,575,2.859586589,2.861297862,2.859843191,2.862284088,2.860823313,2.860719554,2.861962636,2.860818481,2.862633514,2.861259206,2.861296336,2.861187998,2.861489614,2.862310282,2.862862142,2.866278585
F03,576,2.859920502,2.859076436,2.858975983,2.857147217,2.858067067,2.857730103,2.856714376,2.859620667,2.859065755,2.860540263,2.861627197,2.873015086,2.873134104,2.869832357,2.869821421,2.86738383
F03,577,2.599952698,2.599325053,2.594962819,2.6038915,2.605867004,2.603588613,2.609822845,2.610957336,2.61063741,2.612070465,2.615823619,2.593616486,2.59425176,2.591594442,2.592073568,2.594148254
F03,578,2.634481812,2.634203593,2.638258362,2.648649343,2.648680369,2.647459157,2.648502604,2.647834778,2.647542572,2.648279826,2.647469838,2.64328537,2.642727153,2.641470591,2.641116587,2.639136251
F03,579,2.629366811,2.630702209,2.630334473,2.631416575,2.630812073,2.631898753,2.633237457,2.633614604,2.634300995,2.633375041,2.633538818,2.63841451,2.637202454,2.637585958,2.637896474,2.638896688
F03,580,2.642792257,2.642764282,2.640960439,2.639946238,2.639638774,2.639626312,2.641469065,2.641687012,2.642221832,2.642979177,2.641266378,2.642903392,2.644158681,2.64507548,2.645107778,2.646820577
F03,581,2.65401179,2.653891246,2.651836904,2.653993225,2.65346756,2.653963979,2.654560598,2.65471522,2.655082957,2.653915914,2.653603617,2.653470866,2.654517365,2.655256144,2.655698395,2.658234914
F03,582,3.294966888,3.278663127,3.299491628,3.299299876,3.295610046,3.300762177,3.302124023,3.301808675,3.301241557,3.301408386,3.300771586,3.291754659,3.289066569,3.287207031,3.286205292,3.297611745
F03,583,3.314472198,3.313255564,3.317942556,3.312550608,3.311764018,3.313506063,3.312049866,3.31192627,3.312774913,3.311406708,3.310677083,3.317975108,3.316007233,3.313489024,3.31204834,3.304203288
F03,584,3.32902298,3.325951385,3.321003215,3.320327759,3.321666463,3.321654002,3.320605977,3.320887248,3.319777425,3.320588938,3.32120107,3.318919627,3.318256378,3.317610168,3.319939677,3.32075297
F03,585,3.330037181,3.329902649,3.327075195,3.330267334,3.330633799,3.328465017,3.329169973,3.330160777,3.332530467,3.335161591,3.334379323,3.335866547,3.336654917,3.339982859,3.338554637,3.343513743
F03,586,3.365128835,3.365881602,3.362018585,3.35009257,3.347521973,3.345704142,3.350939687,3.350143687,3.349899546,3.348684438,3.345336151,3.346868134,3.345350138,3.347644043,3.347957865,3.354240163
F03,587,1.79141922,1.791184235,1.788684591,1.792351405,1.792966588,1.792046865,1.791191991,1.789837774,1.790797806,1.790824127,1.790392812,1.792968114,1.792467244,1.791460927,1.791739146,1.782727051
F03,588,1.791779327,1.793175252,1.794362513,1.793829091,1.794642258,1.794023895,1.79436086,1.796305593,1.795943832,1.79686203,1.797600937,1.794860204,1.794639206,1.794917425,1.794442876,1.772332891
F03,589,1.790774663,1.790555064,1.789757411,1.790227381,1.790423711,1.790731303,1.790171687,1.790168635,1.789905802,1.789179357,1.78934466,1.787179057,1.788604228,1.787710826,1.788094076,1.768571854
F03,590,1.786508179,1.785971705,1.785183334,1.784985479,1.785391998,1.785554377,1.784224955,1.78452479,1.784685644,1.784515508,1.784622192,1.78318456,1.78298823,1.782811991,1.782657496,1.778545507
F03,591,1.783855438,1.782907867,1.782406998,1.78153979,1.781376012,1.7811704,1.780637105,1.781066767,1.781028112,1.781552251,1.781870651,1.784798431,1.785041173,1.785388947,1.784816996,1.776410802
F03,592,1.536595917,1.541694132,1.552854919,1.373118718,1.36158371,1.335783895,1.318543243,1.317176819,1.308438238,1.311689123,1.297178396,1.358938853,1.364769618,1.373840586,1.372005717,1.397279994
F03,593,2.443317159,2.444100952,2.444694519,2.443981934,2.444066874,2.444448853,2.445243327,2.444884745,2.445011393,2.445326742,2.444852193,2.445725759,2.443448639,2.442661794,2.443827311,2.444399261
N01,594,2.493483988,2.495059204,2.495065308,2.494991048,2.495176697,2.495784251,2.49540685,2.495307922,2.494298553,2.49380544,2.494181061,2.493649292,2.493431346,2.495052846,2.495334371,2.494204203
N01,595,2.495776367,2.495151774,2.493388112,2.49521052,2.495671336,2.495759328,2.495430247,2.493950907,2.49596049,2.495696004,2.49351476,2.497288259,2.496801249,2.496176656,2.495962016,2.494530487
N01,596,2.493255107,2.493896739,2.495562998,2.494278463,2.494321696,2.494759369,2.495539856,2.494970957,2.49377772,2.49489212,2.494762421,2.494232178,2.493824005,2.494875081,2.493960063,2.494464111
N01,597,2.495949554,2.495634206,2.495374552,2.495374552,2.496164449,2.495348104,2.495072937,2.494371287,2.494355774,2.49450887,2.494389852,2.495784251,2.494102224,2.494261424,2.494312541,2.494065094
N01,598,2.495479584,2.496187592,2.495962016,2.494723765,2.494875081,2.493031057,2.494417572,2.4950236,2.495549266,2.493841044,2.494550578,2.493904368,2.493932343,2.494378916,2.494303131,2.495168813
N01,599,3.054832204,3.05554479,3.05410258,3.056987,3.056081136,3.055929565,3.055747223,3.054920197,3.055079397,3.05598526,3.055496979,3.050830078,3.053663381,3.053065236,3.054529063,3.054546102
N01,600,3.054017385,3.052864329,3.053386688,3.053150177,3.052069855,3.050485229,3.052834829,3.051517995,3.052522786,3.05236969,3.050398763,3.053117879,3.052351125,3.051881154,3.050749715,3.061686452
N01,601,3.053365072,3.05405604,3.053638713,3.053576914,3.053341929,3.052746836,3.053855133,3.052865855,3.054782613,3.053850555,3.053093211,3.054829152,3.053671265,3.053314209,3.052921549,3.051408132
N01,602,2.531958008,2.532073975,2.494660441,2.523199463,2.522203827,2.521307373,2.519104513,2.515287781,2.520214335,2.522809855,2.52353007,2.525502523,2.524221039,2.504694366,2.525034332,2.520929972
N01,603,2.521353658,2.517362213,2.530769348,2.52251002,2.520993551,2.536298625,2.530143229,2.530964152,2.511497498,2.522805278,2.520339712,2.523378754,2.524185689,2.52738088,2.507674662,2.525031281
N01,604,2.519593048,2.524197896,2.526226044,2.523367818,2.522934977,2.52383016,2.522731018,2.521934764,2.523765055,2.524411265,2.523386383,2.524147034,2.521819051,2.523063405,2.524228923,2.52135671
N01,605,2.522080231,2.522100321,2.521098582,2.518711853,2.520965576,2.520552826,2.522052256,2.523442078,2.523503876,2.523423513,2.523384857,2.525629425,2.52532959,2.525988007,2.526052856,2.525623322
N01,606,2.495363617,2.498617554,2.492491659,2.493623098,2.493998718,2.496388499,2.494646454,2.492625936,2.493773142,2.493672434,2.49263382,2.493615468,2.495014445,2.494813283,2.495629628,2.495326487
N02,607,2.495272573,2.494856771,2.492639923,2.527863057,2.474280039,2.42575353,2.482383474,2.437222036,2.445422618,2.50749232,2.522664388,2.48935496,2.50443929,2.495222982,2.491084798,2.494906108
N02,608,2.494041951,2.493681844,2.511893209,2.494689687,2.507498423,2.475629679,2.535680389,2.476186117,2.493963114,2.49596049,2.492295329,2.498025513,2.494983419,2.501381683,2.479804993,2.49464798
N02,609,2.493689473,2.499874369,2.496974436,2.4942276,2.491749573,2.495611064,2.490820567,2.494110107,2.493621572,2.490971883,2.490332031,2.493140666,2.492078908,2.492780558,2.491647593,2.461744944
N02,610,2.490661367,2.492752838,2.496940358,2.496379344,2.491881053,2.489319611,2.491560872,2.490327454,2.499279277,2.496798197,2.492692566,2.556229146,2.58572642,2.557960256,2.545289103,2.472978465
N02,611,2.49787089,2.496447245,2.496451823,2.491786702,2.494456228,2.494484202,2.495049795,2.494927724,2.492592112,2.492891947,2.495924886,2.495436351,2.497005463,2.502239482,2.489928436,2.498957825
N02,612,2.492046356,2.495417786,2.494796244,2.492415873,2.490690613,2.491261037,2.491653697,2.492275238,2.493791453,2.492276764,2.492641449,2.493372599,2.49201533,2.492717234,2.493582916,2.499146271
N02,613,2.309504445,2.308391317,2.305690765,2.312629954,2.311650085,2.311204783,2.311787669,2.31324056,2.31196696,2.311453756,2.312645467,2.317462158,2.318635559,2.314832815,2.313651784,2.314724731
F04,614,2.27208608,2.271945445,2.274149831,2.269825999,2.27009201,2.269370015,2.269045512,2.269196828,2.268662008,2.267464193,2.266174825,2.269690196,2.269839986,2.270945231,2.270207977,2.265834808
F04,615,2.32492396,2.323892975,2.313599141,2.313807933,2.306021627,2.305423482,2.305282593,2.305346171,2.304372152,2.298995717,2.300523122,2.292923737,2.292385864,2.289679209,2.290006765,2.288219961
F04,616,2.256116231,2.261388906,2.285590363,2.287882996,2.286828613,2.288768768,2.285616811,2.283454132,2.279897054,2.280968475,2.285040029,2.283030446,2.285707855,2.280280558,2.281067403,2.295406342
F04,617,2.273004405,2.272763062,2.270957692,2.273278046,2.275482178,2.275530243,2.277889252,2.278151957,2.278000387,2.279686991,2.279084015,2.268720754,2.268649801,2.269484456,2.270019277,2.266375732
F04,618,2.283228302,2.282032013,2.278212229,2.276068115,2.275808462,2.274975332,2.275185394,2.274707794,2.273517609,2.273826599,2.272682699,2.277006531,2.277218119,2.275678507,2.275199382,2.271433767
F04,619,2.310705566,2.309117889,2.301982371,2.308890788,2.309929403,2.310161336,2.310826111,2.310954285,2.312497203,2.310496775,2.311104329,2.305321248,2.304916382,2.301823171,2.301719666,2.298715973
F04,620,2.285884094,2.287805684,2.289948018,2.2853508,2.28575592,2.285561117,2.284338379,2.284907277,2.28373998,2.282552846,2.283200582,2.280113475,2.281008657,2.281487783,2.281438446,2.274639893
F04,621,2.292180379,2.29264094,2.295029195,2.294721731,2.293067678,2.291220347,2.282628632,2.283434041,2.286556498,2.287320201,2.286684926,2.294806671,2.295242564,2.296672567,2.295870209,2.297035726
F04,622,2.275949097,2.276422119,2.276015472,2.275213369,2.275287628,2.275344594,2.275108083,2.275630697,2.276326243,2.277567546,2.277646383,2.273625692,2.273264058,2.272957865,2.271900686,2.274570211
F04,623,2.951162974,2.952939097,2.949358877,2.945866903,2.945280965,2.945486705,2.945706177,2.946339925,2.945683034,2.947745005,2.947085063,2.948378754,2.947950745,2.947839355,2.946579488,2.940474955
F04,624,2.950606283,2.94932785,2.937794495,2.938521067,2.941399384,2.941482798,2.94148763,2.942841593,2.944113922,2.943950144,2.943872833,2.938870494,2.939487203,2.939742279,2.937460581,2.939382172
F04,625,2.943058014,2.942963918,2.941875458,2.939100901,2.939082336,2.938816325,2.939924622,2.940739441,2.943433634,2.942323812,2.940320333,2.933676402,2.942325338,2.948636882,2.943780009,2.918695831
F04,626,2.946945953,2.943844859,2.942869568,2.940096283,2.939833577,2.937932078,2.935454305,2.935969035,2.935001373,2.936199188,2.937055715,2.939269257,2.941399384,2.952436574,2.952212524,2.963138326
F04,627,2.922254435,2.921827698,2.919340515,2.915500641,2.915998332,2.916375478,2.917284648,2.91701711,2.917145538,2.917296855,2.917505646,2.93136851,2.933565267,2.928072866,2.924594879,2.905016836
F04,628,2.890098063,2.890632884,2.892132314,2.888963572,2.88948288,2.888240051,2.887185669,2.886303202,2.88595225,2.885004679,2.885125224,2.937256622,2.944297791,2.973524729,2.979528809,2.886222839
F04,629,2.891761525,2.891708883,2.891096751,2.882099915,2.882350413,2.882084656,2.882151031,2.880160014,2.880897268,2.883013662,2.885044861,2.869801331,2.868665314,2.87019399,2.871101379,2.86892039
F04,630,2.842817434,2.842353821,2.842293549,2.838025411,2.839243571,2.837184397,2.836223094,2.835706584,2.835936991,2.834788513,2.835477956,2.831423187,2.829314677,2.828846232,2.829540253,2.830696615
F04,631,2.812221018,2.812421926,2.817632802,2.82013855,2.817147573,2.813255056,2.809436798,2.808884939,2.808831024,2.808812459,2.809810893,2.814867401,2.815598551,2.819398244,2.822327423,2.827614339
F04,632,2.837472026,2.833582815,2.82766215,2.821576182,2.820634969,2.820893097,2.820501963,2.8210584,2.82103068,2.822434235,2.823712667,2.825988007,2.81968104,2.814702098,2.813756053,2.818716431
F04,633,2.443951162,2.443603261,2.442232005,2.442910767,2.444125621,2.442986552,2.444277191,2.444969686,2.443994395,2.443395996,2.443206024,2.440765127,2.441523997,2.443314107,2.443174998,2.459121704
F04,634,2.436084239,2.436033376,2.438192749,2.440536245,2.440367889,2.440339915,2.440142059,2.439998372,2.440142059,2.440660095,2.437928518,2.438206736,2.43857015,2.44064916,2.437899017,2.437585449
F04,635,2.451077271,2.45099233,2.444099426,2.436195628,2.435470581,2.43747406,2.459018199,2.457663981,2.456481425,2.455062358,2.460392507,2.433119456,2.434504445,2.439208476,2.440791321,2.438236237
F04,636,2.443182882,2.446843211,2.44478124,2.431128438,2.428945669,2.429630534,2.422835032,2.423101044,2.420763652,2.418866984,2.420394135,2.43314565,2.433437856,2.433185832,2.433040619,2.43324763
F04,637,2.428534444,2.428851318,2.428829702,2.429417165,2.428658295,2.42921168,2.430426534,2.430026245,2.429112752,2.429177602,2.429527028,2.432252248,2.432287852,2.431065114,2.43053182,2.425076548
F04,638,2.437180328,2.437494151,2.438064575,2.42879893,2.424116516,2.410743713,2.419528453,2.422028097,2.426898956,2.434165955,2.441043345,2.427164968,2.428370667,2.435467529,2.438144938,2.425334676
F04,639,2.421890513,2.422711436,2.421587626,2.419502258,2.41892573,2.418613434,2.419564056,2.419743347,2.419848633,2.419791412,2.419327545,2.419427999,2.41991806,2.416809336,2.416274516,2.417317963
F04,640,2.41554184,2.416645559,2.41864268,2.417206828,2.417755381,2.416661072,2.413850657,2.413572439,2.412819672,2.412307994,2.413238525,2.414107259,2.414400991,2.413860067,2.414772034,2.417696635
F04,641,2.430174764,2.429718526,2.429523977,2.427831268,2.42680486,2.42641983,2.427266947,2.427378337,2.426684062,2.424669902,2.424790446,2.423091634,2.423263295,2.421621704,2.421539561,2.42161382
F04,642,2.420170085,2.419194539,2.413037618,2.415962219,2.416521962,2.417910004,2.41873703,2.418189748,2.417486572,2.418862406,2.421205648,2.41848348,2.419516246,2.422491964,2.422853597,2.417999776
F04,643,2.149454244,2.149907176,2.13068161,2.143130239,2.147364299,2.147144826,2.147959391,2.144886271,2.14417216,2.141810099,2.143110148,2.148463186,2.151924388,2.154272461,2.151018524,2.1645106
F03,644,2.208204905,2.20544103,2.215968068,2.212645976,2.203170013,2.192063395,2.192808533,2.198852539,2.201866913,2.201196035,2.202417247,2.189463298,2.191662852,2.198631541,2.198558807,2.200667318
F03,645,2.192595164,2.191610463,2.18854955,2.202179209,2.20790329,2.210518901,2.213823954,2.209764608,2.204349518,2.201407878,2.200358327,2.223933665,2.222200775,2.232296499,2.235793304,2.228203074
F03,646,2.222729492,2.22067337,2.231528219,2.226870728,2.228278859,2.229481506,2.227247874,2.227872467,2.226289368,2.223296865,2.224792989,2.235657247,2.236116282,2.24025294,2.240821838,2.242486572
F03,647,2.225371297,2.22608846,2.229728953,2.236161041,2.237782796,2.240102895,2.238861593,2.235167185,2.230036418,2.227513631,2.230028788,2.229207865,2.232180532,2.233361562,2.235644786,2.228799947
F03,648,2.253833008,2.253233083,2.252750905,2.249517059,2.252792613,2.253709412,2.251322683,2.249512482,2.2484876,2.248434957,2.250891368,2.2483284,2.249784597,2.253840637,2.254976908,2.247549184
F03,649,2.253548431,2.258558655,2.274986013,2.273906962,2.27451299,2.273727671,2.273333486,2.274095662,2.273726145,2.273174286,2.272474162,2.275330861,2.273689016,2.275285848,2.275977071,2.265967814
F03,650,2.229093679,2.231211344,2.243462118,2.249095154,2.249787649,2.25039978,2.255420431,2.256153361,2.257167308,2.25907491,2.258036041,2.268073018,2.268760935,2.272364299,2.269465892,2.270453644
F03,651,2.211911774,2.211417135,2.208470662,2.226369731,2.228853861,2.230985769,2.235086823,2.242231496,2.25476354,2.256819407,2.245063527,2.238213857,2.232052358,2.225787099,2.225833384,2.237575531
F03,652,2.276431529,2.282342784,2.289538574,2.22738088,2.20995636,2.202404785,2.227113342,2.236394501,2.248212433,2.259317525,2.260436757,2.262566884,2.264550273,2.261943817,2.260861969,2.274141947
F03,653,2.286496226,2.315567017,2.301040904,2.291316223,2.288921611,2.289255524,2.29322052,2.293701426,2.293740082,2.295765177,2.297555033,2.295380147,2.297137705,2.299612681,2.301059469,2.301943715
F04,654,2.298652649,2.299045308,2.321966807,2.305533091,2.306270599,2.302648671,2.297556559,2.293093872,2.291429138,2.29300588,2.29316508,2.284434255,2.28653183,2.28911794,2.29196701,2.289396159
F04,655,2.288815053,2.286075846,2.284783427,2.29123586,2.289547729,2.289015961,2.284209951,2.285046387,2.285228729,2.285958354,2.287895203,2.292775472,2.291378021,2.293452454,2.294032288,2.30177536
F04,656,2.27804362,2.278499858,2.278134918,2.282801819,2.28364741,2.283315023,2.280914307,2.279090118,2.279649862,2.280504608,2.280915833,2.282413737,2.28352356,2.281691742,2.280093384,2.280193837
F04,657,2.278145854,2.278555298,2.288886261,2.279303487,2.277359009,2.276502482,2.277281698,2.277309418,2.27763265,2.279139709,2.279963684,2.290155284,2.292390442,2.285468292,2.285579681,2.291065725
F04,658,2.310693105,2.313257599,2.319426982,2.318405151,2.318195089,2.316503906,2.312642415,2.31266861,2.31048762,2.308276876,2.309512075,2.313624064,2.314951833,2.320305125,2.3214475,2.306236521
F04,659,2.283059947,2.282783254,2.2816981,2.28255895,2.283454132,2.283171336,2.281149292,2.283634949,2.284857686,2.286715698,2.288051351,2.286791484,2.288801066,2.290838623,2.289709981,2.282112376
F04,660,2.310691579,2.311413574,2.30539093,2.300169118,2.299108632,2.300325267,2.29928182,2.297844187,2.297332509,2.296978505,2.295203908,2.299479675,2.299818166,2.300666809,2.300448863,2.305730947
F04,661,2.31901118,2.319812012,2.309120941,2.307000224,2.307000224,2.30667394,2.307099152,2.305097198,2.303838857,2.303454081,2.302044169,2.298637136,2.29683787,2.292661031,2.29291153,2.29370753
F04,662,2.282644145,2.28223292,2.28605423,2.285649109,2.285142263,2.285431163,2.284430949,2.28473409,2.285480754,2.2856692,2.285237885,2.286936951,2.287448629,2.287120819,2.287215169,2.29712855
N01,663,1.861227163,1.86132609,1.861321513,1.861455917,1.861499278,1.861298243,1.860330582,1.86089948,1.860403188,1.861910375,1.861944453,1.859642665,1.86116689,1.861602783,1.861562602,1.860876211
N01,664,1.860738627,1.860822169,1.861078771,1.862468465,1.862001673,1.861284383,1.861349233,1.860180664,1.860216141,1.861491521,1.86089325,1.86069692,1.860792796,1.861709468,1.862024816,1.86102155
N01,665,1.862596766,1.862106705,1.862394206,1.860883967,1.860460409,1.860928853,1.861652247,1.86239268,1.862163925,1.860542425,1.861251958,1.861647669,1.86119779,1.860995356,1.861537933,1.861607488
N01,666,1.861227163,1.863057454,1.864535268,1.861771266,1.860775757,1.862032572,1.860941188,1.861284383,1.861210124,1.861947505,1.859871419,1.861261241,1.861449814,1.860550054,1.861367798,1.860948944
N01,667,1.861797587,1.862259801,1.86155955,1.861030833,1.862103653,1.861601257,1.86053772,1.862375768,1.861913554,1.861735789,1.862834803,1.861881002,1.860570145,1.861805344,1.861457443,1.860197703
N01,668,1.861996969,1.862091319,1.860698446,1.863630931,1.861627579,1.862494787,1.863225937,1.862558111,1.860227076,1.864634196,1.860680008,1.860070928,1.861097336,1.862069702,1.861760457,1.859661229
N01,669,1.86269722,1.862108231,1.86150856,1.861874898,1.861714045,1.861922836,1.861576589,1.862340164,1.862320073,1.861782074,1.862136078,1.861480713,1.861558024,1.861132813,1.860188421,1.861038589
N01,670,1.863740667,1.862228902,1.862684886,1.862389628,1.861836243,1.861407979,1.861540985,1.861123657,1.862021764,1.861579641,1.86176974,1.861554845,1.861194738,1.86186409,1.861395645,1.861290487
N01,671,1.863171768,1.863398997,1.864001973,1.861993917,1.861157608,1.86310997,1.862986374,1.862321599,1.86238505,1.862267558,1.863607788,1.861927414,1.862170156,1.86274058,1.862794622,1.861633682
N01,672,1.863582993,1.862689463,1.863015747,1.863012568,1.862876511,1.86305275,1.861115901,1.863331095,1.862419001,1.863188807,1.862990952,1.862456131,1.86316096,1.862534968,1.862177912,1.862782288
N01,673,1.863680394,1.86296463,1.86392924,1.862943014,1.863272349,1.863539759,1.863615417,1.860324351,1.863706716,1.870081711,1.858792496,1.861530177,1.860330582,1.864722315,1.863055929,1.862298457
N01,674,1.86350886,1.863649495,1.863029607,1.863700485,1.863689677,1.863467026,1.863034185,1.86303889,1.862884267,1.862972387,1.862601471,1.862618383,1.862958527,1.862961578,1.86321195,1.861976878
N01,675,1.862664795,1.863004812,1.863604609,1.86309611,1.863029607,1.862607574,1.862989426,1.862363307,1.862853368,1.862763723,1.862462234,1.863598506,1.863082123,1.863232168,1.864040629,1.861819204
N01,676,1.862548828,1.86408844,1.862406667,1.862613805,1.86219635,1.862488556,1.862865702,1.862746684,1.861975352,1.862150065,1.863850403,1.862980143,1.863088353,1.862165451,1.862731298,1.862414424
N01,677,1.861258062,1.862123744,1.862626139,1.862944539,1.86373291,1.862335587,1.862643178,1.86212527,1.862941488,1.86252416,1.86291364,1.862349447,1.862525686,1.862102127,1.861796061,1.861656952
N01,678,1.864151891,1.86387825,1.863932419,1.86147143,1.862717311,1.862680308,1.863303248,1.862349447,1.862992477,1.863139343,1.862735875,1.861545563,1.86232783,1.860700099,1.862198003,1.862548828
N01,679,1.864731598,1.862630717,1.864283244,1.863919957,1.863431549,1.862783813,1.863498052,1.862992477,1.862799327,1.862357203,1.862810135,1.863250605,1.863151677,1.862357203,1.862417475,1.861788305
N01,680,1.864663569,1.862854894,1.862686412,1.865526072,1.864399211,1.859032059,1.862678655,1.862615331,1.860669072,1.862853368,1.863355764,1.864122518,1.862454605,1.862780762,1.862890498,1.861250305
N01,681,1.862587484,1.861259588,1.860839208,1.86157341,1.860404841,1.862434514,1.863635508,1.862558111,1.861200841,1.861987686,1.861734263,1.861851629,1.861604309,1.861655426,1.860904058,1.861785253
N01,682,1.862171682,1.863216654,1.862112935,1.869868342,1.860404841,1.857308451,1.861599731,1.860489782,1.860539246,1.861780548,1.862058767,1.862737401,1.863505681,1.863467026,1.86366183,1.861531703
N01,683,1.860103353,1.861675517,1.861952209,1.862306213,1.860876211,1.861293666,1.863646444,1.862793096,1.863199615,1.864963404,1.862737401,1.86191508,1.86119779,1.861545563,1.861545563,1.860485204
N01,684,1.863879776,1.862287649,1.861860911,1.86207428,1.861053975,1.859846751,1.860931905,1.859965769,1.861372503,1.861202494,1.862652461,1.861953735,1.861403402,1.860922623,1.862026342,1.86612587
N01,685,1.863012568,1.862007777,1.862806956,1.861912028,1.862422053,1.862112935,1.86218249,1.861678569,1.862157694,1.862176259,1.860757192,1.861374029,1.859981283,1.86254425,1.861698659,1.860710907
N01,686,2.384343974,2.384486135,2.385042826,2.385090637,2.384905243,2.383017731,2.384140015,2.384138489,2.384155528,2.384070333,2.383113607,2.383991496,2.384633128,2.384858704,2.383614349,2.385317739
N01,687,2.384274546,2.38443044,2.385045878,2.384775289,2.385594686,2.384968567,2.384157054,2.383798218,2.384673309,2.384818522,2.3846639,2.385354869,2.385209656,2.384849548,2.384951528,2.383125814
N01,688,2.386086019,2.383719381,2.385580699,2.384898885,2.385229747,2.385167948,2.385942332,2.384834035,2.383568064,2.38519872,2.384918976,2.385197194,2.385953267,2.384470876,2.384861755,2.383601888
N01,689,2.386137136,2.385637919,2.385458628,2.385831197,2.386712138,2.385136922,2.384592946,2.384065755,2.385058085,2.384666951,2.384762828,2.385299428,2.385821788,2.384869639,2.38527298,2.385565186
N01,690,2.385585276,2.384854126,2.386474101,2.386605581,2.385704295,2.38585434,2.384965515,2.386726125,2.385512543,2.385358175,2.385906728,2.386032104,2.386525218,2.385472361,2.386358134,2.384996287
N01,691,2.386724599,2.386538951,2.38651886,2.385559082,2.388169861,2.386339569,2.386353556,2.386242167,2.384608205,2.386795553,2.386624146,2.38610611,2.386209869,2.385580699,2.386823527,2.386181895
N01,692,2.387754059,2.388256582,2.385464732,2.386305745,2.387299601,2.38635966,2.386545308,2.386211395,2.386503601,2.387484996,2.386195882,2.386059825,2.385738373,2.385984039,2.386945597,2.385374959
N01,693,2.385764567,2.387188212,2.384617615,2.384799957,2.386831156,2.385835775,2.385684204,2.385982513,2.386695099,2.384526316,2.386183421,2.386706034,2.38622996,2.386222076,2.38572286,2.385164897
N01,694,2.38553594,2.385537465,2.386358134,2.385905202,2.385413615,2.385311635,2.385794067,2.386282349,2.385188039,2.385266876,2.385866547,2.386608632,2.385388947,2.38630422,2.385942332,2.385792542
N01,695,2.385959371,2.387115733,2.387233226,2.386690521,2.385472361,2.386956533,2.386265564,2.386240641,2.386381276,2.386543783,2.384765879,2.385886637,2.386792501,2.384646861,2.386991882,2.385271454
N01,696,2.387162018,2.38716507,2.387109375,2.387897746,2.386090851,2.386648814,2.387880961,2.388191477,2.387338257,2.387123362,2.387693787,2.385559082,2.387146505,2.387141927,2.387468211,2.386937968
N01,697,2.387143453,2.387407939,2.386769358,2.387856038,2.38664271,2.386523692,2.387243907,2.386515808,2.387022909,2.385319519,2.387267049,2.387022909,2.386696625,2.387327321,2.384694926,2.386602529
N01,698,2.387491353,2.386849721,2.387788137,2.386485036,2.388772837,2.387800344,2.387576294,2.387243907,2.387446594,2.388067881,2.387716929,2.386500295,2.385493978,2.386718496,2.386740112,2.387811279
N01,699,2.387246958,2.386149597,2.387362925,2.386625671,2.387319692,2.387281036,2.386661275,2.38673528,2.387768046,2.387189738,2.386738586,2.386492666,2.386842092,2.386937968,2.386568451,2.386001078
N01,700,2.387667592,2.387951914,2.387458801,2.387019857,2.387596385,2.387265523,2.388169861,2.386804962,2.386432393,2.387782033,2.38703537,2.387338257,2.387914785,2.387250264,2.38761495,2.385545095
N01,701,2.388483683,2.389115906,2.388503774,2.388502248,2.387597911,2.38741862,2.38706309,2.387857564,2.388712565,2.388579559,2.388163757,2.387545522,2.387703196,2.388435872,2.387349192,2.386900838
N01,702,2.389242808,2.388407898,2.389587402,2.387992096,2.388389333,2.388508352,2.388305918,2.388255056,2.38777415,2.38751297,2.387825267,2.387775675,2.38808492,2.388578033,2.386486562,2.387233226
N01,703,2.388520813,2.388601176,2.388384755,2.38728714,2.387332153,2.387182109,2.38841273,2.386395264,2.386446381,2.388321431,2.387820435,2.387547048,2.387370809,2.387209829,2.387149556,2.386789449
N01,704,4.277395121,4.278631592,4.275773621,4.279485067,4.282105001,4.274591064,4.276979065,4.275482686,4.27504069,4.279134115,4.279342651,4.276886495,4.276583354,4.278789266,4.27587382,4.27522939
N01,705,4.279096985,4.279364522,4.275684102,4.27684021,4.271986389,4.274691264,4.280066427,4.277715047,4.277843221,4.27421519,4.277048747,4.281752523,4.281007894,4.279310608,4.279370626,4.279036967
N01,706,4.272338867,4.288520304,4.273501078,4.278797404,4.276227824,4.278364563,4.275635783,4.276917521,4.276874288,4.278441366,4.274091593,4.277382914,4.277371724,4.278401184,4.276441447,4.28013916
N01,707,4.277752177,4.281171672,4.279492696,4.278279114,4.280568441,4.280582682,4.279571533,4.279358419,4.277143351,4.279729207,4.27862854,4.280349223,4.277135213,4.27959493,4.279260763,4.276101176
N01,708,4.291386414,4.274848938,4.277178446,4.278454081,4.27979126,4.277987162,4.273536682,4.279888407,4.280064901,4.279904175,4.281894938,4.278597514,4.281958516,4.278342692,4.279458618,4.280452983
N01,709,4.278172811,4.278366089,4.278467814,4.28317159,4.276697795,4.281423442,4.280880737,4.282089742,4.281236267,4.276727295,4.283734639,4.281941223,4.278820292,4.280058797,4.279159037,4.272329203
N01,710,4.281598409,4.280727641,4.281588745,4.276871236,4.281098938,4.279651896,4.279514567,4.279715474,4.278543599,4.277809143,4.283260091,4.28167572,4.279379781,4.278161621,4.283607992,4.281237793
N01,711,4.28065389,4.279928589,4.279656474,4.276424154,4.2780955,4.279812622,4.278460185,4.276653035,4.280851746,4.279958089,4.278501892,4.276968384,4.281669108,4.277515666,4.281503805,4.278542074
N01,712,4.280692546,4.274567668,4.278022766,4.274708557,4.269033813,4.273459371,4.277096558,4.280715434,4.273096212,4.282840983,4.282063293,4.28115743,4.275399272,4.278758748,4.279401652,4.277512614
N01,713,4.271080526,4.277095032,4.274255371,4.275218709,4.28468984,4.282038879,4.2801356,4.281581116,4.277481588,4.279282633,4.281953939,4.279475911,4.280658468,4.278070577,4.27946167,4.278755188
N01,714,4.276852417,4.273686727,4.275352987,4.280632019,4.281340027,4.281575012,4.279554749,4.277229818,4.277487691,4.279098511,4.281270345,4.279128011,4.276501465,4.280700175,4.277268473,4.28039093
N01,715,4.279016622,4.283069865,4.282383219,4.281976827,4.283300273,4.281853231,4.27622935,4.280117289,4.281591797,4.279293315,4.28384908,4.282293701,4.277894592,4.277450562,4.281106567,4.282085164
N01,716,4.276385498,4.281687927,4.283779399,4.277582296,4.279679871,4.278563944,4.280493164,4.280853271,4.280123393,4.275387065,4.279463196,4.284403992,4.281562805,4.280873108,4.285381063,4.280095418
N01,717,4.281803894,4.279236348,4.278141785,4.27625885,4.277326965,4.277478536,4.284130351,4.277504985,4.272739156,4.285445658,4.272890727,4.280193075,4.280500793,4.278012085,4.281809998,4.279163615
N01,718,4.281329346,4.280304464,4.277743022,4.279070536,4.280993652,4.283565776,4.277452087,4.28029836,4.276132202,4.281525675,4.287705994,4.281677246,4.27789917,4.279627482,4.283423869,4.278633118
N01,719,4.281286112,4.29150238,4.275465902,4.281963094,4.281737264,4.28074646,4.281086731,4.279927063,4.276132202,4.294088236,4.285713196,4.28430481,4.282969157,4.279516093,4.283253988,4.278528341
N01,720,4.271545919,4.284439596,4.283932495,4.288259379,4.281211853,4.27065684,4.276682536,4.282547506,4.279748027,4.278100077,4.283629354,4.284288025,4.279786682,4.277693685,4.283216858,4.278332011
N01,721,4.281001282,4.281015523,4.28369751,4.278269958,4.280140686,4.280166626,4.278964233,4.27588501,4.280572001,4.281026204,4.277893066,4.276078288,4.281042989,4.278786214,4.280352275,4.280193075
N01,722,4.27177887,4.267401123,4.279318237,4.283188883,4.278143311,4.278653463,4.281785075,4.278821818,4.275598653,4.281167094,4.279580688,4.27929484,4.282372538,4.276302083,4.277619425,4.284417725
N01,723,4.277045695,4.278821818,4.280384827,4.276871236,4.279078674,4.280618286,4.277984111,4.2795578,4.27876943,4.276569621,4.278488159,4.280667623,4.279233297,4.276943461,4.277348836,4.278220622
N01,724,4.282366435,4.280160522,4.278876241,4.271442159,4.278823344,4.294640096,4.273609416,4.277192688,4.276671855,4.282398987,4.285510763,4.276034546,4.275648499,4.281918335,4.278803507,4.28306071
N01,725,1.906844457,1.906362152,1.908297602,1.907699331,1.907546361,1.907172267,1.90727272,1.908544922,1.907996114,1.908068848,1.907640584,1.907391739,1.90714124,1.907226308,1.907496897,1.907240168
N01,726,2.787172445,2.786986796,2.786844635,2.786115011,2.783740743,2.785339101,2.78592809,2.788625336,2.787387339,2.783697255,2.784813436,2.788467662,2.79274826,2.788223521,2.790458679,2.767854055
N01,727,2.789781698,2.789829763,2.78893458,2.786489105,2.78837204,2.788922119,2.788895925,2.789600881,2.789351908,2.789579264,2.788336436,2.786680857,2.786022186,2.789789327,2.791107941,2.787911224
N01,728,2.788579051,2.78711675,2.788186391,2.792432912,2.789922333,2.789147949,2.788880412,2.788509623,2.790922546,2.788273112,2.786932882,2.785999044,2.794139353,2.795283254,2.793717448,2.786091868
N01,729,2.789528147,2.791560872,2.790502167,2.789610036,2.792163849,2.7908343,2.789430745,2.789792633,2.790746307,2.787770589,2.7860672,2.788930003,2.787380981,2.789403025,2.788945516,2.789311727
N01,730,2.769554647,2.76652476,2.771370951,2.764289602,2.766538747,2.768359629,2.765339152,2.76853892,2.76780777,2.76421992,2.766118113,2.769014994,2.766906484,2.767696381,2.768214417,2.767132314
N01,731,2.765435028,2.766262054,2.770171356,2.772853343,2.769940948,2.770995331,2.772354126,2.772717285,2.770123545,2.77043101,2.773253632,2.768205007,2.768940989,2.767422994,2.768773905,2.768341064
N01,732,2.770094045,2.764589437,2.767181651,2.762369537,2.76694514,2.767875926,2.766098022,2.763513438,2.765079498,2.765094757,2.766716512,2.768817139,2.769427745,2.76569163,2.764073181,2.767568207
N01,733,2.766990153,2.769995117,2.769325765,2.766714986,2.769593302,2.768059794,2.769948832,2.770568593,2.770237732,2.769556173,2.769123332,2.770727793,2.76812617,2.767282104,2.769169617,2.767786153
N01,734,2.771738942,2.774465688,2.769795736,2.773383586,2.771774292,2.769940948,2.768518829,2.772097524,2.770639801,2.769607035,2.767523448,2.7718455,2.771125031,2.770948792,2.771641541,2.770956675
N01,735,2.768823497,2.771643066,2.771655273,2.770914968,2.767643992,2.772646332,2.775065358,2.778027344,2.775028229,2.76771342,2.769526672,2.774830373,2.772459157,2.771131388,2.770727793,2.77170639
N01,736,2.771751149,2.770661418,2.771980031,2.7716863,2.77046051,2.771188609,2.771539307,2.771196238,2.770424906,2.769645691,2.77055308,2.772876485,2.772592163,2.772434489,2.771018473,2.772780609
N01,737,2.771216329,2.769771067,2.772871908,2.771465302,2.774139404,2.770921071,2.767463175,2.765183004,2.77133077,2.773909251,2.771573385,2.771112823,2.772394307,2.771120453,2.773394521,2.774170431
N01,738,2.771344757,2.770183818,2.771270498,2.770959727,2.771202342,2.770479075,2.770299784,2.770294952,2.771595001,2.77130127,2.772281392,2.772309367,2.77122879,2.770545451,2.769922384,2.772502391
N01,739,2.770165253,2.772014109,2.770812988,2.773338826,2.772162374,2.771513112,2.771327718,2.769089254,2.767987061,2.771809896,2.772281392,2.772440592,2.773431396,2.770138804,2.776864878,2.772326152
N01,740,2.772000122,2.771154531,2.772202555,2.771680196,2.772208659,2.774239858,2.771225739,2.772536469,2.773151652,2.771602885,2.77223053,2.774131775,2.770981344,2.772559611,2.771626027,2.77106959
N01,741,2.7723526,2.7720047,2.770540873,2.769933319,2.769220734,2.769078573,2.769596354,2.770998383,2.77315623,2.769937897,2.770876312,2.768905385,2.771298218,2.769284058,2.767812347,2.772050985
N01,742,2.773558299,2.77296168,2.772876485,2.770520782,2.772210185,2.772453054,2.772168477,2.7712087,2.770180766,2.771231842,2.771598053,2.770642853,2.772544098,2.771222432,2.772650909,2.770972188
N01,743,2.77263387,2.771938324,2.770727793,2.771797689,2.772137705,2.772017161,2.770970662,2.772638448,2.772443644,2.770602671,2.768831126,2.771438853,2.772589111,2.773899841,2.769376882,2.769562276
N01,744,2.821594747,2.818741099,2.8207105,2.819987233,2.8203921,2.820774078,2.820722961,2.821274821,2.820985667,2.822594961,2.821492767,2.820678202,2.819871267,2.821416982,2.820832825,2.824841054
N01,745,2.736589813,2.748601023,2.746657817,2.796759542,2.857348124,2.866362,2.782975515,2.84438502,2.85979538,2.812907155,2.818960826,2.821073914,2.824222819,2.822342936,2.822814433,2.820995076
N01,746,2.820572917,2.819036357,2.819872793,2.823179372,2.819674937,2.819215902,2.818598938,2.815547434,2.819758352,2.824769847,2.827844493,2.822061666,2.822848511,2.823684692,2.82250061,2.819396718
N01,747,2.819852702,2.81969045,2.821256256,2.821206919,2.821797434,2.819664001,2.820158641,2.820596313,2.821808116,2.821033732,2.821039836,2.820716858,2.820647176,2.819599152,2.821851349,2.819541931
N01,748,2.82487208,2.822525279,2.824564362,2.814348094,2.814337158,2.81638387,2.815372976,2.81629715,2.814960225,2.816410065,2.816068522,2.815459442,2.816427104,2.817087301,2.815889231,2.816880035
N01,749,2.819452413,2.820180511,2.819543457,2.820886739,2.821460215,2.820092265,2.821311951,2.821208445,2.821092478,2.819599152,2.81974767,2.819184875,2.820543671,2.819031779,2.819388835,2.818872579
N01,750,2.827816772,2.821856181,2.819857279,2.819750722,2.820223745,2.821893056,2.820203654,2.821398417,2.819302368,2.820314789,2.821856181,2.820047506,2.820701345,2.819817098,2.826085409,2.809033457
N01,751,2.818690236,2.819106038,2.825293986,2.816074626,2.817334493,2.816824341,2.815411631,2.818691762,2.819936117,2.817363993,2.817512258,2.810155741,2.802029419,2.8195666,2.817362467,2.83794047
N01,752,2.822128042,2.821696726,2.818008423,2.819823201,2.81862208,2.819242096,2.821471151,2.820118459,2.818571218,2.818836975,2.819065857,2.82314682,2.81410675,2.825355784,2.823737335,2.809841919
N01,753,2.818727366,2.823318481,2.816093191,2.817527771,2.818962351,2.819461568,2.819407399,2.817116547,2.817153676,2.818886566,2.817943573,2.817724101,2.817547862,2.817603556,2.818551127,2.816603343
N01,754,2.819639333,2.819630178,2.820965576,2.820084635,2.819729106,2.819124603,2.819580587,2.820126343,2.820556132,2.820636495,2.819381205,2.819093577,2.82004598,2.821911621,2.826218414,2.819433848
N01,755,2.823074087,2.824712626,2.816949717,2.819659424,2.819271342,2.815658824,2.82542394,2.820155589,2.812700144,2.805879974,2.815522766,2.818620555,2.81936264,2.818430583,2.817619069,2.813828532
N01,756,2.820896149,2.818558757,2.820845032,2.819382731,2.818955994,2.820923869,2.819007111,2.82024231,2.819345601,2.819696554,2.82225647,2.81853714,2.818356323,2.819337972,2.818671672,2.818676249
N01,757,2.81866862,2.821101634,2.819007111,2.81885554,2.820031993,2.818783061,2.818297577,2.817555491,2.819102987,2.819402822,2.819198863,2.81734848,2.819068909,2.818540192,2.818572744,2.817713165
N01,758,2.818585205,2.811995188,2.818674723,2.817778269,2.817785899,2.817430369,2.816275533,2.81818161,2.818606822,2.818532562,2.818773651,2.817193858,2.816286469,2.816748556,2.816677602,2.818966929
N01,759,2.818946838,2.820384471,2.818680827,2.820444743,2.819090525,2.819279226,2.818943787,2.818926748,2.818289948,2.817956034,2.817744191,2.815895335,2.81815389,2.818308512,2.818728892,2.8194369
N01,760,2.823061879,2.817733256,2.813429769,2.815306346,2.816657511,2.815965017,2.816377767,2.815406799,2.813938395,2.816628011,2.818247986,2.818803151,2.817062378,2.8176946,2.816260274,2.815818024
N01,761,2.819606781,2.819351705,2.81907196,2.818898773,2.819385783,2.819630178,2.819418335,2.818238831,2.819636281,2.820582326,2.820075226,2.819730632,2.819170888,2.815637207,2.820662689,2.818568166
N01,762,2.818034871,2.818971507,2.820211283,2.820572917,2.817536926,2.825801086,2.818843333,2.818269857,2.819916026,2.820276133,2.818257395,2.822239431,2.828866323,2.816615804,2.816638947,2.819789378
N01,763,2.817837016,2.816961924,2.818897247,2.816246287,2.819143168,2.817388662,2.820050557,2.817129008,2.816502889,2.820339712,2.818104299,2.818149058,2.818084208,2.811322784,2.813010915,2.830028788
N01,764,1.959665426,1.959121195,1.962781779,1.962025833,1.960622279,1.960241954,1.961647161,1.960260518,1.959226354,1.961722819,1.961283875,1.932138824,1.926934052,1.827195867,1.802893829,1.965853373
N01,765,1.968221537,1.966075897,1.962925466,1.963809713,1.963914871,1.964292018,1.963750966,1.963857651,1.965030924,1.963961283,1.964817556,1.965071106,1.96428744,1.964278158,1.962044398,1.966651026
N01,766,1.970161565,1.959170659,1.955357107,1.964737193,1.964063263,1.964298248,1.964149857,1.963049189,1.963217672,1.964698537,1.964126587,1.964493052,1.964012273,1.96138738,1.9614446,1.961520386
N01,767,1.961964035,1.962169647,1.975684738,1.974358495,1.958768845,1.94651502,1.981280645,1.970736567,1.969855499,1.965429815,1.964041646,1.965401967,1.965922928,1.964625931,1.964074071,1.963556163
N01,768,1.960456848,1.961684163,1.962239202,1.962571589,1.96194547,1.963205338,1.960393397,1.961127726,1.962474187,1.962056732,1.960979335,1.961659495,1.961574427,1.961291631,1.962622579,1.961381276
N01,769,1.969461314,1.975516256,1.959564845,1.961586889,1.960343933,1.966082128,1.96067632,1.964979935,1.969979095,1.970492299,1.965262858,1.9624602,1.960373306,1.961848068,1.960940679,1.960911306
N01,770,1.975471497,1.965545654,1.966439184,1.958918762,1.956072871,1.954695511,1.946595383,1.963924154,1.975061798,1.967746989,1.953743362,1.956532033,1.958433406,1.958677546,1.959030024,1.959572601
N01,771,1.95308787,1.95490888,1.958133443,1.955264409,1.956728363,1.958152008,1.957883072,1.957564545,1.95646553,1.956719081,1.956413015,1.957564545,1.957573827,1.956378937,1.957862981,1.95794487
N01,772,1.969833883,1.961571376,1.965553411,1.961186473,1.964220937,1.962851334,1.961636353,1.961364237,1.962968826,1.960370255,1.959892654,1.95823555,1.956055832,1.960512543,1.959980774,1.958628082
N01,773,1.949631373,1.956702042,1.972653453,1.961432266,1.960888163,1.958587901,1.959353129,1.959942118,1.960648473,1.96101799,1.960902023,1.958566284,1.956669617,1.958042272,1.958315913,1.957527542
N01,774,1.961260605,1.958034515,1.960118357,1.957476425,1.958343633,1.957399241,1.958827591,1.958600362,1.957314173,1.956732941,1.958238602,1.959920375,1.960254288,1.955573527,1.961911519,1.9559817
N01,775,1.961946996,1.964884059,1.956525803,1.964486821,1.964160665,1.963027573,1.959014638,1.95987409,1.959810638,1.959790548,1.959697851,1.962344233,1.962148031,1.96156985,1.962494278,1.960438283
N01,776,1.956224314,1.956185659,1.95662473,1.960690308,1.961794027,1.961146291,1.960308456,1.962296422,1.962670517,1.960948435,1.959057872,1.957447052,1.956759262,1.959135183,1.959591166,1.961710485
N01,777,1.964899572,1.961169434,1.961150869,1.961382802,1.961619314,1.960484695,1.959884898,1.95969162,1.959974543,1.960302226,1.960441335,1.959770457,1.959179942,1.960546494,1.960514069,1.959302139
N01,778,1.964958318,1.962239202,1.957547633,1.960583623,1.959473674,1.959246445,1.958493678,1.958407084,1.959030024,1.957544454,1.959090296,1.960125987,1.9598231,1.961331813,1.961121496,1.960812378
N01,779,1.964797465,1.960762914,1.954721832,1.956014125,1.95174764,1.955003103,1.959217072,1.958563232,1.961133957,1.961328634,1.959813817,1.959506098,1.960908254,1.959237162,1.961364237,1.959771983
N01,780,1.945080566,1.955525716,1.958362198,1.959365463,1.960586675,1.96060524,1.960084279,1.96157608,1.960257467,1.962463379,1.962655004,1.961010234,1.961741384,1.964601135,1.961183421,1.961633174
N01,781,1.965797679,1.960385768,1.966599909,1.959311422,1.960863368,1.963985952,1.965684764,1.966167068,1.96212794,1.962265396,1.960948435,1.961664073,1.961733754,1.957071431,1.95974884,1.961341095
N01,782,1.958142726,1.951585388,1.960509364,1.962330373,1.96187439,1.961506399,1.960583623,1.960820134,1.960970052,1.960588201,1.959717941,1.959161377,1.961149343,1.963155874,1.963604101,1.959056346
N01,783,1.957845942,1.956321716,1.954227193,1.961158625,1.961161677,1.960113653,1.959909566,1.956952413,1.958336004,1.956055832,1.957968012,1.958182907,1.958386993,1.959598923,1.958150482,1.955482356
N01,784,2.555912018,2.556062063,2.555579885,2.556349691,2.556399028,2.556876628,2.55540212,2.555998739,2.555862681,2.55692927,2.555856578,2.560725911,2.561956278,2.554776001,2.558224742,2.556686656
N01,785,2.55408961,2.554545593,2.55828654,2.556062063,2.556972504,2.555760701,2.555771383,2.556167094,2.555989329,2.555572001,2.555833181,2.556116231,2.556787109,2.554905701,2.555276744,2.545995585
N01,786,2.555525716,2.555341848,2.556380463,2.555032603,2.556093089,2.554301453,2.555623118,2.555323283,2.554268901,2.555313873,2.556728363,2.557470449,2.556768545,2.556544495,2.554961395,2.556521098
N01,787,2.555236562,2.557385254,2.553237915,2.558071645,2.54812266,2.554360199,2.555303192,2.55600942,2.560359446,2.560211182,2.558050028,2.554210154,2.556443787,2.556445567,2.555408223,2.557100932
N01,788,2.572984314,2.573868561,2.556621552,2.551780192,2.553375498,2.551634725,2.553894806,2.555295308,2.555296834,2.556388346,2.55408198,2.557396189,2.556623332,2.5556633,2.555756124,2.556677246
N01,789,2.557770284,2.557909393,2.557085419,2.555666351,2.555247498,2.557397715,2.556110128,2.558673096,2.559725698,2.557938639,2.553447978,2.545640055,2.559063975,2.553100332,2.556048075,2.555943044
N01,790,2.556037394,2.556216685,2.56419932,2.5572848,2.558864594,2.557881419,2.555117544,2.556889089,2.557019043,2.557089996,2.557609558,2.558165995,2.55606664,2.558656057,2.552783457,2.555063375
N01,791,2.562137095,2.559761302,2.554253387,2.562305705,2.551722972,2.55783666,2.554541016,2.556409963,2.554601288,2.554268901,2.552208455,2.552695211,2.549966939,2.559251149,2.55674235,2.555623118
N01,792,2.554207102,2.553138987,2.55402476,2.555766805,2.554758962,2.557782491,2.555519613,2.557501221,2.556182607,2.553148142,2.553970591,2.555955505,2.55542984,2.556315613,2.555734253,2.55408198
N01,793,2.552713776,2.55757548,2.55713501,2.562032064,2.554536438,2.551104736,2.557884725,2.556601461,2.558767192,2.555958557,2.557167308,2.554607391,2.55466156,2.578728485,2.577320353,2.553516134
N01,794,2.556020355,2.559360758,2.551638031,2.55526123,2.557440948,2.55527064,2.555272166,2.551421611,2.55562617,2.555950673,2.554677073,2.55427831,2.555601501,2.556317139,2.55559667,2.554969279
N01,795,2.557944997,2.557063802,2.559693146,2.559108988,2.558496857,2.555007935,2.557954152,2.557114919,2.558442688,2.556858063,2.556397502,2.559249624,2.558134969,2.558877055,2.556003316,2.557661947
N01,796,2.56055425,2.56072286,2.554700216,2.556249237,2.555164083,2.558433278,2.555428314,2.555145518,2.556349691,2.555112966,2.555871836,2.552738444,2.5556633,2.556563059,2.554372406,2.551976522
N01,797,2.557079315,2.555219523,2.55840861,2.55510203,2.555380249,2.553078715,2.555919902,2.557287852,2.555284627,2.555258179,2.555024719,2.555378723,2.553868612,2.55613327,2.55574824,2.55651652
N01,798,2.561633301,2.55846583,2.559884898,2.555617015,2.553996785,2.555375671,2.55709788,2.556691233,2.55627238,2.554694112,2.558339183,2.553576406,2.553279622,2.555020142,2.555508677,2.555324809
N01,799,2.554817708,2.556369781,2.557224528,2.554173024,2.556241353,2.55812734,2.556083679,2.554930623,2.553717041,2.554488373,2.555388133,2.556977336,2.554188538,2.553061676,2.556399028,2.554452769
N01,800,2.55203832,2.55229187,2.556275431,2.556253815,2.555698903,2.554601288,2.556606293,2.557850647,2.556947835,2.557977295,2.556110128,2.555848694,2.555525716,2.55468928,2.552376811,2.555207316
N01,801,2.556456248,2.555438995,2.557300313,2.555511729,2.557509104,2.556717428,2.556533559,2.554128265,2.557009633,2.55868988,2.557062276,2.557209015,2.558349864,2.556858063,2.558345286,2.556055959
N01,802,2.556427002,2.555086772,2.555388133,2.55500946,2.554636892,2.555007935,2.556900024,2.554677073,2.556646474,2.55600179,2.552611796,2.554772949,2.555632273,2.553571828,2.555502574,2.554094187
N01,803,2.555754344,2.556091563,2.554505412,2.555007935,2.556816355,2.555590566,2.556215159,2.55453949,2.554823812,2.555547333,2.556723785,2.556972504,2.556091563,2.556239827,2.554429626,2.557023621
N01,804,2.895952098,2.894483693,2.895097351,2.89533844,2.895928955,2.893709056,2.894398499,2.894386292,2.896071116,2.895491536,2.895477549,2.895695496,2.894435628,2.895565796,2.895089467,2.89491806
N01,805,2.880263519,2.891194153,2.887301636,2.894639842,2.896671041,2.89700648,2.894135793,2.898403931,2.897264608,2.895876312,2.896010844,2.896422068,2.896433004,2.896671041,2.896099091,2.896476237
N01,806,2.901724243,2.90597229,2.89322993,2.894551595,2.894498952,2.895911916,2.89699707,2.896496328,2.894072469,2.896024831,2.89677302,2.897015635,2.896321615,2.897001648,2.896808624,2.894271851
N01,807,2.89438146,2.887465668,2.896575165,2.892384338,2.891738129,2.893308767,2.893059794,2.892534383,2.894240824,2.895032501,2.894152832,2.893177287,2.89516983,2.892537435,2.888553874,2.887697347
N01,808,2.897513326,2.895162201,2.895213318,2.89527359,2.894500732,2.893975067,2.892930094,2.893112437,2.892647044,2.895069377,2.895015462,2.895182292,2.893099976,2.895290629,2.894273376,2.892928569
N01,809,2.894044495,2.896063487,2.893404643,2.894265747,2.894859314,2.897219594,2.895894877,2.896117655,2.894160461,2.894939677,2.893485006,2.892999522,2.893940989,2.893604024,2.895868683,2.89307073
N01,810,2.89510498,2.89399821,2.894245656,2.894832865,2.895122019,2.892399851,2.891139984,2.893477376,2.893651835,2.892072042,2.891274516,2.894529978,2.89219106,2.891761525,2.892894491,2.892685699
N01,811,2.891223399,2.892537435,2.890081024,2.89277242,2.894015249,2.891450755,2.89280014,2.895111338,2.894768016,2.895500692,2.891990153,2.886128489,2.889601898,2.901269786,2.881863403,2.892626953
N01,812,2.883021291,2.893693797,2.893008931,2.892429097,2.893212891,2.892692057,2.893464915,2.892065938,2.891605377,2.892342631,2.893273163,2.889012909,2.901192474,2.888756307,2.893574778,2.893775686
N01,813,2.896865845,2.89399058,2.896377309,2.894375356,2.893611654,2.896666209,2.901725769,2.899968211,2.887745412,2.894004313,2.908530426,2.893437195,2.90581309,2.892778524,2.8967158,2.894302622
N01,814,2.896100616,2.899156698,2.891503143,2.895885722,2.897760773,2.897130076,2.89591039,2.895916494,2.897276815,2.894617971,2.895653788,2.894783529,2.895004527,2.895389557,2.895267232,2.895618184
N01,815,2.916744995,2.897657267,2.893622589,2.896278381,2.895799001,2.895049286,2.89475886,2.897861226,2.906650798,2.88996048,2.878453318,2.891903687,2.900785828,2.89347585,2.894689178,2.896242778
N01,816,2.939022064,2.899314372,2.901852671,2.896154531,2.896075694,2.895540873,2.893996684,2.894004313,2.894165293,2.894414012,2.893061574,2.901988475,2.897334035,2.897957102,2.895681508,2.896037038
N01,817,2.900212351,2.901106008,2.888720703,2.900427246,2.899451955,2.897097524,2.897429911,2.89802653,2.900054677,2.899869283,2.896906026,2.896867371,2.898284912,2.898827362,2.89962031,2.893863678
N01,818,2.87407252,2.8446462,2.867587789,2.895731099,2.891013336,2.902902222,2.898368327,2.899360657,2.898838298,2.899349976,2.899935659,2.89136734,2.893647257,2.899144236,2.890849304,2.899379222
N01,819,2.873732503,2.871062724,2.866539764,2.866425323,2.867015839,2.86667099,2.869033051,2.868360647,2.864738719,2.863749441,2.86475118,2.864914958,2.865261332,2.861446126,2.863313548,2.864397176
N01,820,2.870460002,2.870939128,2.87045517,2.853588867,2.853713989,2.854754384,2.860282135,2.861804962,2.8639829,2.866097514,2.863979848,2.893141937,2.891515605,2.891194153,2.893433889,2.896242778
N01,821,2.892521922,2.898776245,2.896924591,2.897570546,2.89706192,2.896439107,2.897570546,2.897881317,2.895584361,2.895576477,2.896194712,2.896071116,2.895732625,2.897819519,2.895800527,2.895570374
N01,822,2.895582581,2.893597921,2.897711182,2.89982605,2.90007019,2.897632345,2.89662145,2.895517731,2.898929342,2.898957316,2.897813416,2.897913869,2.898253886,2.898070017,2.898462677,2.898669688
N01,823,2.896267446,2.895893351,2.898556773,2.897276815,2.898164113,2.898427073,2.898017375,2.896471659,2.896312205,2.899080912,2.897300212,2.897253672,2.897092946,2.897187297,2.897095998,2.897739156
N01,824,2.896364848,2.897368113,2.895673879,2.8972229,2.897443899,2.899360657,2.898675791,2.894287364,2.898604838,2.89805603,2.896830241,2.896967824,2.89537557,2.898059082,2.897012583,2.897241465
N01,825,3.087155406,3.092000071,3.089463298,3.092420451,3.092163849,3.091342926,3.089943949,3.08913091,3.090871429,3.092103577,3.092570496,3.088749186,3.088993327,3.09253184,3.091834513,3.090403239
N01,826,3.0910525,3.090233103,3.089124807,3.09000117,3.088195801,3.089656576,3.09069519,3.089206696,3.08724645,3.089763133,3.090930176,3.089542135,3.088384247,3.088507843,3.091015371,3.0881663
N01,827,3.091908773,3.091938273,3.092239634,3.090178935,3.089517466,3.092837779,3.091644541,3.092426554,3.091159058,3.091854604,3.092329152,3.090024312,3.09106013,3.090638224,3.089937846,3.091806793
N01,828,3.090239207,3.085266368,3.078863525,3.090367635,3.088922373,3.088912964,3.084660339,3.088359578,3.08746465,3.089693705,3.089311727,3.085172017,3.088705953,3.089676666,3.088481649,3.088259125
N01,829,3.091344452,3.088579051,3.091469828,3.090706126,3.087897491,3.089229838,3.090917969,3.090570068,3.089101664,3.089194234,3.089902242,3.090328979,3.089177195,3.08904597,3.089095306,3.087679291
N01,830,3.084372965,3.083007813,3.102840932,3.102710978,3.101152802,3.064689891,3.11782608,3.104745229,3.081177775,3.090409342,3.08692805,3.08624649,3.0872111,3.090700022,3.086408742,3.088341014
N01,831,3.087816874,3.086671448,3.088585154,3.087925212,3.086489105,3.088302358,3.086150614,3.088004049,3.086782837,3.088393656,3.087874095,3.088442993,3.089075216,3.088858795,3.087906647,3.086793772
N01,832,3.089498901,3.088198853,3.088865153,3.086583455,3.085821279,3.087133789,3.085997518,3.088512675,3.088712056,3.0883255,3.088823191,3.08631134,3.087479909,3.08805186,3.089324188,3.085855357
N01,833,3.09029185,3.087598928,3.090447998,3.089110819,3.089305623,3.090052287,3.090713755,3.089206696,3.087568156,3.090692139,3.090288798,3.089235942,3.089129384,3.088786316,3.089234416,3.088497162
N01,834,3.090022786,3.089596303,3.088761393,3.086611176,3.086523183,3.088824972,3.088425954,3.086206309,3.086973063,3.087784576,3.088620758,3.086500041,3.089837392,3.087297567,3.08914032,3.0876887
N01,835,3.087521617,3.089042918,3.089120229,3.088382721,3.090267181,3.088177236,3.089757029,3.088762919,3.089548238,3.089215851,3.089484914,3.089113871,3.087430573,3.086374664,3.088852692,3.088065847
N01,836,3.08856837,3.089503479,3.089970398,3.089869944,3.088144684,3.088121541,3.08875529,3.0876887,3.089670308,3.089576213,3.089246877,3.089001211,3.087756602,3.089293162,3.088970184,3.086045583
N01,837,3.090743256,3.091712443,3.09048818,3.100719961,3.087813822,3.086059316,3.104365031,3.094785563,3.100809733,3.123136139,3.034393311,3.068381246,3.07065684,3.081511434,3.08317337,3.088575999
N01,838,3.089928691,3.087070465,3.089542135,3.086767324,3.092830149,3.087636058,3.085379283,3.089061483,3.087214152,3.087920634,3.087830861,3.087633006,3.085757955,3.087623851,3.088439941,3.076011403
N01,839,3.084731547,3.094808706,3.073089854,3.087367249,3.091891734,3.093565877,3.089305623,3.088184865,3.086686961,3.087068685,3.085456594,3.087736511,3.058984121,3.084691366,3.084916941,3.072225698
N01,840,3.088575999,3.087331645,3.087752024,3.087061056,3.088650258,3.090237681,3.087531026,3.087713369,3.087747447,3.087881978,3.087585195,3.088407389,3.088053385,3.087957764,3.088442993,3.087073517
N01,841,3.088376617,3.087699382,3.089395396,3.090046183,3.089052073,3.090282694,3.09087321,3.086810557,3.09060262,3.090650431,3.089968872,3.091417185,3.091190084,3.089537557,3.089331818,3.079851278
N01,842,3.087934367,3.090304311,3.087682597,3.087606812,3.08872757,3.086747233,3.087526449,3.088050334,3.08824056,3.087905121,3.088320923,3.088390605,3.089314779,3.085894012,3.08843689,3.088172404
N01,843,3.089378357,3.090553029,3.086901855,3.087854004,3.089155579,3.088098399,3.088104502,3.087104289,3.088367208,3.0873408,3.08771642,3.088293203,3.088548279,3.086048635,3.087084198,3.086886342
N01,844,3.086645253,3.086952972,3.087609863,3.088566589,3.088101451,3.091593424,3.087115224,3.093970998,3.08753713,3.08008016,3.090231578,3.094328054,3.08233846,3.095201365,3.084626516,3.08861618
N01,845,2.573307292,2.574108124,2.57440033,2.574735769,2.574330648,2.574282837,2.573180644,2.574913534,2.57413737,2.574542491,2.574208577,2.573237864,2.573030599,2.573383077,2.573380025,2.575445302
N01,846,2.571509552,2.573005931,2.573738607,2.573024495,2.573483531,2.572842153,2.57288386,2.572341156,2.572263845,2.572273254,2.573279572,2.574469757,2.575537872,2.568215434,2.568128713,2.571168009
N01,847,2.580206299,2.578996023,2.576903025,2.574341583,2.576465352,2.57771759,2.576433055,2.575505575,2.576517995,2.578125763,2.576624552,2.576409912,2.576292419,2.574939728,2.576204173,2.57576828
N01,848,2.573905436,2.57525355,2.581382751,2.565671031,2.57031606,2.580951436,2.572661082,2.57326711,2.578360748,2.57542038,2.575721995,2.572783407,2.575069682,2.574404907,2.576323191,2.574069468
N01,849,2.575119019,2.576384989,2.574953715,2.574630483,2.57602946,2.572857412,2.57583313,2.575017039,2.576171621,2.577836609,2.575505575,2.571221924,2.575366465,2.577089945,2.576584371,2.578236898
N01,850,2.574378459,2.572828166,2.57864507,2.575823975,2.577830505,2.576698812,2.575414276,2.57615153,2.578056081,2.579322052,2.579370117,2.578201294,2.582489522,2.576833344,2.582453918,2.577008057
N01,851,2.576335653,2.575582886,2.576171621,2.576167043,2.574802144,2.571664174,2.575643158,2.571526591,2.569240316,2.577184296,2.578001912,2.5753479,2.575125122,2.574157461,2.575457509,2.576309204
N01,852,2.578264872,2.57810084,2.577929433,2.578280131,2.574950409,2.576946259,2.578085581,2.57902832,2.577362061,2.577878316,2.579204559,2.576408132,2.575896454,2.57814738,2.577562968,2.57640508
N01,853,2.575067902,2.574641418,2.574080149,2.571620941,2.567460887,2.572160339,2.577612559,2.584839122,2.583352153,2.577947998,2.57519633,2.57359492,2.576462301,2.572251638,2.573720042,2.572583771
N01,854,2.575067902,2.573460388,2.57726771,2.577171834,2.574927266,2.573734029,2.576576742,2.576366425,2.576364899,2.573523712,2.574639893,2.577711487,2.578454844,2.572399902,2.574248759,2.573849996
N01,855,2.578221385,2.575774384,2.579231008,2.577476501,2.576972453,2.575293732,2.576323191,2.575619761,2.576784007,2.577009583,2.574979909,2.576692708,2.576681773,2.57599233,2.574528503,2.580212402
N01,856,2.575091298,2.57275238,2.574022929,2.574701691,2.579179891,2.576298523,2.573417155,2.574721781,2.573299662,2.575483958,2.570404307,2.567856852,2.57391332,2.58041509,2.579787445,2.609151967
N01,857,2.597197978,2.592252858,2.522058614,2.569620514,2.580371857,2.576651001,2.573015086,2.572608693,2.575796,2.578407033,2.585721842,2.57677002,2.570526377,2.574599711,2.572552999,2.585891978
N01,858,2.574578094,2.574834696,2.575522614,2.57548701,2.585137431,2.583774058,2.572654978,2.569996134,2.569881694,2.569857025,2.570271301,2.576967875,2.579380798,2.574854787,2.574825287,2.617035675
N01,859,2.570535533,2.572348785,2.568736267,2.571542104,2.572525024,2.572937775,2.572308604,2.572481791,2.57221756,2.574564107,2.572639465,2.571818797,2.572375234,2.57314504,2.57429657,2.572795614
N01,860,2.573101807,2.573540751,2.572746277,2.573685964,2.574179077,2.573939514,2.573767853,2.574659983,2.573644257,2.574961344,2.574848429,2.57397817,2.573979696,2.574336751,2.57460734,2.570985413
N01,861,2.558240255,2.551648712,2.588029734,2.569653066,2.569484456,2.570954641,2.572491201,2.572670492,2.568632762,2.568969727,2.571344248,2.568849182,2.569442749,2.559840139,2.55284373,2.572786458
N01,862,2.571186574,2.570146179,2.57925415,2.571113841,2.573301188,2.569138336,2.571221924,2.57215093,2.570834096,2.57061437,2.571379598,2.572222137,2.570792389,2.571435293,2.570713552,2.571010335
N01,863,2.575321452,2.572916158,2.572330475,2.572373708,2.579612732,2.570850881,2.577827199,2.572195943,2.570404307,2.57265803,2.573415629,2.574081675,2.573226929,2.572636414,2.570711772,2.569142914
N01,864,2.574899546,2.574183909,2.570127614,2.573089345,2.579374695,2.571763102,2.576380412,2.583189901,2.580500031,2.580099742,2.581138357,2.591915894,2.579209391,2.573577881,2.575389608,2.573927307
N01,865,2.573511251,2.573836009,2.574188487,2.576433055,2.573737081,2.572297923,2.572877502,2.572118632,2.57774531,2.57938563,2.572076925,2.577329508,2.576980082,2.573242442,2.575562795,2.574361674
N01,866,1.827038193,1.828396861,1.821496328,1.819913483,1.8213974,1.822546005,1.822015762,1.821698888,1.821848806,1.821895218,1.822912343,1.82145462,1.821990967,1.821531932,1.82181015,1.821293894
N01,867,1.739635595,1.777622732,1.804549408,1.820247269,1.821276855,1.8202226,1.822467168,1.821725082,1.821802394,1.821558126,1.822630946,1.822100703,1.823357519,1.822533544,1.822212092,1.82133255
N01,868,1.824643707,1.814374669,1.820231883,1.819780477,1.821513367,1.82344106,1.822635651,1.821800868,1.821496328,1.821341705,1.821001689,1.820817693,1.821337128,1.820602798,1.82122434,1.82061526
N01,869,1.822025045,1.821069717,1.820370992,1.821769969,1.821139272,1.820986176,1.821306229,1.82089653,1.819052378,1.821108373,1.820281347,1.820122147,1.820681636,1.820034027,1.819757334,1.820306015
N01,870,1.818203735,1.819462077,1.823910904,1.822694397,1.822372818,1.821249008,1.823085403,1.822907639,1.824561691,1.824645233,1.821922938,1.821695709,1.822182719,1.822515106,1.822004954,1.826801682
N01,871,1.799899673,1.813020579,1.831343206,1.822239939,1.822813416,1.822017288,1.821221161,1.821853383,1.82045606,1.82149175,1.820853297,1.821439107,1.819727961,1.820616786,1.820370992,1.820474497
N01,872,1.809703191,1.818350601,1.820793025,1.821068192,1.819390996,1.821603012,1.821867371,1.8215566,1.821513367,1.821156311,1.821731313,1.821609243,1.82191213,1.821231969,1.822009532,1.82105573
N01,873,1.822363536,1.820565796,1.821284612,1.820194753,1.820633825,1.820544179,1.821893565,1.821919886,1.821485519,1.820414225,1.820751317,1.822677358,1.822720591,1.825147629,1.825597382,1.822889201
N01,874,1.821426773,1.821466955,1.826827876,1.824668376,1.820794551,1.821777725,1.822096125,1.821848806,1.821068192,1.822566096,1.82297109,1.822522736,1.822606277,1.822425334,1.822434616,1.821241252
N01,875,1.821417491,1.820952225,1.821589152,1.821273804,1.819915009,1.819140498,1.821488571,1.819621277,1.82028745,1.819989141,1.815667089,1.819775899,1.819662984,1.820742035,1.819942856,1.819952011
N01,876,1.823940277,1.824651337,1.832569122,1.819536209,1.820449829,1.820813115,1.824317424,1.82212855,1.822253799,1.821683375,1.821312332,1.822031148,1.821947734,1.821768443,1.823165894,1.820661545
N01,877,1.82289683,1.82247022,1.821433004,1.822797902,1.823139572,1.82313652,1.822365061,1.822607803,1.823561605,1.823287964,1.822141012,1.819806798,1.816197205,1.822358958,1.823951085,1.820494715
N01,878,1.821494802,1.816041183,1.831208801,1.823598735,1.825258891,1.823858388,1.823821259,1.823784129,1.823235448,1.821428299,1.82179629,1.821896744,1.821420542,1.820378749,1.820840963,1.819420242
N01,879,2.7065577,2.7069618,2.707114133,2.687188433,2.688052867,2.699480933,2.705240867,2.699465433,2.692370067,2.697349533,2.700681033,2.6973325,2.700646967,2.700915767,2.700451133,2.707086167
N01,880,3.333472933,3.3442754,3.3322334,3.333235167,3.333068067,3.333634667,3.336998233,3.334886667,3.3326632,3.3331136,3.3372332,3.334238433,3.3362396,3.331313067,3.3379641,3.336694067
N01,881,1.657540733,1.658134967,1.660361733,1.657737833,1.6608444,1.656095867,1.658034133,1.658501433,1.6588726,1.659714233,1.6566457,1.6588665,1.6648094,1.6583243,1.6578982,1.6584953
N01,882,1.659963067,1.662280133,1.6629964,1.660771167,1.661036933,1.662637567,1.661565367,1.663557033,1.658964267,1.658385467,1.661605067,1.662649767,1.6599983,1.6614737,1.6615393,1.6598517
N01,883,1.660694733,1.663347733,1.658072267,1.6611759,1.662002167,1.6628803,1.660904033,1.660981867,1.662765867,1.661591333,1.661268967,1.6613454,1.659657667,1.660531333,1.664777367,1.657633967
N01,884,1.658553433,1.662275567,1.6641099,1.665822067,1.660787933,1.661272033,1.658687833,1.660583233,1.6626986,1.660319,1.665652433,1.661681333,1.6620037,1.660485433,,1.6584053
N01,885,1.662060133,1.6629964,1.664193833,1.664736167,1.661294933,1.661545433,1.664270267,1.659860833,1.663060633,1.663488233,1.662449633,1.662332,1.662274033,1.662364167,1.6601785,1.664704
N01,886,2.573984,2.580682867,2.587986733,2.585452767,2.587591033,2.5916814,2.583607733,2.589581267,2.591450733,2.587923933,2.584011067,2.540382367,2.529599233,2.619256067,2.663682033,2.583610767
N01,887,2.5885381,2.586746467,2.591690567,2.590208933,2.589177933,2.589796433,2.5870641,2.585901867,2.587143433,2.5908137,2.588846567,2.586937433,2.589280167,2.588444767,2.587575767,2.582927933
N01,888,2.587830833,2.5872627,2.588339467,2.5887212,2.589830267,2.5892527,2.588654067,2.588163733,2.589996567,2.585571767,2.5855489,2.589197767,2.5867724,2.5873451,2.592457067,2.588858767
N01,889,2.590566233,2.588475267,2.587670367,2.589752167,2.588640333,2.5850634,2.5904045,2.590596767,2.5885335,2.586196633,2.589558133,2.588999167,2.591051967,2.589657567,2.590555567,2.5871007
N01,890,2.587033567,2.586214933,2.590060667,2.588643367,2.5914309,2.587841533,2.593333933,2.591166667,2.585724633,2.584136167,2.586572233,2.582648467,2.591278067,2.588481367,2.587901033,2.589955367
N01,891,2.6212369,2.6112925,2.613039633,2.6121981,2.613309967,2.622872667,2.6204778,2.607324467,2.598694833,2.5945816,2.583740733,2.610585267,2.609754433,2.610388167,2.608624267,2.6069608
N01,892,2.592379233,2.596113567,2.596729267,2.595673867,2.597314167,2.5978106,2.598519133,2.598325333,2.594910167,2.5964986,2.5967369,2.596984333,2.5969874,2.596490967,2.597234833,2.5971186
N01,893,2.596915433,2.598248767,2.604825567,2.5990537,2.596151733,2.596376267,2.596804033,2.595733367,2.595427933,2.597610467,2.598091633,2.595427933,2.596419,2.599282833,2.594920833,2.598647533
N01,894,2.5969444,2.5972974,2.594801567,2.5962603,2.599598933,2.596550467,2.598236567,2.5954661,2.5977432,2.5974103,2.5975723,2.5962237,2.596721633,2.598055,2.596069333,2.598064167
N01,895,2.5931231,2.593436167,2.5952629,2.596138,2.592835967,2.594076267,2.5954844,2.5953575,2.596231333,2.595606467,2.592561067,2.591750067,2.595429467,2.593711067,2.5931048,2.5943466
N01,896,2.614621967,2.579088333,2.538270033,2.588536567,2.616922233,2.599900033,2.550171133,2.560926533,2.586980167,2.549134033,2.639621733,2.601279167,2.596788767,2.6051816,2.593836433,2.594491567
N01,897,2.595672333,2.5927658,2.594439667,2.594270067,2.592693833,2.5914492,2.589654533,2.588617433,2.596173067,2.590164667,2.591267367,2.5921623,2.593138367,2.5950658,2.5925092,2.591365033
N01,898,2.596069333,2.589518467,2.5934499,2.5955897,2.5924235,2.5907328,2.594419833,2.590890233,2.5929199,2.5916613,2.591707333,2.591103867,2.5931643,2.595485933,2.594141867,2.5910367
N01,899,2.597039267,2.5947909,2.5910825,2.594928467,2.5954081,2.591051967,2.592564133,2.591093167,2.593828833,2.5959671,2.592892433,2.593685133,2.593590533,2.5934865,2.594841233,2.5926801
N01,900,2.563672867,2.5641632,2.561975833,2.560424033,2.561249033,2.563689667,2.563892867,2.562747167,2.5649175,2.5630221,2.564372233,2.5637751,2.5624738,2.565438333,2.566764067,2.561612433
N01,901,2.5598269,2.5521123,2.586815133,2.553263833,2.559006733,2.569776133,2.571453067,2.569377367,2.575609067,2.568793967,2.563029733,2.5668284,2.563054133,2.563426967,2.5652949,2.5575068
N01,902,2.5622111,2.5640363,2.564969633,2.564902233,2.564314267,2.566205067,2.5652491,2.563459,2.5636332,2.562759367,2.564320367,2.563130667,2.5639661,2.565096267,2.564609,2.561000033
N01,903,2.5627197,2.563759867,2.566467767,2.564801533,2.564864067,2.565888967,2.561439767,2.5673828,2.5645785,2.563066333,2.562537867,2.564366133,2.563659133,2.566025033,2.565258267,2.566670967
N01,904,2.563989,2.566348767,2.5642227,2.5646334,2.566991667,2.562449367,2.563813267,2.563891333,2.5649129,2.5661242,2.564150733,2.567785867,2.561432133,2.56449,2.565560633,2.564011867
N01,905,2.805263233,2.80348,2.8083056,2.8064509,2.806882967,2.806379433,2.8064168,2.808212267,2.8067619,2.805157467,2.805400067,2.8069623,2.8073837,2.804345933,2.806881433,2.804886867
N01,906,2.809969067,2.8149129,2.815012333,2.812947833,2.815167733,2.8136721,2.814615867,2.8138542,2.813894367,2.816779833,2.819854967,2.822841367,2.817857333,2.817635067,2.819726033,2.8233327
N01,907,2.843972,2.842265033,2.843522867,2.8442426,2.843295767,2.843752767,2.843784067,2.8454661,2.8446996,2.8423973,2.844990267,2.8436363,2.846658567,2.844171133,2.8443016,2.845994567
N01,908,2.841546867,2.8440483,2.846405,2.844695,2.845417767,2.844676433,2.844041933,2.8444852,2.845007567,2.844006333,2.845582567,2.846823367,2.844035833,2.843776167,2.843643933,2.846370933
N01,909,2.7786804,2.7807233,2.780263,2.780020367,2.780751267,2.7815643,2.7813807,2.780230433,2.780763733,2.779557267,2.778178133,2.7831965,2.781862633,2.782596567,2.781,2.781245667
N01,910,2.772472633,2.7738922,2.7737195,2.772093433,2.772993467,2.7741099,2.774616467,2.7741315,2.7724899,2.772859933,2.7726252,2.7721199,2.772712167,2.776225533,2.7759038,2.775002033
N01,911,2.830406433,2.830064367,2.828484833,2.831320433,2.825977067,2.8299352,2.828763067,2.8273562,2.830157467,2.831457233,2.831592533,2.832607767,2.832066567,2.831774367,2.830809,2.830721767
N01,912,2.829834233,2.831685867,2.8213211,2.8296819,2.8278956,2.825534033,2.836786633,2.830986267,2.833201567,2.857659133,2.818804167,2.807361833,2.832166267,2.847707867,2.820902733,2.8401896
N01,913,2.822359433,2.82957,2.8195053,2.821871433,2.824209567,2.824394467,2.7976003,2.801418533,2.845853167,2.853873667,2.8376462,2.825338233,2.824106833,2.825417567,2.823025,2.828147367
N01,914,2.8086057,2.810334267,2.8116076,2.809473133,2.8108879,2.810816433,2.810776,2.8116076,2.810918933,2.810410533,2.809443633,2.811139667,2.810365533,2.808933767,2.811873367,2.812610367
N01,915,2.8561246,2.891324867,2.869345333,2.868844833,2.868511933,2.868609867,2.866735067,2.8661148,2.864166767,2.866155233,2.867821733,2.868521367,2.867199933,2.8699735,2.8672185,2.870085367
N01,916,2.737928767,2.738691933,2.7368296,2.738362367,2.736642933,2.736372367,2.7368202,2.738982633,2.738730867,2.7361735,2.738134,2.739044933,2.737355033,2.7373301,2.737795,2.7384216
F06,917,-3.650804133,-3.656539133,-3.662406133,-3.6636988,-3.660433933,-3.6643313,-3.659511533,-3.6593437,-3.6628334,-3.666862467,-3.6651011,-3.662149533,-3.662840267,-3.657150767,-3.663720933,-3.6625282
N02,918,3.324780267,3.322696933,3.3401423,3.3210566,3.321772733,3.328607667,3.328673267,3.324564867,3.3301961,3.3413091,3.331893133,3.3156878,3.318626633,3.326542633,3.320844267,3.319813267
N02,919,3.326877333,3.331278967,,3.331509633,3.327624233,3.327590433,3.331338733,3.331433333,3.3336235,3.3320854,3.338327767,3.3249664,3.330051167,3.330521367,3.330303167,3.3337855
F06,920,0.0,0.0,0.0,0.0,0.0,0.0,0.0,0.0,0.0,0.0,0.0,0.0,0.0,0.0,0.0,0.0
N02,921,3.3509468,3.348289233,3.360655967,3.360530833,3.353272733,3.349825533,3.343942233,3.344507333,3.350091267,3.348315167,3.3537539,3.356892633,3.3399574,3.3786237,3.393970467,3.350299067
N02,922,3.3705823,3.370411167,3.355482967,3.345003733,3.343201433,3.357341733,3.349439233,3.352968833,3.351489,3.3505053,3.350119,3.3585116,3.354933133,3.343937667,3.3316167,3.3559687
N02,923,3.328045633,3.3243113,3.333455633,3.329870833,3.328041067,3.330043533,3.3256416,3.327847033,3.3321589,3.3285619,3.334425333,3.3237691,3.3161476,3.370458467,3.331912967,3.327211733
N02,924,3.321577433,3.329866267,3.331344833,3.332749933,3.3290812,3.322721333,3.324354033,3.3287605,3.325100933,3.326794667,3.323747733,3.328971333,3.3299624,3.3208,3.331650267,3.3282122
N02,925,3.3203814,3.332746867,3.3445409,3.333131633,3.327310933,3.321882867,3.3395205,3.340297933,3.337272367,3.3318855,3.335348,3.330445067,3.331677733,3.3298098,3.3278745,3.3239049
N02,926,3.3083491,3.310265833,3.335934433,3.327349067,3.333942667,3.3386454,3.324731433,3.327508033,3.324575533,3.327598033,3.328128033,3.3892601,3.354455033,3.327641033,3.339801767,3.332389567
N02,927,3.333310433,3.335603067,3.325519533,3.341515333,3.3317403,3.3134885,3.325656867,3.327720367,3.327760033,3.331187433,3.3282519,3.323368833,3.330038933,3.3306971,3.3216232,3.337944533
N02,928,3.366983767,3.368928267,3.351352933,3.355235533,3.346735867,3.335402933,3.339888733,3.342676033,3.361050133,3.3485443,3.356477333,3.348553467,3.3545878,3.362366733,3.3546979,3.351247633
N02,929,3.344508867,3.335835233,3.357175167,3.344092033,3.339603167,3.340724167,3.344716633,3.342697367,3.339468633,3.333741233,3.342729667,3.3469406,3.3438278,3.3523244,3.353634867,3.3230283
N02,930,3.360205567,3.3385691,3.34667,3.3391098,3.336443067,3.349003833,3.341393267,3.343829333,3.3399269,3.3376434,3.3344711,3.3506917,3.3556755,3.349318433,3.341516867,3.334640733
F06,931,,,,,,,,,,,,,,,,
N02,932,3.331585933,3.341296867,3.340036767,3.3424914,3.3412328,3.3364095,3.338802833,3.341031133,3.34605,3.338527933,3.327550733,3.3435773,3.342952467,3.3369639,3.343009167,3.332991267
N02,933,3.379112467,3.347805,3.3703425,3.345433033,3.3299563,3.3158788,3.308756733,3.2992429,3.327552267,3.343537633,3.3407089,3.3432383,3.346851833,3.327373733,3.332632167,3.339401467
N02,934,3.317109933,3.3379046,3.329789967,3.338827233,3.350769533,3.339642833,3.314795933,3.327143067,3.3355939,3.335357133,3.332554367,3.325178767,3.338028433,3.334168733,3.3432566,3.329747233
N02,935,3.349648533,3.3367439,3.343896467,3.3551132,3.3368385,3.3437482,3.341808567,3.339693167,3.341313667,3.339539067,3.338837933,3.3463371,3.349990567,3.353805767,3.348736567,3.3489077
N02,936,3.368460833,3.342990867,3.3563184,3.3789108,3.3497248,3.336501033,3.349972267,3.3505175,3.348539733,3.346251667,3.345375033,3.347210933,3.353557067,3.352666467,3.347930133,3.340938033
N02,937,3.420082067,3.36253,3.351143633,3.401465333,3.402958933,3.362242867,3.385050933,3.367938467,3.381944267,3.387245667,3.384814167,3.380617,3.4035423,3.379624167,3.3930908,3.3841512
N02,938,3.308465067,3.3057678,3.3285146,3.3308942,3.3242472,3.3083567,3.328778833,3.331683833,3.324436433,3.329091867,3.328882567,3.321508533,3.3185913,3.319735433,3.329872367,3.328856633
N02,939,3.320534233,3.324581633,3.337008133,3.334772233,3.3420209,3.3320549,3.326991767,3.340989933,3.350735967,3.340582,3.329136133,3.327758533,3.353999833,3.2993698,3.3193077,3.319550567
N02,940,3.321536233,3.321537767,3.319503267,3.3213544,3.322336567,3.319981367,3.317491633,3.3119031,3.311066167,3.322347233,3.318961067,3.3296112,3.323882033,3.318677,3.322953533,3.3134595
N02,941,3.324616733,3.3222066,3.3174535,3.317206033,3.3245801,3.3196711,3.3189107,3.328012067,3.325818867,3.318434133,3.310331467,3.3225044,3.3232025,3.3194758,3.318631233,3.3199478
N02,942,3.316947933,3.3251986,3.3093648,3.309245533,3.302179967,3.302403,3.294586167,3.303015633,3.297956833,3.300150267,3.303658533,3.301927933,3.3106735,3.303401933,3.2993164,3.305234767
N02,943,3.410730233,3.3907173,3.360135133,3.390039033,3.390969333,3.388766967,3.383973933,3.382026667,3.394103467,3.386437733,3.3870211,3.379819733,3.3797526,3.392847933,3.391444367,3.395442933
N02,944,3.0668022,3.062062833,3.054241167,3.040925833,3.040935,3.037564067,3.038159933,3.032586667,3.029603567,3.026657333,3.029878467,3.0601964,3.055504333,3.053515867,3.058701067,3.059394567
N02,945,3.3651128,3.354653667,3.355099467,3.343755833,3.339655033,3.3282351,3.326570367,3.3357358,3.339966567,3.335294567,3.346777067,3.302569567,3.293193033,3.2806292,3.2855428,3.2357282
N02,946,3.110073333,3.112924933,3.091113,3.108434533,3.119854467,3.1272499,3.1526161,3.149365967,3.159721367,3.1537679,3.160811867,3.160792,3.179369067,3.130347433,3.1311981,3.121134433
N02,947,3.380111433,3.387821433,3.394085167,3.3905019,3.393387067,3.387792433,3.387792433,3.382963033,3.384749833,3.388637033,3.3909617,3.3845179,3.386034367,3.383743533,3.381977833,3.3999944
N02,948,3.2832181,3.264651733,3.288452133,3.305228667,3.296369933,3.295913433,3.267209867,3.293431333,3.304597967,3.3075869,3.282597833,3.293933867,3.288595833,3.275730867,3.292502833,3.290831733
F06,949,2.663510867,2.1693929,,,,,,,,,,,,,,
F06,950,0.6409556,0.6429686667,0.6421423333,0.6441951,0.6460615,0.6482089667,0.6455208333,0.6448198,0.6494415667,0.6432481667,0.649886,0.6459927667,0.6405279667,0.6761044667,0.6685394667,0.6331615333
F06,951,0.6386859667,0.6392129,0.6415894667,0.6412412333,0.6302138,0.6362422,0.6341635333,0.6369448333,0.6452093,0.6421423333,0.6426479333,0.6108348,0.6390113,0.6515553667,0.6355656,0.6442898333
N02,952,3.1835983,3.184352867,3.056267533,2.98641,2.9937627,2.9897125,3.020904,3.033470633,3.0260564,3.013592767,3.0169375,3.020052567,3.024058767,2.989077233,2.972682433,3.0824684
N02,953,3.114647133,3.127569833,3.172180667,3.185601533,3.181848633,3.1852183,3.135411067,3.135982,3.143872567,3.145751167,3.1477366,3.169324467,3.1577713,3.190955067,3.1884112,3.211609367
N02,954,3.2261037,3.2264979,3.228512033,3.223858133,3.226239267,3.2280904,3.220250433,3.215937267,3.217709067,3.219886267,3.217652867,3.211053467,3.211137133,3.208309667,3.2060778,3.209881333
N02,955,3.0692024,3.069355767,3.0602849,3.0681577,3.069496633,3.0691546,3.067876933,3.0712425,3.0710851,3.0747477,3.077495567,3.0640419,3.0641609,3.0654823,3.0665283,3.0525899
N02,956,3.074132767,3.078470333,3.090199,3.096813433,3.098905667,3.103108967,3.102632633,3.103246033,3.106837433,3.1089185,3.109622433,3.132592,3.134070567,3.131046033,3.134663367,3.122211933
N02,957,2.9990285,3.001024867,3.009079733,2.979811833,2.984230267,2.988313267,2.983987933,2.9801694,2.9833801,2.983936033,2.980367767,2.980207567,2.9804227,2.9746938,2.9757535,2.916308833
N02,958,3.018397267,3.0152425,3.0192174,3.0200373,3.019130933,3.0238711,3.019696533,3.019970433,3.021158833,3.021006767,3.023109933,2.9954249,2.9984507,2.998608133,3.000504533,3.006743867
N02,959,2.839650467,2.836619033,2.831292967,2.816479467,2.815515633,2.816226167,2.826150233,2.825113667,2.8208089,2.8195302,2.817646,2.8509229,2.855485267,2.883264667,2.8767077,2.8974482
N02,960,3.069076533,3.067714167,3.063473733,3.055715933,3.058460967,3.057082367,3.0569496,3.058596533,3.059220867,3.058059933,3.058800733,3.076990233,3.074350467,3.0730265,3.0793261,3.076357767
N02,961,3.152855933,3.157195,3.1570882,3.161644733,3.165924833,3.162096633,3.161361433,3.164281967,3.1630755,3.161045067,3.1636383,3.167851233,3.172366833,3.164993767,3.1618502,3.166538233
N02,962,2.221563967,2.2142649,2.104708967,2.110941567,2.108468733,2.109747567,2.096986767,2.088334767,2.081335433,2.072074233,2.069352333,2.0760531,2.0745005,2.0549498,2.056509267,2.065958133
N02,963,2.887446333,2.8947891,2.9093109,2.9043818,2.9044324,2.9072652,2.912147767,2.912867967,2.913537567,2.911172967,2.906375367,2.924536367,2.924132267,2.9265284,2.928650633,2.885671733
N02,964,2.966240433,2.9702891,2.9859802,2.991656733,2.992682367,2.994903033,3.011771633,3.008534733,3.008005,3.010839333,3.013392633,3.009789,3.012037133,2.970417767,2.968839233,2.9679644
N02,965,2.9338633,2.922931667,2.918273667,2.8867233,2.891767367,2.894471467,2.911351,2.914919,2.914185067,2.9112236,2.907170867,2.8744443,2.869916533,2.869382467,2.8757136,2.872817733
N02,966,3.1565951,3.157864367,3.1388369,3.1523206,3.156762167,3.1602839,3.162402067,3.167867767,3.174066133,3.176957933,3.179730467,3.231202433,3.227655,3.224720733,3.2212458,3.207337433
N02,967,3.149506867,3.1240537,3.102477767,3.136714667,3.1347211,3.1296768,3.121419267,3.124326067,3.126201867,3.1240112,3.123834467,3.154333233,3.1488154,3.147686,3.1532201,3.139506267
N02,968,3.163993067,3.157266233,3.164932233,3.161607867,3.1661097,3.169891333,3.175337967,3.1771741,3.177327467,3.178970567,3.181828033,3.157963033,3.153162633,3.151874267,3.1516291,3.164884433
N02,969,3.034382367,3.0326805,3.0368291,3.0306788,3.0362747,3.040698467,3.0389666,3.0383626,3.0355779,3.028949467,3.028953533,3.0272832,3.0235041,3.037909433,3.0377548,3.029910767
N02,970,3.1414683,3.139965033,3.149851967,3.1554616,3.159154233,3.1557518,3.158587367,3.158338133,3.156005067,3.158855667,3.1573743,3.145671833,3.147791267,3.1491633,3.148250067,3.154281333
N02,971,2.947425067,2.9489545,2.951866633,2.961870033,2.962525933,2.966439033,2.969829033,2.9663953,2.965197233,2.966039267,2.967189267,2.9494021,2.951506533,2.943368,2.9365837,2.919722233
N02,972,3.1272766,3.129942567,3.107498667,3.147246267,3.168174467,3.1795593,3.155775167,3.154088333,3.157129133,3.158883133,3.159640233,3.295624267,3.2883621,3.292587533,3.293354267,3.080208067
N02,973,2.8328496,2.8289309,2.820981567,2.810982233,2.816154967,2.823403667,2.847489133,2.848552933,2.8491142,2.845314767,2.8413045,2.8393341,2.840129567,2.821069067,2.815893533,2.8862592
N02,974,2.837864933,2.8716512,2.952783933,2.898399833,2.900764433,2.909109467,2.9295077,2.928349533,2.9245595,2.919700367,2.917528767,2.906873567,2.909351833,2.912867967,2.9123367,2.9286631
N02,975,3.2724576,3.275934067,3.2737475,3.284375,3.2777659,3.2738159,3.279947133,3.2805702,3.2831525,3.279310333,3.278948967,3.287898,3.291178633,3.2826609,3.2959887,3.284563933
N02,976,2.9629819,2.966072067,2.956672667,2.990923033,2.991281633,2.986473067,2.980014533,2.977428167,2.9707054,2.964363333,2.967212667,2.946162667,2.945506767,2.941888167,2.926598333,2.984427367
N02,977,2.4743075,2.477803033,2.5382843,2.665383633,2.650581333,2.657272567,2.6568044,2.676505767,2.695912667,2.68902,2.684297667,2.701748133,2.672613,2.653612767,2.660005433,2.712889333
N02,978,2.932351667,2.932036567,2.932188667,2.9514684,2.956327533,2.9570737,2.9410774,2.939880867,2.936730167,2.932852667,2.937862633,2.9393346,2.943803633,2.946087367,2.940435267,2.979408
N01,979,3.052445984,3.050829824,3.054108938,3.053230286,3.053874969,3.052434031,3.052918498,3.052544912,3.053219859,3.051270549,3.05303243,3.051948293,3.052506002,3.05338618,3.051552582,3.051108551
N01,980,3.050043996,3.050465393,3.051071167,3.05131251,3.050060527,3.050411479,3.051850891,3.051129659,3.051354472,3.050996145,3.050838725,3.051954397,3.05133667,3.05080719,3.052008311,3.049670664
N01,981,3.051167043,3.050312551,3.052729543,3.051931763,3.053045909,3.051759338,3.052909342,3.052335103,3.053318787,3.050853729,3.051591492,3.051239014,3.051528422,3.050565847,3.052532959,3.051847839
N01,982,3.051222483,3.049720256,3.049342346,3.050867208,3.049240367,3.049927266,3.049625905,3.051660411,3.052528636,3.050171661,3.051372528,3.05008316,3.049681346,3.052894338,3.049363454,3.052269236
N01,983,3.051972198,3.053636678,3.051873271,3.051513418,3.051359049,3.049838765,3.05080719,3.051409912,3.051725006,3.052336629,3.052057648,3.051227061,3.050523885,3.051352946,3.053090922,3.068802643
N01,984,3.050817871,3.050398,3.050801341,3.051128133,3.049733734,3.050484975,3.050189463,3.04998703,3.04981308,3.049985504,3.050053151,3.048714193,3.052607981,3.056223043,3.052203115,3.050258636
N01,985,3.048774211,3.050739797,3.051242065,3.050180562,3.048487854,3.050483449,3.04985377,3.049624379,3.049079895,3.050466919,3.050553894,3.048526764,3.04907252,3.049688721,3.049399312,3.049040985
N01,986,3.050877635,3.050907644,3.050393422,3.050985718,3.050495402,3.047874451,3.051459503,3.051576487,3.050876363,3.049988556,3.049858093,3.049897257,3.049585215,3.049149068,3.04879659,3.048300425
N01,987,3.049445852,3.049882253,3.048714193,3.049988556,3.048979441,3.048490651,3.047913615,3.048594157,3.048669179,3.048190816,3.04905014,3.047441101,3.049107107,3.047820536,3.048682658,3.047745514
N01,988,3.050057475,3.048462168,3.049954224,3.057103221,3.061638641,3.063646189,3.051772817,3.04250234,3.041845703,3.034317271,3.034822591,3.056588745,3.056191508,3.047508748,3.049251048,3.047657013
N01,989,3.048730723,3.049363454,3.048505656,3.04837087,3.048594157,3.047676595,3.046811422,3.048922475,3.04774704,3.046914927,3.047979482,3.04688797,3.047427622,3.048072561,3.04774704,3.047928619
N01,990,3.048322805,3.049094899,3.046301778,3.04815038,3.047555288,3.047859446,3.049187978,3.047574615,3.049787649,3.04593277,3.044862366,3.056474813,3.046244812,3.041377767,3.04695104,3.04037323
N01,991,3.053398132,3.052594503,3.047591146,3.047234344,3.047285207,3.046580505,3.048873138,3.049477386,3.048870087,3.047639211,3.048052979,3.048717244,3.043034617,3.047091929,3.052189636,3.04815801
N01,992,3.047414144,3.047243245,3.046822103,3.04341685,3.0430631,3.04815038,3.046946462,3.04788208,3.046277618,3.049169922,3.049684143,3.04703776,3.049132538,3.044841258,3.04833196,3.045676422
N01,993,3.050012716,3.05006663,3.051072693,3.049985504,3.050337982,3.049585215,3.049913534,3.049648285,3.049330393,3.048975118,3.050458018,3.049526723,3.050990295,3.049280802,3.050115967,3.04854482
N01,994,3.068361918,3.062851715,3.063153076,3.049360402,3.046552022,3.051593018,3.047996012,3.049625905,3.046178691,3.046307627,3.052721914,3.048367818,3.049801127,3.049904633,3.048816172,0.01044904868
N01,995,3.048649597,3.048109945,3.047897085,3.047814433,3.048492177,3.047618103,3.048882039,3.04934082,3.047860972,3.049648285,3.048532867,3.048532867,3.048250834,3.048334757,3.048424784,3.048882039
N01,996,3.050832876,3.04961675,3.050601959,3.049516296,3.049025981,3.047800954,3.048376719,3.049949646,3.047328695,3.049901581,3.049937693,3.04826889,3.048253886,3.047442627,3.047523753,3.048792013
N01,997,1.801576996,1.179619471,0.01035458882,0.01066345692,0.01061847607,0.01077141046,0.01082688808,0.01075791677,0.01078190724,0.01087486744,0.01080439726,0.2911504745,0.4994042397,2.453073374,2.857400258,3.047886403
N01,998,3.04673055,3.044763438,3.047537231,3.057411957,3.052305094,3.049123383,3.049946594,3.053787994,3.054917145,3.052736918,3.050934601,3.052182261,3.047672017,3.047168223,3.047592672,3.046261342
N01,999,3.049852244,3.048540243,3.049181875,3.045609029,3.048069509,3.047394816,3.048049927,3.0483078,3.047875977,3.046472677,3.049454753,3.046895345,3.046543121,3.046567027,3.048538717,3.048301951
N01,1000,3.050787862,3.047717031,3.050783285,3.049319967,3.049871572,3.049712626,3.048490651,3.047363281,3.049913534,3.048496755,3.049211884,3.049105581,3.048108419,3.048363241,3.048694611,3.042503866
N01,1001,2.918509674,2.920098877,2.917989349,2.919178263,2.918151347,2.919742076,2.919003042,2.917530568,2.9205218,2.920485687,2.919628143,2.918995412,2.91963857,2.918764496,2.919935608,2.921313477
N01,1002,2.920133464,2.920776622,2.922348022,2.920596822,2.921416982,2.921007538,2.920332845,2.917965444,2.920074972,2.921653748,2.919941457,2.9211291,2.919284821,2.920754242,2.918956502,2.919586182
N01,1003,2.920940145,2.918978882,2.920824687,2.91913325,2.918804932,2.919433339,2.919203949,2.918831889,2.918094381,2.917407735,2.918170675,2.918954976,2.919765981,2.917458598,2.919202423,2.921542867
N01,1004,2.921521759,2.921052551,2.921679179,2.920440928,2.921288045,2.923201243,2.923511505,2.921821849,2.920620728,2.92056071,2.920377858,2.921824646,2.921940104,2.921668752,2.921644847,2.921550242
N01,1005,2.915603892,2.91544342,2.918241374,2.917119853,2.913468679,2.91688741,2.919611613,2.918811035,2.921096039,2.916923269,2.917550151,2.923824819,2.915154012,2.920430247,2.916770426,2.916010284
N01,1006,2.917341614,2.919592285,2.921221924,2.91762797,2.919949087,2.920260874,2.920391337,2.917548625,2.916932424,2.91741511,2.918172201,2.919458771,2.919334412,2.918781026,2.920449829,2.916918945
N01,1007,2.914278412,2.929715983,2.90871582,2.91164856,2.90493749,2.913121033,2.920158895,2.918713633,2.918926493,2.933464305,2.910798391,2.919517263,2.919242859,2.917430115,2.919942983,2.919041951
N01,1008,2.916845449,2.920328267,2.919287872,2.920685323,2.91933136,2.918951925,2.92117691,2.921599833,2.918914541,2.917899323,2.919115448,2.915891774,2.918026733,2.921064504,2.919728597,2.917218781
N01,1009,2.921186066,2.907454936,2.915495809,2.918110911,2.917508189,2.919469198,2.917313131,2.920173899,2.922034709,2.919772085,2.91927592,2.919485728,2.919070435,2.919944509,2.920739237,2.916864777
N01,1010,2.917356618,2.923048147,2.915097046,2.917783864,2.918524679,2.915068563,2.918427277,2.919313304,2.91940918,2.918732961,2.918869527,2.918104808,2.918446604,2.917695363,2.916675822,2.917254639
N01,1011,2.916668447,2.916143545,2.916628011,2.917403158,2.91526947,2.91901652,2.91758906,2.918518575,2.916567993,2.915135956,2.916725413,2.915014648,2.919878642,2.914323425,2.915019226,2.915692393
N01,1012,2.916596476,2.918317668,2.9180837,2.920131938,2.916265106,2.914879608,2.924685415,2.916623433,2.918958028,2.919154358,2.918535105,2.918496195,2.915384928,2.916407522,2.919020844,2.91717809
N01,1013,2.922019704,2.923225149,2.921896617,2.91948115,2.917726898,2.920180003,2.919151306,2.919617716,2.919545746,2.917046356,2.915977224,2.918028259,2.919454193,2.91832962,2.915668233,2.919410706
N01,1014,2.920802053,2.915098572,2.931529999,2.91359024,2.915275574,2.916647339,2.914612834,2.917701467,2.916182709,2.918098704,2.918178304,2.915377553,2.917077637,2.917290751,2.917751058,2.916654968
N01,1015,2.920392863,2.918406169,2.917362722,2.916364034,2.917188772,2.918157196,2.918917592,2.916978709,2.917175293,2.917370097,2.916635386,2.912696584,2.918400065,2.915569305,2.91804479,2.919008891
N01,1016,2.916166178,2.914516958,2.912045797,2.916628011,2.91478831,2.917935435,2.916783905,2.916855876,2.916971334,2.917167664,2.917433167,2.916113536,2.916190084,2.916566467,2.91664149,2.916394043
N01,1017,2.918269857,2.918464661,2.917452494,2.92151591,2.927795156,2.912964884,2.918569692,2.917629496,2.916557566,2.919329834,2.917040253,2.919151306,2.918160248,2.917502085,2.917298126,2.91769104
N01,1018,2.906474304,2.917079163,2.919719696,2.917314657,2.915359497,2.9181633,2.918563588,2.916744995,2.920034536,2.918403117,2.91862208,2.921448263,2.922448476,2.91597875,2.912450663,2.912813568
N01,1019,2.922167969,2.918388112,2.919335683,2.918148295,2.919686635,2.915947215,2.916978709,2.918457286,2.920108032,2.917166138,2.919802094,2.916747793,2.919523112,2.91778539,2.917098745,2.917326609
N01,1020,2.915301005,2.912384796,2.915317535,2.913726552,2.914455414,2.914959208,2.912542216,2.914450836,2.914536285,2.913498688,2.913593292,2.914695231,2.914560445,2.915749359,2.916867828,2.913143412
N01,1021,2.91709137,2.91612854,2.915257517,2.915232086,2.915737406,2.917026774,2.914260356,2.914548238,2.914345805,2.912978617,2.913821157,2.914644368,2.914995066,2.915437571,2.914134471,2.914564768
N01,1022,1.804289373,1.803511175,1.804385249,1.804362742,1.804550171,1.803730011,1.805739212,1.802509562,1.804011917,1.80551885,1.805505371,1.803974406,1.804602687,1.80372111,1.804782613,1.803808085
N01,1023,1.80545133,1.804661179,1.804677709,1.805317942,1.806254959,1.805836614,1.80376002,1.80487264,1.805466334,1.804566701,1.804620743,1.804880015,1.805665716,1.805317942,1.804908625,1.805322393
N01,1024,1.805677795,1.810847473,1.801684952,1.803892008,1.809944916,1.817246755,1.81143074,1.80547231,1.804335785,1.805004501,1.805611801,1.803769048,1.804509735,1.804674657,1.803506597,1.803763072
N01,1025,1.803757095,1.804682159,1.80365359,1.804058456,1.804178365,1.803302765,1.804784139,1.803478114,1.803443654,1.804346339,1.804274368,1.803430176,1.804301325,1.803167852,1.803801982,1.804182816
N01,1026,1.804196421,1.804485703,1.80349617,1.803517151,1.804070409,1.803787104,1.802930959,1.803884506,1.803888957,1.804079437,1.80306282,1.804046377,1.80405248,1.798363876,1.800774765,1.803250249
N01,1027,1.802825928,1.802121226,1.804218801,1.800846736,1.802870941,1.804601161,1.803992462,1.801325099,1.801720937,1.803061295,1.804719671,1.801178106,1.797084936,1.797587204,1.805515798,1.802708944
N01,1028,1.804244359,1.803691101,1.804344813,1.803391266,1.804089864,1.80442721,1.802758535,1.803082403,1.804373296,1.801695379,1.80244662,1.803773499,1.803166326,1.802575556,1.803370158,1.802977371
N01,1029,1.80463117,1.802329636,1.803715134,1.804196421,1.802737427,1.803661092,1.804751078,1.804440816,1.805072021,1.804140854,1.804208374,1.803385162,1.804461797,1.803803507,1.802828979,1.803775024
N01,1030,1.804229355,1.80384407,1.804977544,1.802995427,1.802736028,1.803596624,1.803664144,1.804455694,1.803611628,1.802259191,1.803739039,1.802758535,1.803698603,1.802827454,1.803638585,1.804089864
N01,1031,1.801812363,1.800221507,1.802963893,1.801767349,1.802672958,1.802539571,1.802918879,1.80217069,1.801068751,1.802789942,1.803346252,1.804191844,1.802674484,1.802367147,1.802382151,1.802499135
N01,1032,1.805004501,1.803718058,1.804233805,1.802619044,1.802431615,1.802980423,1.802155685,1.803182856,1.804137929,1.802641551,1.802571106,1.804386775,1.80497907,1.802932358,1.804070409,1.803020859
N01,1033,1.803691101,1.804109446,1.803574117,1.803996913,1.80403595,1.804311879,1.803608576,1.804443741,1.803884506,1.803765996,1.803935496,1.803197734,1.803542582,1.802737427,1.80327123,1.802146784
N01,1034,1.802666982,1.80365359,1.803794479,1.803538132,1.802259191,1.802247238,1.802458572,1.802996826,1.803568141,1.802284622,1.80232811,1.802656555,1.803133265,1.80126063,1.801833344,1.802467601
N01,1035,1.803918966,1.803001404,1.804083888,1.803545634,1.802929433,1.802563604,1.803214264,1.802954865,1.803728612,1.804086939,1.802787018,1.803100332,1.802819951,1.803406143,1.803806559,1.802028275
N01,1036,1.801921844,1.802112198,1.802094269,1.803218842,1.803112284,1.802325185,1.802161789,1.800753784,1.802035777,1.80284996,1.802421061,1.802212652,1.802143733,1.802533595,1.802434667,1.800780869
N01,1037,1.805109533,1.804020945,1.803629557,1.804797618,1.804935582,1.804833603,1.803888957,1.804790115,1.804740651,1.805154419,1.804506683,1.804484304,1.804704666,1.804677709,1.804553223,1.802730052
N01,1038,1.806103516,1.805868149,1.806763331,1.804331334,1.804148356,1.805077998,1.805494817,1.805260976,1.805806732,1.80496699,1.804053879,1.805205409,1.805224991,1.804538218,1.805617778,1.804565175
N01,1039,1.805449804,1.805287933,1.804050954,1.805278905,1.804937108,1.805002975,1.805805206,1.804772059,1.804236857,1.805398814,1.805148443,1.804220327,1.80501798,1.804307302,1.804076385,1.803963979
N01,1040,1.802876918,1.80279452,1.804071935,1.805104955,1.803599675,1.803899511,1.804305776,1.805032984,1.805430349,1.803029887,1.802893448,1.804088465,1.804137929,1.803392665,1.804614639,1.804148356
N01,1041,1.803958003,1.805440776,1.802067312,1.805179977,1.804358292,1.804470698,1.804710642,1.804431788,1.804641724,1.804620743,1.804880015,1.802863439,1.802272669,1.803782527,1.805403392,1.80518748
N01,1042,2.326013167,2.314698767,2.317863967,2.317343633,2.318789133,2.3196332,2.31766,2.317282333,2.319931533,2.319324467,2.319318367,2.3162506,2.3169825,2.320996067,2.315294133,2.321075667
N01,1043,2.394424433,2.394173933,2.3970347,2.3921183,2.393649267,2.395760333,2.395308933,2.394724267,2.394352467,2.3946327,2.394847333,2.394067633,2.3964935,2.393010433,2.393173967,2.393319433
N01,1044,2.320254,2.324892933,2.322981233,2.323233267,2.323021933,2.322493967,2.322904967,2.323506133,2.324180833,2.321641,2.321283967,2.323443067,2.324020367,2.324645733,2.324557233,2.326007067
N01,1045,2.316091633,2.326650233,2.3147542,2.322630533,2.320859767,2.320867133,2.320970633,2.321294633,2.322335033,2.3223981,2.321225467,2.320718867,2.321006767,2.321826933,2.3204895,2.325828533
N01,1046,2.394788867,2.396445433,2.3967514,2.394664233,2.3945742,2.3940811,2.393475333,2.3934364,2.3935623,2.3937332,2.391103333,2.395589433,2.394890567,2.394136533,2.394082633,2.394121533
N01,1047,2.395221933,2.393826267,2.393794733,2.397615033,2.3957288,2.391082233,2.394270067,2.392949167,2.391553233,2.3918635,2.394141133,2.394088467,2.393632733,2.393959533,2.3946973,2.3928576
N01,1048,2.3950976,2.398007933,2.399811533,2.394372033,2.3971293,2.3937136,2.393758633,2.3950541,2.395433533,2.3957677,2.395619433,2.3947558,2.3949328,2.394671867,2.394890567,2.3928291
N01,1049,2.385273733,2.385549667,2.3909968,2.389905267,2.390397133,2.3942955,2.397061633,2.397105133,2.393239833,2.386927533,2.3850774,2.3917465,2.3943059,2.3956164,2.395325467,2.3921379
N01,1050,2.3947123,2.395306133,2.3935234,2.395515933,2.3934499,2.3945803,2.393832133,2.3946734,2.394616433,2.394445267,2.394271567,2.3945788,2.3945638,2.392580133,2.3938217,2.3934453
N01,1051,2.3944875,2.393437933,2.3956525,2.395256533,2.396015167,2.397292567,2.394135,2.395079533,2.394634233,2.3944903,2.395893833,2.3949956,2.3958862,2.3936162,2.394013467,2.393937167
N01,1052,2.460111467,2.467066933,2.465014367,2.469055167,2.4710388,2.472103367,2.473458833,2.472259267,2.4680206,2.4698542,2.470884433,2.469870733,2.471673067,2.4685422,2.467437233,2.469816833
N01,1053,2.918978867,2.921431967,2.9217903,2.9188049,2.919433333,2.9206853,2.918831867,2.918094367,2.917407733,2.918170667,2.919793167,2.919765967,2.916986333,2.9192024,2.915899133,2.9182607
N01,1054,2.468722267,2.4700686,2.4699188,2.4678525,2.4683998,2.469356533,2.4710838,2.471579967,2.469863367,2.470659367,2.4706413,2.470448033,2.469801833,2.468740333,2.4703969,2.468945567
N01,1055,2.468750733,2.467096933,2.468705733,2.468461333,2.468002567,2.4677462,2.4684405,2.4678136,2.468129967,2.468253067,2.467972533,2.469813767,2.4686353,2.468325033,2.466606633,2.467914067
N01,1056,2.907454933,2.910806,2.921916167,2.917508167,2.919469167,2.920368933,2.920173867,2.9220347,2.919772067,2.9192759,2.9202713,2.919070433,2.918784067,2.920739233,2.917343133,2.9189758
N01,1057,2.923048133,2.9175425,2.915860233,2.918524667,2.915068533,2.9202489,2.9193133,2.919409167,2.918732933,2.9188695,2.916968267,2.9184466,2.9195831,2.9166758,2.916155733,2.919506833
N01,1058,2.921052533,2.918710567,2.920848567,2.921288033,2.923201233,2.9219266,2.921821833,2.9206207,2.9205607,2.920377833,2.920225,2.9219401,2.920313233,2.921644833,2.923241667,2.917299633
N01,1059,2.9154434,2.9193868,2.915965267,2.913468667,2.9168874,2.917284633,2.918811033,2.921096033,2.916923267,2.917550133,2.920385233,2.915154,2.9157702,2.9167704,2.918675967,2.9137507
N01,1060,2.471331,2.470938333,2.461594367,2.469863367,2.470350633,2.4739535,2.472146833,2.4617233,2.459921,2.466314167,2.471056867,2.4687716,2.469987733,2.470167533,2.468995133,2.468849667
N01,1061,2.471464533,2.4702891,2.471845467,2.4718605,2.471989433,2.472181167,2.4715576,2.471805033,2.471517167,2.4734797,2.475101967,2.477154767,2.4626663,2.4670115,2.4724632,2.470917233
N01,1062,2.469675933,2.4697118,2.468755333,2.469109067,2.469401533,2.469848367,2.468497467,2.468456767,2.468965133,2.470041633,2.4698827,2.4704165,2.470374533,2.468974033,2.468300867,2.470600867
N01,1063,2.754890433,2.753602333,2.713501967,2.731321967,2.7263949,2.726879367,2.730102767,2.7329053,2.729468767,2.725787833,2.7271207,2.725636267,2.726706933,2.727419,2.7275225,2.729530067
N01,1064,2.727934767,2.726622767,2.723825067,2.7299695,2.728159833,2.725937633,2.727474467,2.722384133,2.723699167,2.725152067,2.7247233,2.7401906,2.7216451,2.722705067,2.715975933,2.722808567
N01,1065,2.754133067,2.746474433,2.722653933,2.7251986,2.7300504,2.730737033,2.7260742,2.726681233,2.731049067,2.726529933,2.729197167,2.727897367,2.7285586,2.731584167,2.725913733,2.730650067
N01,1066,2.7345904,2.727859733,2.731227333,2.7349398,2.730107367,2.7267428,2.730323267,2.729892967,2.727372467,2.7276484,2.728345733,2.731627633,2.727362033,2.728453567,2.7284205,2.724017067
N01,1067,2.714903767,2.711155433,2.731410467,2.7338244,2.728569,2.731647233,2.729212167,2.7316457,2.7365547,2.734536467,2.731522867,2.730692033,2.7313474,2.7289454,2.7342697,2.730013
N01,1068,2.731770067,2.728889967,2.7251729,2.7261042,2.729129767,2.725960267,2.728528567,2.720586367,2.724309267,2.7293846,2.728083267,2.723384333,2.7258972,2.727847767,2.727607967,2.7265508
N01,1069,2.912384767,2.916884333,2.9158109,2.9144554,2.9149592,2.9168678,2.914450833,2.914536267,2.913498667,2.913593267,2.913858533,2.914560433,2.916328167,2.9168678,2.915215533,2.9173927
N01,1070,2.916128533,2.9158152,2.914984633,2.9157374,2.917026767,2.914575167,2.914548233,2.9143458,2.9129786,2.913821133,2.912984433,2.914995033,2.916561867,2.914134467,2.913428233,2.914438867
N01,1071,2.918317667,2.9182683,2.9169202,2.9162651,2.9148796,2.9159172,2.916623433,2.918958,2.919154333,2.9185351,2.918317667,2.9153849,2.915758233,2.919020833,2.917109167,2.916668433
N01,1072,2.9183881,2.920526367,2.918914533,2.919686633,2.9159472,2.917184167,2.918457267,2.920108,2.917166133,2.919802067,2.9176684,2.9195231,2.917028267,2.917098733,2.919415267,2.9192759
N01,1073,2.7204605,2.719973233,2.728801467,2.724522367,2.7302124,2.725462333,2.730204767,2.731041433,2.726285533,2.727611,2.728263067,2.727360533,2.727573367,2.7315722,2.729188267,2.727168767
N01,1074,2.725199867,2.726834333,2.7305618,2.7274986,2.7272916,2.722723133,2.726287067,2.726436867,2.728110233,2.727309667,2.7265523,2.7264549,2.730714667,2.727570567,2.727835833,2.727787767
N01,1075,2.726724733,2.718572733,2.732558933,2.731287367,2.7364901,2.728879533,2.730872067,2.728681433,2.728248067,2.727368133,2.7282122,2.729260233,2.7262451,2.731818133,2.728807567,2.727303567
N01,1076,2.721222167,2.724174467,2.727558367,2.7246002,2.727891267,2.727018733,2.724153367,2.728600533,2.724964633,2.7278343,2.728230267,2.723334733,2.723483267,2.724141433,2.7223452,2.7277893
N01,1077,1.782177733,1.781552733,1.783048367,1.782986167,1.782012933,1.7807926,1.782208867,1.780999367,1.783082567,1.782096833,1.782264833,1.7829488,1.7819445,1.782650367,1.782662833,1.7828322
N01,1078,1.791805633,1.791706067,1.791365667,1.792337267,1.791943967,1.7910516,1.79193,1.792097833,1.791940933,1.7918678,1.7924399,1.792458567,1.792104067,1.793738033,1.793354033,1.7927228
N01,1079,1.784018433,1.783572233,1.7832831,1.7644254,1.770681233,1.779674767,1.7816274,1.7770163,1.774319067,1.777742367,1.7765064,1.7765546,1.7767583,1.776601267,1.776183033,1.776663433
N01,1080,1.787161867,1.786286667,1.790952167,1.788669967,1.787567633,1.7878086,1.788655967,1.788390067,1.787295633,1.788020067,1.788491167,1.788267233,1.788117967,1.7872739,1.788287467,1.788004533
N01,1081,1.782267867,1.781324233,1.779408867,1.770536667,1.774605167,1.780963633,1.7691546,1.764092633,1.7604361,1.773148467,1.7848906,1.772549933,1.7727488,1.774698367,1.773997233,1.775356033
N01,1082,1.8060881,1.8064565,1.806081867,1.806042967,1.806321333,1.804636,1.805463133,1.803942733,1.805191033,1.805812933,1.8049812,1.804978033,1.806151833,1.8051071,1.805871933,1.8065343
N01,1083,1.801652633,1.801545433,1.8020771,1.8018191,1.801944967,1.8021315,1.802492267,1.802035133,1.800998167,1.802259033,1.802128467,1.802521767,1.8024222,1.8016061,1.8012873,1.804113633
N01,1084,1.764067833,1.763803467,1.7652462,1.757664233,1.753634633,1.753455833,1.771584433,1.776815767,1.759186167,1.752470133,1.760021067,1.7587991,1.759368133,1.759725667,1.760229333,1.760002367
N01,1085,2.922347,2.921511067,2.921437833,2.920839433,2.921325933,2.920996833,2.920375033,2.921762567,2.9225489,2.923690267,2.9252421,2.922488133,2.921911867,2.921144867,2.921526333,2.921476467
N01,1086,2.8700798,2.8709892,2.8694552,2.868873333,2.8694842,2.8703341,2.867993133,2.8640312,2.865352367,2.865415933,2.8647125,2.866944367,2.866732767,2.868696567,2.869247933,2.867242667
N01,1087,2.9143374,2.9177813,2.917402633,2.9153572,2.916240433,2.914721667,2.916142267,2.916256967,2.916765567,2.9165802,2.9167531,2.9173004,2.9170654,2.9160357,2.917847433,2.917213167
N02,1088,4.609389233,4.611582433,4.601389567,4.587404867,4.5859034,4.588903267,4.589113867,4.588376333,4.5867584,4.587080367,4.5866984,4.586123133,4.584839367,4.579479467,4.576944467,4.565002933
N02,1089,1.2640832,1.264290467,1.2642812,1.2645163,1.264326067,1.2643786,1.2643833,1.264299767,1.264253333,1.264268867,1.2641791,1.2641482,1.264026,1.2635714,1.263466233,1.264058533
N02,1090,4.4596893,4.458040333,4.459704567,4.4567815,4.4587814,4.456871533,4.456110633,4.458457933,4.459208167,4.4571004,4.4583206,4.4569814,4.458053067,4.459709167,4.456331867,4.4550715
N01,1091,2.890344467,2.8905019,2.889017733,2.887825233,2.888129167,2.889784733,2.887937133,2.891679367,2.891226167,2.889668767,2.889710233,2.890258767,2.890815733,2.889068833,2.8896507,2.888762133
N01,1092,1.759322967,1.759012067,1.7640242,1.760496767,1.760364633,1.760229333,1.761162167,1.761350233,1.7611497,1.761106233,1.760824833,1.761961233,1.761718733,1.761679833,1.762457133,1.760201367
N01,1093,1.729876567,1.747097367,1.7336404,1.735299167,1.734972733,1.734937,1.732474367,1.735037967,1.733648167,1.732259867,1.735146833,1.733668367,1.732559967,1.734622933,1.735375333,1.734901167
N01,1094,1.923627067,1.925925567,1.925978967,1.925586433,1.926490767,1.925880033,1.924994633,1.924807733,1.925768633,1.9260559,1.9251752,1.926117167,1.926676033,1.926614867,1.925657133,1.926771767
N01,1095,1.7703018,1.774449633,1.783222433,1.783096567,1.783873867,1.7841101,1.783964,1.782348733,1.7822057,1.783163433,1.783737033,1.782925533,1.784186267,1.784489567,1.785223233,1.786558767
N01,1096,1.7922658,1.792800633,1.791152667,1.790652067,1.7909055,1.791535167,1.793001167,1.791418567,1.790379967,1.792247133,1.7922564,1.792447633,1.791462067,1.7919829,1.791849133,1.7932064
N01,1097,1.760739233,1.761291233,1.762000133,1.760551167,1.761247633,1.762889333,1.761860133,1.7623001,1.761289567,1.7616441,1.762962467,1.7621353,1.7617312,1.761735767,1.7617233,1.762171167
N01,1098,1.730963233,1.731036367,1.731134267,1.730384933,1.7292268,1.7279256,1.7307565,1.7299652,1.732671833,1.732758967,1.728311133,1.732113767,1.731939667,1.730832667,1.732754233,1.7307317
N01,1099,1.7295626,1.7293884,1.728704433,1.728150933,1.7296014,1.728486733,1.729948167,1.7289951,1.7282131,1.7284168,1.728654733,1.730084967,1.728429267,1.730044533,1.730243533,1.7299544
N01,1100,1.8216307,1.8214157,1.821023167,1.821795633,1.822729733,1.823569733,1.8226182,1.8230045,1.823070367,1.8234048,1.821732833,1.8226449,1.822288633,1.8222258,1.8219102,1.823214833
N01,1101,1.965698367,1.964244433,1.967908833,1.970427167,1.969497667,1.968615333,1.9685478,1.969037733,1.969541667,1.9701257,1.969624833,1.9705088,1.969866667,1.967963767,1.969694,1.9693611
N01,1102,1.982919533,1.9827924,1.983827067,1.983078233,1.982528667,1.982186367,1.9844991,1.982878733,1.981442233,1.9815741,1.982305767,1.983376433,1.982233533,1.983064,1.983946333,1.983221033
N01,1103,1.792811833,1.794702133,1.794796367,1.7955045,1.796685,1.797207867,1.7965501,1.796262733,1.7956881,1.7958843,1.7958922,1.796064867,1.795221833,1.796593967,1.7963193,1.7964228
N01,1104,1.929615133,1.929486333,1.929012167,1.9302494,1.929882033,1.929767333,1.925569267,1.926666633,1.929034167,1.930630867,1.929117433,1.9276133,1.92764,1.927472033,1.9289243,1.931305933
N01,1105,3.3547053,3.3533063,3.3518056,3.3564041,3.3507769,3.3511144,3.3539782,3.354855333,3.355399567,3.356545,3.3539721,3.3532328,3.352700533,3.3522583,3.353714233,3.3542526
N01,1106,3.321202067,3.322830433,3.3202245,3.324263733,3.3278666,3.3265129,3.325485733,3.326146933,3.3256523,3.3225484,3.322711933,3.3232966,3.3246821,3.326917767,3.327593733,3.3333244
N02,1107,12.93751117,12.93751117,12.93751117,12.93751117,12.93751117,12.93751117,12.93751117,12.93751117,12.93751117,12.93751117,12.93751117,12.93751117,12.93751117,12.93751117,12.93751117,12.93751117
N01,1108,3.355259933,3.355101267,3.357159667,3.359453833,3.356264733,3.352700533,3.355976867,3.356386033,3.355858333,3.353448733,3.355008167,3.354949667,3.356264733,3.357437133,3.3551745,3.358618667
N01,1109,3.327318033,3.325158933,3.325826,3.3250928,3.327830733,3.3258021,3.327043633,3.325547267,3.322375967,3.3248291,3.325613133,3.3292236,3.3272789,3.3269521,3.329219033,3.327370433
N01,1110,3.3181193,3.318617233,3.320102933,3.3172737,3.317515033,3.318711567,3.321735867,3.320261867,3.318969467,3.3221527,3.3232788,3.320151,3.323041767,3.320962267,3.3204015,3.329732
N01,1111,3.3230072,3.324079367,3.3225334,3.322112267,3.322488633,3.324353767,3.325698567,3.323410533,3.323876933,3.324581633,3.324386833,3.321920267,3.3216728,3.323191833,3.322805,3.325491833
N01,1112,3.329955267,3.3253779,3.322703033,3.321533433,3.3210955,3.321267933,3.317971033,3.3286448,3.3288953,3.324469233,3.3236595,3.3237869,3.3218109,3.3233027,3.323056767,3.326446767
N01,1113,1.7654902,1.767069733,1.765881967,1.7656007,1.7658105,1.7666734,1.765869633,1.7659908,1.766129167,1.766137033,1.766283133,1.765896067,1.766239667,1.767414833,1.767167767,1.7660235
N01,1114,1.7670962,1.766392,1.7670138,1.7667558,1.767133567,1.7668397,1.767001333,1.766183567,1.765930167,1.766967133,1.7663546,1.766258233,1.766807033,1.7674989,1.7680819,1.768142433
N01,1115,1.765005233,1.7646352,1.764350733,1.7643398,1.764957033,1.764983467,1.764585467,1.7649026,1.765095367,1.765184,1.764801533,1.764772033,1.7651638,1.765697067,1.765502667,1.7658292
N01,1116,1.765557067,1.765580467,1.7654452,1.765560267,1.765944267,1.7650627,1.7651311,1.765536867,1.765303667,1.765428033,1.765860233,1.766015733,1.7656831,1.7666702,1.766929867,1.7667573
N01,1117,1.791277033,1.790976967,1.7910189,1.790874333,1.791274,1.7908573,1.7908184,1.791336167,1.7910765,1.791189933,1.791023633,1.7906194,1.791039133,1.791075,1.7912459,1.792282867
N01,1118,1.754980967,1.7549156,1.755392933,1.754130533,1.754348233,1.755598067,1.7556774,1.7562168,1.755979,1.755455133,1.755127067,1.755675867,1.7554007,1.755567033,1.754889167,1.757188533
N01,1119,1.765180833,1.764316533,1.7616985,1.765166833,1.765210467,1.763983767,1.7646554,1.7635096,1.7647658,1.766082633,1.764400467,1.7637802,1.768044533,1.764506133,1.7657313,1.765955067
N01,1120,1.777049,1.773689367,1.802346033,1.7842501,1.804248933,1.829084267,1.829648567,1.833274067,1.829564667,1.816574067,1.811944433,1.817531833,1.8197689,1.818164567,1.8189434,1.819374067
N01,1121,1.728381067,1.7284261,1.7290728,1.729400867,1.728841267,1.728182067,1.728158667,1.728695167,1.730171933,1.729020033,1.7283873,1.7291926,1.729472467,1.729850233,1.729573433,1.730094267
N01,1122,1.728073233,1.720135233,1.7030591,1.701390933,1.690015633,1.6979024,1.7633153,1.753361,1.7408601,1.7275074,1.725159833,1.729898433,1.730329,1.7303103,1.731496533,1.733279667
N01,1123,1.734860733,1.73434,1.7330869,1.7330279,1.733428933,1.733270367,1.732524233,1.7324838,1.733416467,1.7332269,1.7322848,1.733794267,1.734302633,1.7343975,1.733526833,1.7346789
N01,1124,1.724177267,1.725222,1.724533333,1.724883133,1.725885867,1.726563633,1.727253967,1.728205333,1.727288167,1.725899867,1.725888933,1.727040967,1.725756833,1.727645733,1.727411,1.728942233
N01,1125,1.7247758,1.727882,1.7295564,1.727157567,1.7274016,1.727233733,1.730803167,1.7326314,1.7285474,1.729575067,1.7295532,1.728424567,1.727364333,1.728779067,1.7291304,1.729769367
N01,1126,1.7650814,1.765294367,1.764496867,1.7658292,1.764972533,1.765596,1.765025433,1.765588233,1.765182467,1.765008267,1.7658447,1.765881967,1.7655773,1.7665334,1.766458733,1.766802333
N01,1127,1.728674933,1.728034333,1.7296543,1.730137733,1.727781033,1.728514733,1.729548633,1.7292797,1.729862567,1.730043,1.7285661,1.7296061,1.729885967,1.730044533,1.7308001,1.730492267
N01,1128,1.7307954,1.730015033,1.731454567,1.729673,1.731885267,1.7303524,1.730215567,1.7303834,1.7316443,1.730787633,1.7297072,1.730748733,1.730521767,1.732410667,1.731535433,1.7315245
N01,1129,2.392140933,2.4062678,2.3895139,2.379987067,2.394012167,2.391910033,2.3943494,2.3889966,2.389316033,2.3915517,2.3945849,2.390040333,2.3928052,2.392802167,2.390872433,2.391305767
N01,1130,2.394985167,2.395190667,2.394494867,2.3943794,2.3937136,2.395398933,2.395048267,2.3953659,2.392938467,2.395078,2.395346567,2.3944005,2.3951922,2.394775367,2.3950017,2.392047867
N01,1131,2.388232167,2.379600267,2.4206047,2.392380767,2.394033033,2.394257833,2.3936686,2.394989767,2.393631233,2.393593833,2.394374833,2.394108067,2.3931605,2.3943794,2.393398767,2.3941396
N01,1132,2.3939715,2.394145433,2.3938517,2.392359667,2.392587767,2.393133533,2.393397267,2.391319267,2.3933179,2.3934888,2.391842367,2.392401867,2.392950433,2.390491467,2.393194833,2.389184033
N01,1133,1.660301967,1.6587177,1.666296633,1.6625825,1.6631827,1.663366033,1.6728743,1.674069833,1.670676033,1.667123667,1.6653203,1.669065467,1.6712668,1.679678967,1.679668033,1.690923533
N01,1134,1.646289933,1.645400733,1.645921567,1.652160233,1.6517016,1.6523188,1.6567029,1.6575269,1.656199233,1.653037133,1.650014867,1.652971767,1.655582033,1.665234733,1.6628297,1.665172567
N01,1135,1.7582503,1.7358729,1.785111333,1.744277167,1.7508176,1.6707195,0.6919490667,0.3227335,0.05439833333,0.0047914,0.004029633333,0.003445066667,0.003395333333,0.003173,0.003061066667,0.0036052
N01,1136,1.662131733,1.660151133,1.658369567,1.6562754,1.655025467,1.654262133,1.6521245,1.652494533,1.653795733,1.654826467,1.655948867,1.660744967,1.6642227,1.659908533,1.6607901,1.670982233
N01,1137,2.413541133,2.382495367,2.383354667,2.394955167,2.393794733,2.392944567,2.3934303,2.395722933,2.396635933,2.4031911,2.4027308,2.424829833,2.379148833,2.394328533,2.395178467,2.395583333
N01,1138,2.392623633,2.393734733,2.392662533,2.391587567,2.393662767,2.3940526,2.3946612,2.394267,2.394210033,2.394835133,2.3927195,2.3931409,2.395353933,2.392926533,2.394093067,2.392416867
N01,1139,1.642296067,1.6480452,1.640110267,1.632374433,1.634866433,1.639230333,1.6367134,1.637343067,1.640048067,1.6434761,1.650229367,1.627782033,1.6294455,1.628958867,1.629630533,1.640209833
N01,1140,2.3264404,2.321591433,2.315117133,2.302940867,2.319306433,2.322787967,2.325503267,2.3246531,2.3208463,2.320633433,2.320035033,2.324450667,2.321958667,2.323359167,2.323000833,2.324753567
N01,1141,2.7415774,2.740334567,2.721486133,2.7270111,2.731380433,2.728348533,2.7257937,2.7272392,2.7279874,2.727122233,2.7244532,2.7256963,2.730470267,2.7279617,2.731291933,2.7251579
N01,1142,1.782611433,1.7812683,1.782684567,1.7842936,1.783897133,1.7822306,1.7823115,1.782752967,1.7831572,1.783189767,1.781527933,1.783256633,1.782824433,1.783334333,1.783838133,1.783188233
N01,1143,2.732358033,2.723965933,2.7214831,2.770368167,2.804643733,2.732956167,2.7258148,2.726222467,2.732873767,2.721456133,2.721183267,2.724174467,2.729045867,2.7301328,2.7209582,2.724462367
N01,1144,2.7454399,2.7314959,2.726404033,2.726508833,2.727221167,2.726865867,2.7277458,2.729943833,2.7284327,2.731272367,2.7283877,2.730633767,2.728970833,2.737033067,2.731353233,2.730528767
N01,1145,1.7608683,1.761544533,1.7611015,1.761204133,1.760922733,1.7608683,1.7612274,1.759784667,1.761113967,1.761768467,1.761973667,1.759452033,1.761048633,1.763585767,1.7627805,1.762558233
N01,1146,1.7332284,1.731900767,1.7330823,1.7326112,1.732409133,1.732570767,1.731645833,1.731317767,1.7341737,1.7343043,1.7323143,1.734856133,1.732011133,1.7327465,1.733153767,1.736266167
N01,1147,1.781280767,1.7820938,1.780747467,1.7819337,1.78069,1.7818171,1.7812356,1.781854367,1.781966267,1.782037833,1.782173133,1.7812543,1.781170367,1.781882333,1.7820891,1.7818995
N01,1148,1.7617218,1.760453267,1.759808067,1.760431533,1.7612648,1.760565167,1.759535967,1.7593386,1.761084467,1.761123267,1.759621533,1.759699233,1.760024133,1.760451633,1.759902933,1.7611792
N01,1149,2.7161949,2.7143117,2.724772633,2.7236061,2.723982467,2.7240125,2.727171567,2.724064867,2.719940167,2.723631533,2.721907267,2.7242958,2.7237831,2.7219673,2.725429267,2.7230695
N01,1150,2.814134725,2.813348897,2.810908,2.810994975,2.806010946,2.812831624,2.813707225,2.814098612,2.815935262,2.813951619,2.814419556,2.815658061,2.812842051,2.815113576,2.814429983,2.812044525
N01,1151,2.808146159,2.816370138,2.823519135,2.814825694,2.814944204,2.813366954,2.817839559,2.818526204,2.81092453,2.811216736,2.810951487,2.821406555,2.847011058,2.829314168,2.805235799,2.812765757
N01,1152,2.815888977,2.816319275,2.815052287,2.821490479,2.819265493,2.815947215,2.819614665,2.808571879,2.789990489,2.802553558,2.809135691,2.812585704,2.809477488,2.811486816,2.814344533,2.814056651
N01,1153,2.815591939,2.815578461,2.817926534,2.81631012,2.813899231,2.815473429,2.816386668,2.81571935,2.816211192,2.815806325,2.814971161,2.818766022,2.818052419,2.814942678,2.816254679,2.813789876
N01,1154,2.816427104,2.815651957,2.816763051,2.821126048,2.815616099,2.81730423,2.79622167,2.810392253,2.80557785,2.818577321,2.81997172,2.81753362,2.819454447,2.81424408,2.816470591,2.816679128
N01,1155,2.825489299,2.820458984,2.817923482,2.81389033,2.816835022,2.817308807,2.815957896,2.815630849,2.815181224,2.816577148,2.816930898,2.816942851,2.815870921,2.815867869,2.814900716,2.812900543
N01,1156,2.816806539,2.814974213,2.815417989,2.814831797,2.814954885,2.815029653,2.813938141,2.816923523,2.814864858,2.813645935,2.814392598,2.815521495,2.814917247,2.813570913,2.816869354,2.814319102
N01,1157,2.813079071,2.81424408,2.814926147,2.813095601,2.812899017,2.813753764,2.816008759,2.813825734,2.813570913,2.813522847,2.813674418,2.814470418,2.81531016,2.813040161,2.812096914,2.813723755
N01,1158,2.81109848,2.814938354,2.813038635,2.814324951,2.812441762,2.815863291,2.814728292,2.815539551,2.814351908,2.813408915,2.815278625,2.815205129,2.814851379,2.814914195,2.81370875,2.815155792
N01,1159,2.814134725,2.813348897,2.810908,2.810994975,2.806010946,2.812831624,2.813707225,2.814098612,2.815935262,2.813951619,2.814419556,2.815658061,2.812842051,2.815113576,2.814429983,2.812044525
N01,1160,2.808146159,2.816370138,2.823519135,2.814825694,2.814944204,2.813366954,2.817839559,2.818526204,2.81092453,2.811216736,2.810951487,2.821406555,2.847011058,2.829314168,2.805235799,2.812765757
N01,1161,2.815888977,2.816319275,2.815052287,2.821490479,2.819265493,2.815947215,2.819614665,2.808571879,2.789990489,2.802553558,2.809135691,2.812585704,2.809477488,2.811486816,2.814344533,2.814056651
N01,1162,2.815591939,2.815578461,2.817926534,2.81631012,2.813899231,2.815473429,2.816386668,2.81571935,2.816211192,2.815806325,2.814971161,2.818766022,2.818052419,2.814942678,2.816254679,2.813789876
N01,1163,2.816427104,2.815651957,2.816763051,2.821126048,2.815616099,2.81730423,2.79622167,2.810392253,2.80557785,2.818577321,2.81997172,2.81753362,2.819454447,2.81424408,2.816470591,2.816679128
N01,1164,2.825489299,2.820458984,2.817923482,2.81389033,2.816835022,2.817308807,2.815957896,2.815630849,2.815181224,2.816577148,2.816930898,2.816942851,2.815870921,2.815867869,2.814900716,2.812900543
N01,1165,2.816806539,2.814974213,2.815417989,2.814831797,2.814954885,2.815029653,2.813938141,2.816923523,2.814864858,2.813645935,2.814392598,2.815521495,2.814917247,2.813570913,2.816869354,2.814319102
N01,1166,2.813079071,2.81424408,2.814926147,2.813095601,2.812899017,2.813753764,2.816008759,2.813825734,2.813570913,2.813522847,2.813674418,2.814470418,2.81531016,2.813040161,2.812096914,2.813723755
N01,1167,2.81109848,2.814938354,2.813038635,2.814324951,2.812441762,2.815863291,2.814728292,2.815539551,2.814351908,2.813408915,2.815278625,2.815205129,2.814851379,2.814914195,2.81370875,2.815155792
N01,1168,2.919245911,2.917995453,2.918374634,2.916551463,2.917590586,2.917734528,2.917448171,2.917695363,2.918059794,2.918517049,2.918191783,2.918535105,2.917230733,2.918481191,2.917962392,2.916350555
N01,1169,2.919018046,2.917699941,2.916016134,2.916659546,2.916921743,2.916969808,2.916992188,2.918371582,2.917725372,2.918320719,2.918341827,2.917855835,2.917049154,2.918049367,2.918974559,2.916372935
N01,1170,2.922931163,2.922710927,2.917154185,2.91696523,2.918052419,2.917302704,2.917679087,2.918595123,2.91967926,2.919524638,2.917559052,2.918803406,2.919385274,2.917344666,2.920556386,2.919889069
N01,1171,2.892930603,2.916890208,2.923334503,2.918346151,2.918496195,2.919730123,2.917200724,2.916477966,2.9191185,2.916134644,2.917046356,2.917965444,2.917781067,2.917170715,2.917740377,2.916514079
N01,1172,2.924897003,2.922219086,2.924345144,2.926126353,2.92289683,2.917187246,2.920113881,2.919593557,2.917230733,2.919052378,2.918571218,2.920907084,2.919626617,2.917311605,2.919445292,2.919518789
N01,1173,2.919278717,2.91683197,2.916457113,2.919193268,2.919397227,2.917112223,2.917803446,2.917650604,2.918857574,2.91829834,2.918391164,2.91416448,2.9170283,2.918542735,2.916775004,2.916515605
N01,1174,2.917358144,2.916827393,2.917540995,2.921046448,2.91558431,2.912092336,2.917233785,2.91630249,2.918716431,2.916996765,2.916785431,2.91750946,2.916410573,2.917350515,2.918248749,2.916822815
N01,1175,2.92028478,2.91840922,2.917722575,2.913329315,2.917577108,2.919202423,2.919433339,2.916701508,2.917996979,2.918322245,2.917410533,2.915203603,2.920028432,2.916616058,2.915083567,2.917097219
N01,1176,2.902941895,2.895028178,2.923590851,2.920451355,2.918837992,2.91312383,2.916846975,2.914935048,2.918698629,2.918095907,2.919269816,2.918365733,2.918334198,2.917930857,2.918404643,2.916516876
N01,1177,2.919356791,2.917842356,2.916518402,2.917476654,2.916507975,2.917386627,2.917804972,2.917917379,2.915301005,2.916606903,2.916882833,2.916626485,2.916930898,2.917738851,2.916728465,2.91856664
F06,1178,2.918715159,2.918773651,2.918386587,2.918214162,2.918698629,2.919295247,2.919562276,2.918292236,2.918208313,2.920391337,2.918244171,1.741071701,1.103309504,0.2524249554,0.228693072,0.01036508401
N01,1179,2.915480804,2.917569478,2.916677348,2.919076284,2.918046316,2.918604024,2.920128886,2.919245911,2.917025248,2.918601227,2.917076365,2.91832962,2.916091156,2.915067037,2.914632416,2.915531921
N01,1180,2.908197021,2.902628326,2.914434306,2.913765717,2.918035889,2.912780507,2.91521403,2.918619029,2.914831797,2.917434692,2.922051239,2.918188731,2.915353394,2.917838033,2.920992533,2.918702952
N01,1181,2.917657979,2.917834981,2.918047841,2.913639832,2.912068431,2.918386587,2.917581431,2.919467672,2.918506622,2.918310293,2.916494497,2.918559011,2.917990875,2.918248749,2.917022196,2.918478139
N01,1182,2.909452057,2.925963084,2.918700155,2.920659637,2.920622253,2.92123998,2.922224935,2.920391337,2.920742289,2.921376546,2.919779714,2.921701813,2.9199941,2.920203908,2.92178421,2.920511373
N01,1183,2.919061279,2.920238495,2.920044963,2.917808024,2.917676036,2.919722748,2.920063019,2.919526164,2.919728597,2.919752502,2.918161774,2.920685323,2.918271128,2.91956075,2.919677734,2.919301351
N01,1184,2.916277059,2.915453847,2.915301005,2.917259216,2.916023763,2.914231873,2.91807785,2.915133158,2.918652089,2.925649516,2.919457245,2.916996765,2.917743429,2.92228953,2.919188944,2.917442067
N01,1185,2.918536631,2.920799255,2.91913325,2.899274445,2.918479665,2.921052551,2.919664256,2.918861898,2.918014781,2.91989212,2.918730164,2.917569478,2.917797343,2.920464834,2.917260742,2.918857574
N01,1186,2.925211843,2.937674459,2.917107646,2.920989482,2.918505096,2.917657979,2.919529215,2.915848287,2.915049235,2.917238108,2.921030172,2.916834768,2.919430288,2.917413584,2.91706721,2.919461823
N01,1187,2.902219137,2.922273,2.92015152,2.922922262,2.922286479,2.914900716,2.921390025,2.922457377,2.918493144,2.915629323,2.914986165,2.920643107,2.921472422,2.915722402,2.916521454,2.909561412
N01,1188,2.91634903,2.922319539,2.916104635,2.914902242,2.916064199,2.915621948,2.918993886,2.917004395,2.907858276,2.919394175,2.918466187,2.916041819,2.918062846,2.918680573,2.914104462,2.921898142
N01,1189,3.123835246,3.122326914,3.119830322,3.120780945,3.120484161,3.123377736,3.124207052,3.120953369,3.12240626,3.122763062,3.123371887,3.123475393,3.121233877,3.123133341,3.121424103,3.121767426
N01,1190,3.118647257,3.12299703,3.117939758,3.116003927,3.117224375,3.120665487,3.120836385,3.119191742,3.118246969,3.119585927,3.120130157,3.119365692,3.119142151,3.119999695,3.120143636,3.11772817
N01,1191,3.11002299,3.117164612,3.12650706,3.122539775,3.123953501,3.123244476,3.124043528,3.124403381,3.124247487,3.122386678,3.12260259,3.125228119,3.121512604,3.1236763,3.121986389,3.121086884
N01,1192,3.123302968,3.122518667,3.133338165,3.123478444,3.124526469,3.124388377,3.121424103,3.120043182,3.123038991,3.126292674,3.126505534,3.123965708,3.128942108,3.104587809,3.111486308,3.124337514
N01,1193,3.124889119,3.124037679,3.121595001,3.12135671,3.117989095,3.127016703,3.120652008,3.128277842,3.121835073,3.120398712,3.127543132,3.123442332,3.124932607,3.121172333,3.129118856,3.121007284
N01,1194,3.123877207,3.128790538,3.122550201,3.127096303,3.121316274,3.123436228,3.120596568,3.124722799,3.124932607,3.123167928,3.12006429,3.11916453,3.126279195,3.122968547,3.124292501,3.122581736
N01,1195,3.122308858,3.125940196,3.123090108,3.123602804,3.124724325,3.125532532,3.125628408,3.125067647,3.127256775,3.123587799,3.122095998,3.122289276,3.126109823,3.127633158,3.123182933,3.124158986
N01,1196,3.118050639,3.124067688,3.120472209,3.123734792,3.121302795,3.122145335,3.120611572,3.121479797,3.123677826,3.122085317,3.122250366,3.126487478,3.108574677,3.119720968,3.124253591,3.120308685
N01,1197,3.127541606,3.127667491,3.124677785,3.126958211,3.125689952,3.126517487,3.120572662,3.113934835,3.12612915,3.124226379,3.122830709,3.119669851,3.121439107,3.122971598,3.122835032,3.123998515
N01,1198,3.121292369,3.120960999,3.127732086,3.12020518,3.121644592,3.127955373,3.123075104,3.123443858,3.124805196,3.122094472,3.125138092,3.123943075,3.120809428,3.123472341,3.123076375,3.122478231
N01,1199,3.123250326,3.125012207,3.121563721,3.121148427,3.12223231,3.123602804,3.124202474,3.124458822,3.124280548,3.122214254,3.120626577,3.125571442,3.122274272,3.121166229,3.124247487,3.122716522
N01,1200,3.124108124,3.122562154,3.123084005,3.125048065,3.124412537,3.125105031,3.123307292,3.122403208,3.126590983,3.123133341,3.123359934,3.124950663,3.115435791,3.123515828,3.121899414,3.125754293
N01,1201,3.124649302,3.124833679,3.123122915,3.122470856,3.124042002,3.121409098,3.124022675,3.122617594,3.123634338,3.124773661,3.124210103,3.122103373,3.124150085,3.119272614,3.124442291,3.123356883
N01,1202,3.126525116,3.12250824,3.125289663,3.1247317,3.124118551,3.123114014,3.12188441,3.124911753,3.125463359,3.122127279,3.124139659,3.124575806,3.120747884,3.119924927,3.126383972,3.119683329
N01,1203,3.121578725,3.121113841,3.131552378,3.12351888,3.121839396,3.12094752,3.123064423,3.121761576,3.122205353,3.122520192,3.12732722,3.122967021,3.121269735,3.122182973,3.126237233,3.121918996
N01,1204,3.121850077,3.121920522,3.129999034,3.126628367,3.127694448,3.124439494,3.123932648,3.121915944,3.125231171,3.125189209,3.127252197,3.123016612,3.125312042,3.12654012,3.124784342,3.122104899
N01,1205,3.121389771,3.119687907,3.121034241,3.121298218,3.122803497,3.122400157,3.122106425,3.119921875,3.122674561,3.121260834,3.121967061,3.122901154,3.121181234,3.120496114,3.121010335,3.117483775
N01,1206,3.125736237,3.11873881,3.126184591,3.123712158,3.125051117,3.125445557,3.122841136,3.12252477,3.125934347,3.124048106,3.12435557,3.125361633,3.122191874,3.12502416,3.124604289,3.126108297
N01,1207,3.126703389,3.124881744,3.124241384,3.126607513,3.120100149,3.125247447,3.121866608,3.12449646,3.12589976,3.126331584,3.121764628,3.120266724,3.132595825,3.123335775,3.122640228,3.121875509
N01,1208,2.738275909,2.755391184,2.738575745,2.740664419,2.731780752,2.742803955,2.736269887,2.723444366,2.743057505,2.747676849,2.747559865,2.7443573,2.722268677,2.722962952,2.746529897,2.744208781
N01,1209,2.742822011,2.741748556,2.742532603,2.741733551,2.742439524,2.742055766,2.743543243,2.739772288,2.741648102,2.743021393,2.741136678,2.741387177,2.743877665,2.742298635,2.742439524,2.742039235
N01,1210,2.742366282,2.745385997,2.739698792,2.737958018,2.741348012,2.746219635,2.743417358,2.742735036,2.742166646,2.742079926,2.74065094,2.743195343,2.742899831,2.744179026,2.742493693,2.739208476
N01,1211,2.739716848,2.74031957,2.741039276,2.739406331,2.739997101,2.740616353,2.740262604,2.739545949,2.739204152,2.739755758,2.739407857,2.73988622,2.739144135,2.740169525,2.740652466,2.737310282
N01,1212,2.73748881,2.740246073,2.741971842,2.742001851,2.741247559,2.739240011,2.73936437,2.738500722,2.73927892,2.740469615,2.737154388,2.739802297,2.741025798,2.739941661,2.737896474,2.740627035
N01,1213,2.740517426,2.740234121,2.741048177,2.740552012,2.741814423,2.74217275,2.740605927,2.740613556,2.736980438,2.741622416,2.742067719,2.738577271,2.741839854,2.73959376,2.739640299,2.739428965
N01,1214,2.734780884,2.733202108,2.741586558,2.742974854,2.743129476,2.74205424,2.74408137,2.741147105,2.739883169,2.742908986,2.741989899,2.742988332,2.741036224,2.743588257,2.743480174,2.733656311
N01,1215,2.732842255,2.739580282,2.741604614,2.742955526,2.742706553,2.742130788,2.741988373,2.733872223,2.739878845,2.745481873,2.740707906,2.746204631,2.754335531,2.747173055,2.741832479,2.740734863
N01,1216,2.735394033,2.738138072,2.742331696,2.738247426,2.733921814,2.737001546,2.74028066,2.738356781,2.733519999,2.733468882,2.740619405,2.738604228,2.738850149,2.738911692,2.739395905,2.738225047
N01,1217,2.739019521,2.740451558,2.740234121,2.736817169,2.738590749,2.740388489,2.738911692,2.741238658,2.742730459,2.742507172,2.739758809,2.739544423,2.7391126,2.736221822,2.739902751,2.737874095
N01,1218,2.736896515,2.737596639,2.743397776,2.739004517,2.7428744,2.740991211,2.726954142,2.736602529,2.746372477,2.749168905,2.75535965,2.741454569,2.736116791,2.742187754,2.737937164,2.736620585
N01,1219,2.733627828,2.73861618,2.740610504,2.733731333,2.73245697,2.730090841,2.724044037,2.734227753,2.741042328,2.746258545,2.734599559,2.735142263,2.735470581,2.734077708,2.7358874,2.728183746
N01,1220,2.73456955,2.731140391,2.736448161,2.709938049,2.696476746,2.694271088,2.756479645,2.71759669,2.732729848,2.754509481,2.743232727,2.755422719,2.751065572,2.740941874,2.745276388,2.737613169
N01,1221,2.733235168,2.732268016,2.736032867,2.734553019,2.736505127,2.738475291,2.74043808,2.739587911,2.738598378,2.739734904,2.738183085,2.737391408,2.738772329,2.742790476,2.739114126,2.724990082
N01,1222,2.745780182,2.740210215,2.739754232,2.738280487,2.742751567,2.738962555,2.73840332,2.737152863,2.740057119,2.740582021,2.73927892,2.735703023,2.742144267,2.733827209,2.737103526,2.743615214
N01,1223,2.73616333,2.740214539,2.742955526,2.739953613,2.739463298,2.738850149,2.736238352,2.739565277,2.741529592,2.743681081,2.740386963,2.738485718,2.738650767,2.736538188,2.738917542,2.740812937
N01,1224,2.740259552,2.737428792,2.739169566,2.738140869,2.740916189,2.742795054,2.73838679,2.739721425,2.738824717,2.737365723,2.740216064,2.735590617,2.737470754,2.74099884,2.738815816,2.741186269
N01,1225,2.725540415,2.72904892,2.743165334,2.732971191,2.738165029,2.741830953,2.742091878,2.740469615,2.739556376,2.73916804,2.736167908,2.737229411,2.737512716,2.73887558,2.738806661,2.736182912
N01,1226,2.739048004,2.738195038,2.742604574,2.740376536,2.738235474,2.73461736,2.738953654,2.737584686,2.736562093,2.737601217,2.739794668,2.737278748,2.737559255,2.737497711,2.737451172,2.736155955
F06,1227,2.740408071,2.756395721,2.722306315,0.8398042043,1.025134277,1.121898524,0.9789794286,0.8777515411,0.7843308767,0.7111260732,0.6591881434,0.4143274943,0.403890419,0.3588931084,0.3541191419,0.01006521225
N01,1228,2.742486064,2.739511363,2.74054896,2.740226491,2.74341863,2.741547648,2.739248912,2.740463511,2.74215037,2.740725962,2.739214579,2.751420848,2.746810404,2.741202799,2.751851145,2.740100606
N01,1229,3.171954091,3.172285461,3.173636373,3.177996572,3.17132899,3.173700968,3.173402659,3.172951253,3.173730977,3.175723521,3.172226969,3.177533213,3.174861399,3.177332306,3.168184662,3.173216756
N01,1230,3.148588053,3.194675446,3.159362539,3.16950709,3.168952433,3.166216024,3.169859568,3.169180298,3.163968658,3.173099772,3.176998138,3.164400482,3.169769541,3.164631399,3.165325419,3.155224355
N01,1231,3.181731415,3.187327067,3.170214844,3.167708079,3.171993256,3.16980718,3.170378367,3.166466522,3.166367594,3.168697611,3.166917928,3.172835795,3.173227183,3.165268453,3.178783671,3.171612295
N01,1232,3.167063141,3.167917887,3.171850586,3.169624074,3.165484365,3.165769196,3.167676544,3.170303345,3.170742798,3.165577443,3.171729279,3.16660436,3.171634928,3.171553802,3.169835663,3.171361796
N01,1233,3.097327932,3.098329417,3.102892049,3.174164327,3.182916005,3.185268402,3.164472453,3.179956309,3.17628123,3.173123678,3.176311239,3.171459452,3.164392853,3.163344828,3.170607758,3.166364543
N01,1234,3.168016815,3.17475942,3.17775828,3.168840027,3.167723083,3.165925344,3.166992696,3.171753184,3.170916494,3.168490601,3.166075134,3.169854991,3.172987111,3.177959188,3.174098206,3.171364848
N01,1235,3.172499847,3.17438151,3.168718465,3.17103068,3.170372264,3.170901489,3.173724874,3.175693512,3.173338064,3.163704681,3.171762339,3.171777344,3.170187887,3.173036702,3.17387797,3.168679555
N01,1236,3.171769714,3.167021179,3.169538625,3.169315338,3.174423726,3.170507304,3.170450338,3.169735209,3.168291219,3.16992391,3.169309235,3.168360138,3.170474243,3.167748515,3.161275736,3.150777181
N01,1237,3.168508657,3.164331309,3.171324412,3.166031647,3.169615173,3.16628952,3.161995443,3.16644694,3.168229675,3.168570201,3.168559519,3.173597463,3.167904409,3.169672139,3.164253489,3.163854726
N01,1238,3.175479126,3.172412872,3.17301712,3.157386271,3.157924652,3.144120026,3.174164327,3.167079671,3.165611776,3.17240092,3.171922557,3.162939962,3.162194824,3.168582153,3.168902842,3.166414134
N01,1239,3.163974508,3.157216899,3.178093974,3.160010274,3.182722473,3.177564748,3.176036835,3.156348928,3.160298157,3.165355428,3.160236613,3.172772725,3.168904368,3.165063222,3.167742411,3.159232076
N01,1240,3.181980387,3.180115255,3.129003398,3.162553151,3.168109894,3.166295624,3.172676849,3.161211141,3.164905548,3.168511709,3.162385305,3.170421855,3.158611298,3.163349406,3.169478607,3.183310445
N01,1241,3.166117096,3.163999939,3.166566976,3.167087301,3.165722911,3.170706685,3.166908773,3.162892151,3.168258158,3.169474284,3.166024272,3.169229889,3.173485057,3.157569377,3.163025411,3.190844727
N01,1242,3.167757416,3.175375621,3.171397909,3.171507263,3.16574529,3.164628347,3.17143987,3.169027456,3.170340729,3.169406637,3.169082896,3.173296102,3.169637553,3.170273336,3.169790649,3.167974854
N01,1243,3.172739919,3.176735687,3.166372172,3.164850108,3.170117442,3.165775299,3.169660187,3.166965739,3.170739746,3.166655477,3.16621755,3.167782847,3.166622416,3.169237264,3.166238658,3.164343516
N01,1244,3.157995097,3.171886698,3.186144002,3.175288645,3.174494171,3.148090363,3.156156921,3.173000844,3.170915222,3.163685099,3.167630005,3.175042725,3.161566671,3.146736399,3.158753713,3.175309753
N01,1245,3.196281179,3.164730326,3.14729716,3.1520696,3.176984406,3.186372121,3.155636597,3.160010274,3.16572876,3.173391978,3.158188629,3.152128092,3.163377889,3.163428752,3.162305705,3.157680257
N01,1246,3.180185699,3.169355774,3.164295451,3.171538798,3.173523966,3.16886851,3.171663411,3.16954778,3.172775777,3.171780141,3.167538452,3.16773351,3.167237091,3.168225352,3.169043986,3.169511668
N01,1247,3.201879883,3.168516032,3.172077179,3.164171092,3.154003906,3.156077321,3.165905762,3.166835276,3.159282939,3.173204549,3.181025187,3.165785726,3.171415965,3.16951472,3.172960154,3.168585205
N01,1248,3.16381251,3.169778697,3.165352376,3.166752879,3.166964213,3.163584646,3.167571513,3.170315297,3.165379588,3.166000112,3.164070638,3.167902883,3.165787252,3.167348226,3.170171356,3.167115784
N01,1249,3.140790049,3.171397909,3.142910004,3.166340637,3.158244069,3.168094889,3.163316345,3.168225352,3.168757629,3.16750412,3.165247599,3.164467875,3.167579142,3.164491781,3.168736521,3.167814382
N01,1250,3.12546641,3.126256561,3.126433563,3.123584747,3.12711436,3.125602976,3.125728861,3.125749969,3.126049805,3.125643412,3.126058706,3.1270902,3.124989573,3.122014872,3.115632121,3.125052643
N01,1251,3.125405121,3.123766073,3.124575806,3.119194539,3.120996857,3.125106557,3.120373027,3.121325175,3.128830973,3.127552032,3.121680705,3.12470932,3.123958079,3.124581909,3.127670542,3.124324036
N01,1252,3.122755686,3.125715383,3.125084178,3.123370361,3.123392741,3.127237193,3.124910227,3.124896749,3.124021149,3.125138092,3.125806936,3.124094645,3.125940196,3.125922394,3.126229604,3.124388377
N01,1253,3.124944814,3.124952189,3.124715169,3.123323822,3.125342051,3.125030263,3.126940409,3.128721619,3.124989573,3.123865255,3.125598399,3.123996989,3.126787313,3.124737803,3.122229258,3.122581736
N01,1254,3.11977946,3.118574015,3.12082901,3.11884079,3.11969986,3.119872284,3.119584401,3.115851084,3.120016225,3.121130371,3.119933828,3.119374593,3.120313263,3.117609914,3.120085144,3.122826131
N01,1255,3.121362813,3.124881744,3.130808767,3.117206573,3.121493276,3.117307027,3.121694183,3.121055349,3.122876994,3.12408549,3.126992798,3.119338481,3.116134389,3.121949005,3.120819855,3.11839091
N01,1256,3.116240946,3.121343231,3.122109477,3.120728556,3.120825958,3.118005625,3.119391123,3.119091288,3.119419607,3.118317413,3.118519847,3.124015045,3.123703257,3.131406911,3.111699422,3.11423467
N01,1257,3.123382314,3.122362773,3.122364299,3.121836599,3.119624837,3.118941243,3.12059199,3.12207489,3.120854441,3.121248881,3.120238241,3.120559184,3.121855927,3.119882965,3.121817017,3.124952189
F06,1258,3.119761403,3.116930644,3.100802104,1.272782262,0.857175827,0.6338459651,0.7012842178,0.9420411428,1.524511464,2.423621368,3.137069956,3.116245524,3.117591858,3.122430166,3.125075022,1.296500651
N01,1259,3.121695455,3.118271128,3.118867747,3.130628713,3.124691264,3.119453939,3.123049418,3.122016398,3.125929769,3.136035411,3.138734436,3.120737457,3.115492757,3.110733795,3.122061412,3.117641195
N01,1260,3.120229085,3.119780986,3.123178355,3.1201032,3.118845367,3.121287791,3.118455505,3.119679006,3.115524292,3.11581955,3.122127279,3.121274312,3.121911367,3.117260488,3.118654887,3.119959259
N01,1261,3.122521718,3.122959646,3.122983551,3.123493195,3.123353831,3.123653666,3.123364258,3.125769297,3.125761922,3.125213114,3.123451233,3.116260274,3.117569224,3.125349426,3.126162211,3.118348948
N01,1262,3.123679352,3.123559316,3.125165049,3.121574148,3.121794637,3.123362986,3.118941243,3.117746226,3.119782511,3.116078949,3.119314575,3.119786835,3.121599579,3.122833506,3.120983378,3.119981893
N01,1263,3.11636378,3.117252858,3.11884079,3.123278809,3.120541128,3.118226115,3.113876343,3.115233358,3.113387553,3.117887115,3.116743215,3.125003052,3.121059926,3.120977275,3.114840444,3.118822734
N01,1264,3.119095612,3.124197896,3.124665833,3.123544312,3.124715169,3.12607371,3.121026866,3.117701213,3.119332631,3.121133423,3.116650136,3.121892039,3.120140839,3.113827006,3.117852783,3.122929637
N01,1265,3.122608693,3.121950531,3.124814351,3.123815664,3.124341838,3.1229894,3.11402181,3.119319153,3.133215078,3.130457815,3.124219004,3.120954895,3.12093099,3.121892039,3.121055349,3.122527822
N01,1266,3.120077769,3.118382009,3.122403208,3.128420258,3.145616404,3.116359456,3.135357666,3.123653666,3.110250854,3.105474091,3.130278015,3.111261495,3.113167318,3.11864446,3.119134776,3.119161733
N01,1267,3.12685496,3.12457428,3.123350779,3.121773529,3.115288798,3.118642934,3.121941376,3.117816671,3.103389994,3.117681885,3.132526906,3.147979482,3.140493011,3.134432729,3.148939006,3.122145335
N01,1268,3.121506755,3.124826304,3.12310791,3.130840302,3.128947957,3.114221191,3.114024862,3.120904032,3.123697154,3.117269389,3.125350952,3.125485992,3.120990753,3.127220662,3.125970205,3.124793243
N01,1269,3.121803538,3.123404948,3.123719788,3.138173676,3.137071482,3.134105682,3.116587321,3.107139842,3.09785436,3.105033112,3.113715871,3.123341878,3.123070526,3.124028524,3.122731527,3.122133382
N01,1270,3.122590637,3.124234009,3.129369354,3.105862427,3.101763153,3.112590027,3.115341187,3.114963531,3.114796956,3.114573669,3.118005625,3.126455943,3.123159027,3.119562022,3.127322642,3.120364126
N01,1271,3.123018138,3.122112274,3.124481455,3.13403244,3.127923838,3.118863169,3.108289846,3.111089071,3.115869141,3.119657898,3.122395833,3.101755524,3.09028244,3.112374115,3.13434728,3.114263153
N01,1272,2.821601359,2.822784424,2.827479045,2.825538635,2.82564977,2.82512792,2.825891113,2.825708262,2.825333405,2.825528208,2.825963084,2.825375366,2.824589539,2.825399272,2.826047007,2.825195313
N01,1273,2.825780233,2.82624054,2.825213369,2.825478872,2.826180522,2.825750224,2.827174632,2.825597127,2.825304921,2.825508881,2.825911967,2.826472727,2.825628662,2.8259257,2.824330139,2.825805664
N01,1274,2.820637258,2.823878988,2.82496287,2.826795197,2.824448649,2.824580638,2.824573263,2.825142924,2.825291443,2.825540161,2.82500356,2.825910695,2.826090495,2.823265839,2.826505788,2.825837199
N01,1275,2.825540161,2.823859406,2.824712626,2.825598653,2.829150645,2.827775828,2.819484202,2.825523631,2.828395081,2.82430776,2.818121338,2.828074137,2.822451528,2.827396393,2.826787821,2.824309285
N01,1276,2.819529215,2.823727417,2.823397573,2.821871185,2.822528076,2.824693044,2.825721741,2.825393422,2.822950745,2.821695964,2.821911875,2.822926839,2.82270635,2.821814219,2.824294281,2.824424744
N01,1277,2.803774007,2.808683014,2.824609121,2.824415843,2.824037933,2.822725932,2.820665741,2.82254893,2.822486115,2.821580505,2.821569824,2.821731822,2.822441101,2.820494843,2.821021271,2.8218249
N01,1278,2.821024068,2.819130452,2.824270376,2.822103628,2.822685496,2.82203776,2.820866648,2.822279104,2.822668966,2.823508708,2.822916412,2.82241567,2.822949473,2.822908783,2.822764842,2.820916239
N01,1279,2.820884705,2.818469238,2.829363505,2.822989909,2.821351115,2.824396261,2.8244428,2.825931549,2.825636292,2.824561056,2.821198018,2.824687195,2.825724792,2.823367564,2.8255867,2.823640442
N01,1280,2.823405202,2.823841349,2.822836812,2.823213196,2.826601919,2.825777181,2.82377243,2.825541687,2.824075317,2.822268677,2.821388499,2.823825073,2.8261144,2.82629598,2.825903066,2.825408427
N01,1281,2.82412796,2.824228414,2.825393422,2.823288218,2.82311732,2.823826599,2.823442586,2.822364553,2.821997325,2.824238841,2.823682658,2.825943502,2.835181173,2.825178782,2.825660197,2.823863983
N01,1282,2.823480225,2.824277751,2.824180349,2.82397054,2.822267151,2.822931417,2.822958374,2.822982279,2.824060313,2.825330353,2.823183187,2.823956807,2.822662862,2.82422231,2.826717122,2.822426097
N01,1283,2.823280589,2.822511546,2.82125651,2.821896871,2.822034709,2.821773783,2.82063446,2.823357137,2.823007711,2.822022756,2.82167333,2.820512899,2.822165171,2.822034709,2.821904246,2.821378072
N01,1284,2.823591105,2.823550669,2.822148641,2.821481578,2.82165095,2.823345184,2.823769379,2.819976044,2.821970367,2.822926839,2.822902934,2.814768728,2.820686849,2.823114268,2.823331706,2.82371699
N01,1285,2.821351115,2.824364726,2.804739634,2.830705516,2.824465179,2.809829966,2.819223531,2.820967102,2.819650777,2.822330221,2.824456278,2.82829895,2.830782064,2.828465525,2.828313955,2.822069295
N01,1286,2.829108683,2.821841431,2.811690521,2.817073313,2.820737712,2.821929677,2.823204295,2.829213715,2.830147807,2.826195526,2.824976603,2.823069255,2.823676554,2.822052765,2.822033183,2.823127747
N01,1287,2.817599742,2.818004354,2.823985291,2.823603058,2.824091848,2.822430674,2.822660065,2.823420207,2.82303772,2.822355652,2.822740936,2.822232564,2.822276052,2.823265839,2.823613485,2.822213236
N01,1288,2.824945068,2.815527598,2.823889414,2.818989563,2.821833801,2.823066203,2.820337423,2.820469411,2.820357005,2.821219126,2.821016693,2.821132151,2.822208659,2.821556346,2.82112325,2.832738749
N01,1289,2.82681783,2.825367737,2.825403849,2.810572052,2.817137909,2.827804311,2.831681569,2.833486938,2.835025279,2.833087921,2.830009969,2.824303182,2.825172933,2.825111389,2.823244731,2.824370829
N01,1290,2.801661428,2.810503133,2.827916718,2.8261144,2.823313649,2.821442413,2.82170639,2.815224711,2.822255198,2.82898585,2.822692871,2.819436391,2.824286906,2.823922475,2.817617544,2.81862208
N01,1291,2.821448517,2.818199412,2.82118454,2.822450002,2.823822021,2.824015299,2.830189768,2.830744425,2.825324249,2.818380737,2.817272695,2.822775523,2.823698934,2.820968628,2.820686849,2.819619242
F03,1292,3.281,3.289,3.304666667,3.253666667,3.262666667,3.257,3.263333333,3.264,3.268666667,3.267333333,3.262333333,3.262333333,3.261,3.266666667,3.267666667,3.273333333
F03,1293,3.275333333,3.299333333,3.303666667,3.291333333,3.292333333,3.286666667,3.267,3.273666667,3.274666667,3.271333333,3.266666667,3.260666667,3.261666667,3.26,3.261666667,3.268666667
F03,1294,3.261,3.256,3.283333333,3.275666667,3.276,3.277,3.277333333,3.277,3.279,3.279666667,3.278,3.281333333,3.281666667,3.280333333,3.280333333,3.281333333
F03,1295,3.313666667,3.329,3.289333333,3.261,3.262666667,3.262666667,3.262,3.266,3.267333333,3.265,3.266333333,3.265666667,3.266333333,3.262666667,3.265333333,3.264
F03,1296,3.305,3.304333333,3.277,3.271333333,3.273666667,3.271666667,3.276,3.273666667,3.271666667,3.271333333,3.268666667,3.261333333,3.259666667,3.256,3.255333333,3.275
F03,1297,3.270333333,3.262333333,3.274333333,3.270666667,3.267,3.267,3.264333333,3.265666667,3.265333333,3.263,3.265333333,3.266666667,3.267666667,3.267,3.265,3.267
F03,1298,3.285666667,3.288333333,3.281333333,3.291666667,3.289,3.286666667,3.285666667,3.29,3.295,3.293333333,3.289666667,3.292666667,3.292666667,3.289,3.287666667,3.289666667
F03,1299,3.294333333,3.291666667,3.287666667,3.283333333,3.284666667,3.288333333,3.289666667,3.291,3.286,3.281666667,3.285333333,3.290333333,3.29,3.287666667,3.288,3.291333333
F03,1300,3.230666667,3.199666667,3.135333333,3.143333333,3.143333333,3.145333333,3.151333333,3.146666667,3.144,3.143333333,3.143333333,3.148333333,3.148666667,3.138333333,3.139,3.13
F03,1301,2.876232147,2.873579407,2.877439372,2.877343496,2.880935923,2.87922643,2.882638041,2.881152344,2.878853861,2.882328796,2.881381226,2.88271052,2.880396525,2.88069636,2.880830892,2.858175151
F03,1302,2.850198873,2.852027384,2.859863281,2.863792674,2.866465505,2.863989003,2.866527303,2.865071106,2.864666239,2.869178518,2.867553711,2.861181895,2.863114166,2.86469396,2.865001678,2.856811778
F03,1303,2.867001851,2.866139221,2.868737793,2.873129527,2.871959432,2.8743632,2.872019704,2.872984314,2.872157288,2.870599111,2.875607554,2.87413737,2.877310944,2.877862803,2.873641205,2.878006744
F03,1304,2.837068431,2.838676198,2.841090902,2.836414591,2.839430491,2.839033254,2.838611348,2.840308634,2.839190928,2.839654795,2.842682902,2.842403158,2.841039785,2.84297053,2.841880798,2.846647898
F03,1305,2.801483663,2.801514435,2.801182302,2.79464035,2.795506032,2.794536591,2.795617167,2.797305298,2.794682058,2.794685109,2.797262065,2.794533539,2.795932515,2.797464498,2.796880086,2.799429321
F03,1306,2.791230265,2.792235057,2.788719686,2.789940898,2.789874522,2.78938446,2.78762207,2.786394755,2.788365682,2.785403951,2.785665131,2.792694092,2.7905159,2.79090093,2.790788015,2.790012105
F03,1307,2.77453359,2.774252319,2.773736064,2.770628866,2.76902593,2.768498739,2.769073741,2.768280792,2.769866943,2.769412486,2.769627126,2.769231415,2.772292328,2.770162201,2.770066325,2.767496999
F03,1308,2.778820292,2.78343455,2.787200165,2.785822805,2.783947754,2.783842723,2.785107168,2.78330307,2.785651143,2.785564677,2.784813436,2.785213725,2.786646779,2.786404165,2.784541321,2.784315745
F03,1309,2.878023529,2.879357656,2.871259054,2.876043447,2.877417755,2.876409912,2.879309845,2.880648549,2.877699025,2.877433268,2.87474645,2.881579081,2.884826914,2.889275614,2.885796102,2.886397298
F03,1310,2.853551737,2.856156413,2.853967539,2.859449005,2.859393311,2.86013387,2.863457235,2.864287567,2.863659922,2.863250224,2.861752319,2.856737518,2.857730103,2.851223755,2.853848521,2.847277069
F03,1311,2.812434133,2.81168925,2.814072927,2.810872904,2.813888804,2.817176819,2.819435374,2.820081329,2.818920644,2.81834081,2.821911621,2.816306559,2.818750509,2.825007884,2.824641673,2.843392436
F03,1312,2.812568665,2.811344401,2.825119273,2.812964376,2.81197052,2.811682892,2.824562836,2.815935516,2.816421,2.818308512,2.817557017,2.82314682,2.820577749,2.817436473,2.818391927,2.821955109
F03,1313,2.863869985,2.861896006,2.860177104,2.853934987,2.853625997,2.852390798,2.855337016,2.856969452,2.854372406,2.854006195,2.851243846,2.847243245,2.844088236,2.845272319,2.845589193,2.852293396
F03,1314,2.858277384,2.856035868,2.857065328,2.85872701,2.858538564,2.857023621,2.859262085,2.856391398,2.853580983,2.862069194,2.861838786,2.85325648,2.852161916,2.856341807,2.858461253,2.854641469
F03,1315,2.84015096,2.840710449,2.841415405,2.846699015,2.845932261,2.845091248,2.839384206,2.839600627,2.838551076,2.841614787,2.839113617,2.840327199,2.837484487,2.837628174,2.842480469,2.842475891
F03,1316,2.545714315,2.54892807,2.541636403,2.53903478,2.537550863,2.53903478,2.540181732,2.539374797,2.537645213,2.537965139,2.538671621,2.538892619,2.540146383,2.539048767,2.53880132,2.546852112
F03,1317,2.593795776,2.596671041,2.598848979,2.618940226,2.612302399,2.595203908,2.498600515,2.480981191,2.471197764,2.462221273,2.459604136,2.469335175,2.470092519,2.481006114,2.47978948,2.486334483
F03,1318,2.47625885,2.500954946,2.513372548,2.534766897,2.537570953,2.540273031,2.442697398,2.49403127,2.504872131,2.483128357,2.49364624,2.536054484,2.536643473,2.539813995,2.538264974,2.553038534
F03,1319,2.576344808,2.576867421,2.576060486,2.584093984,2.582824961,2.57435379,2.572858938,2.576354218,2.575055695,2.576545715,2.577269236,2.579493713,2.578111776,2.528221639,2.523578135,2.525485738
F03,1320,2.328510284,2.330623372,2.318001811,2.280906677,2.287480927,2.289159648,2.289009857,2.294890086,2.300059255,2.299410248,2.303613281,2.329559835,2.331626638,2.329049683,2.328763835,2.389259847
F03,1321,2.617055766,2.616205597,2.48814621,2.376978048,2.373019155,2.371768697,2.360368347,2.355712128,2.351184591,2.346763357,2.342091878,2.357343038,2.362782796,2.377109528,2.381614176,2.411385091
F03,1322,2.401604716,2.415552775,2.40003713,2.404008484,2.404855601,2.403037771,2.412077586,2.404461416,2.407596334,2.411286163,2.411092885,2.42453537,2.425272878,2.419678497,2.422329458,2.422725423
F03,1323,2.469268545,2.472456106,2.445917257,2.398477427,2.403379313,2.397876231,2.421947734,2.416305542,2.411102295,2.414558665,2.417928569,2.428474172,2.430235036,2.430602773,2.429347738,2.444195302
F03,1324,2.359296926,2.362325287,2.347700246,2.353062693,2.348879751,2.338456217,2.327307638,2.324478912,2.323065948,2.326046244,2.329722341,2.344677989,2.343470764,2.342884827,2.342901866,2.340819804
F03,1325,2.235556793,2.231267039,2.21148351,2.184243011,2.190409342,2.196076202,2.211262512,2.215565999,2.217594147,2.217710114,2.222676849,2.263016764,2.263808187,2.269130452,2.267810313,2.339638774
F03,1326,2.168696594,2.163289388,2.188249715,2.213349406,2.212836202,2.213510132,2.221723175,2.221223704,2.217088826,2.215301768,2.216125743,2.230815633,2.232404836,2.24054362,2.243021393,2.259557088
F03,1327,2.281741333,2.293835958,2.278736369,2.292283885,2.291991679,2.293415324,2.288788859,2.288652802,2.287698873,2.286635335,2.282458496,2.266487122,2.258954366,2.256658681,2.252641042,2.238275909
F03,1328,2.391969554,2.395708974,2.419854736,2.395276133,2.399959819,2.406123098,2.427206675,2.430916595,2.431575267,2.428587087,2.419291941,2.426408895,2.429185232,2.415957642,2.415605164,2.401120758
F03,1329,2.427746073,2.42305603,2.425812276,2.440262604,2.437770844,2.435854085,2.442218272,2.443896993,2.437543488,2.434771983,2.4365743,2.382166036,2.380065155,2.371544647,2.36902949,2.401252238
F03,1330,2.380695852,2.378766632,2.369214884,2.362965139,2.365611776,2.369281514,2.375772349,2.375554403,2.378049469,2.380882772,2.378715515,2.351332855,2.348936971,2.34645106,2.340546163,2.380294037
F03,1331,2.417710622,2.420283,2.415464528,2.385378265,2.378774261,2.370264689,2.366404724,2.363104248,2.360561371,2.362289683,2.366270192,2.393852488,2.394129181,2.405007172,2.407154083,2.422824351
F03,1332,2.570421346,2.570574188,2.572242228,2.573140462,2.572959391,2.573741659,2.572484843,2.57176005,2.573063151,2.572518921,2.5721433,2.572016652,2.572308604,2.573701477,2.573613485,2.576114655
F03,1333,2.647703298,2.64779129,2.649306234,2.649751536,2.643682607,2.64260203,2.625483704,2.604990641,2.608159637,2.613961029,2.607408142,2.60007782,2.602701314,2.604049174,2.603553009,2.605697123
F03,1334,2.65152003,2.652878825,2.652254232,2.63511556,2.63312912,2.633430735,2.634622447,2.636672211,2.636431122,2.638558197,2.63819809,2.631836955,2.631666819,2.634954834,2.635270182,2.638658651
F03,1335,2.521764882,2.52276179,2.510483297,2.51697286,2.512095642,2.511149597,2.508000692,2.50773646,2.510330455,2.508277384,2.509874471,2.464120992,2.463405355,2.452074432,2.453397624,2.450953674
F03,1336,2.093121211,2.071159617,2.055936305,2.09893659,2.093983714,2.103666814,2.111266073,2.109016927,2.115421295,2.129955165,2.141624451,2.142621613,2.142893728,2.141663106,2.1367335,2.181933594
F03,1337,2.286403656,2.288745372,2.309355927,2.283971914,2.286361694,2.287663269,2.293212891,2.296083577,2.294653575,2.291795349,2.294259389,2.301994832,2.303191121,2.305123393,2.302597555,2.223236338
F03,1338,2.235524241,2.242214457,2.242211405,2.258444214,2.260821788,2.266355642,2.266522725,2.267447154,2.265119171,2.264530182,2.267680613,2.283583832,2.284409332,2.273837535,2.274443563,2.299795024
F03,1339,2.254534912,2.254486847,2.263740285,2.253981272,2.255167135,2.25622584,2.25805308,2.261197408,2.260555776,2.262237549,2.263022868,2.278897095,2.28406016,2.287701925,2.288635763,2.302143097
F03,1340,2.0793293,2.103431829,2.166547902,2.162576803,2.171927389,2.192539469,2.221655019,2.230692037,2.227516937,2.232723236,2.236890666,2.189939372,2.189827983,2.196660614,2.198923747,2.201540883
F03,1341,2.234216563,2.22449468,2.212714132,2.190205129,2.186387126,2.187940725,2.185029856,2.186008199,2.188220469,2.192615255,2.195036062,2.193029531,2.190938059,2.19282074,2.191454315,2.194116211
F03,1342,2.074647013,2.082501348,2.044427617,2.059164047,2.053076553,2.052873993,2.048326238,2.045098495,2.043058014,2.04260203,2.044925435,2.090572103,2.085585276,2.073575719,2.076016617,2.0881869
F03,1343,2.092354457,2.122463989,2.16443634,2.190849813,2.187373352,2.186632792,2.20835317,2.210229747,2.209860484,2.209331767,2.206861623,2.215009562,2.216179657,2.219705709,2.21709493,2.214952342
F03,1344,2.549068705,2.555585988,2.554656982,2.539580536,2.542127991,2.539895884,2.535306295,2.535106913,2.53083725,2.531426239,2.530999502,2.545952352,2.546015676,2.548097992,2.542364502,2.535788472
F03,1345,2.465396372,2.466217041,2.466442871,2.481613668,2.481494649,2.483213552,2.488503265,2.487636058,2.485297139,2.488633219,2.486003621,2.495801036,2.494334157,2.496277364,2.49596049,2.493908946
F03,1346,2.502993774,2.504131571,2.504706573,2.51133372,2.512595113,2.512545522,2.510328929,2.508911387,2.510282389,2.509588369,2.510222117,2.512631989,2.512442017,2.514063517,2.515855153,2.517113495
F03,1347,2.521415456,2.498466237,2.505754598,2.544340007,2.547934214,2.544459025,2.534292094,2.532638295,2.532953644,2.53522288,2.53460439,2.521248627,2.520446269,2.516748556,2.515805562,2.531137085
F03,1348,2.859297434,2.85891571,2.85148646,2.858285014,2.861593119,2.855672455,2.864876302,2.864551799,2.856768545,2.838084157,2.823338572,2.830271657,2.824599965,2.819166311,2.817172241,2.820222219
F03,1349,2.843267314,2.842415619,2.842873128,2.842545319,2.841110992,2.841015116,2.84124527,2.843344625,2.841005707,2.839453634,2.840704346,2.831066132,2.831336721,2.832205455,2.831673686,2.832683055
F03,1350,2.858728536,2.860585276,2.853491465,2.839762878,2.839438375,2.84008433,2.836153412,2.83899765,2.842676799,2.845001729,2.842018382,2.810067495,2.813190206,2.826566315,2.826042175,2.83896052
F03,1351,2.806869253,2.811415609,2.818826294,2.820155589,2.819597626,2.81984024,2.820089213,2.823347727,2.825581614,2.822993724,2.827418009,2.815951029,2.817716217,2.818336233,2.816996002,2.818317668
F03,1352,2.723397827,2.725973002,2.717727661,2.725379435,2.729975128,2.735283661,2.727721405,2.728250122,2.730114492,2.731003316,2.732140859,2.708174388,2.710354106,2.707282511,2.710360209,2.709579722
F03,1353,2.74766566,2.744019063,2.739947255,2.744062297,2.740366364,2.742947896,2.736005402,2.733349864,2.73702418,2.738944244,2.738616435,2.734586334,2.734399414,2.724578857,2.726079814,2.721363576
F03,1354,2.729686228,2.719941203,2.697372182,2.729491425,2.730006154,2.734121195,2.730615234,2.731875102,2.734591166,2.734538523,2.733748627,2.728342946,2.727682749,2.732224528,2.731201172,2.732083639
F03,1355,2.70876948,2.709842428,2.718400065,2.725931295,2.72306544,2.723810577,2.7214269,2.721575165,2.72052714,2.722164154,2.722782644,2.711816406,2.714466095,2.719250234,2.718559265,2.721864319
F03,1356,2.711674245,2.704425812,2.681147257,2.674784597,2.672334544,2.672663625,2.674339549,2.673269653,2.674141439,2.675120036,2.675279236,2.673441315,2.680918376,2.684286753,2.67440745,2.673200226
F03,1357,2.620142873,2.609207662,2.601275889,2.561028798,2.557611084,2.550739797,2.514384969,2.520896149,2.531265513,2.547836812,2.557354482,2.528693136,2.529237366,2.510246785,2.515278625,2.50582428
F03,1358,2.644670359,2.647873433,2.616112773,2.57973938,2.571180216,2.56154658,2.545531972,2.545314026,2.550410461,2.553005981,2.551656596,2.548051707,2.545586141,2.534505463,2.540668742,2.538020833
F03,1359,2.571752167,2.571118418,2.549197133,2.538594309,2.535811869,2.533496094,2.544635264,2.539101156,2.531536102,2.530848185,2.531246948,2.549968465,2.554887136,2.531205241,2.544690959,2.521078491
F03,1360,2.79654007,2.795898438,2.791890208,2.78526179,2.783868917,2.781284332,2.784912364,2.787527974,2.783901469,2.783738963,2.786370087,2.779450989,2.778090668,2.770168304,2.766767375,2.758733877
F03,1361,2.77825292,2.776087189,2.776999156,2.773536682,2.773040517,2.776411947,2.769531504,2.768778483,2.767970022,2.768724569,2.769095357,2.767744446,2.765309652,2.760547129,2.757902018,2.748571523
F03,1362,2.765012868,2.762071228,2.779766337,2.782602946,2.78096288,2.778099823,2.777498627,2.777042643,2.777028656,2.775988261,2.773847453,2.768259176,2.764085388,2.760580953,2.758672078,2.758350372
F03,1363,2.802027639,2.809259033,2.811772664,2.77078654,2.769007365,2.772239685,2.823983002,2.815810394,2.811180623,2.81418101,2.808665466,2.800961049,2.802806854,2.808470662,2.807090251,2.820638021
F03,1364,1.2640832,1.264290467,1.2642812,1.2645163,1.264326067,1.2643786,1.2643833,1.264299767,1.264253333,1.264268867,1.2641791,1.2641482,1.264026,1.2635714,1.263466233,1.264058533
F03,1365,5.087184133,5.079273467,5.1106074,4.444964067,3.772191867,3.223737567,2.396157567,2.334237133,2.290124233,2.268611367,2.260874667,1.861554433,1.8607957,1.859536233,1.859154,1.853153467
F03,1366,4.924214167,4.954683933,4.964177933,4.982728067,4.9736857,4.9568868,4.957741267,4.969445267,4.987244133,5.031331367,5.0953603,4.936158233,4.9250132,3.903021733,3.048519133,1.727724433
F03,1367,4.703271467,4.738494333,4.4783625,3.9573616,3.038476533,2.021521233,1.370775967,1.369507567,1.3701538,1.370002333,1.369796867,1.364390167,1.363692967,1.3627019,1.3621742,1.3599131
F03,1368,4.4372111,4.302263867,2.807292933,2.0100376,2.052700533,2.0530633,2.067173867,2.0826712,2.0995225,2.1206005,2.127488567,1.4406358,1.4405623,1.440158967,1.440034467,1.438587567
F03,1369,1.414038567,1.413948567,1.4136112,1.413128533,1.413167433,1.4131884,1.412761167,1.412725167,1.4128676,1.412939567,1.412726567,1.4126592,1.412624733,1.412560267,1.4126082,1.411780533
F03,1370,1.7485205,1.7779425,1.7633597,1.8574267,1.850779967,1.827052667,1.774581,1.766378,1.7714218,1.773204533,1.7712659,3.1178258,3.445064267,4.573242167,4.5856196,1.8708744
F03,1371,1.8447001,1.8274574,1.7682102,1.705725833,1.716416267,1.732559833,1.730843067,1.747572933,1.831741067,2.0481604,2.426476267,2.5433815,2.102581267,1.457038733,1.450972333,1.448771267
F03,1372,0.0456289,0.0457105,0.04573973333,0.04577053333,0.04574896667,0.04573513333,0.04565816667,0.045515,0.04568893333,0.04572126667,0.04568123333,0.0456474,0.0456951,0.04563813333,0.0456289,0.0454365
F03,1373,0.5888949667,0.5895399667,0.5919228,0.5923523333,0.5928049,0.5906051333,0.5946305333,0.5935560667,0.5909622667,0.5860118,0.5872848333,0.5893629667,0.587037,0.5908468667,0.5904066,0.5831286667
F03,1374,2.5649185,2.562103,2.5628466,2.5657005,2.5609469,2.5614657,2.563883967,2.565649667,2.5652664,2.562029233,2.563668567,2.5642672,2.571168233,2.5653048,2.565612767,2.563529967
F03,1375,0.5189461667,0.5189323,0.5188368667,0.5182858,0.5182211333,0.5181811,0.5182935,0.5182427,0.5181611,0.5179948667,0.5180487333,0.5177454667,0.5177470333,0.5177147,0.5176315667,0.5173252667
F03,1376,0.3610798667,0.3609182333,0.3609675,0.3608351,0.3608335667,0.3608289667,0.3607966333,0.3606934667,0.3607766,0.360832,0.3608782,0.3603702,0.3603209667,0.360244,0.3601747333,0.3594374
F03,1377,0.1774666333,0.1774712667,0.1774435667,0.1774604667,0.1774281333,0.1774497,0.1774173667,0.1774235333,0.1773342667,0.1773327333,0.1773327333,0.1772018667,0.1771957333,0.1770833333,0.1771418333,0.1770017667
F03,1378,0.003864566667,0.003790366667,0.003437933333,0.0032215,0.0031334,0.003094733333,0.0032076,0.0030391,0.002946333333,0.0029587,0.002878333333,0.002592366667,0.002510433333,0.002454766667,0.0024764,0.0019462
F03,1379,0.5422844333,0.5826757333,0.0103621,0.0103666,0.01042356667,0.01043556667,0.0103261,0.01026013333,0.0103036,0.0103051,0.01028563333,0.01021963333,0.01026913333,0.01022413333,0.01024213333,0.009954266667
F03,1380,0.2094772333,0.2254724333,0.2516588,0.2285296333,0.2222188333,0.2095642333,0.0558542,0.0084819,0.0049014,0.0101192,0.07928773333,0.3248546,0.3189831333,0.3223881667,0.3236686333,-0.0138316
F03,1381,0.4112253333,0.4253028333,0.4367609333,0.4350606667,0.4355869333,0.4343889333,0.4224165333,0.4174521667,0.4162796667,0.4137652667,0.4080556667,0.3240809667,0.3221018,0.3338538,0.3353111667,0.3333125333
F03,1382,0.4318505333,0.4302912,0.4340756,0.3951656333,0.3911938667,0.3838335,0.3146199667,0.3035232,0.2941552,0.2853419333,0.2883601667,0.3592199667,0.3578735667,0.3599726667,0.3596308,0.3593969333
F03,1383,0.4395257667,0.4380369,0.4156034667,0.4243087667,0.4142765333,0.4000596,0.3529286667,0.3350323,0.3186142667,0.3111864667,0.3178256333,0.3821407,0.3818423333,0.3809877,0.3806248333,0.3824570667
F03,1384,0.4303961667,0.4341055667,0.4717590333,0.4633836,0.4640178333,0.4684319667,0.4778674333,0.4497004333,0.4269101333,0.4254257667,0.4238214667,0.3691187667,0.3647871333,0.3746694,0.3774447333,0.3875654
F03,1385,0.5164745,0.5172421667,0.5183187,0.5118609667,0.5053747,0.5007941667,0.4956633333,0.4727846,0.4191584333,0.3826985,0.3825050667,0.5152195,0.4978959,0.5243971,0.5134413,0.5172571667
F03,1386,0.5199515333,0.5198435667,0.5271769333,0.5360231333,0.5343858,0.5322162667,0.5276282333,0.5256340667,0.5247719667,0.5242831667,0.5251603,0.5242651667,0.5231361667,0.5299237333,0.5275997333,0.5333063333
F03,1387,0.5251453,0.5255531,0.5247239667,0.5267031333,0.5254901333,0.5248963667,0.5164849667,0.5225004,0.5178778667,0.5167638667,0.508192,0.5130949333,0.5155314,0.5168148667,0.5150006,0.5169768
F03,1388,0.4787070667,0.4849114333,0.4860179667,0.4995482,0.4980263667,0.4994147333,0.5005332667,0.5008391667,0.5015768333,0.5021825667,0.5028138,0.5128235333,0.5126301333,0.5043311667,0.5041002333,0.5167593333
F03,1389,0.5334922,0.5350845333,0.5365524,0.5337666,0.5343708667,0.5343888333,0.5335657,0.5335117333,0.5340304667,0.533966,0.5334292667,0.5342449,0.5340469667,0.533912,0.5342433667,0.5306254667
F03,1390,0.53287,0.5330694,0.5352419333,0.5336391333,0.5332058333,0.532912,0.5314396,0.5309163333,0.5304185333,0.5297318333,0.5292415333,0.5325101333,0.5326630667,0.5310782667,0.5306149667,0.531711
F03,1391,0.4280286667,0.4287363667,0.4279132,0.2975437667,0.3289673667,0.3529661333,0.4148178,0.4272984667,0.4343544667,0.4395917333,0.4418467667,0.3784313,0.3807508,0.4123573333,0.4088938333,0.4109854333
F03,1392,0.4012351,0.4012485667,0.4018798,0.4006188667,0.4009367,0.4007328,0.3989755333,0.3997057333,0.3996682333,0.4000146,0.4007792667,0.4005318667,0.4003879333,0.4009802,0.4012440667,0.4025605
F03,1393,0.4070391333,0.4073569667,0.4076613333,0.4071905333,0.4070586,0.4071320667,0.4063614,0.4068577,0.4069536333,0.4060105333,0.4057241667,0.4058186333,0.4059625667,0.4052114,0.4050224667,0.4068052
F03,1394,0.4134788667,0.4136797667,0.4129346,0.4134938667,0.4140891,0.4143455,0.4139017,0.4140846,0.4141371,0.4145149,0.4145329,0.4142720333,0.4148132667,0.4133199333,0.4132869667,0.4149077667
F03,1395,0.4180189333,0.4177340333,0.4167699667,0.4157579,0.4160472667,0.4158628667,0.4155195,0.4156484333,0.4157533667,0.4159887667,0.4159348333,0.4172422667,0.4175391333,0.4169274,0.4167624667,0.4183952667
F03,1396,0.4279642,0.4276448333,0.4212230667,0.4189995,0.4186127,0.4179334667,0.4160367667,0.4164131,0.4158523333,0.4152091333,0.4177910333,0.4166065333,0.4180834,0.4187626,0.4181329,0.4209501667
F03,1397,0.4235470667,0.4228109,0.422505,0.4207477667,0.4204913667,0.4207252667,0.4211226,0.4211361,0.4211256333,0.4209906667,0.4208782,0.4223056,0.4222726,0.4223940667,0.422568,0.4210296333
F03,1398,0.4097454667,0.4093961,0.4106870333,0.4094366,0.40963,0.4100888,0.4094261,0.4108849667,0.4104171667,0.4096225,0.4095280333,0.4100093333,0.4099358667,0.4106645667,0.4105041333,0.4106540667
F03,1399,0.4205873333,0.4210596333,0.4188705667,0.4172962333,0.4177340333,0.4185182,0.4185242333,0.4189995,0.4191359667,0.4191854333,0.4197267,0.4211016333,0.4210296333,0.4186261667,0.4195227667,0.4208107333
F03,1400,0.4203864333,0.42019,0.4201435333,0.4202184667,0.4207537333,0.4208617,0.4208962,0.4208122333,0.4204479,0.4202425,0.4205798333,0.4215304333,0.4205873333,0.4171028333,0.4173682,0.4095985333
F03,1401,0.4139136667,0.4142765333,0.4139361667,0.4172032667,0.4173802,0.4177910333,0.4191149667,0.419043,0.4191359667,0.4193174,0.4191989333,0.4185017,0.4184687333,0.4197267,0.4205408667,0.4210056333
F03,1402,0.3995558,0.4007658,0.4029263667,0.4039414333,0.4038079667,0.4038904333,0.4026429667,0.4026504667,0.403736,0.4045381667,0.4046461333,0.4233686667,0.4225784667,0.4231857,0.4206038333,0.4207567667
F03,1403,0.4083015667,0.4089553,0.4105671,0.4070735667,0.4070331,0.4063434,0.4072325333,0.4075743667,0.4080946333,0.4087139,0.4086014333,0.4058816,0.4045681333,0.3574237333,0.3313588667,0.3612576
F03,1404,0.4747787667,0.4744714,0.4744459,0.4740890333,0.4738776333,0.4735163,0.4734937667,0.4733093667,0.4733543667,0.4737757,0.4737456667,0.4731774,0.4733903333,0.4717860333,0.4720949,0.4724262333
F03,1405,0.4769648,0.4766334667,0.4766784667,0.4763725667,0.4768898333,0.4765929667,0.4762751,0.4766919333,0.4769138333,0.4771897,0.4774461333,0.4777999667,0.4774611,0.476512,0.4764250667,0.4779814
F03,1406,0.491807,0.4936317333,0.4980833333,0.5026204,0.5024089667,0.5021795667,0.5017327667,0.5017058,0.5022395667,0.5030851667,0.5030372,0.4839938333,0.4844436,0.4859894667,0.4856911,0.4677797
F03,1407,0.5180248,0.5175600333,0.5156963333,0.5007521667,0.4987250333,0.4974640667,0.4949826333,0.4953649667,0.4957608,0.4961401333,0.4961386667,0.4909688333,0.4885713667,0.4899163,0.4885728667,0.4909763333
F03,1408,0.4874753333,0.4866836667,0.4926856333,0.4960906667,0.4969378,0.4967084,0.4971942,0.4972646667,0.4974086,0.4981628,0.4990294333,0.4978194333,0.4975375667,0.4974895667,0.4980098667,0.4952975
F03,1409,0.5295219333,0.5313946333,0.5312582,0.5310288,0.5308173667,0.5302221,0.5297633333,0.5291006,0.5283284333,0.5279940667,0.5279056,0.51529,0.5142359333,0.5121188333,0.5118384667,0.4958657667
F03,1410,0.4697169,0.4693975333,0.470678,0.4742179667,0.4741775,0.4739211333,0.4742524667,0.4739766,0.4741595,0.4743259333,0.4740830667,0.4680496,0.4678637,0.4678682,0.4685668667,0.4645846
F03,1411,0.4140681,0.4140396333,0.4139316667,0.4160937333,0.4158748333,0.4158223667,0.4160997667,0.4160397667,0.4160787333,0.4158358667,0.4159783,0.4170968333,0.4172797333,0.416638,0.4167819333,0.4160067667
F03,1412,0.3925522667,0.3928536667,0.3931445333,0.3905551333,0.3900963333,0.3900093667,0.3912583333,0.3911908667,0.3917156333,0.3919915,0.3922479,0.3939451667,0.3940366667,0.3917141333,0.3911519,0.3899658667
F03,1413,0.3808047667,0.3813640333,0.3844932,0.3854858,0.3847631,0.3850974667,0.3864079,0.3867527333,0.3870556333,0.3870016667,0.3865683333,0.3883420667,0.3882116,0.3875699,0.3874349333,0.3905191667
F03,1414,0.5113751667,0.5109838333,0.5095819333,0.5082175,0.5080735667,0.5077647,0.5074648333,0.5070839667,0.507009,0.5072744,0.5074483333,0.5080465667,0.5079656,0.5077317,0.5070405,0.5065727
F03,1415,0.5033580667,0.5032711333,0.502346,0.5042771667,0.5043776333,0.5050943333,0.5050883333,0.5052397667,0.5053162333,0.5051813,0.5048739333,0.5012979333,0.5017072667,0.5015063667,0.5009800667,0.5046370333
F03,1416,0.4912702,0.4923257667,0.4913661667,0.4879761333,0.4881140667,0.488267,0.4873089,0.4871919333,0.4870195333,0.4870165333,0.4875773,0.4892641,0.4890316667,0.4892071,0.4893630333,0.4877722333
F03,1417,0.5171402,0.5172961333,0.5164235,0.5162945667,0.5161896,0.516413,0.5167278667,0.5172136667,0.5174760667,0.5169287667,0.5167518667,0.5135312333,0.5138386,0.5133708,0.5134112667,0.5153679667
F03,1418,0.4991358667,0.4991328667,0.4977309667,0.4967354,0.4965,0.4967668667,0.4970877333,0.4972212,0.4973531333,0.4971747,0.4969648,0.4955854,0.4952855333,0.4957473333,0.4958897333,0.4954879333
F03,1419,0.4942689333,0.4938896,0.493026,0.4927860667,0.4927710667,0.4924712,0.4926241333,0.4924277,0.4927006333,0.4933408333,0.4936212,0.4935597667,0.4932853667,0.4927291,0.4929285333,0.4936302
F03,1420,0.4929585,0.4929704667,0.4917215333,0.4912627333,0.4909943333,0.4909883333,0.4910528,0.4914441667,0.491807,0.4916930333,0.4916465667,0.4908803667,0.4908908667,0.4906944667,0.4905175333,0.4891321333
F03,1421,0.6466849333,0.6548190333,0.6493568333,0.6541968,0.6542327667,0.6528848333,0.6517258,0.6492909,0.6483462333,0.6507917333,0.6575148667,0.67245,0.6700060333,0.6695592,0.6669308667,0.6646398333
F03,1422,0.9741904333,0.9744423333,0.9794307,0.9735637333,0.9752684667,0.9760241667,0.9698258,0.9700312,0.9689142,0.9690521667,0.9776479667,0.9781802333,0.9779823,0.9782911667,0.9792088,0.9817532
F03,1423,0.9999719333,1.001388867,1.0004098,1.0058959,1.005576567,1.005440133,1.0088347,1.0069245,1.0060084,1.0075572,1.0074553,1.003141633,1.004252667,1.003300533,1.0008656,1.006867533
F03,1424,1.229921467,1.229134367,1.2308001,1.228899,1.232591867,1.2321346,1.231049067,1.2310281,1.230723667,1.229803067,1.2290054,1.230668233,1.229566167,1.229837533,1.226766833,1.2365022
F03,1425,0.4750336333,0.4483615,0.2680768,0.4369573667,0.4491981333,0.4576305667,0.4653537667,0.4632591333,0.4607042333,0.4575586,0.4567534333,0.4360217667,0.4363591,0.4325747333,0.4311968,0.4321684
F03,1426,0.4352735667,0.4415079333,0.4646295667,0.4510528333,0.4399845667,0.4315626667,0.4272624667,0.4304696333,0.4347008333,0.4425619667,0.4527051333,0.4813879,0.4778734333,0.4829937333,0.4842937,0.4618797333
F03,1427,0.5476207,0.5439832667,0.5571971,0.5811988667,0.5902340333,0.5937005667,0.5488171667,0.5329044667,0.5246445333,0.524649,0.5294889333,0.5324936667,0.5321128333,0.5283644333,0.5312567,0.5505354333
F03,1428,0.4879206333,0.4904635667,0.4928625667,0.4972466667,0.4965914667,0.4961191667,0.4932868333,0.4936647,0.4941864667,0.4953889667,0.4959842333,0.4911397667,0.4904605667,0.4876642667,0.488264,0.4810940667
F03,1429,0.5004043333,0.5008811,0.5005797667,0.4976874667,0.4967908667,0.4951595667,0.4953484667,0.4955224333,0.4977444333,0.4999005333,0.4991134,0.4914756333,0.4816638,0.4463823333,0.4486868667,0.4944488667
F03,1430,0.3442578333,0.3389666,0.4050644333,0.4326542,0.4194103333,0.4016789,0.3632922333,0.3595753333,0.3557324667,0.3567280333,0.3672970333,0.3947968333,0.4075518667,0.4636819667,0.4703181333,0.4785796333
F03,1431,0.4991073667,0.4979918667,0.4952855333,0.4806967333,0.4802559,0.4802514333,0.4762661,0.4764340667,0.4764655333,0.4759707333,0.4753425,0.4720934,0.4735342667,0.489414,0.4884559,0.5223505
F03,1432,0.525856,0.5243551333,0.5126436,0.5086808,0.5088727,0.5090361333,0.5095534333,0.5091980667,0.5093585,0.5096254,0.5093345,0.5046550333,0.5052787667,0.503508,0.5037104,0.5054107
F03,1433,0.5234165333,0.5222635,0.5178059,0.5128175667,0.5125611333,0.5123917,0.510576,0.5103421,0.5100377333,0.5096374,0.5095294333,0.5130094667,0.5129465,0.5124937,0.5121818,0.5121488333
F03,1434,0.328615,0.3277709,0.3259356667,0.3322584667,0.3324039,0.3313813333,0.3272506,0.3264634333,0.3249190667,0.3237900667,0.3226535667,0.3264994,0.3261995333,0.3255218333,0.3250360333,0.3261665333
F03,1435,0.542244,0.5419441,0.528219,0.5270045,0.5271994,0.5285323667,0.5281005333,0.5267016333,0.5265322,0.5273823333,0.5279760667,0.5265262,0.5269250333,0.5254886333,0.5280630667,0.5540799333
F03,1436,0.5251378,0.5251063333,0.5267826,0.5245965,0.5245935333,0.5245425333,0.5248769,0.5243491333,0.5242831667,0.5249848667,0.5254286667,0.5261168667,0.5254376667,0.5255576333,0.5247734667,0.5247599333
F05,1437,2.559799957,2.560085805,2.562857564,2.55943044,2.557788849,2.557864634,2.558700816,2.556839752,2.554122162,2.549606832,2.550897471,2.539394887,2.540503438,2.538147481,2.538383993,2.558580271
F05,1438,2.692983754,2.692501322,2.69193395,2.693983714,2.694713338,2.694860331,2.694064077,2.696147919,2.695477041,2.695718129,2.694908142,2.69500707,2.693652852,2.697137197,2.695936076,2.696382904
F05,1439,2.698019918,2.698284149,2.69705073,2.698067729,2.699094391,2.700117493,2.699530284,2.701343536,2.699726613,2.699571991,2.701018778,2.699695587,2.701794942,2.700576782,2.701380666,2.693881734
F05,1440,2.699086507,2.69695638,2.698088074,2.697078451,2.696863556,2.696522013,2.698570251,2.697041321,2.698336792,2.697325897,2.697441864,2.698233287,2.697146606,2.69696401,2.697811127,2.696617889
F05,1441,2.695900726,2.696208191,2.696143341,2.695707448,2.697347514,2.697808075,2.698910268,2.698636627,2.699098969,2.700879669,2.69577535,2.69340566,2.694702657,2.696212769,2.694526418,2.693220266
F05,1442,2.697073873,2.69792099,2.696112315,2.698321279,2.699902852,2.699953715,2.699910482,2.697392273,2.700079091,2.699915059,2.698469798,2.697090912,2.697304281,2.691739146,2.693512217,2.692617289
F05,1443,2.699946086,2.700510152,2.698938243,2.698843892,2.702020518,2.700559743,2.70167745,2.703390249,2.702289581,2.701232147,2.70102183,2.702654266,2.701133219,2.704041036,2.701580048,2.703564707
F05,1444,2.698425039,2.694920603,2.697474162,2.697514343,2.697444916,2.698262533,2.696911621,2.697446442,2.695704397,2.695925395,2.696857452,2.698990631,2.696942393,2.696539052,2.69743398,2.702102407
F05,1445,2.699333954,2.698854574,2.697005971,2.695319366,2.694787598,2.694784546,2.69535497,2.695529683,2.693748728,2.693130493,2.693105825,2.692626444,2.692215474,2.69102656,2.692386882,2.69581248
F05,1446,3.864583842,3.861209361,3.862251027,3.852421316,3.857339986,3.854126231,3.851447296,3.85289739,3.852574158,3.855950419,3.856802114,3.867857869,3.868762207,3.866409302,3.864137014,3.860255432
F05,1447,3.813331858,3.816425069,3.820448812,3.812892914,3.809181468,3.810305278,3.814200592,3.811476898,3.81068395,3.814593252,3.813228353,3.811810811,3.803518931,3.81166865,3.806932068,3.809436544
F05,1448,3.793673706,3.791746012,3.796347809,3.793435669,3.796717326,3.795704905,3.800450643,3.796916707,3.795344798,3.797711436,3.79588267,3.788026683,3.794230143,3.791421254,3.794913483,3.794329071
F05,1449,3.803322601,3.799357605,3.804401652,3.80837911,3.809141286,3.803070831,3.793096924,3.802217356,3.800905101,3.803237661,3.802690379,3.796930695,3.794236247,3.79985377,3.793539174,3.793328857
F05,1450,3.801164754,3.80517451,3.799785868,3.812127686,3.806417338,3.800937398,3.806044769,3.802829488,3.803869883,3.80514679,3.803654989,3.79891866,3.799220022,3.797957102,3.799357605,3.792184957
F05,1451,3.799411774,3.796762085,3.804546865,3.801923625,3.810220083,3.822885132,3.805904134,3.804639689,3.807165527,3.792832692,3.793996684,3.793783315,3.772455597,3.785578156,3.806043243,3.780903625
F05,1452,3.79710083,3.795905813,3.79630305,3.790659332,3.789697774,3.789410146,3.792475637,3.791578929,3.792375183,3.786805471,3.787824249,3.800351715,3.801259104,3.801019287,3.799149068,3.772053782
F05,1453,3.796072642,3.795995585,3.793444824,3.794772847,3.793899282,3.793460337,3.794350688,3.802460225,3.796182505,3.790983836,3.793223826,3.777170308,3.782806396,3.778441111,3.784236399,3.793308767
F05,1454,2.696927134,2.696897634,2.696216075,2.700721995,2.702218374,2.702593994,2.70060908,2.699125163,2.698775736,2.698978424,2.698693848,2.703529358,2.701467133,2.690722148,2.691283162,2.703076426
F05,1455,2.701736196,2.701896922,2.700059001,2.692564646,2.691637166,2.694988505,2.692805735,2.693872579,2.692660522,2.696263885,2.698035431,2.693669891,2.694367218,2.693487549,2.695435333,2.694509379
F05,1456,2.695303853,2.693121084,2.695041148,2.699180857,2.700360362,2.699344635,2.702410126,2.701847331,2.701345062,2.70127538,2.700555166,2.69788386,2.694748942,2.695501709,2.694972992,2.710004679
F05,1457,2.700952403,2.701062012,2.699613698,2.705834198,2.704645284,2.703652954,2.695984141,2.698505402,2.700723521,2.705829366,2.711038971,2.700568899,2.699969228,2.706610107,2.708604177,2.70775706
F05,1458,2.693745677,2.695512644,2.703676097,2.708056895,2.709741974,2.714595795,2.70348587,2.702581787,2.701389821,2.699318441,2.697492727,2.716815694,2.703858439,2.702312724,2.704700979,2.698996989
F05,1459,2.701015727,2.699267324,2.697947184,2.698380025,2.699227142,2.699437459,2.700686391,2.700756073,2.70192159,2.702414703,2.700927734,2.703062439,2.704068756,2.69885788,2.698060099,2.703731791
F05,1460,2.695611572,2.695741272,2.693904877,2.698016866,2.70100174,2.703901927,2.703131866,2.7038709,2.704597473,2.705112203,2.703733317,2.701378886,2.703028361,2.697370656,2.696987406,2.702457937
F05,1461,2.692584737,2.702847544,2.694741313,2.708413951,2.708205414,2.703450521,2.697941081,2.696490987,2.701992798,2.714617411,2.717500559,2.704053243,2.703676097,2.692810567,2.688180796,2.701878357
F05,1462,2.695214335,2.719061788,2.708145142,2.702162679,2.705106099,2.705552673,2.706257629,2.70717748,2.705062612,2.703946686,2.705592855,2.700371043,2.698839315,2.700836436,2.704093424,2.699384816
F05,1463,2.702257029,2.702085368,2.696619415,2.695283763,2.696375275,2.700466919,2.697333527,2.700896708,2.70030009,2.700403595,2.699459076,2.700664775,2.697718557,2.704129028,2.703696187,2.693719482
F05,1464,2.701062012,2.695231374,2.697562408,2.70301768,2.703740946,2.703186035,2.703002167,2.703575643,2.704231008,2.702612559,2.702884674,2.70128479,2.702009837,2.702495066,2.706253052,2.695801799
F05,1465,1.869446309,1.870282618,1.872602844,1.870310465,1.870718511,1.870608775,1.869667435,1.869260788,1.869443258,1.86909078,1.868410619,1.870859273,1.870158895,1.874713008,1.86869812,1.86694514
F05,1466,1.871072515,1.870239385,1.8689888,1.867543411,1.867914454,1.867976252,1.867350133,1.866833878,1.867000834,1.867258962,1.867493947,1.870141983,1.870104853,1.868282318,1.867837143,1.865093231
F05,1467,1.873230489,1.873600006,1.872630692,1.868450801,1.868030294,1.868869781,1.86911087,1.868979518,1.869135666,1.869423167,1.868665695,1.869123205,1.869477208,1.869636408,1.869956462,1.868486404
F05,1468,1.872193273,1.871404902,1.868636322,1.867602158,1.868016434,1.868480174,1.869692103,1.870695368,1.871763484,1.872064972,1.872779083,1.867982483,1.867860285,1.868971761,1.868582153,1.873338699
F05,1469,1.871523921,1.87284406,1.871738815,1.868385951,1.867945353,1.867595927,1.86873525,1.868940862,1.869322713,1.87003835,1.871279653,1.867336273,1.867753601,1.867390442,1.868025716,1.866622162
F05,1470,1.870092519,1.868746058,1.868475596,1.868161774,1.868143209,1.868187968,1.869471105,1.869171143,1.870387777,1.87078654,1.87187322,1.869451014,1.869846725,1.871992366,1.871922684,1.869461823
F05,1471,1.869667435,1.870466614,1.868085988,1.866241837,1.865932719,1.867591349,1.867368698,1.867371877,1.867201742,1.867663956,1.867605209,1.868133926,1.868421427,1.867688751,1.867557271,1.865100988
F05,1472,3.099654897,3.099197388,3.097472127,3.133426666,3.105212148,3.095601654,3.084459432,3.086050161,3.097218577,3.105448659,3.105743917,3.100188192,3.099503326,3.10063502,3.10232137,3.104227448
F05,1473,3.101489766,3.101094055,3.098263804,3.093315379,3.098984019,3.111290232,3.119574483,3.108305359,3.109118398,3.118330129,3.116218567,3.09951884,3.101639811,3.10101064,3.099930064,3.100730896
F05,1474,3.100894674,3.100586955,3.102217865,3.100914764,3.101387787,3.101628876,3.100696818,3.102075704,3.101192983,3.100596364,3.102214813,3.100378418,3.099885305,3.098654683,3.096603394,3.104394531
F05,1475,3.100775655,3.100182088,3.100769552,3.097719574,3.098759969,3.104600016,3.096305084,3.095332845,3.092629242,3.093182627,3.095236969,3.095114899,3.096533966,3.090076955,3.09752477,3.104957072
F05,1476,3.103351084,3.104671224,3.099838765,3.097702535,3.096745555,3.096485901,3.097931417,3.099746195,3.100262451,3.100138855,3.100661214,3.095719147,3.098192596,3.098055013,3.097616069,3.096541595
F05,1477,3.099194336,3.099217478,3.099245199,3.101780446,3.10159963,3.103122203,3.103824107,3.104066722,3.102956899,3.104202779,3.103624725,3.094615428,3.095745595,3.099733734,3.100347392,3.096552531
N01,1478,2.855275218,2.856060537,2.856570689,2.856791687,2.858421071,2.85390269,2.854406484,2.85568339,2.853874715,2.859433492,2.855422211,2.857710012,2.852628835,2.854576619,2.856377411,2.857498169
N01,1479,2.855184174,2.856334178,2.854414368,2.855848694,2.857408396,2.855256653,2.856159465,2.85708847,2.854309082,2.854204051,2.857626597,2.855953979,2.852985891,2.856607819,2.856584676,2.854250336
N01,1480,2.863231659,2.855624644,2.855380503,2.85647939,2.856604767,2.85180486,2.855363464,2.858781179,2.855762227,2.859356181,2.854776001,2.854984538,2.857422384,2.856753031,2.856080627,2.854123688
N01,1481,3.946537272,3.953340403,3.945965322,3.947707367,3.953179677,3.947801717,3.947147878,3.949144999,3.944724019,3.949446615,3.955266571,3.945594279,3.952862803,3.943100993,3.936569722,3.943671417
N01,1482,3.94791158,3.948920949,3.953810374,3.954578654,3.944623566,3.928709157,3.952221171,3.93881429,3.925948334,3.944648234,3.951296997,3.952818044,3.954255676,3.946872711,3.942156474,3.949468231
N01,1483,3.949146525,3.952780914,3.94773229,3.947803243,3.954873912,3.948812866,3.946164703,3.951279958,3.948692067,3.947435506,3.948699951,3.949362946,3.945980835,3.949712372,3.951431274,3.944352976
N01,1484,2.821922557,2.822955068,2.822115835,2.823649343,2.820613098,2.819676463,2.8200737,2.822523753,2.822815959,2.821346029,2.820579274,2.821529897,2.821726227,2.822996775,2.822550201,2.817166138
N01,1485,2.819860331,2.820970408,2.820257568,2.820092265,2.820050557,2.819563548,2.820566813,2.819861857,2.819964091,2.819881948,2.81875356,2.818184662,2.818988546,2.820079803,2.819616191,2.820546722
N01,1486,1.984256363,1.984389369,1.983959579,1.984325918,1.984197617,1.984121831,1.984993744,1.985080338,1.984086355,1.982874425,1.983135605,1.984636688,1.983497365,1.984751002,1.981758372,1.982099915
N01,1487,1.984154383,1.984594854,1.98422699,1.984384664,1.983361308,1.982984161,1.984666061,1.983267085,1.983177439,1.984395472,1.983418528,1.984151204,1.984563955,1.983950297,1.984248606,1.970903524
N01,1488,1.983920924,1.984684626,1.983588537,1.983399963,1.981204859,1.981020991,1.980575816,1.980996195,1.986516317,1.990136719,1.98717804,1.983897781,1.983761724,1.984577942,1.98474172,1.983944066
N01,1489,3.187596893,3.187918599,3.187261454,3.187924703,3.187361908,3.187007904,3.196408081,3.184506989,3.180660756,3.183059947,3.184701538,3.191697947,3.195865631,3.188072968,3.187822723,3.185692596
N01,1490,3.184956614,3.184630585,3.183257802,3.184431203,3.190265147,3.200839996,3.174462128,3.17795105,3.180592855,3.17990036,3.180917358,3.184075673,3.18275706,3.184497579,3.18230718,3.183463542
