serial,type,cycle,value_min,value_median,value_std_overall,rolling_mean_last15,rolling_std_last15,rolling_slope_last15,delta_from_roll_mean,diff1_mean,diff1_max,diff1_min,diff1_std,diff2_mean,diff2_max,diff2_min,diff2_std,num_peaks,mean_peak_prominence,mean_peak_width,zero_crossing_rate,lag1_autocorr,std_roll_mean15_series,range_roll_mean15_series,std_roll_std15_series,severity_score,severity_weighted_delta,severity_weighted_std,risk_weighted_trend
SN 063,F05,7,2.693849182126667,2.698181406655,0.0028281268078359685,2.7001242234953335,0.0035995694973905003,-0.0007084746586785881,-0.005164964465333544,3.19467741047228e-07,0.005705769856666265,-0.009007517496665951,0.002018528920387085,-1.595815024999873e-05,0.014713287353332216,-0.009896341959998889,0.00342291029168634,34.0,0.0025758930282352107,2.338474614959891,24.0,0.7436510070823622,0.0022750110882953246,0.007588941785777514,0.0005539399670844861,3,-0.020659857861334174,0.00899892374347625,-0.0028338986347143523
SN 020,F02,246,2.81869939168,2.8350442250550003,0.002339267034982281,2.8341906060095554,0.001578609366474028,-9.719303630961739e-06,-0.0005197991262222423,-2.1322371212122493e-05,0.01450602213666663,-0.0157104492200002,0.002950313940404433,-6.942749027782913e-06,0.03021647135666683,-0.015968577066665546,0.004297138581363056,18.0,0.003955742165370301,3.850195535657825,41.0,0.20923931008567084,0.0004996210115298923,0.0019885253913329848,0.0017052487505854611,2,-0.001559397378666727,0.003157218732948056,-2.9157910892885217e-05
SN 004,F01,79,1.1064806620266665,1.1169891993183334,0.004822891038804598,1.1232054816335555,0.0036786048063176474,0.0008000451042857078,0.005120807223110813,0.00017269859628098928,0.003702290853333512,-0.0025553385399998962,0.0011105253676220524,1.2443330527772689e-05,0.003785832719999993,-0.0037687937399999427,0.0015611287122150696,6.0,0.004999711777777731,5.920224430220599,9.0,0.9726452970611489,0.003283634931922314,0.012488123575555399,0.0010545406165570308,1,0.010241614446221625,0.005517907209476472,0.0016000902085714155
SN 041,N01,202,2.57209396362,2.577278645833333,0.0015374213120439542,2.5768547736255556,0.0019820405003453446,9.93265424761921e-05,0.0010451592344442595,-1.6603916528962708e-06,0.00615107218333355,-0.007554372153333322,0.001979072376000385,-2.926720499996094e-06,0.011707814536666472,-0.009309387206667186,0.003108667864663712,29.0,0.0028014259774713193,1.9239995380754424,48.0,0.17678375253825096,0.0004435791527119152,0.001879136828222272,0.0004767715050117014,0,0.0010451592344442595,0.0019820405003453446,9.93265424761921e-05
SN 029,F04,7,2.28262863159,2.295799891153333,0.004585276877088492,2.3003702969006663,0.001044753592988672,0.00019051233917857075,0.0024205356160003078,8.388340636363505e-05,0.0031224568666665675,-0.0033388773600000476,0.0011224353101950326,3.9672851388875925e-06,0.003665161133332706,-0.0033762613933330243,0.0012001409561338647,8.0,0.0039057413737499935,5.139215018099495,9.0,0.9699479629582299,0.0038358276427704545,0.013277910020888406,0.0012778659448851053,2,0.007261606848000923,0.002089507185977344,0.0005715370175357122
SN 045,N02,60,2.915538,2.9692643333333333,0.0318569177612371,3.0235265911111115,0.02102349047194478,0.0041654523809523895,0.01577950888888857,0.0006052399449035803,0.01897966666666706,-0.02523703333333316,0.007863297230598247,-9.401111111110676e-06,0.019682333333333357,-0.023718533333333625,0.007762791542284437,11.0,0.024201487878788053,4.797805903778845,5.0,0.9693867700964701,0.025358087068882585,0.09385226888888942,0.005839231990370049,0,0.01577950888888857,0.02102349047194478,0.0041654523809523895
SN 045,N02,33,3.0910962333333334,3.127912133333333,0.018333958703748696,3.126184606666667,0.01343252187885899,0.0018157351190475962,0.015578159999999563,0.00023832920110192752,0.03728536666666615,-0.019621800000000356,0.010030496701611007,-5.947749999999733e-05,0.04449436666666573,-0.030395533333333002,0.015217102209738499,24.0,0.017404294444444485,2.8685592368597423,17.0,0.8507967285918785,0.012666503987947575,0.04376797333333293,0.004205809433949358,0,0.015578159999999563,0.01343252187885899,0.0018157351190475962
SN 027,F03,100,3.275741577146667,3.295787811278333,0.0050600733615518345,3.2970302157917777,0.004257346449368784,-0.0007830165681071389,-0.01050499810177774,6.497595920110027e-05,0.016143035889999435,-0.005772145589999944,0.0027373203863494677,-1.1246999111110453e-05,0.01906458536999933,-0.013597106936665604,0.003849843475724633,19.0,0.005504742003157876,5.2949390455111285,16.0,0.8464826005866889,0.0036395174426372755,0.012262285020888442,0.001023724869440752,3,-0.04201999240711096,0.01064336612342196,-0.0031320662724285556
SN 045,F06,3,2.1693929,2.8064155333333334,0.4017700668874255,,,,,0.244288375,0.45048013333333303,0.031136300000000006,0.17839126062386598,-0.13978127777777768,0.12245206666666641,-0.2778582666666667,0.22720737490668988,0.0,,,1.0,0.9425091953184613,,,,3,,,
SN 046,N01,304,2.91204579671,2.916554514565,0.0013887105760145091,2.9172126261375553,0.0012514806793945746,-7.629212884522975e-05,-0.000499165854221939,1.815291473829147e-05,0.005642191570000232,-0.0038159688333330166,0.0017868582810050431,-4.47061326666683e-05,0.008500162763332764,-0.007474517823333748,0.0028933591792859453,32.0,0.002358237902291671,1.9613614024102628,57.0,0.1711664217733805,0.0004155074859842417,0.0017971632215556532,0.00035541041975927206,0,-0.000499165854221939,0.0012514806793945746,-7.629212884522975e-05
SN 045,F06,2,0.89203,0.89203,,,,,,,,,,,,,,0.0,,,0.0,,,,,3,,,
SN 041,N01,213,2.549793752033333,2.57267659505,0.004701931184850185,2.5714135911715554,0.0016152935333554879,2.4095262726194935e-05,-0.0005207485615552621,-1.6721615123965153e-05,0.01182886759333357,-0.019605763753333783,0.003783459380646118,7.665422249999072e-06,0.013620249429999731,-0.016000874839999568,0.004685701344082609,20.0,0.006239484151000019,2.8965345718012268,41.0,0.6787634078974946,0.0012619608529187557,0.008244425455999682,0.0032780603141189545,0,-0.0005207485615552621,0.0016152935333554879,2.4095262726194935e-05
SN 003,F01,45,1.2018395741766668,1.2421145757033334,0.0189843150710816,1.215748002792222,0.008217193499877908,-0.001677898225345235,-0.013908428615555302,-0.000489094631735537,0.012712860106666612,-0.010585784910000173,0.0035036939353458463,-4.933675111111017e-06,0.023298645016666786,-0.020899581909999743,0.004752752437981265,8.0,0.012073087691666679,4.0124974430770965,5.0,0.9828131913796277,0.016697441340983728,0.05156494140599999,0.003058077278245612,1,-0.027816857231110603,0.012325790249816861,-0.00335579645069047
SN 010,F02,51,2.6449717203766667,2.6482667287183332,0.0014996234861944402,2.648140360512667,0.0012381338333446522,0.00013837178558334345,3.595988066606992e-05,1.1803493030299177e-05,0.005931345623332973,-0.004929606119999264,0.0016569382384314158,1.1967553055554821e-05,0.0075467427599997805,-0.008138529459999155,0.0024737268721647773,28.0,0.0025953928632141965,2.517489655948465,44.0,0.39208619355957647,0.0006005932927930951,0.0025336880159998465,0.0002718573876236339,2,0.00010787964199820976,0.0024762676666893043,0.0004151153567500303
SN 006,F01,124,0.7949766159033334,0.802644666035,0.0027264097918876405,0.7982298575491111,0.002335268907355702,-0.0002852775937023793,0.0013347583342222524,-7.51321966115698e-05,0.0013696034733333695,-0.0028258005800000374,0.000630417121842659,1.3319651277777604e-05,0.0026573181200001406,-0.0027376174899998995,0.0006879772265268283,3.0,0.0036095089377777834,12.713069367138715,7.0,0.9729598925839809,0.002017887683634091,0.006775050693111129,0.0007122886659566252,1,0.002669516668444505,0.003502903361033553,-0.0005705551874047586
SN 006,F01,110,1.4860181172666669,1.5051082611066666,0.005196883116382164,1.5044019571922223,0.004315362633241075,-0.0007876505170952523,-0.010487798055555775,-0.000127767137272728,0.0049111684166665,-0.007260767616666719,0.002073960558415263,-1.9297069972225762e-05,0.006123097733333527,-0.011542638139999895,0.0024771859440208873,13.0,0.006121346889743622,4.427642888704655,17.0,0.9194832898736542,0.003835968315256505,0.014220877753333028,0.0018243160377006177,1,-0.02097559611111155,0.0064730439498616125,-0.0015753010341905047
SN 045,N02,50,3.1156166,3.20912015,0.02779540378607775,3.2180711488888885,0.007149424959045393,0.001114237976190459,0.009561984444444338,0.0005766013774104663,0.015129600000000298,-0.008846300000000085,0.004435652471110688,-1.3268888888895436e-05,0.014639300000000688,-0.012874633333333385,0.004548540465565418,7.0,0.01617836190476187,7.714426716461291,7.0,0.987212201437543,0.023123029706665136,0.08515229555555548,0.004105702575265431,0,0.009561984444444338,0.007149424959045393,0.001114237976190459
SN 020,N01,267,3.04864679972,3.0524595896383335,0.0012992483336552122,3.051860605874222,0.0018321634050874626,7.23193940237946e-05,0.00604904174911125,5.85109406060592e-05,0.007216389976666626,-0.006555175783332867,0.0016622369546193548,3.221087988888686e-05,0.009499867759999336,-0.011473083499998982,0.0027272283597422078,31.0,0.002066113871720377,2.496129504627687,43.0,0.11926235876400482,0.0005131189482286549,0.001997460259333561,0.000292492090394572,0,0.00604904174911125,0.0018321634050874626,7.23193940237946e-05
SN 045,F06,4,0.6058572000000001,0.6435429,0.011387194059609923,0.6367976577777779,0.021272751539676355,-0.003938361666666663,-0.030940457777777763,-0.00030926222222222113,0.04811910000000008,-0.030904299999999885,0.011051871540556485,-3.161176470588267e-05,0.05262476666666671,-0.0754204666666668,0.016280309999474073,22.0,0.018294971212121213,2.5387901665879173,28.0,0.5116542703753919,0.0026795507651845747,0.011831742222222164,0.005332672813403743,3,-0.12376183111111105,0.053181878849190886,-0.015753446666666653
SN 013,F02,117,2.44373474121,2.4722203572566666,0.004867872642592699,2.4720245700395553,0.0009846713389975474,-5.7511102380978865e-06,0.0009292263471114559,8.39233399449583e-06,0.030743408203333544,-0.021641540530000558,0.005452054508502255,3.2085842499992206e-06,0.032564544676666696,-0.02861175537000049,0.008233174591927723,14.0,0.008243742443095321,2.3885899674386186,50.0,0.3778500120407655,0.0011646780866184363,0.007021535237333509,0.0038980186340823405,2,0.0027876790413343677,0.0019693426779950948,-1.725333071429366e-05
SN 043,N01,230,3.320011633333333,3.33411965,0.002923304448650637,3.331977097777778,0.0028957091980106693,-0.0001530741666666494,-0.006457297777778148,-0.0001550049586776858,0.009079233333333825,-0.020536800000000355,0.003550940698086491,-2.413861111111304e-05,0.02961603333333418,-0.016809833333333746,0.005575280647688072,27.0,0.004843993827160457,2.4412977503756026,47.0,0.1989412132317916,0.0009745209824244712,0.0035813399999997664,0.0006797668284152515,0,-0.006457297777778148,0.0028957091980106693,-0.0001530741666666494
SN 036,N01,103,2.80988210042,2.8180510203016667,0.0020152388993707965,2.8181842380084445,0.000643796805300454,2.497809267859268e-05,0.0008198208282221842,-3.5656385179061815e-05,0.010594940186666513,-0.009159088133333437,0.0020355971132078564,9.210374611109036e-06,0.009415690103333763,-0.013213602703332938,0.002873050736177817,23.0,0.0027790898859418973,2.206784283846702,52.0,0.48020673352141735,0.0004542046194604747,0.0028598700626671913,0.0011395157400531965,0,0.0008198208282221842,0.000643796805300454,2.497809267859268e-05
SN 017,F02,183,3.31367289225,3.32204831441,0.0020889183819549034,3.321866522892889,0.001034546750051905,3.799347647618832e-05,0.00011376275044439055,-3.9590882865014615e-05,0.007452646893333359,-0.007644144693333299,0.002199004730260055,2.4539099833335392e-05,0.008735148109999535,-0.009491475423333728,0.0032443427604738036,25.0,0.003103098551333332,2.2770367631232653,53.0,0.43868741482448587,0.0005600140342267738,0.002927280002222421,0.0010760597824910202,2,0.00034128825133317164,0.00206909350010381,0.00011398042942856496
SN 037,N01,129,1.9517476399733331,1.95940799713,0.0022445862658572917,1.9592156389013333,0.002487753212916438,1.2758799928568638e-05,0.002233666311999949,5.672654490357411e-06,0.005753580729999541,-0.007002512613333511,0.002311343308361756,-1.7351574388885237e-05,0.01039098103999958,-0.010599644976666767,0.0034013247564554277,28.0,0.003408745356904711,2.246489872580189,44.0,0.4711635383387015,0.0008314964523821648,0.003535215589555607,0.0008054674757133912,0,0.002233666311999949,0.002487753212916438,1.2758799928568638e-05
SN 011,N01,22,1.8609180450433331,1.8623788197833333,0.0005934329770632162,1.8624762132417778,0.00041838567303565115,-2.0667485000212616e-06,0.0003741031215549473,1.3293641873215815e-06,0.002511978149999816,-0.002394485473333763,0.000891146155155106,1.2868245444443611e-05,0.0042371114100001606,-0.004646682739999353,0.0015834861025329403,37.0,0.0010665343689189692,1.874284763167118,66.0,-0.12219062615972534,0.00019782475504716467,0.0007311672633332211,0.00011196052146703075,0,0.0003741031215549473,0.00041838567303565115,-2.0667485000212616e-06
SN 004,F01,71,1.0687702178933334,1.0938056945783332,0.01112681112554093,1.0707037523044443,0.0026179072533316886,-0.00041454587654762045,-0.0015084499777775484,-0.00018041521391184542,0.003898493449999707,-0.0056762695333334445,0.001646073164802261,-2.9886033805555843e-05,0.003846104940000039,-0.003672917683333665,0.0015620381039312481,6.0,0.008857324388333199,8.187300027350256,4.0,0.9891022719689486,0.009361927148021407,0.03235806783000017,0.002038439415243047,1,-0.003016899955555097,0.003926860879997533,-0.0008290917530952409
SN 042,N01,266,2.7361735,2.7381409833333334,0.0008674079385660296,2.738389553333333,0.0005078480860819466,2.5191666666662155e-05,-0.00024158666666629358,-4.4955922864977606e-06,0.0034588999999995984,-0.0025853333333332174,0.0011013690130918412,6.815277777775612e-06,0.004517866666666315,-0.0044178999999990864,0.001744494213231433,31.0,0.0015935655913978512,1.7616585937306894,49.0,0.19936687288108398,0.0003604217558661517,0.0013395177777772993,0.00022134223244030452,0,-0.00024158666666629358,0.0005078480860819466,2.5191666666662155e-05
SN 003,F01,50,1.17747739156,1.2827388127633332,0.046308703999442445,1.3339044613291111,0.008219286053293634,-0.0016760780698095294,-0.013268093532444514,0.0003749458586225906,0.04882494608666699,-0.022944641113333386,0.010016421409412115,1.8681420277758913e-06,0.038961029053332874,-0.023069890336667065,0.008910379601064876,5.0,0.04718727111666658,10.604413152184033,5.0,0.9767448779984022,0.03902636735004906,0.14056651645244433,0.01739997704243771,1,-0.026536187064889027,0.012328929079940452,-0.0033521561396190587
SN 017,F02,188,3.2950396219866667,3.320225779215,0.005686337067705102,3.317739664712222,0.015965725172646005,-0.0023339907329285514,-0.014102223715555251,-0.00013139582862258854,0.015516916910000234,-0.014332834879999812,0.0035887753619025984,-7.97271728888882e-05,0.013079071043333723,-0.014816538490000308,0.00441199121134429,20.0,0.005406710307166662,2.5741210886307804,54.0,0.795936994880443,0.0010621753532336657,0.007505917019333452,0.0033563192760641884,2,-0.04230667114666575,0.03193145034529201,-0.007001972198785654
SN 034,N01,66,4.273488871253333,4.279232279458333,0.002408466485897681,4.278424004447111,0.002651684446404525,-0.00017576671784523982,-0.0032302178271113036,-5.367058366391258e-05,0.007014973956666282,-0.009440104166666963,0.0032423903188381255,-2.5528801833322548e-05,0.012946573896667424,-0.01040496826000048,0.005372092202231362,33.0,0.004672503230808098,1.9283918231823802,63.0,0.08686324674393026,0.0005207096802789986,0.00215874565933305,0.0005618670107903623,0,-0.0032302178271113036,0.002651684446404525,-0.00017576671784523982
SN 012,F02,86,1.6130572001133332,1.6210838953633333,0.0013495794376894034,1.6208698866086666,0.0007627097750300556,-5.675225035712589e-05,-0.00031388176866653517,1.145985501377574e-05,0.01024258931333355,-0.006112162269999999,0.001698227970031407,4.279348583333305e-05,0.01635475158333355,-0.007661056516667042,0.002682352188150676,29.0,0.0020238591335632805,1.888685403145042,52.0,0.20647681611144056,0.00047063060483866,0.002013176812444506,0.0003658993115817703,2,-0.0009416453059996055,0.0015254195500601113,-0.00017025675107137765
SN 028,F03,74,3.4114868164033334,3.4208504994683335,0.00333067387800682,3.4209866332993335,0.001120331977822163,9.480067657144771e-05,0.0007952880873332013,8.508351225895292e-05,0.0030871073400002835,-0.0034194946300001305,0.0012127344135411903,-2.9602050777777222e-05,0.0047968546566665715,-0.004043833413332809,0.0019191963440846796,26.0,0.0020159892547435723,2.5710106575660214,17.0,0.9326594973239587,0.0027061063906499132,0.010612894694888908,0.0003586867139766367,3,0.0031811523493328053,0.0028008299445554078,0.00037920270628579084
SN 018,F02,219,2.978556569416667,2.986256281533333,0.0023158149957592257,2.985658501517556,0.0009867084075498686,7.244019283332292e-05,0.0008496771924439983,-8.993437796146283e-06,0.009559377033332872,-0.014116414386666776,0.0028680789458594464,1.7878214527777826e-05,0.012837982176665985,-0.018359629309999903,0.004426425979058355,31.0,0.0036565062820430234,2.1372809038944163,54.0,0.2385007380871452,0.0005749074534793441,0.0026511637373336505,0.0011170676870315482,2,0.002549031577331995,0.0019734168150997372,0.00021732057849996875
SN 013,F02,107,2.470373789466667,2.4732528686516666,0.0012926119818331332,2.4735510423431113,0.0014824193384842387,-3.9803641083332604e-05,-0.0029422675231112194,-1.9418175234159753e-05,0.0048322041833328555,-0.00439173380666702,0.0018441068111844335,-2.9693179638886254e-05,0.006526438396665668,-0.009058634443333435,0.003051712095584847,32.0,0.0026684284214582993,2.071569371288911,60.0,-0.027799356503045505,0.00035404686386944094,0.0015029398597778965,0.0002906950033026522,2,-0.008826802569333658,0.0029648386769684774,-0.00011941092324999781
SN 038,N01,140,2.5469586690266666,2.5563309987366667,0.0020045022874613937,2.556115960013334,0.0003295458773599395,-2.5011698261921477e-05,-0.00010806613333391724,-1.7255462534466877e-06,0.01745707193999957,-0.00587259928333328,0.002417387253816353,3.0555725111114376e-05,0.014064025879999331,-0.021066538493332843,0.0036752121311006292,25.0,0.0028316548662667353,2.039179532894888,56.0,0.2786591068928275,0.0005684847680336273,0.0032251485186667317,0.0008289241584476142,0,-0.00010806613333391724,0.0003295458773599395,-2.5011698261921477e-05
SN 010,F02,47,2.643917592363333,2.6484344482399997,0.0013283554648585714,2.6482692972804442,0.002365426811431939,-7.203874134522455e-05,0.0018036905928893177,1.0578166033061793e-05,0.004119618736666997,-0.005249786376666954,0.0016273344287514163,2.592934502777533e-05,0.0072268168166669255,-0.0069440205900002105,0.002557158213367125,28.0,0.002358000619166594,2.5612778256020725,56.0,0.24995737190986894,0.0004234778415227507,0.001775953505555261,0.00038778881433289075,2,0.005411071778667953,0.004730853622863878,-0.00021611622403567367
SN 029,F03,116,2.24370015462,2.250737508136666,0.004633165369953159,2.2456927998846665,0.001112933985603795,8.08715810715066e-06,0.002287699382000241,-4.340978363636309e-05,0.005291239419999982,-0.004496765136666525,0.001723610975779692,-5.359649638888205e-06,0.006441497800000029,-0.005611673996666511,0.002139303202851782,17.0,0.004094830681176475,3.1705730223273734,11.0,0.931171429702953,0.0037911157450536332,0.013856235079999557,0.0010723095978726457,3,0.009150797528000965,0.0027823349640094873,3.234863242860264e-05
SN 029,F03,111,2.4407496134433333,2.4438961029049997,0.001029836119274414,2.4432816908075554,0.0004714408274665232,-5.75283595714079e-05,-0.0006229485408888458,-1.1919089917358954e-05,0.0025395711266664733,-0.0031394958499997294,0.000862152058998944,-8.218553333335284e-06,0.0055572509766665945,-0.0034779866533334314,0.001318402086731439,26.0,0.0012894361447435105,3.3057820409251355,21.0,0.6499165059065329,0.0006359541690901001,0.0022035047742221536,0.0002843735698295988,3,-0.002491794163555383,0.001178602068666308,-0.0002301134382856316
SN 040,N01,189,3.03913116455,3.0891147613499994,0.012911091007857147,3.0901478576642223,0.0032920212875062445,-0.0005470103308928609,-9.251912422225672e-05,-3.928402567492898e-05,0.03128153483000018,-0.028976694739999864,0.010948474810154998,0.00014003965591666463,0.05492960612000042,-0.03347015380999885,0.013437830770595956,17.0,0.02227492986980386,3.2687882383292477,32.0,0.6431072345947999,0.0035639200717587378,0.020868343776888842,0.006205756652053702,0,-9.251912422225672e-05,0.0032920212875062445,-0.0005470103308928609
SN 024,F03,22,2.7598159790033336,2.7727767944316666,0.009461207612664245,2.788255903454222,0.002761474036148941,0.0005444508505595223,0.002564663355777874,-0.00010544748019284097,0.0068990071633336925,-0.006337738036666263,0.0024969732205042745,3.2836066361119354e-05,0.008811187746666338,-0.006871032716667003,0.0030574576700691932,9.0,0.006970977783703851,4.818157309131883,4.0,0.9641036934815268,0.006976355204338415,0.02289308336022211,0.0017931952685152372,3,0.010258653423111497,0.0069036850903723525,0.002177803402238089
SN 006,F01,114,1.4532156626366666,1.477710787455,0.009058731435358127,1.4866379547106665,0.0019667863284327665,-0.0003939110891547581,-0.0034687805173332364,-1.0973297190086112e-05,0.014285024006666758,-0.01462046305333331,0.0036919577180809923,7.523430722228275e-06,0.015343856813333723,-0.01819432576333324,0.004056328853647693,12.0,0.007798046535277788,3.2891485853112514,12.0,0.9173248320798626,0.0074713595674267405,0.02534567091133333,0.0034120933704189747,1,-0.006937561034666473,0.0029501794926491496,-0.0007878221783095162
SN 004,F01,77,1.0431512832633334,1.09311313629,0.011799229103234363,1.0712052239297778,0.01408672600835961,-0.0027054666337380847,-0.0280539406664444,-0.0004958270995041332,0.0028303782166663183,-0.00984071095666672,0.001873088389292949,-3.956000008333109e-05,0.005718040466667018,-0.0037408828733336286,0.0019540299473410814,3.0,0.009454218546666763,14.26517594432425,1.0,0.9884866865866799,0.008903155982346417,0.03154641045444451,0.0019062801276344126,1,-0.0561078813328888,0.021130089012539415,-0.005410933267476169
SN 044,N01,242,2.5924725666666664,2.5967284999999998,0.0014401975670194442,2.596194593333333,0.001382947496690391,5.492238095236182e-05,-0.0005591266666664652,-3.951239669425462e-06,0.004195666666666931,-0.0044446333333332255,0.0019725544143836937,-1.0806111111109443e-05,0.006579600000001129,-0.007219966666666799,0.0032915279260595635,36.0,0.0026063212962963433,1.663349525152881,64.0,0.06707660662338819,0.0004873611801533292,0.0018786422222216714,0.00017422765238329547,0,-0.0005591266666664652,0.001382947496690391,5.492238095236182e-05
SN 015,F02,154,2.9404162089,2.9509920756000003,0.0035588746277145657,2.9504822794580003,0.002415197412428324,4.673004083361702e-06,-0.0023786926280000564,-3.868502363636166e-05,0.010438791909999967,-0.016628519696666455,0.004214834637847779,1.1719597777792856e-06,0.02371927897666648,-0.016611480716666183,0.006736539221168056,29.0,0.006038762234597764,2.2234988753851717,45.0,0.3018513927072994,0.0006686248117223702,0.0032393052840000713,0.001016994131476781,2,-0.007136077884000169,0.004830394824856648,1.4019012250085107e-05
SN 045,N02,24,3.347084033333333,3.3840871,0.01195304446538375,3.3817325955555555,0.012531743108114307,-3.4440595238100734e-05,-0.006250695555555463,0.00010704049586776873,0.0415867999999997,-0.045119233333333675,0.015484810336831755,-0.0003430577777777777,0.0710843333333342,-0.06647746666666743,0.023065230088513595,29.0,0.02299389080459767,2.2532701116432734,50.0,0.15495211271239684,0.0024063369537841417,0.01094962444444425,0.0030945320157960165,0,-0.006250695555555463,0.012531743108114307,-3.4440595238100734e-05
SN 046,N01,346,2.917040233333333,2.9204498166666664,0.0014642619426253793,2.9200355,0.0008539363910730226,-8.649011904761082e-05,-0.0003219333333333019,8.289256198345992e-06,0.006267533333333297,-0.004250599999999771,0.0017261445854220385,-2.9138055555555376e-05,0.006937666666666953,-0.009157033333333509,0.002720190303289876,35.0,0.0022988685714286027,2.4348531723527347,42.0,0.3051841242480564,0.0007060451838159578,0.0024070244444445166,0.0002605256131739134,0,-0.0003219333333333019,0.0008539363910730226,-8.649011904761082e-05
SN 003,F01,59,1.2833695729566663,1.294950103758333,0.004761008918599211,1.2989135657397777,0.0017838401492035244,0.00034023421151190675,0.0012560611302223634,0.0001337466489531674,0.0029029846200003817,-0.0025150299066669657,0.0011208758326178604,-9.60985819444075e-06,0.0032076517733334864,-0.0025658925333333915,0.00135012997184845,10.0,0.004079564411666725,7.402182114211891,7.0,0.9718689054951294,0.003916322873771345,0.01340756734222226,0.0006678379682455666,1,0.002512122260444727,0.0026757602238052865,0.0006804684230238135
SN 013,F02,110,2.46622950236,2.4738465627016666,0.0024781955917127035,2.4738228861473335,0.0020523618414976215,-8.03856623571456e-05,-0.0022680664073333467,-1.673632746556176e-05,0.009251912436666565,-0.010296885173333159,0.0033145007789454808,-2.280129325000028e-05,0.014376322429999533,-0.012791951499999676,0.005300008113409888,30.0,0.00475717332644446,2.152719325590112,58.0,0.11038903151572273,0.0003909445853211296,0.0015377807619993966,0.0006499124542478592,2,-0.00680419922200004,0.004104723682995243,-0.0002411569870714368
SN 020,F02,254,2.82854792277,2.8353449503566663,0.002595209287626548,2.8355335659437775,0.0041974149761876065,-3.5507565476192554e-05,0.002235243056222913,2.185832044077441e-05,0.011258188883333187,-0.011253611246667017,0.0036564688385452826,-1.7248789472220268e-05,0.013604736330000922,-0.021080525713333742,0.0058965766957433455,28.0,0.005034165155119119,2.524092903269175,51.0,0.011728958462436897,0.0005363507302184353,0.0027037726513334803,0.0009908197800704273,2,0.006705729168668739,0.008394829952375213,-0.00010652269642857766
SN 026,F03,94,2.856456247963333,2.8686545054100003,0.0048659288392570305,2.8696968078597775,0.0029452023028425627,0.0004267728897023775,0.006618754070222277,0.00014247211214875815,0.004309844969999865,-0.003975677493333496,0.0013254820733883518,1.1774698916666715e-05,0.005115254716666406,-0.00432052612333278,0.0018791600162918643,14.0,0.0027563185921428385,3.726190233355269,11.0,0.9622198720514606,0.004203879554893777,0.01381732516800005,0.0009174558564658108,3,0.026475016280889108,0.007363005757106407,0.00170709155880951
SN 045,F06,5,0.5362712666666667,0.6403943166666667,0.023477326291346273,0.64053102,0.01941770156670482,3.944916666666869e-05,0.005391513333333431,5.545151515151578e-05,0.1596230333333334,-0.09214023333333332,0.02719743172303291,0.00012497472222222267,0.24105353333333335,-0.1279625666666665,0.03897201951738474,17.0,0.047883299999999976,2.4739577105437447,41.0,0.33441266320092916,0.003650257417906079,0.018512871111111107,0.013177977999424328,3,0.021566053333333723,0.04854425391676205,0.00015779666666667475
SN 049,N01,389,1.9255692666666664,1.9302203333333332,0.001598961053516037,1.9316104466666666,0.0005398591866393319,2.737940476189978e-05,0.0006846199999999136,2.3212672176308372e-05,0.004157366666666995,-0.0035340666666667797,0.0012441325361490926,1.6760277777773855e-05,0.003855766666667204,-0.0059566333333338495,0.0017059848330765435,26.0,0.002008337179487187,2.1280445872029046,27.0,0.6968824184497023,0.001177783056531709,0.0033326755555560528,0.0004039797235910686,0,0.0006846199999999136,0.0005398591866393319,2.737940476189978e-05
SN 011,N01,35,1.8583272298166664,1.861048634845,0.0008810015562717988,1.860665613809111,0.0015576826574922903,-0.0001901008968571514,-0.00023610432911103096,-1.3043532341592298e-05,0.00224138895666659,-0.0015226999933326546,0.0007831202326461984,5.500581527774958e-06,0.002839533493333324,-0.0036434173600004005,0.0012758485661782332,29.0,0.001169016169885054,2.0676802362833695,41.0,0.6055367242945233,0.0003954317715682158,0.0014244164357777311,0.0003011319526186371,0,-0.00023610432911103096,0.0015576826574922903,-0.0001901008968571514
SN 053,N01,473,3.114724985756667,3.119503529865,0.0016060115238027987,3.1204862806513334,0.001465823293651686,3.767921807139743e-05,0.0014731513119996542,-8.575187245181816e-06,0.0057846069333336025,-0.005940500896666201,0.0021851165211442623,3.792021008333461e-05,0.011371358236667017,-0.009381612143332774,0.0037245572167446863,36.0,0.0026303609212963647,2.193643294623248,62.0,0.05137026542894929,0.0006183082858994502,0.0025749715166667464,0.00032253626574937525,0,0.0014731513119996542,0.001465823293651686,3.767921807139743e-05
SN 002,F01,24,2.188456980386667,2.2380578358950003,0.02814756616168968,2.242199300128222,0.005355847115789057,0.0006675311498095082,-0.006355133054888995,-0.00016749988900826348,0.03464660644666706,-0.055773417153333504,0.010922137173698384,-0.00014552434286111416,0.05029017130333413,-0.05246073404666696,0.014845073878291122,15.0,0.02430704752622216,4.32030029664664,13.0,0.9252280096661211,0.02489553085127494,0.08756178114133384,0.006450035195308292,1,-0.01271026610977799,0.008033770673683585,0.0013350622996190164
SN 054,N01,497,2.731761169433333,2.741300964353333,0.0025207864334543437,2.740505032007778,0.0014670348352044582,-3.50516183333308e-05,0.0007590569388886692,6.6627943801653e-05,0.01711527506333388,-0.008906300863332994,0.0032944456438506126,-7.348166572222666e-05,0.020345052080001036,-0.026021575926666873,0.005033798472816565,23.0,0.004981474945362361,2.569453522736656,57.0,0.11598885613173918,0.0006586704852803046,0.002434777154444845,0.0012272851671994206,0,0.0007590569388886692,0.0014670348352044582,-3.50516183333308e-05
SN 005,F01,102,1.2403878529833332,1.2880310058566666,0.025426155291808195,1.3252821604393332,0.02292864118365168,-0.0009929470788809403,-0.011217117309333169,-1.6888705179064845e-05,0.044541549683333015,-0.05442390442000011,0.013334999591454252,0.0001380157470833347,0.07185312907000063,-0.062024688723333554,0.020604806941405,19.0,0.0231698220231579,2.2081116669169885,12.0,0.862622502534786,0.020272926540881194,0.06432429843533338,0.006603050131830781,1,-0.022434234618666338,0.03439296177547752,-0.0019858941577618806
SN 003,F01,44,1.1689846038799998,1.2065003077183334,0.024308357174055273,1.224807374741111,0.00868281874878422,0.0014396762848809495,0.0023358493388889734,-0.00042779780614325105,0.009250132243333598,-0.014076360066666682,0.004076537386031628,5.3807364555556276e-05,0.005085881550000115,-0.009829839066666235,0.00271048588495783,6.0,0.016308233472222173,6.287232241674587,6.0,0.9860853168759915,0.017888186340540818,0.07242390102822216,0.005250255788065106,1,0.004671698677777947,0.01302422812317633,0.002879352569761899
SN 012,F02,87,1.6181939442933335,1.6207252502416667,0.0010050145340391497,1.6202805921751111,0.0008044654839226527,-7.281076357135944e-06,-0.0014296298551110809,-2.1781606115702036e-05,0.002966435749999885,-0.0031518300366668583,0.0013120500954387285,-2.5570127694448295e-05,0.004954274493333299,-0.004869333899999884,0.0021965723796854453,35.0,0.0016747429256190154,2.3364976613093407,55.0,0.14035624691238524,0.0003718043501998829,0.0014869859477777414,0.00021200893158885689,2,-0.004288889565333243,0.0016089309678453054,-2.1843229071407832e-05
SN 011,N01,31,1.8588512420633332,1.8614922841366668,0.0011229994695162871,1.8613177574988888,0.0014773013406621334,-0.00011830102820238012,-0.0016781446655556032,-1.3388221239668312e-05,0.004841486613333723,-0.006300735473333319,0.0014587799298963443,-1.699235705555635e-05,0.010717137653333264,-0.011142222086667042,0.0025176518801399675,33.0,0.0018472498111111297,1.731190824807389,60.0,0.15297632383508603,0.00022221356048314546,0.0010474395753330423,0.0004394880019311612,0,-0.0016781446655556032,0.0014773013406621334,-0.00011830102820238012
SN 035,N01,93,2.7680783589666667,2.771608988441667,0.0013896847412729666,2.7712828063948884,0.0014702916160070248,-0.00015195210776188634,-0.0027916971848882532,-2.848937820936259e-05,0.005588022866666709,-0.004877217609999818,0.0018129736990080154,-7.417466916666745e-06,0.007351684566667682,-0.009809621173333394,0.0029222423262305537,33.0,0.0025064872972728543,1.958325241701299,53.0,0.13825360616246724,0.00029161156002789883,0.0013021002875555077,0.00040427765651709593,0,-0.0027916971848882532,0.0014702916160070248,-0.00015195210776188634
SN 057,N01,567,2.81169052124,2.822660064695,0.0026610521357652798,2.822346208358889,0.0008709664266503286,-5.8485666845249043e-05,0.0002896965877776658,6.565903168045102e-06,0.010077412923333195,-0.014262135823333466,0.002858287631751066,-1.039716933333897e-05,0.02433954874666666,-0.012673950196666617,0.00432377829917851,25.0,0.004064575195333387,2.7255367505374313,49.0,0.4277692154833077,0.0008987322100226157,0.005513034396444461,0.0013852737536831938,0,0.0002896965877776658,0.0008709664266503286,-5.8485666845249043e-05
SN 037,N01,130,1.9504831949866668,1.9613611857066668,0.0021015722596799047,1.9588457743313332,0.002539603221394627,-0.0003486883072976192,-0.008362579344666443,-4.167372856749157e-05,0.012692769369999857,-0.007789357503333205,0.0021279510757146744,-0.00017068439061110885,0.009192911786666036,-0.012153371176666594,0.0029449050295662495,27.0,0.0027865986767900645,2.014207096083723,40.0,0.40913242922360654,0.000895628725589791,0.004625422159777681,0.0005104231836484542,0,-0.008362579344666443,0.002539603221394627,-0.0003486883072976192
SN 045,N02,26,3.2929885666666667,3.328773366666667,0.012487539920903469,3.329868791111111,0.008809595720130226,2.4811904761912194e-05,0.0015966088888887953,5.6890633608816455e-05,0.03418499999999991,-0.0696637666666664,0.012235582672695824,-0.0001038847222222287,0.054463733333332875,-0.059331299999999754,0.014647234028799219,21.0,0.021749560317460375,2.461372580589815,39.0,0.5235735388747066,0.0021618784474088616,0.014798353333333125,0.007397211932644491,0,0.0015966088888887953,0.008809595720130226,2.4811904761912194e-05
SN 016,F02,165,2.8131253560366667,2.8206124623599997,0.0023570105171136983,2.8194572618255553,0.0025024740766222283,0.00018472762339284885,-0.004769151475555233,-9.48567035812657e-05,0.013269297283333259,-0.00915425618333332,0.0032834321179325628,1.1079576277780075e-05,0.02242355346666658,-0.017721303303332547,0.0055279314756881935,30.0,0.004366149902111083,2.3537704834780913,53.0,-0.012338871068561378,0.0007122774739157142,0.003036872016444203,0.0006641091427447361,2,-0.0143074544266657,0.005004948153244457,0.0005541828701785466
SN 049,N01,398,1.7656052666666668,1.7673830499999998,0.0006479513133366942,1.7677869844444445,0.00040894853944569115,4.18714285715541e-06,0.0002762155555555701,1.3811570247934668e-05,0.0013618333333329513,-0.001455033333333411,0.0006102183604572131,1.1337222222220407e-05,0.0022508999999999446,-0.002199800000000307,0.0009724824178938447,33.0,0.0008688212121211971,2.0882885039657046,29.0,0.553965165301553,0.0004600302636682366,0.0013396866666668394,8.926570769988648e-05,0,0.0002762155555555701,0.00040894853944569115,4.18714285715541e-06
SN 017,F02,192,3.2702817281066667,3.316234461465,0.010099391147145536,3.3163254123244443,0.0025940171087095853,-6.453196166676468e-06,0.0002845425088886522,0.00022829544446280957,0.041474405923333624,-0.020172882079999788,0.00789501067231147,-1.0267893444441494e-05,0.05061009724666787,-0.057114919026666655,0.012205000545579516,20.0,0.013200747171500016,2.78192014239742,33.0,0.6891273461481762,0.0037196916843671474,0.02230314466799932,0.004170693439593155,2,0.0008536275266659565,0.0051880342174191706,-1.9359588500029404e-05
SN 015,F02,142,2.93890457153,2.9505081176750005,0.0025771063989963477,2.9505872938355555,0.0005887778150795829,1.2566702678583142e-05,0.0007796393511112498,3.959718815427869e-06,0.009251912433332787,-0.020828247073333195,0.003435351350119534,1.9221835694449572e-05,0.029167938236666302,-0.0214912414599997,0.005586354534516425,24.0,0.004506227705138903,2.3774272926629103,46.0,0.11817878493381735,0.0009973446765213722,0.0034110175240003038,0.0015453417780993933,2,0.0023389180533337495,0.0011775556301591658,3.770010803574943e-05
SN 048,N01,427,2.5807589,2.724711216666667,0.019698527709751907,2.724334968888889,0.0018616576693510157,0.00013040892857142382,-0.00044990222222240916,-6.683195592273764e-07,0.11597109999999944,-0.12938589999999994,0.021199145581890354,-2.2472222222698808e-07,0.1661308333333329,-0.15317179999999952,0.025937342628762825,3.0,0.0610271,1.6215984346878922,44.0,0.4256932865320504,0.0018578999452987615,0.017937284444444757,0.01774190518995856,0,-0.00044990222222240916,0.0018616576693510157,0.00013040892857142382
SN 064,F05,37,3.09199066162,3.101034545896667,0.0035688089317698073,3.099426930744,0.003431063509053977,0.0002827144805595205,-0.0006222025539996956,-1.4729145123963637e-05,0.013533782960000185,-0.01164169311666674,0.0035830848057119614,-6.951226111125604e-07,0.018035125730000434,-0.016676584880000345,0.005248718501505705,23.0,0.005834629224927603,2.9868079041672595,38.0,0.499092675922233,0.0014628476903040207,0.005706888834444257,0.001315563349770631,3,-0.0024888102159987824,0.008577658772634942,0.001130857922238082
SN 057,N01,563,2.805454762776667,2.823801040646667,0.0033461659832353034,2.8249455939379997,0.008653147068446752,-0.00040019716529760945,-0.0037895372179996833,-2.5799123388428396e-05,0.01772384643666669,-0.017557525636666682,0.004010869757909378,-7.589340211111203e-05,0.026024373373332743,-0.030243428550000395,0.005788445274406093,23.0,0.004979385155217351,2.6027743401939163,57.0,0.2857743789313655,0.0005347245410979711,0.0030284627273329257,0.0018954268741497714,0,-0.0037895372179996833,0.008653147068446752,-0.00040019716529760945
SN 025,F03,61,2.698882548013333,2.7266061147033334,0.011142549823044204,2.7333254496239996,0.002657812464853234,0.00040757224677380504,0.0027170817060002683,0.00030204836002754783,0.007245381673333551,-0.007336680096666548,0.0019699724308934177,-4.423777261111465e-05,0.006064605716666449,-0.005987040200000404,0.002544036794669604,12.0,0.0051187727191665715,4.518051117615861,1.0,0.9842550897226532,0.009778042436637048,0.03175662570444482,0.0009158815304886025,3,0.010868326824001073,0.006644531162133085,0.0016302889870952202
SN 054,F06,7,0.0080065894099999,0.3665855725583333,0.676933154969381,0.009983946501555515,6.036210139497085e-05,3.807336285714675e-06,0.00012774624177778506,-0.022696562220578507,0.19476699829,-0.6364593505833334,0.09444952527800655,0.0001626050008333287,0.29324798584333334,-0.34076894124000034,0.059464242070277486,2.0,0.3758786042533334,6.858331274840842,3.0,0.9908662812265029,0.4086768318060244,1.9706491666904444,0.20902347330507348,3,0.0005109849671111402,0.00015090525348742713,1.52293451428587e-05
SN 003,F01,52,1.2250595092766663,1.271134376525,0.0160544432089399,1.2728877173511113,0.002572239958876525,0.0004699457258214182,0.0042583041722219495,0.0001499701465840229,0.018464787799999938,-0.01595446268666678,0.005189614971782206,7.081137763888708e-05,0.021619923910000782,-0.0182268778500001,0.0061090821869011986,9.0,0.017927113285185186,6.575555221357446,19.0,0.948044034913818,0.011818886091335813,0.05514638264911076,0.006048147453394512,1,0.008516608344443899,0.0038583599383147874,0.0009398914516428364
SN 049,N01,407,1.7317390333333331,1.7343011,0.0009413502151817201,1.7350524222222221,0.0006169596301105507,-4.314404761903066e-06,-0.0005430222222220227,1.4000000000008038e-06,0.002013266666666791,-0.0026009666666668707,0.000908383555675813,1.698500000000269e-05,0.00349626666666647,-0.004265900000000045,0.0014292050732283817,33.0,0.0012164676767676878,1.707701070819362,38.0,0.5380771301958857,0.0006543888931544417,0.001915837777777707,0.00015986844039716678,0,-0.0005430222222220227,0.0006169596301105507,-4.314404761903066e-06
SN 024,F03,1,2.394863382973333,2.4032154083233337,0.0033985723553030824,2.405988532170222,0.0011356011526356576,7.573899777379355e-05,0.0021255832264444052,7.505900905349421e-06,0.005906677246666714,-0.007253011069999538,0.0019145338557410752,2.558264194214786e-05,0.00807851156000039,-0.008293406170000406,0.00275046827855434,44.0,0.0036055651581817882,3.0327991583525775,32.0,0.8409840137916854,0.002315380646610301,0.008724263509333419,0.001161371160531639,3,0.008502332905777621,0.002839002881589144,0.0003029559910951742
SN 014,F02,135,3.2184623718233336,3.234114710488333,0.0023618280630864218,3.233408440482444,0.0015010290790179982,-0.00016181400844047193,-0.0019209120024439308,0.00010764592278236853,0.009254709879999545,-0.007580820719999437,0.0025068774747950885,-6.447474163888319e-05,0.010350799556666956,-0.010041300456665958,0.0037479611107063067,29.0,0.0034765660077011105,2.3358711740161118,50.0,0.3265593004835804,0.0005529272310562899,0.002986416286888449,0.0006162838721173438,2,-0.005762736007331792,0.0030020581580359963,-0.0004854420253214158
SN 027,F03,67,2.7010838826466665,2.7037549336733333,0.0016944404079611648,2.7029892306842225,0.0011412476189899803,0.0002394185746904753,0.0011382717557775202,5.9416799724545e-06,0.0017745971666669469,-0.0015892028833333072,0.0006157050058029876,3.32302516666827e-06,0.0032046000133338914,-0.0021860758433334126,0.0009759985742789101,22.0,0.0010947603171212914,2.61291202602572,17.0,0.9344993734076095,0.0015021307670390121,0.004873250325111211,0.0003741657532559296,3,0.004553087023110081,0.002853119047474951,0.0009576742987619012
SN 045,N02,27,3.3079076,3.319700983333333,0.004154550366965721,3.319278211111111,0.006450183826451871,0.0003051440476190516,0.004434455555555772,1.7974380165289088e-05,0.011765033333333008,-0.013151800000000158,0.005197611770488236,-3.2136388888888884e-05,0.01536786666666723,-0.016261800000000104,0.007559403707136547,31.0,0.007603775268817213,2.04652722891142,52.0,0.21879713048455018,0.0006121331481981501,0.0026294622222224895,0.000818655140800422,0,0.004434455555555772,0.006450183826451871,0.0003051440476190516
SN 011,F03,78,1.813332875566667,1.8380034764583333,0.01024761073763073,1.8498365953217777,0.001343456697892172,-0.00017041070123810585,-0.0007704332151112769,-6.215224253443687e-05,0.005170822143333753,-0.015184656780000028,0.0023896672614032474,8.913675916662663e-06,0.010870234173333992,-0.006048838296667469,0.0021816771537881466,5.0,0.005314254759999981,10.240290362308858,2.0,0.972661074239834,0.0073417672091009925,0.03154104444688888,0.004618004376836536,3,-0.0030817328604451077,0.00335864174473043,-0.0006816428049524234
SN 053,N01,474,3.109110005693333,3.1225247701,0.0026978074058313047,3.1211455112015556,0.004042162673318039,-0.00010672433045237429,-0.01203550550822241,-6.656699272727618e-05,0.011188252766666906,-0.016974131266667136,0.0034213170530540985,-0.00020352469552777918,0.016536712643333562,-0.016455332436667636,0.005125116841569337,30.0,0.004541846381444407,2.213625050161185,50.0,0.10236093763194633,0.0011258662324433906,0.004293924967111007,0.000659733390419022,0,-0.01203550550822241,0.004042162673318039,-0.00010672433045237429
SN 026,F03,62,2.76167856852,2.774591700235,0.009447077866389752,2.765685780841556,0.0009780836322275835,-8.283342634523333e-05,0.001089477538444239,-1.433401396694299e-05,0.01350580851333305,-0.008412424723332812,0.003271065742622154,1.94146898055562e-05,0.009554545086666533,-0.014009602866666082,0.0036675437576360256,14.0,0.008695475259999919,4.259428951558795,12.0,0.9401712477251111,0.006885823719624915,0.02479843139599991,0.003595643458467785,3,0.004357910153776956,0.002445209080568959,-0.0003313337053809333
SN 003,F01,55,1.2458059946666666,1.285967318215,0.018914521446964178,1.2843318006715554,0.009701468470458014,-0.0020136438097261866,-0.01580521477488883,-0.0004494385942424256,0.011893590293333256,-0.009961191813333325,0.004028097096051718,-7.873429191666559e-05,0.013379287720000077,-0.013012695313333378,0.004948450511128361,9.0,0.013962088690370387,6.124067177524212,9.0,0.9771515481722929,0.014524866804939559,0.062590289646,0.004125888651476149,1,-0.03161042954977766,0.014552202705687021,-0.004027287619452373
SN 039,N01,170,2.8535888671866667,2.8950903574616667,0.01587013869414536,2.8958882819268887,0.0010354033702164402,2.745037992857302e-05,0.00020928276977816296,0.0002079209677134985,0.033921559653333766,-0.03564987182666668,0.006078710333862712,3.0284457777862706e-06,0.05759582519333328,-0.042621612550000076,0.008819761874351364,8.0,0.012504545847916604,3.0712626209081573,5.0,0.9268474697060161,0.014201691533881004,0.04100124782955561,0.005400565963650961,0,0.00020928276977816296,0.0010354033702164402,2.745037992857302e-05
SN 031,F04,19,2.4401143391900004,2.4434385935450003,0.0071340708493906795,2.4477908664262222,0.0063123482911291665,-0.001275078001416666,-0.00708753797622208,-2.396638727272827e-05,0.010425058999999681,-0.00503336588333303,0.0018199458216216083,-5.550384499997119e-06,0.009496053059999898,-0.006610107420000677,0.0018243214318529575,6.0,0.008382076687777573,7.646260201912511,8.0,0.9676326934948074,0.006437720468921933,0.022173546685555934,0.002782367981307166,2,-0.02126261392866624,0.012624696582258333,-0.003825234004249998
SN 011,N01,24,1.8617511749266664,1.8629422505683335,0.0005466309390253608,1.8625043317988887,0.0003787730628045513,2.84708114166635e-05,0.00043410407111132976,-5.876525371900413e-06,0.0015674591066670018,-0.0018009185800000882,0.0006571964117392853,5.062950944447383e-06,0.003045272830000112,-0.002978897096666877,0.001130600878463865,34.0,0.0008502997603920944,1.8669655269822638,42.0,0.27776349232690584,0.00027617108337934273,0.0009751044382224627,9.005441207354066e-05,0,0.00043410407111132976,0.0003787730628045513,2.84708114166635e-05
SN 003,F01,57,1.2676686604799998,1.2838781356783333,0.012122244890708908,1.2809237501333335,0.007621439722845405,-0.0016815149216666656,-0.013255089653333663,-0.00010210042484848726,0.008525212606666832,-0.007591501869999906,0.003029683514077332,-4.1853586833334734e-05,0.009131113690000303,-0.011384963989999886,0.0030496059794909436,9.0,0.014180911028888878,6.064340903821393,12.0,0.9687132037914958,0.010280597871821976,0.03536489698599987,0.003916663833064488,1,-0.026510179306667325,0.011432159584268107,-0.003363029843333331
SN 005,F01,87,1.0456817626933332,1.0543786048866668,0.0034273883573486385,1.0563040754515556,0.0010207188968944859,-0.00020220779230952459,-0.0015869479715555634,-3.144025146005583e-05,0.002511978150000038,-0.002157974243333305,0.0008335844803910163,-4.006491777776751e-06,0.004669952393333343,-0.003530693056666756,0.001264105830431586,14.0,0.0017038390752380625,4.044177001051769,12.0,0.9704223424223181,0.003171165775467807,0.010326635573111309,0.0007033452359046793,1,-0.003173895943111127,0.0015310783453417287,-0.00040441558461904917
SN 045,N02,63,4.5619532000000005,4.574584683333333,0.011919596227180411,4.564875813333334,0.0016921842295957745,2.8266309523829388e-05,-0.0029226133333333237,-0.0004101589531680452,0.007172633333332179,-0.01526693333333462,0.0033114696640917374,4.877722222223676e-05,0.013765466666669113,-0.01579286666666846,0.004763514247681282,17.0,0.005816194117647242,2.2585498455133113,5.0,0.9604831562668436,0.009960132821910205,0.03500213555555565,0.0015245215898530156,0,-0.0029226133333333237,0.0016921842295957745,2.8266309523829388e-05
SN 020,N01,286,3.0350789388,3.046934509276667,0.0035432103885566766,3.0464609273255556,0.0006121480949682026,-6.316139586905229e-05,-0.001133931478888961,4.657503636364216e-06,0.010798390706666883,-0.011872100830000232,0.0028113453287344618,-4.224353366666748e-05,0.014293416343333476,-0.012755076089999484,0.0037141953639608523,17.0,0.005037599451568616,4.1552708731280585,28.0,0.6868209891318782,0.0012198139672908984,0.005713246663555438,0.0019411251729561188,0,-0.001133931478888961,0.0006121480949682026,-6.316139586905229e-05
SN 037,N01,127,1.9540926615366667,1.9601160049433335,0.0016357188262682402,1.9606084272579998,0.001020934978007877,8.014633544048726e-05,6.178961866698529e-05,-4.125757988978657e-06,0.006385803223333042,-0.00823313395333325,0.0017659546936967764,1.3101365833332693e-05,0.00999692281333342,-0.010718663536666728,0.0024400549674641865,20.0,0.0028137842813332425,2.6544632269304955,36.0,0.4212388844222004,0.00047358356555338437,0.0020299784340001015,0.0009363118622984658,0,6.178961866698529e-05,0.001020934978007877,8.014633544048726e-05
SN 045,F06,3,2.1693929,2.8064155333333334,0.4017700668874255,,,,,0.244288375,0.45048013333333303,0.031136300000000006,0.17839126062386598,-0.13978127777777768,0.12245206666666641,-0.2778582666666667,0.22720737490668988,0.0,,,1.0,0.9425091953184613,,,,3,,,
SN 015,F02,148,2.9419743855766667,2.9514511108383332,0.0026860737121440163,2.9515947638597777,0.00382368828351284,1.665387833330748e-05,0.001766238743555082,-4.701640633613168e-06,0.009755706786666707,-0.008474222819999877,0.0033556207120718725,-4.1029188361115425e-05,0.014778137209999986,-0.013561503093333371,0.005091408252206704,26.0,0.004920656253461642,2.5200311151088832,40.0,0.22133919148407186,0.000628078659670169,0.0027786763511108425,0.0011122476570319772,2,0.005298716230665246,0.00764737656702568,4.996163499992244e-05
SN 011,F03,107,1.7654725392633333,1.7860172907483334,0.008349796565272998,1.7712660641126667,0.0006747444623923103,0.00012266386123808385,0.0010497877339998851,-0.0001507372895592278,0.002218373616666547,-0.0029045104966667346,0.0008623408791904499,1.0034773083332042e-05,0.0026463826499989462,-0.00273768106999972,0.0011498413041232758,6.0,0.00202660030888883,4.409593481011098,1.0,0.9946579804974595,0.008058009362882554,0.02192931281288879,0.0011228153739360521,3,0.0041991509359995405,0.0016868611559807758,0.0004906554449523354
SN 009,F02,5,3.06133550008,3.063079071043333,0.0008064399394330587,3.063144463431111,0.0007115212359440469,3.5311380976167844e-05,-0.0005956353077780641,-2.3800348126725695e-05,0.003844451903333379,-0.002547709146666133,0.00105572499892089,-1.5470716666262281e-07,0.004048411049999867,-0.004969787596666997,0.0017133208130662395,34.0,0.0013430801094117344,1.753438797806967,55.0,0.11768101591573252,0.0002967566141327393,0.001069166395555765,0.00025201209648612066,2,-0.0017869059233341922,0.0014230424718880937,0.00010593414292850352
SN 039,N01,169,2.8603874206533333,2.864521662393333,0.002292333370674886,2.86369189792,0.0008974032823774508,-1.7504010869031e-05,0.0001241726333334192,-5.988969619834491e-05,0.006909688313333273,-0.004062398273333212,0.0016581848648391105,2.7444627499965495e-06,0.008698272703333565,-0.009599304199999548,0.0027073360570137508,27.0,0.002260646113580172,2.384938775883509,21.0,0.7329147296111069,0.0012633813718429037,0.006048533121777666,0.0005664719903574613,0,0.0001241726333334192,0.0008974032823774508,-1.7504010869031e-05
SN 010,F02,35,3.6680798848466662,3.6905476887999997,0.004249959904319644,3.6908770412853333,0.007621718470774697,-0.0003665896824405085,0.003483564587999588,2.0059212506881882e-05,0.017064412433333676,-0.024969736733333914,0.005618855357280459,8.0678727888898e-05,0.04203414916666759,-0.024569193519998755,0.008509331722633792,28.0,0.007697241646785757,2.182263177433623,58.0,0.13012241067007982,0.0004857836147258734,0.002538265652222371,0.0014524164511196703,2,0.010450693763998764,0.015243436941549395,-0.0010997690473215256
SN 037,N01,119,1.9504259745266663,1.9622414906799999,0.003480329030047091,1.9615323130273332,0.002434901561569321,8.905410757141637e-05,0.00033737182599957727,-0.0001127815771900825,0.01034317016666697,-0.010720316570000055,0.0033302542642146145,7.664362583327996e-06,0.01638730367000063,-0.010857899986667308,0.00436937099048498,20.0,0.005892505645666646,2.6001758561719215,37.0,0.5194606786142967,0.0009955247731893437,0.004460644191333074,0.0015228433824362073,0,0.00033737182599957727,0.002434901561569321,8.905410757141637e-05
SN 011,F02,69,1.9864313761366668,1.9876710891699998,0.0004866394297911439,1.9877336798755556,0.00047972092413493296,3.1348636904745697e-06,0.0009066602911111943,5.595940192838755e-06,0.0015195210766669742,-0.0016293843566668187,0.0006491339594397409,6.620619027782511e-06,0.0026154836000007453,-0.0031472524000002444,0.001150378348406185,37.0,0.0007612554878377984,1.8213973342543779,48.0,0.10373499801824172,0.0002269045393022982,0.0008118693033336566,8.601018916681052e-05,2,0.002719980873333583,0.0009594418482698659,9.404591071423709e-06
SN 027,F03,98,2.63868484497,2.6445784250883335,0.0032067847004384957,2.6500461493582224,0.0009895209435858117,8.494059234524746e-05,-0.0005713060182221952,5.545918278237109e-05,0.0018984476699999142,-0.0025660196966668103,0.0007853203299871583,-1.2431674555553791e-05,0.003544362390000444,-0.00291086833000076,0.0012349138216136075,14.0,0.0015908740816667408,3.3492359871996618,9.0,0.9699736352418036,0.0028453090418032907,0.00984695434622207,0.00019097415929695942,3,-0.0022852240728887807,0.0024738023589645293,0.00033976236938098984
SN 041,N01,206,2.5261919657366665,2.574664560953333,0.012266265185715365,2.5742958407915557,0.002069055521529403,-0.00013407843458334488,-0.0014521620015557346,7.545323966951048e-07,0.03762563069666669,-0.03980814615666661,0.008729086120720249,-1.79078844444458e-06,0.041700490316666894,-0.039896392823334015,0.010173999050131492,13.0,0.016669972736923108,3.527785522401326,32.0,0.7488078094269611,0.0039434654352375805,0.02431605021155514,0.008981210352144742,0,-0.0014521620015557346,0.002069055521529403,-0.00013407843458334488
SN 024,F03,5,2.391756184893333,2.3959608713766665,0.009957200533558938,2.3942456054671113,0.0007535922084482961,-3.0692872511912346e-05,-5.004882711112657e-05,-8.870064391184153e-05,0.008083089193332782,-0.0076362609866662545,0.002229816576612766,1.1028713666668319e-05,0.008817291259999305,-0.008826955160000871,0.0027935443018215177,11.0,0.006761863015151561,4.110309955681222,1.0,0.9750587220994241,0.009521925260667991,0.024883253309333497,0.002328982377458818,3,-0.00020019530844450628,0.0018839805211207403,-0.00012277149004764939
SN 038,N01,138,2.5499127705866664,2.555666351316667,0.0025622130693324823,2.5554109191875556,0.0016270943755390648,6.783621642857553e-05,-6.754557422228302e-05,-0.0001531007204683183,0.008380126953333455,-0.014150492349999766,0.0028473590252371824,0.00012481265597221735,0.013646698000000512,-0.010532887779999722,0.004019001400361428,27.0,0.003655751546419736,2.090510369287255,51.0,0.23565598541837024,0.0005523392662099972,0.002819705538666284,0.0007443581351883017,0,-6.754557422228302e-05,0.0016270943755390648,6.783621642857553e-05
SN 017,F02,201,2.97346750895,2.985039647418333,0.0035945526024701562,2.9852605692528886,0.00387090358579682,-4.376002719045527e-05,0.000994059243778267,-9.248171300275334e-05,0.0166948954266668,-0.011559549970000305,0.004078047165406507,9.69738430555552e-05,0.023275502523333103,-0.028254445396667105,0.006315849354263247,26.0,0.005904398208846029,2.480978761415024,44.0,0.32798843051093324,0.0008193353609614883,0.005478685167333186,0.0014688095026203455,2,0.002982177731334801,0.00774180717159364,-0.00013128008157136582
SN 018,F02,215,2.9433224995900003,2.986655044555,0.011002210440540125,2.9846945359955557,0.011022671439049635,0.0006298301333809692,0.01093102349111108,0.00011916988151515495,0.05951436360666662,-0.05184529622333356,0.014220019947852967,-0.0001366233825555563,0.10672988891666657,-0.06879704793000041,0.021870979599945054,23.0,0.021203967108116003,2.6447506175790005,51.0,0.1684503696490601,0.0015629011125560923,0.009209611681333829,0.005545746665064638,2,0.03279307047333324,0.02204534287809927,0.0018894904001429077
SN 019,F02,236,3.006386057533333,3.0100774129216665,0.0011160413426258972,3.009183315699333,0.0013397875997449168,-0.00011073339552381305,-0.0007337612559998874,-3.181226325069005e-05,0.004597218833333194,-0.0037918090833333196,0.001477139222721358,2.9627482222238656e-06,0.006436665850000356,-0.006684112553332788,0.0025464833660626108,32.0,0.0019300937653125433,1.7348953124307185,59.0,0.10889887728086257,0.00041747082226171653,0.0018023003468887744,0.00015629176221252633,2,-0.002201283767999662,0.0026795751994898335,-0.0003322001865714392
SN 035,N01,76,2.7664166768366667,2.787244160968333,0.005183058667585347,2.787589975991111,0.002686347742498704,-7.866450713095758e-05,-0.001188863117778105,-4.840356914602084e-06,0.020242563886666787,-0.024877166749999624,0.005376697346932147,-2.123514777777983e-06,0.024350229899999576,-0.030184173586665697,0.007516354350239109,25.0,0.007924692789866619,2.6949966161040977,52.0,0.4663501729352308,0.0013561512262774084,0.008530782063555176,0.0031363415605641996,0,-0.001188863117778105,0.002686347742498704,-7.866450713095758e-05
SN 031,F04,13,2.9032717386866667,2.916108957925,0.008705039434358294,2.9188153415233336,0.0028721875186738777,0.0005477060590476098,0.0019071112733333173,-9.134255840222001e-06,0.0034873962399997183,-0.004631296793333295,0.0015986142808891222,9.428660083340053e-06,0.006007130939999605,-0.007178751626666813,0.0020855339442369825,9.0,0.005087138989259178,5.685786914171983,4.0,0.9832512655320859,0.008310223903093245,0.027761840820221817,0.0021315714745464005,2,0.005721333819999952,0.0057443750373477554,0.0016431181771428293
SN 045,N02,37,3.1275698333333333,3.1974814,0.026167085369387343,3.1994103333333332,0.010017984465049031,-0.0015294139285714657,-0.0143810000000002,0.00047487190082644445,0.018400566666666673,-0.027282733333333642,0.008098652465512291,-0.00013918750000000053,0.02995373333333351,-0.025378200000000906,0.009712884464213754,13.0,0.024148541025640978,5.082221845317132,10.0,0.9515934965890319,0.022866357839748674,0.07320785111111094,0.004169469082043838,0,-0.0143810000000002,0.010017984465049031,-0.0015294139285714657
SN 038,N01,137,2.545705159503333,2.5565189361566665,0.0026966188891264756,2.5564683532695556,0.0024572881300048456,-0.00012348720010716565,-0.00021759033288937246,-9.375958402205336e-06,0.015702311196666763,-0.010387929279999764,0.003353166284869776,6.6333346666613835e-06,0.01618652344000049,-0.02059351602999948,0.005042606705650839,26.0,0.004509471013333339,2.925613371058986,47.0,0.23291289888911532,0.0007199441460485448,0.0026978725862223385,0.001548531537402974,0,-0.00021759033288937246,0.0024572881300048456,-0.00012348720010716565
SN 006,F01,108,1.495422871906667,1.515222549436667,0.013124507943409029,1.5312592485193333,0.00536281911348413,-0.0011410327183809584,-0.005634019639333188,0.00024224798870523507,0.003824488323333375,-0.00344874063999967,0.0012480589644390417,-3.483348425000014e-05,0.0042170206666662935,-0.0031133015966666733,0.0013979058469468606,2.0,0.014718564353333297,20.557831500380203,1.0,0.9955030738373076,0.012671901270952012,0.03856517367888879,0.0014540047590937443,1,-0.011268039278666375,0.008044228670226194,-0.002282065436761917
SN 020,F02,248,2.83243255615,2.8353085835766665,0.0008647570161151633,2.834907277423555,0.0012193733835099987,-5.488713585715597e-05,0.0015660603831113562,7.614682203853236e-06,0.0035878499366668315,-0.0020807902033328496,0.0008653111625405434,-3.348456666718569e-07,0.003900146486665701,-0.0031349182166673373,0.0014076578049455452,32.0,0.0011127074562499728,1.9921811469824704,38.0,0.49846104938332325,0.0004394426884859685,0.0017094590926665099,0.00016826805178784754,2,0.004698181149334069,0.0024387467670199973,-0.0001646614075714679
SN 012,F02,96,1.6167517344133333,1.6221651077249999,0.001551546689727588,1.6223300425193332,0.0010513099937273338,-4.0356318142857413e-05,-0.0010104624426663378,-1.0144152258951813e-05,0.007580693563333352,-0.009202194213333348,0.0022059467330325495,-2.693600124999603e-05,0.009862391153332872,-0.015407053626666611,0.003585838026562603,30.0,0.003051757812555548,1.9838169649314703,55.0,-0.0038225535714638916,0.00018118007378376254,0.0010160403786665384,0.0005265520975662204,2,-0.0030313873279990133,0.0021026199874546675,-0.00012106895442857224
SN 053,N01,484,3.1151148478166664,3.122922007241667,0.0018918962436570404,3.12197572496,0.0030588923564654293,-0.00018241700671427972,0.003171268040000008,2.5893702754820333e-06,0.006609090169999998,-0.00691960652666701,0.002409555538809742,4.784054227777723e-05,0.011326090496666552,-0.009423319500000193,0.003880577742095503,33.0,0.003029293484242466,2.284771168637955,66.0,0.18607192301946263,0.0005437953965093283,0.002177988688444099,0.0004922309960674289,0,0.003171268040000008,0.0030588923564654293,-0.00018241700671427972
SN 047,N01,350,2.4659243,2.4693384666666667,0.0009152233474366842,2.4690468022222225,0.0006484874604990501,2.8884761904758776e-05,-0.0002691022222225392,-7.71983471074237e-06,0.0025713666666669077,-0.0038083333333336356,0.001030980829307539,-2.0529444444450372e-05,0.00391486666666685,-0.0052881666666673155,0.001546007986555956,25.0,0.0016978733333333552,2.61473222485581,41.0,0.36935262137328534,0.0002650020454535843,0.0013803977777779863,0.0003460459764898386,0,-0.0002691022222225392,0.0006484874604990501,2.8884761904758776e-05
SN 010,F02,45,2.6432759602833333,2.647415796915,0.0016941871368354657,2.6472949557815553,0.0027150672150809425,3.302256278569107e-05,-0.003998904758222288,-4.204363862259086e-05,0.005699412029999795,-0.009432474770000088,0.0020889051047239507,-4.484388563888997e-05,0.010378519690000143,-0.012896474200000174,0.0032297232942916283,30.0,0.0028453572594444145,2.1260036749596205,51.0,0.2268358012939982,0.0004874079753896766,0.0021835327140009575,0.00048179455981209475,2,-0.011996714274666864,0.005430134430161885,9.906768835707321e-05
SN 059,F03,153,2.3883415222166664,2.4336411794016666,0.01566237927516568,2.4464689805755557,0.008247912303997155,-0.00026405697779762047,0.0027177259644441953,-0.00019230908272727386,0.016793823240000005,-0.017512766520000334,0.00543990467765485,0.00011624654133333505,0.028281148273333834,-0.021281178793333133,0.006804844906614509,13.0,0.010350075745897414,2.4620847825601304,6.0,0.9385049756463636,0.011890532384219157,0.04219641791400042,0.005614218412570726,3,0.010870903857776781,0.02061978075999289,-0.0010562279111904819
SN 049,N01,372,1.7507382666666669,1.7603607000000001,0.00331076279093506,1.7605589555555556,0.00048467093708093946,2.0082857142868423e-05,-0.00029222222222213823,-2.922920110192872e-05,0.01567076666666689,-0.017629600000000023,0.0033853682402979375,-6.205277777772873e-06,0.019042699999999524,-0.022860933333332945,0.0044278571526671475,14.0,0.005304769047618991,2.2422012627708545,49.0,0.4794378657628132,0.0006574856576999896,0.004326637777777531,0.002713161184780204,0,-0.00029222222222213823,0.00048467093708093946,2.0082857142868423e-05
SN 004,F01,82,1.1060864766433334,1.12180290222,0.012547062010661384,1.14779029846,0.001598078362397523,0.00014039584567858936,-0.0011429087333330035,0.00027854225851239796,0.005656178793333355,-0.005377960203333476,0.0016128862605384543,-2.3651123055555093e-05,0.006021118160000283,-0.004538599653333586,0.0018914536077180553,5.0,0.0074073282879999255,8.3042375784479,3.0,0.9916920696423754,0.011222513180051434,0.037714038424666585,0.0015942792750413923,1,-0.002285817466666007,0.0023971175435962846,0.0002807916913571787
SN 011,F02,75,1.9787640889466669,1.9803152720116666,0.0006776053531883303,1.979855940075111,0.00033689548799643545,2.7260553297612073e-05,2.1150378221701516e-05,-4.3054585950417794e-06,0.0019368489566671254,-0.002595520019999631,0.0007869466453099186,-1.9772847472230663e-05,0.0035522460966672664,-0.004104359943333247,0.001304177551244609,36.0,0.0009743513886111894,1.7372966054479082,53.0,0.32996941528347035,0.00035062081170752156,0.0013013627793334592,0.00015467660264637176,2,6.345113466510455e-05,0.0006737909759928709,8.178165989283621e-05
SN 049,N01,377,1.7582270000000002,1.7616798333333332,0.0011710229740427782,1.7620876755555557,0.0005542012933630577,1.8030595238099118e-05,0.000294824444444286,2.78548209366371e-05,0.004475799999999808,-0.0034575000000003353,0.0013083579700783926,1.1918888888891773e-05,0.005500399999999628,-0.00678126666666623,0.001984649143556583,29.0,0.001853932183907993,1.9048907063415372,47.0,0.36631032097050187,0.00046872614750996717,0.0016528777777777837,0.0003717130627606745,0,0.000294824444444286,0.0005542012933630577,1.8030595238099118e-05
SN 017,F02,198,3.3082796732566666,3.3191188812233334,0.0023736501811098976,3.3173987494559998,0.0016995041310866761,-8.696783160715744e-05,-0.0003124660926667744,7.27819017079867e-05,0.013725280763333458,-0.00808944702000014,0.0027287368948260425,-0.00012077967327778216,0.00930277506666588,-0.01171569824666685,0.0038297168113780927,30.0,0.003603176540888849,2.1657676994344697,50.0,0.28100560120608237,0.0007065746443767742,0.0031032138400002296,0.0008116110450635335,2,-0.0009373982780003232,0.0033990082621733523,-0.0002609034948214723
SN 016,F02,176,2.81229197184,2.81607157389,0.0012977357457725665,2.8156495666486667,0.001651202974854206,-9.740193683335071e-05,-0.0012597656253339196,-3.478625589532161e-05,0.003320566813333592,-0.003280385333333413,0.0013329334799424717,-1.718521119444816e-05,0.005681101480000006,-0.005450439456667677,0.0021857459372421765,32.0,0.0018779913584375807,2.045175365087034,43.0,0.46477304584205426,0.0007000372883101358,0.0024919637046667553,0.0002776157053520223,2,-0.0037792968760017587,0.003302405949708412,-0.00029220581050005214
SN 029,F04,5,2.29690424601,2.304737091063333,0.003933015842646091,2.3049897257468888,0.0007243236328046622,1.0618482392864083e-05,-0.0005603535968887741,-3.874807647382894e-05,0.0033854166666666963,-0.0029556274433333307,0.0010841332130442835,-6.054772277782246e-06,0.003348286949999668,-0.0035433451333326538,0.0013341936007316936,11.0,0.0031839775321212053,4.333487063763515,15.0,0.9621497700849277,0.0034508503247131146,0.012118564181555769,0.0008856571386740269,2,-0.0016810607906663222,0.0014486472656093244,3.185544717859225e-05
SN 020,F02,241,2.823390960693333,2.835088348386667,0.0019092865769753404,2.8348897467702225,0.0005944918020366969,-2.619879595238921e-05,0.00026192558977733427,-2.564149311318255e-07,0.01533940632999986,-0.011726633706667045,0.00265223180247614,1.120885213889237e-05,0.027066040036666905,-0.021470133463332708,0.004441883823103109,27.0,0.0028824511874074206,2.2768590939201587,48.0,0.04306460899675406,0.0005528719488990892,0.002556593153333786,0.0009559128835923868,2,0.0007857767693320028,0.0011889836040733937,-7.859638785716762e-05
SN 045,N02,46,2.0520854666666666,2.0682713666666666,0.02599308627739458,2.088321582222222,0.007514986865962068,0.0008822552380952372,-0.0031851822222219717,-0.0010671776859504148,0.0121406666666668,-0.02727023333333367,0.005922743218560755,0.00016384666666667455,0.017068466666667614,-0.007489566666666558,0.003504251012145602,7.0,0.016367928571428565,8.897163029727635,4.0,0.9791833707817368,0.015636735739026318,0.06988613333333316,0.005806805784353852,0,-0.0031851822222219717,0.007514986865962068,0.0008822552380952372
SN 049,N01,405,1.7273348333333334,1.7292913333333333,0.0008260251433621646,1.7298548599999999,0.00033716249984433764,2.1799761904753693e-05,0.0006249400000000183,1.6972727272725827e-05,0.002285400000000104,-0.00190123333333303,0.0009211661160262348,8.938055555555527e-06,0.0033333000000002055,-0.0040870333333329345,0.001416097467937303,26.0,0.0015505628205128702,2.253159458120697,41.0,0.37505467263596276,0.0004521672884738764,0.0014454044444447423,0.00020477850924470548,0,0.0006249400000000183,0.00033716249984433764,2.1799761904753693e-05
SN 055,N01,517,3.16083196004,3.1692432403549997,0.0027648636839416696,3.1684332444917778,0.0021927410231637524,3.072284508333396e-05,-0.0007358466251110585,-5.524059958677602e-05,0.01052093506000018,-0.009633382163332982,0.0034276314113641233,6.860733033333306e-05,0.017691040043333217,-0.015643056236667174,0.005380140357237342,31.0,0.004765836654623597,2.0482589934597057,53.0,0.22628349804311784,0.0007892274714736593,0.002903069389556201,0.0010868944001053756,0,-0.0007358466251110585,0.0021927410231637524,3.072284508333396e-05
SN 036,N01,113,2.8098325093566667,2.8181537628166664,0.0027173038884373245,2.8182259284106665,0.0016329930521080023,-0.00026481537598808903,-0.001409216987333206,-1.2001058677659843e-06,0.008061472573333006,-0.012341817219999829,0.0023552013625938793,1.410590274999457e-05,0.008336893719999683,-0.014166005453333241,0.003225132375493974,21.0,0.003908429826825287,2.350187255628192,44.0,0.6268420275901182,0.0006619933712461069,0.0039039442271104896,0.0016486540411156923,0,-0.001409216987333206,0.0016329930521080023,-0.00026481537598808903
SN 019,F02,230,3.006027221676667,3.0093252817783336,0.0012459693667986407,3.0089964124873334,0.0012224136235356954,6.866273430953092e-05,0.0019621955026667415,1.022086655647781e-05,0.004648335773333123,-0.0047177632633328415,0.0017125875624599738,1.7238193083331706e-05,0.009366099036665965,-0.009189860023333107,0.0029369139145782605,32.0,0.0022955338159375283,1.838947611701181,52.0,0.05605360981829924,0.0005043028157643082,0.0016084798177775639,0.00024487578646797487,2,0.005886586508000224,0.002444827247071391,0.00020598820292859276
SN 045,N02,16,3.335402933333333,3.3551079833333333,0.008072061969739157,3.3558593244444443,0.0021616729993492695,-0.00010937559523808307,-0.0008575244444442021,-0.0001150947658402174,0.02382506666666684,-0.034997566666666646,0.008429083051752039,-4.206361111110576e-05,0.03304090000000004,-0.037024433333333384,0.012912493497038267,27.0,0.012546107407407374,1.6265418658592565,53.0,0.45350551756395113,0.002158858596022035,0.013203922222221998,0.0038376212728871684,0,-0.0008575244444442021,0.0021616729993492695,-0.00010937559523808307
SN 011,F02,76,1.9761021931933331,1.9798901875783335,0.0011281241685788875,1.979694137571333,0.0003250283645021075,1.0355540619075684e-05,4.3843588666936384e-05,-1.8395668209364583e-05,0.00254287719666646,-0.003694534303333219,0.000997639591434254,1.575469972222206e-05,0.004827626550000019,-0.0060395558666661575,0.0016729701361097083,26.0,0.0013340729935896916,2.1540387628436077,27.0,0.6075859834784209,0.0007849246481346943,0.0028232744006668753,0.00029375441508382345,2,0.00013153076600080915,0.000650056729004215,3.106662185722705e-05
SN 011,F03,79,1.82446899414,1.8388930638616667,0.007067413600960589,1.8432460191497777,0.0010678535398271063,0.00014709336423810606,0.0029850599502223574,-5.3592818484845015e-05,0.002657190956666833,-0.00849736531333356,0.0013851162080087515,1.92059410833334e-05,0.00401751199999989,-0.006235885616667547,0.001480041512833936,8.0,0.0024462699887499995,3.9976967851730096,4.0,0.9805509377312829,0.005278179240522968,0.020015970865333355,0.0025911162178558545,3,0.01194023980088943,0.0026696338495677658,0.0005883734569524242
SN 020,F02,253,2.82904103597,2.8355265299450005,0.0014437849361530618,2.834763827852444,0.0016670624834434363,5.7447524285571455e-06,0.0002968004008891967,-2.1767944683197042e-05,0.007341257729999828,-0.005812327066666345,0.0015802570916398349,2.031538222222462e-05,0.013153584796666173,-0.0129803975399998,0.0026296684896759824,27.0,0.002024747118642007,2.2858542901866397,43.0,0.39945839741868505,0.0005256182780285935,0.0018548753524441075,0.0005894289765650383,2,0.00089040120266759,0.0033341249668868726,1.7234257285671437e-05
SN 046,N01,292,2.917040252683333,2.9204588572166665,0.0014627432536088133,2.9201091851113334,0.0008716596617761549,-9.686969569047766e-05,-0.0013986036513333744,-1.9355122369147926e-05,0.006267547606666923,-0.004250590006666943,0.0017368320137511172,5.009969055558283e-06,0.006937662760000407,-0.009157053630000522,0.002780345939489729,35.0,0.002298867362666649,2.4348518167335125,43.0,0.29576208141893495,0.0007070089224597993,0.0024070231119996954,0.0002569932771721869,0,-0.0013986036513333744,0.0008716596617761549,-9.686969569047766e-05
SN 020,F02,243,2.8135950724266667,2.8350009918200003,0.00484825231030231,2.8339986673975557,0.003392831708077655,-0.0004823939005476206,-0.0027130635575556283,-3.9603493415979875e-05,0.02284266153999992,-0.03254877726333261,0.007105007976426327,4.999372694444911e-05,0.037906646726667326,-0.04410832722999869,0.011947455393308451,25.0,0.009208557128400017,2.2367392649268356,53.0,-0.06754590582193244,0.0007161969665375982,0.003578474256666464,0.0025370159323513017,2,-0.008139190672666885,0.00678566341615531,-0.0014471817016428617
SN 020,F02,251,2.83163503011,2.8353239695216663,0.001027876144489856,2.835035146076222,0.0007498708588764015,-4.3202354714281084e-05,-4.267374622202169e-05,-6.104146151514747e-05,0.0022862752266665787,-0.007740020750000021,0.0011805115776862222,6.647109983333547e-05,0.008458964026667015,-0.0037269592266659934,0.0016733283309802905,25.0,0.0015105183922665866,1.9304945273663021,51.0,0.19536144928500074,0.0002405681726154753,0.0009327358664448226,0.00029733321912207725,2,-0.00012802123866606507,0.001499741717752803,-0.00012960706414284325
SN 038,N01,151,2.5537541707333333,2.556530507405,0.0012014001438158124,2.5567183430973333,0.0015861354732436815,-3.4684680738104675e-05,2.4007162666705995e-05,1.0771528099174453e-05,0.004023742673333164,-0.00393422444666669,0.0014708110475006243,-3.6159091527780225e-05,0.005581919353333742,-0.00540746053333363,0.0023944242932161094,37.0,0.001876542374864811,1.9522326928916898,51.0,0.25449303238108795,0.0003259059142808002,0.0014793904615553188,0.00026216974494078183,0,2.4007162666705995e-05,0.0015861354732436815,-3.4684680738104675e-05
SN 054,N01,502,2.70902481079,2.73544133504,0.007802393533687259,2.7354350450291114,0.0013326782554742233,-5.540393630961862e-06,-0.00032584296244486666,-2.89832921487596e-05,0.024842834473333575,-0.025343831379999848,0.008279377530615084,3.143522475000197e-05,0.02939046223666608,-0.02673492431666613,0.01199514953597384,27.0,0.012511980975432133,2.0630077934347204,47.0,0.44138114639873005,0.002087630852833287,0.01267912122888859,0.003518398143682528,0,-0.00032584296244486666,0.0013326782554742233,-5.540393630961862e-06
SN 041,N01,197,2.571981048583333,2.5758008321116668,0.0016524809131948097,2.5760932074637775,0.0021640340948445766,-5.017780122618268e-05,-0.001515112983777378,-3.651180214876096e-05,0.006767527263333406,-0.007906850176667035,0.0017587271532753807,9.81224888892592e-07,0.01103719075333398,-0.008332061763333787,0.0025330776853382834,28.0,0.002520543053095205,2.457499983428211,43.0,0.42794734053059164,0.0003292107950953505,0.0015414089622223237,0.0007092669573282564,0,-0.001515112983777378,0.0021640340948445766,-5.017780122618268e-05
SN 013,F02,111,2.4690630594866665,2.4728588104233333,0.001438990699769212,2.4723316107840003,0.0010820615964246773,8.080709559525571e-05,0.0028853183326664755,2.120677438015547e-06,0.007246653240000178,-0.006028747560000269,0.0018835167778688442,2.9665629083334515e-05,0.008624267580000566,-0.006915791830000018,0.002987765887786001,32.0,0.0024975617730208094,1.8895470658279185,56.0,0.13340428780509828,0.0004666256698045116,0.001867862277555865,0.00039083291051601553,2,0.008655954997999427,0.0021641231928493545,0.00024242128678576713
SN 011,F03,109,1.76977297465,1.7818234761533334,0.004579184494362685,1.7725666300440002,0.0025122197637511105,-0.0005069423857023826,-0.0018645222973336928,-0.00010087404696969912,0.003977457683333352,-0.0038986206066666806,0.0010086486957198494,5.681779638886756e-06,0.007876078290000033,-0.004062525433333297,0.001314914764107346,7.0,0.0036784035823809497,4.372095681148958,9.0,0.9756186773469941,0.0036594096147956,0.01405393812399991,0.0010138837532130244,3,-0.007458089189334771,0.006280549409377776,-0.0020277695428095304
SN 044,N01,238,2.5806950666666664,2.5881225333333333,0.0022692095922085278,2.5873295577777777,0.0014953144547724157,-3.629845238095619e-05,0.0017431088888888446,1.495840220385488e-05,0.007685600000000292,-0.008948800000000645,0.002975434182896045,1.778083333333254e-05,0.013927966666666958,-0.009692366666667507,0.004267415394126283,30.0,0.004359537777777808,2.257033104224866,53.0,0.1463197621128702,0.00046962984873791464,0.0018472799999997846,0.0006662058500771907,0,0.0017431088888888446,0.0014953144547724157,-3.629845238095619e-05
SN 029,F03,113,2.1852834065733333,2.2256023406966667,0.013650984083001253,2.2324876742875555,0.0024818943103264244,-0.00039962677717856807,-0.0001555718308887677,0.00033654247104683224,0.005724080403333165,-0.005415089926666727,0.0025137324578918146,2.5185479055552426e-05,0.0077850341800003164,-0.009960937496666489,0.0028548799418186476,10.0,0.008514734904000098,5.624176392895494,9.0,0.9829580621155298,0.010624877158319123,0.0422611151797776,0.0020579584563602212,3,-0.0006222873235550708,0.006204735775816061,-0.0015985071087142723
SN 010,F02,32,3.676050313313333,3.691168340045,0.0031274731649867,3.690883856878222,0.0019267647887684471,6.217502405952821e-05,0.0003047010617778234,2.1480003305774187e-06,0.012355550130000559,-0.011160786946666335,0.003959918315035673,-4.481633505555675e-05,0.021650441486667393,-0.01784820556333333,0.006151766975863515,29.0,0.0055813142625287405,2.404727873637829,52.0,0.20498480396088167,0.0003694645004422458,0.0023205057777775373,0.000929448597540414,2,0.0009141031853334702,0.0038535295775368942,0.0001865250721785846
SN 009,F02,12,3.061049397783333,3.065664545693333,0.001749686779258066,3.065378061928667,0.001791969272869716,1.0577610547627244e-05,0.0046943664546663655,2.7327104049588818e-05,0.006517283119999995,-0.007189687093333674,0.002145592267166211,4.3012830916666636e-05,0.010194905596667247,-0.007379913326666987,0.003286392599242573,33.0,0.002699418501414049,2.6816467167573146,50.0,0.2314425533151338,0.000526700237156041,0.002661556668222431,0.0005127139001429148,2,0.014083099363999096,0.003583938545739432,3.173283164288173e-05
SN 045,F06,2,0.89203,0.89203,,,,,,,,,,,,,,0.0,,,0.0,,,,,3,,,
SN 054,N01,508,2.72623748779,2.737517293293333,0.004367123852357231,2.7378815884046666,0.001028210659954244,8.746555940480111e-06,-0.001015082464666417,6.460815093664148e-05,0.0356442769366665,-0.041393025716666365,0.005681138960502352,-0.00030237197874999713,0.04749094645333285,-0.044330342609999907,0.007838440364950796,19.0,0.0066001892087719696,2.6559022587964014,52.0,0.14640486925725274,0.0005253949403670018,0.0035645887586670533,0.0018036040949255794,0,-0.001015082464666417,0.001028210659954244,8.746555940480111e-06
SN 034,N01,59,4.272049458820001,4.279272460936667,0.002683805729887668,4.279174058701111,0.002251666333106038,-0.00017666044698805918,0.003049960665555851,3.1883723140500876e-05,0.012094624836666235,-0.009258015949998644,0.003735460090606471,1.002417672222311e-05,0.012444559736668026,-0.01648000081333212,0.006310325878816445,37.0,0.004674316955855875,1.6683607054569716,63.0,0.03422643247606678,0.0009011067291893294,0.0036586507164440008,0.0006961025001865182,0,0.003049960665555851,0.002251666333106038,-0.00017666044698805918
SN 009,F02,17,3.0635475158666665,3.066285959878333,0.0010154950642831087,3.0656038920064446,0.0008682701736994731,0.00011063167011906095,0.0006736755368885738,-1.1214999779617658e-05,0.002552286783333191,-0.0035802205399999565,0.0011001029922157368,-4.096560999999887e-06,0.004598999023333494,-0.004303741459999344,0.001782102770814955,32.0,0.0014510711032291734,2.1608114111335053,39.0,0.41376372428288055,0.0005512344717418837,0.0024250793457776254,0.0002338387331923948,2,0.0020210266106657215,0.0017365403473989462,0.00033189501035718285
SN 020,F02,244,2.8299545288066668,2.8350449879933333,0.0011997732467919277,2.8346418931733335,0.0004319199468356858,1.0145278154741595e-05,-9.294298000028789e-05,-5.1850458126725925e-06,0.0055079142266665215,-0.00807545979666724,0.0012054740936076412,-5.4359436111132515e-06,0.007135518390001039,-0.009060160316667343,0.0017857094653399757,23.0,0.0015948972839130147,2.278202000220955,36.0,0.49882638347738045,0.0004779220763520466,0.0019307115344440184,0.0005893802425864211,2,-0.00027882894000086367,0.0008638398936713716,3.0435834464224786e-05
SN 012,F02,91,1.6194414774566668,1.621775627135,0.0009483768806546933,1.6213159773064445,0.0006352186867660909,-2.262978322619759e-05,-9.379916644469688e-05,3.9618206611409557e-07,0.003107198079999929,-0.0039712270133334115,0.0011158806885748968,-8.385976138891582e-06,0.004864629113333407,-0.005394999190000194,0.0018074282567987442,31.0,0.0016241709392472643,2.066957597950449,42.0,0.31118850032558,0.0005507019860334973,0.0015591176351110736,0.00018687566878319368,2,-0.00028139749933409064,0.0012704373735321819,-6.788934967859276e-05
SN 049,F05,29,1.8647717793766667,1.8684530893949995,0.001598823391483617,1.869261745875111,0.0008659933805861903,-0.000128486724166663,-0.0003672960084446508,-1.1115166115705231e-05,0.0018411000600000449,-0.0030962626133332893,0.0007812768993354849,1.0640886083331432e-05,0.0021981557266668172,-0.0027809143066670483,0.0009852942420355254,16.0,0.001809287071666707,3.4644593394237284,24.0,0.8809745467492858,0.0010712599104099336,0.0038072797988886187,0.00047596415230934455,3,-0.0014691840337786033,0.0021649834514654758,-0.000513946896666652
SN 033,N01,46,2.3852945963533334,2.38695259094,0.0006785157512895064,2.386694047714,0.0008530159168660316,9.314945757142549e-05,6.768120599964789e-05,-3.333393884298677e-06,0.002043660483333376,-0.00267893473333336,0.000915132188047765,-7.612440305556264e-06,0.0042368570966666574,-0.0039789835633339266,0.001529398099582805,34.0,0.0012150783162745166,2.388651594546083,53.0,0.09726131585696172,0.0002920355688761406,0.0010643513997772303,0.00010201120044233232,0,6.768120599964789e-05,0.0008530159168660316,9.314945757142549e-05
SN 015,F02,153,2.9447135925266665,2.9508738199849995,0.0014482279353631084,2.950617370603778,0.000584898360496005,-6.254650296427958e-05,-0.0006555175771114641,-8.814788044078349e-06,0.007304128009999911,-0.011168670656666269,0.001967659164547025,-1.3266669388882028e-05,0.014026896163332747,-0.013893890383332774,0.0031059230981256855,29.0,0.0024124057816091765,2.260222243056987,49.0,0.08307302521444565,0.00045368030013653794,0.00187820434555519,0.0007236484234993868,2,-0.0019665527313343922,0.00116979672099201,-0.00018763950889283875
SN 053,N01,483,3.11029281616,3.123722712196667,0.002252915778340366,3.123902926973111,0.0012467211977425139,2.6484898107143843e-05,0.0012382168235558488,2.1313964159782623e-05,0.011128234863333919,-0.01736577352000035,0.0030723845279174234,-5.255804999992896e-07,0.02492421468333328,-0.016522979736667498,0.004866085601646201,27.0,0.00390179481061732,2.407719779267652,57.0,0.07511406727674472,0.0003511437923048197,0.001712171766444559,0.0011142912698701394,0,0.0012382168235558488,0.0012467211977425139,2.6484898107143843e-05
SN 024,F03,11,2.39631017049,2.40394515991,0.035074358384092834,2.4860839843728892,0.016653442862433823,-0.002728256952273801,-0.04230448404955611,0.00035911749217630584,0.017155710856666673,-0.017744445800000452,0.004398712956141189,-0.00015396330091667078,0.011609141033333437,-0.013238525390000255,0.0035605121964036985,5.0,0.020618489583333323,9.914916849867785,1.0,0.9921760002780229,0.03160781000075832,0.09665125528999985,0.009371729321749699,3,-0.16921793619822445,0.04163360715608456,-0.010913027809095205
SN 024,F03,4,2.3780665079733336,2.4085694630933334,0.004623181973020648,2.4088125271251113,0.0015641119456998556,-0.00010272707246428623,-0.001452704535111149,9.474320845730007e-05,0.02025782267333298,-0.017829386393333202,0.0036730059864269757,0.0001439539591388909,0.03808720906666618,-0.01929626464999945,0.005432387884439793,13.0,0.006382634089743608,2.5457660140991623,30.0,0.6767239366652434,0.0016554640598282456,0.0064795430506663365,0.0017247478837458155,3,-0.005810818140444596,0.003910279864249639,-0.00041090828985714494
SN 015,F02,149,2.94317398071,2.9514202117899995,0.0017577028448270487,2.950898437498222,0.0012403321126140791,2.7408599892856218e-05,-0.0011855570482222078,-3.5706827465563835e-05,0.010228729250000068,-0.009219360349999484,0.0022693936702728196,7.390340166666029e-05,0.016307067869999248,-0.0126622517866668,0.0035320412613631847,23.0,0.0034302089523188637,2.2035763174918315,53.0,0.16230082823735542,0.0005050992940436971,0.002264760335555227,0.0007919246107577077,2,-0.0035566711446666233,0.0024806642252281582,8.222579967856865e-05
SN 036,N01,99,2.8174118041966665,2.8200096130350003,0.0009363064238352035,2.8197171529119998,0.000659370338710739,-2.1728333940502457e-05,-0.000640360515333338,-9.121645261708524e-06,0.0030962626133330673,-0.004105631513333208,0.00134367194380697,-2.006742691667377e-05,0.007106018069999553,-0.005110422773332957,0.0022849989174849768,35.0,0.0017115929016190633,2.1700969953117775,57.0,-0.02557637493224975,0.0002879711585721879,0.0010390896268881455,0.00016890132038591043,0,-0.000640360515333338,0.000659370338710739,-2.1728333940502457e-05
SN 011,F02,61,1.9814924875866664,1.9873781839999995,0.0013347733488010326,1.987017839218222,0.001211528555436533,-0.00013795898065476446,0.0006192355684442319,-7.231110716256286e-06,0.0052310943600000215,-0.0036898295100002976,0.0011357689952836356,2.973026699999622e-05,0.004903411863333318,-0.004606501263334284,0.0015631102986564738,22.0,0.0015997973357575973,2.3906119515134723,34.0,0.6398599450116836,0.0005673873843573935,0.002444771661555656,0.0007618886857291222,2,0.0018577067053326957,0.002423057110873066,-0.0004138769419642934
SN 028,F03,73,3.3525736490866667,3.367796961463333,0.004905144359529364,3.370091383190667,0.0009891368457371603,0.00010268529255952341,0.0010771348726659191,0.00013977555203856354,0.004227956136666489,-0.0035461425766669663,0.0014494844670150757,-2.844068750000132e-06,0.007067616779999675,-0.004497019446667139,0.0021682935659417192,19.0,0.002845255533684199,3.3014004418252667,7.0,0.9556225097627848,0.0039287725922211745,0.012249552409111075,0.0007779772733590006,3,0.0043085394906636765,0.002472842114342901,0.00041074117023809364
SN 014,F02,130,3.2290700276666664,3.235687637328333,0.0019462904576273137,3.234253183998889,0.0015976872618529805,-7.166544592856562e-05,-0.0014190673822223054,-4.981174931129591e-06,0.006458282470000132,-0.008840433756666766,0.002337055206688273,-2.612431841666855e-05,0.015298716226666897,-0.012073008220000236,0.0036668930372672453,31.0,0.003220728391720438,2.403100374874188,52.0,0.275670382848662,0.0006624497837625735,0.003127848307555414,0.0007037151601402616,2,-0.004257202146666916,0.003195374523705961,-0.0002149963377856969
SN 044,N01,248,2.5882845333333337,2.592800883333333,0.0018448722664202463,2.592340475555555,0.0024242314457274495,-0.00012410964285714134,-0.0023103422222217063,4.228650137744893e-06,0.009474199999999655,-0.006039199999999578,0.0024598858102837296,-1.7274444444444668e-05,0.0096667333333329,-0.015296466666666397,0.0038844582010157357,30.0,0.0036816711111111585,2.2329917532526826,54.0,0.09926514218615033,0.00035454284220564253,0.001431208888889035,0.0002787433765337342,0,-0.0023103422222217063,0.0024242314457274495,-0.00012410964285714134
SN 010,F02,40,2.6438557942700003,2.646378453571667,0.0008614194759059863,2.646122504338666,0.0008119848683561035,-4.910060332142648e-05,-0.0007550726986660372,-1.4897286060608567e-05,0.00301284789999956,-0.0030515034999996082,0.0011714106580597106,-7.112291111107301e-06,0.005260467529999424,-0.004223378500000763,0.001926748734741456,30.0,0.0017178429497777998,2.1730728157798125,51.0,0.07455684054540998,0.00026878598081916743,0.001079237196444538,0.00010527003517697457,2,-0.0022652180959981116,0.001623969736712207,-0.00014730180996427945
SN 064,F05,35,3.0443036397266665,3.101550038653333,0.010618250317328657,3.0996520656993334,0.0018226247450559418,0.0003344408671428521,0.0035629611540000106,3.3203629421489233e-05,0.10073369344333383,-0.03421681721999992,0.011739359988245766,-3.8570830555399266e-07,0.1048639933300004,-0.11364135742666726,0.017262317732228104,9.0,0.021015025952222377,4.680890715114845,29.0,0.39369106978213164,0.0017977315471197942,0.012976515028221502,0.008880808730724294,3,0.014251844616000042,0.004556561862639854,0.0013377634685714083
SN 046,N01,308,2.911756642656667,2.91547787984,0.0012971392123679443,2.9160784064382224,0.0009993297448521329,-1.2306031761908998e-05,-0.00145209418488923,1.8524926556472065e-05,0.004499562583333727,-0.0033302307100000483,0.0016004842216843472,-5.276574030555666e-05,0.005725606283332851,-0.006187947589999521,0.002550941491808475,31.0,0.0023764087306451915,2.1696611499036664,48.0,0.22438544355824525,0.0004736888928382962,0.0018584696451116045,0.0002102724206526776,0,-0.00145209418488923,0.0009993297448521329,-1.2306031761908998e-05
SN 010,F02,33,3.66832733154,3.690491231281666,0.006413516779863439,3.6901227823880003,0.003051091210646354,-3.5778227428568635e-05,-0.001059773764666705,8.536514826446706e-05,0.023366800943333654,-0.023743693033333013,0.00759113944409034,-7.994333902777706e-05,0.0315640767433325,-0.026289876299999015,0.010339869196781776,29.0,0.011048424380459908,2.2275203020107166,52.0,0.29506955382604244,0.0007967505972820904,0.0042258877219998325,0.00269964035888985,2,-0.0031793212940001148,0.006102182421292708,-0.0001073346822857059
SN 045,N02,11,3.2892189000000003,3.326780933333333,0.01024162355184696,3.3255698600000003,0.004072372567394842,0.0003947701190476049,-0.0004231266666669953,6.961944444442795e-06,0.0420967000000001,-0.052746833333332965,0.012713570424511565,-5.8513165266099126e-05,0.06921203333333281,-0.0727503666666669,0.019875885953979877,26.0,0.01707780384615382,2.1427479465441577,48.0,0.2356657927954593,0.0021790593544556767,0.012812704444444378,0.005025332069447176,0,-0.0004231266666669953,0.004072372567394842,0.0003947701190476049
SN 039,N01,161,2.87523651123,2.8931224822983332,0.006091377796913466,2.892262742782444,0.0036039845923529806,3.1298682845231386e-05,-0.002419755722443906,-2.2268163911843453e-05,0.03748168945333319,-0.023872121176666816,0.00910873361760392,-1.6990237749999377e-05,0.0506027221666665,-0.05950673421333308,0.014588557562748414,26.0,0.01286174089487179,2.0799694807815405,60.0,-0.11012384704180263,0.0005528387790662318,0.0028248257106668895,0.0038000110428671194,0,-0.002419755722443906,0.0036039845923529806,3.1298682845231386e-05
SN 039,N01,158,2.89007644653,2.89413274129,0.0011624826166906582,2.8936321512837777,0.0009867879044606364,-7.872081932143488e-05,-0.00040985107377755625,-1.6032237327824136e-05,0.004812113446666988,-0.005920410156666556,0.0017055185938019666,1.753277250000259e-05,0.010468292236666343,-0.007988484700000242,0.002939633826868819,32.0,0.002271246909791663,2.4494875496350446,63.0,-0.07371269780384003,0.0002654958747928703,0.0011265733511112153,0.00028781346798865845,0,-0.00040985107377755625,0.0009867879044606364,-7.872081932143488e-05
SN 046,N01,345,2.892237833333333,2.9171370000000003,0.004908047069830306,2.915378655555556,0.012500017138449877,-0.0007281847619047742,0.0009507777777773008,-1.002534435261787e-05,0.016353600000000412,-0.013813499999999923,0.0035904365086399685,1.3179722222222967e-05,0.018329633333333817,-0.012637833333333237,0.004291189510423222,18.0,0.005517714814814913,2.4524891299503384,53.0,0.7345983909294967,0.0008859448029757318,0.005665995555554915,0.003682766045413494,0,0.0009507777777773008,0.012500017138449877,-0.0007281847619047742
SN 015,F02,140,2.9434816996233333,2.9507996877016662,0.0018627514345811568,2.950115102130667,0.0008357483848318892,6.16845629762021e-05,-0.0006618754073337563,-2.291971002755148e-05,0.009259541830000106,-0.007824961346666548,0.0023935361443960567,-9.261237249998574e-06,0.017084503176666654,-0.012773386636666828,0.003829586205828333,27.0,0.003329665572345663,2.3720166320742413,49.0,0.1774779721854462,0.00045256212133698364,0.001986592610222271,0.0006351184538102299,2,-0.001985626222001269,0.0016714967696637784,0.0001850536889286063
SN 045,N02,41,2.913458233333333,2.97525595,0.021125230288539507,2.9638483355555554,0.013386957584926407,0.0020799541666666676,-0.003648602222221964,-0.00033739779614324917,0.01404519999999998,-0.018632000000000204,0.005136568770261373,-3.375833333330025e-06,0.01502129999999946,-0.01986699999999919,0.004373948717519478,8.0,0.017164008333333147,5.202782798940256,11.0,0.9704294558546637,0.017634084681335788,0.06937659111111127,0.006558993250947248,0,-0.003648602222221964,0.013386957584926407,0.0020799541666666676
SN 029,F04,1,2.25785064697,2.278280258176667,0.016951253773544332,2.285546942815111,0.0025714323742122083,-0.000477709997357142,-0.0004819912384443903,5.398974006858649e-05,0.06460622151999962,-0.010896555580000467,0.004485980385722651,5.603296363635224e-06,0.06448389689666634,-0.06841837565666564,0.006410636515771331,9.0,0.01213749073148154,10.76487913357251,1.0,0.9651037128789899,0.016036542035619713,0.0583251953124444,0.00583865887379888,2,-0.0014459737153331709,0.005142864748424417,-0.001433129992071426
SN 034,N01,56,4.271315511066666,4.278119150795,0.0024063049036812125,4.278635660805555,0.002133042289859943,-0.00010803222654762744,-0.0002095540355551151,-8.342312057851945e-05,0.009219360350000372,-0.008654785156667621,0.002869335130060472,6.932576497222786e-05,0.012027994790001273,-0.011219787599999087,0.0044520894806893375,29.0,0.004194272797586053,2.319659995395505,48.0,0.2329869075386204,0.0007960648534928258,0.00309427897155512,0.0005527131158221475,0,-0.0002095540355551151,0.002133042289859943,-0.00010803222654762744
SN 055,N01,511,3.15432764689,3.171289952595,0.005021367610374795,3.1706470913337776,0.007869714640736351,-0.00017845698760717208,0.01889606051955539,0.00014262554074379914,0.022373453776666885,-0.01416295369333298,0.0064027868964368195,0.0001832962036111089,0.033557128903332956,-0.02504526774333371,0.00967856259813747,31.0,0.008623307750860197,1.8130329918650394,56.0,0.14620134929409023,0.0012554101772198681,0.005129055446888575,0.0016534916276620224,0,0.01889606051955539,0.007869714640736351,-0.00017845698760717208
SN 037,N01,117,1.9437634785966664,1.9636118570949996,0.004312447555838172,1.9637314012297777,0.0008098292098790955,-9.949956616668625e-05,-0.0002571275497778025,1.0782036887054749e-05,0.02723744710000031,-0.01558965047000016,0.004893486753980926,2.2324456111109485e-05,0.02998898823666707,-0.02619717915999975,0.006933449691353959,13.0,0.008528694739999945,2.770123483896578,36.0,0.3610763864348258,0.001028567475208985,0.005242623223111309,0.0032503924774426258,0,-0.0002571275497778025,0.0008098292098790955,-9.949956616668625e-05
SN 037,N01,131,1.9564020792633332,1.961906051635,0.0017815857295185797,1.9628016408266664,0.0009510003768643004,0.00016934621904761058,0.0015460713699999573,3.274334363636078e-05,0.005872599283333502,-0.0067660013833332755,0.0018398797855707768,-2.267095780555765e-05,0.005708694456667107,-0.008953603106666375,0.0026951729591781467,26.0,0.0027811197128205533,1.8794973952110303,43.0,0.4654382035421879,0.0006568409066747199,0.003038465711555638,0.0006869740271313419,0,0.0015460713699999573,0.0009510003768643004,0.00016934621904761058
SN 048,N01,363,2.715679166666667,2.7286702333333333,0.004052480154127073,2.727709011111111,0.005780730842349779,0.00048457297619047823,0.0051405888888891305,0.00011799063360881862,0.01925023333333309,-0.007610566666666596,0.00395222095359804,5.444166666664548e-06,0.013757833333333025,-0.02279459999999922,0.005644894373799756,27.0,0.006167441975308648,2.7555235847558124,37.0,0.5137481992553317,0.001512554168826698,0.005891773333333461,0.0009512769449201391,0,0.0051405888888891305,0.005780730842349779,0.00048457297619047823
SN 032,F04,26,2.4122817993133334,2.41700960795,0.0019043903891514148,2.417011718748,0.00223477085604073,0.0004634130568452426,0.003751932778667033,3.4033825234161426e-05,0.0023310343400000377,-0.001929219563333362,0.000814322440715406,7.94728594444664e-06,0.002980295813333367,-0.0030408223500000275,0.0010862542284643011,17.0,0.001798652199803855,3.9947560945336296,17.0,0.9077785046762272,0.0012503063953623874,0.004762166341555574,0.0005921316520030493,2,0.0112557983360011,0.00446954171208146,0.0013902391705357276
SN 011,N01,34,1.8538875579833332,1.8613400777166669,0.001585532250565972,1.860789176092,0.0005752949730097785,9.532565160714926e-05,0.0005600568980002052,-7.755500220382578e-06,0.007993443806667333,-0.005347061156666388,0.0016510634146795638,1.5841589999972723e-06,0.009261194866665434,-0.013193766276665908,0.002460823043175489,23.0,0.002194125410434704,2.0205995145606956,47.0,0.4615636318028372,0.0003889115420945515,0.0027078670926667936,0.0010485557027267772,0,0.0005600568980002052,0.0005752949730097785,9.532565160714926e-05
SN 026,F03,33,2.8695788065566665,2.9525100708,0.0471216077653929,2.8826005215099997,0.003123317182210698,0.0006360281081904703,0.0056657240133333175,-0.0003927162527548267,0.05594660441333277,-0.027276102703333027,0.00828063778202371,-0.0004380247328055568,0.04007237752333337,-0.07148056030666616,0.010322553671460781,8.0,0.0248833338420833,7.828740995059498,8.0,0.9845984379190046,0.044488622185901334,0.13130369398311093,0.009135989154772794,3,0.02266289605333327,0.007808292955526745,0.0025441124327618813
SN 005,F01,97,1.195773824053333,1.2601952870666668,0.02463885738049389,1.2353796810555555,0.02827597059083073,0.00474688802454762,0.025609444511111246,0.00046867917063361087,0.01865348816000001,-0.02562828063999989,0.006561165445518542,-5.049599544444579e-05,0.015617370603333347,-0.01814346313333348,0.00611977966816183,12.0,0.020511923896666617,8.431886621077984,11.0,0.9643427000147249,0.016572952332142305,0.07002148098422234,0.0071083652540658345,1,0.05121888902222249,0.042413955886246094,0.00949377604909524
SN 036,N01,94,2.8120015462233336,2.819980239865,0.0017495589268591788,2.8192772420231114,0.001608947381586164,-0.00028101330710714266,-0.00022842407311118862,2.5431315151536182e-06,0.006742858886666703,-0.004585011799999705,0.0016449880376249667,3.541310611114105e-06,0.007902018226666474,-0.0059809366833327715,0.0023328002293844584,24.0,0.002542389763333227,2.909380936084622,34.0,0.5605141081630219,0.0007092596176429719,0.003015509712000153,0.0008567042518684698,0,-0.00022842407311118862,0.001608947381586164,-0.00028101330710714266
SN 042,N01,259,2.778148633333333,2.7811515666666664,0.001312415925002644,2.7815512933333335,0.0006675413354036839,8.519285714281287e-06,0.00040007333333269557,1.0149311294761938e-05,0.0038462333333333376,-0.004586300000000154,0.0016675768403757085,-1.1308611111112329e-05,0.00759000000000043,-0.005343633333333209,0.0026217231916048174,34.0,0.002268264705882327,2.1792575192526513,49.0,0.19766684606353857,0.0004369264878114264,0.00186215777777754,0.00033531446664157507,0,0.00040007333333269557,0.0006675413354036839,8.519285714281287e-06
SN 010,F02,55,2.640651194253333,2.6484376271550003,0.0034189961542096846,2.6493510436993333,0.004835846038153041,0.00036107562839287694,0.009984537760666878,0.00010252182804408008,0.010117340090000315,-0.009463500976666595,0.004272601329265963,4.602644180555411e-05,0.014938608806667641,-0.017494201660000375,0.006641618394038466,27.0,0.007093245894814789,2.053794508436837,49.0,0.1909362103182791,0.0009473422683114142,0.003974355062443813,0.0008135245140758734,2,0.029953613282000635,0.009671692076306082,0.0010832268851786308
SN 002,F01,32,2.219223531086667,2.27835591634,0.028250993164614165,2.272559746634889,0.01673157640020562,-0.00040613810211904684,0.0005140855584442328,8.7880956914596e-05,0.04795913696333365,-0.05531895955333299,0.0196162892045975,-9.792751736111086e-05,0.1000012715699996,-0.07543640136666596,0.03309043094289359,20.0,0.03711953481083337,3.4419579296804805,28.0,0.7607038775752603,0.02055523029307271,0.07930097791866686,0.007943316116475148,1,0.0010281711168884655,0.025097364600308432,-0.0008122762042380937
SN 011,F03,77,1.8062004089333328,1.8330212910950001,0.014253630853976134,1.8288853878426667,0.00404653915331277,0.0007233751388571328,0.0023480818006660353,-0.0002012899099449085,0.005943679809999436,-0.010293706259999924,0.002415660703819472,-4.5606825000044095e-06,0.004973093666666761,-0.006727345786666783,0.0017355383396926724,3.0,0.016034359401110976,19.558725847734,7.0,0.9856618934545462,0.011628467711610411,0.046543884276888825,0.004676557382210455,3,0.009392327202664141,0.010116347883281925,0.002893500555428531
SN 045,N02,9,3.3264739666666667,3.3556287,0.008185623554392743,3.355555406666667,0.00255780214858341,-3.3135357142854977e-05,0.0009738266666663442,6.809917355371738e-05,0.05214973333333317,-0.03192750000000011,0.008263629546208552,-6.048166666666743e-05,0.0585968333333331,-0.04727426666666679,0.01182256747168778,21.0,0.012680269841269734,2.274895295766793,51.0,0.49288281769096975,0.0022917656349920297,0.013185373333333583,0.004860391449208699,0,0.0009738266666663442,0.00255780214858341,-3.3135357142854977e-05
SN 015,F02,152,2.9441139221166663,2.9510276794416668,0.0023199971790323543,2.9512495252808884,0.001435720025879374,3.292537884522931e-05,0.002484046089111569,1.824329052341338e-05,0.009546915690000102,-0.011896769206666935,0.003108338346292311,-2.1796756333329153e-05,0.014306640626667644,-0.015469360353333794,0.004958941881814013,29.0,0.004208742339080426,1.8905363006273217,54.0,0.10530072094985214,0.0005508427499550112,0.0023199462893335188,0.0010305130021518664,2,0.007452138267334707,0.002871440051758748,9.877613653568794e-05
SN 063,N01,574,2.851509602863333,2.855543518065,0.0017785259109306282,2.8552199130568883,0.0016884834065669816,2.4889083119044347e-05,0.001035427516444809,-6.515460881561431e-07,0.006331634523332852,-0.007627105713333915,0.0024071491783426006,1.9039577888890768e-05,0.012726847333333957,-0.012351226806667892,0.004030586791071415,32.0,0.003204321861666734,1.7763655143814754,58.0,0.09066013638429747,0.00037127186590789763,0.001668989393111442,0.0005812697765885764,0,0.001035427516444809,0.0016884834065669816,2.4889083119044347e-05
SN 018,F02,202,2.97598724365,2.985108439125,0.0017692603986248932,2.9847528415242217,0.00425156345220902,3.19780622023821e-05,0.00021572536911129703,3.079080716253654e-06,0.010520935059999736,-0.007426198323333022,0.0021227152425096494,6.6841973055509206e-06,0.012862904869999525,-0.0094927469900008,0.0032520287462777407,29.0,0.0026048068335632834,2.192888473815699,60.0,0.2859368132660925,0.0003910151100273329,0.0019351874457775864,0.0009411870184112758,2,0.0006471761073338911,0.00850312690441804,9.593418660714629e-05
SN 033,N01,38,2.3824966430633334,2.384619903561667,0.0007913069825699209,2.3842077297617776,0.0007009157778342709,1.7467680369051155e-05,0.00047473483488902346,7.959371101931085e-06,0.0022926330566668263,-0.0028861999533331684,0.0009530784513762029,-1.956939697222252e-05,0.005135345463333163,-0.003326924646667173,0.0015732531409670305,34.0,0.0012267617620588844,2.7256507070483766,43.0,0.2773228731711669,0.00042946064221646555,0.0013846503359999929,0.00012467830179564834,0,0.00047473483488902346,0.0007009157778342709,1.7467680369051155e-05
SN 011,F02,73,1.9765551249166669,1.981253560383333,0.0014774105693438882,1.980010308158222,0.0011572697198744032,-5.9980210797644366e-05,-0.0008442772748888938,-1.366880641873364e-05,0.006524912516666648,-0.004889424639999973,0.001706747100696803,-1.1310577388882562e-05,0.008559163413333293,-0.00847714741666672,0.0026484771835339252,31.0,0.0022622959589247804,2.0972536085955604,38.0,0.3326324899061431,0.0005843896479967962,0.00251288519977777,0.0005699702906442766,2,-0.0025328318246666814,0.0023145394397488064,-0.0001799406323929331
SN 020,N01,275,3.045983886716667,3.0482613881400002,0.0011627712624836632,3.0484160190137777,0.00201303229837752,0.0002721141634047717,0.006480017769555424,4.143622953168e-05,0.004565429689999512,-0.0026237487766667122,0.0011362625735309296,4.89171346388854e-05,0.005595397946666747,-0.004883575436666288,0.0018062001190044597,28.0,0.0015506199428571646,2.1527806682672717,40.0,0.4537598688193681,0.0006217672019390988,0.0022988043886664755,0.00016354687826838834,0,0.006480017769555424,0.00201303229837752,0.0002721141634047717
SN 005,F01,89,1.0860819498666667,1.098093032835,0.007494290107537213,1.095891240436,0.0026245444838247293,6.737936104762507e-05,-0.001304168702666697,-4.672005815426983e-05,0.006679534910000173,-0.005439758299999875,0.002282864465373668,-5.29956817777788e-05,0.010443623856666973,-0.008996709190000285,0.0034031349593487414,19.0,0.004559205707719423,2.850629915787906,7.0,0.9539291035700492,0.007219076209240922,0.020282965766000194,0.000980623676264854,1,-0.002608337405333394,0.003936816725737094,0.00013475872209525014
SN 055,N01,531,3.14291000366,3.1657648722316667,0.005690692751712394,3.1648342047779994,0.0029460496742996726,0.00010320300145236136,-0.0018403286413328779,-6.945481314049664e-05,0.02363739013666688,-0.04150975545333324,0.006273935810022224,-8.586247763889091e-05,0.04175415039000052,-0.05158386230666645,0.009067472159433253,24.0,0.008189211951111108,2.4162906221820752,49.0,0.3943820544653095,0.0011958493485119861,0.007159915500444924,0.0023867948330643972,0,-0.0018403286413328779,0.0029460496742996726,0.00010320300145236136
SN 049,N01,366,1.7905354666666669,1.7924492333333335,0.0009422161850420399,1.7923470377777777,0.0006055488225453644,-2.9733333333338746e-05,-0.0004901711111109375,1.2462809917346732e-06,0.002367800000000253,-0.00268489999999999,0.0008188307953731094,1.3887500000001977e-05,0.003969066666666521,-0.0031031000000003583,0.0013423025191109828,32.0,0.0011157520833333864,1.7428361892943216,40.0,0.6237145136623893,0.0006811618496215726,0.002598126666666589,0.00015320635603634222,0,-0.0004901711111109375,0.0006055488225453644,-2.9733333333338746e-05
SN 045,N02,40,3.0784703333333336,3.1262880833333337,0.014326745433694927,3.125763742222222,0.004742265060031715,0.000672949761904781,0.00528382444444464,0.00043452258953167745,0.00846429999999998,-0.0058985333333332335,0.002743907657949853,1.5176111111114831e-05,0.00641173333333267,-0.010058099999999737,0.003341224119188048,8.0,0.010457391666666704,6.11267109741994,11.0,0.981819310395967,0.011498916403770007,0.04648831111111118,0.001362742858195946,0,0.00528382444444464,0.004742265060031715,0.000672949761904781
SN 020,N01,281,3.0464187622066663,3.0490161895733334,0.0011932536274053673,3.0476274278406663,0.00085333272230363,-1.7512185226201525e-05,0.0016805860726667454,-6.26955479338614e-06,0.003251902259999717,-0.00249048868666657,0.0010475125415053317,3.6460028722214616e-05,0.004988098139999231,-0.004468027749999326,0.0017618735364803894,37.0,0.0012769200781081412,1.8648173994145933,30.0,0.6165356801738391,0.0007975658424627208,0.002934570313333662,0.0002537355441657522,0,0.0016805860726667454,0.00085333272230363,-1.7512185226201525e-05
SN 054,N01,491,2.6702829996733333,2.7417776743566664,0.019639456706967748,2.7423117065415554,0.0021717415564396834,-0.00019723347253574526,-0.0018586222348888626,-0.00012345537338843133,0.10023091634333348,-0.06016794840666684,0.018246814436414467,4.889382252777723e-05,0.07809727986333348,-0.08159077962333328,0.02257009441857455,15.0,0.03454589843777779,3.4518357895941927,43.0,0.5710966003015454,0.003948337058877879,0.0300659688311109,0.013889273052197672,0,-0.0018586222348888626,0.0021717415564396834,-0.00019723347253574526
SN 014,F02,129,3.2181856791166665,3.2353668212866666,0.0034462885208210964,3.236459604897555,0.006693050572531084,0.00011247180758333164,0.007311248779111601,6.96649892837445e-05,0.021975453693333424,-0.015189361573333393,0.0042994562612960995,3.8019816111141877e-06,0.03657277425000016,-0.0223866780633335,0.006329118682732237,27.0,0.0058309107650617075,1.8721971848379653,53.0,0.20924361044403603,0.000918538878627565,0.003586730956888662,0.0011628560390139413,2,0.021933746337334803,0.013386101145062168,0.00033741542274999493
SN 038,N01,142,2.530996449786667,2.5548664092999998,0.004016852564066759,2.554598219128,0.0022248834665019083,-5.8837164059536267e-05,-0.0004869927313335687,8.035034517904506e-06,0.042184193929999836,-0.029924011230000325,0.005797866479579228,-6.7880418888869676e-06,0.05163701375333263,-0.05661621094000013,0.009402697164573358,20.0,0.006318194071833316,2.39330251087247,50.0,-0.03404218638836605,0.0006561576446394269,0.0032882859971108402,0.0031517414702129255,0,-0.0004869927313335687,0.0022248834665019083,-5.8837164059536267e-05
SN 032,N01,10,2.5160825093566666,2.522437286375,0.002040062626246915,2.520137312145333,0.002025712453943488,-0.00025924682615478453,-0.0013682386620001985,-4.4866304435264575e-05,0.002411397299999951,-0.0049606323266662145,0.0012142266562494995,2.242194249998016e-06,0.006152343750000622,-0.006187947593332854,0.0018500159289398343,27.0,0.0017536116235802354,2.5497898096010783,21.0,0.8213670592538199,0.001416766581629897,0.004835510254222353,0.00037351266480061126,0,-0.0013682386620001985,0.002025712453943488,-0.00025924682615478453
SN 049,N01,367,1.7644254,1.7774368666666667,0.0032998668976105014,1.7776196400000002,0.000349936977143279,3.5777142857151835e-05,0.00030456000000000927,-4.667796143250846e-05,0.013871999999999884,-0.013623299999999894,0.002745196588506411,-5.506944444442589e-06,0.013618566666667054,-0.017144533333333323,0.0030025274200635027,9.0,0.005686174074074025,2.956098203345383,28.0,0.6525232892828176,0.0009325117647215787,0.004704871111111286,0.0025240437882364016,0,0.00030456000000000927,0.000349936977143279,3.5777142857151835e-05
SN 041,N01,211,2.5427324930800004,2.5717559814433333,0.009527226956554937,2.5729321967215553,0.003105178757197035,-3.9013453797614206e-05,-0.004285447861555269,0.00014047964217630852,0.03620656331333327,-0.02938461303999995,0.00912455990332885,2.036624472223636e-06,0.030771128336665843,-0.0503494262699995,0.011576907162077807,16.0,0.018823003768958346,2.644247123979178,44.0,0.5364450695252339,0.0014769210639990565,0.007656165229110723,0.005282260461161937,0,-0.004285447861555269,0.003105178757197035,-3.9013453797614206e-05
SN 033,N01,50,2.3850720723466665,2.387155151365,0.0006286353653096304,2.386706017386667,0.0004959482538074346,1.2630280976168504e-05,0.00022254095999985068,-8.457488595042577e-06,0.002230580646666258,-0.0024533589666670963,0.0009235478532583994,1.9529130694451168e-05,0.004150644936666836,-0.0033157348633321426,0.0015602279791460149,35.0,0.0011107817146667007,2.167739668016749,55.0,-0.07947570971201977,0.0002179783255972253,0.0007843356662218248,9.49413063563825e-05,0,0.00022254095999985068,0.0004959482538074346,1.2630280976168504e-05
SN 025,F03,58,2.8969693501766667,2.906666310626667,0.0044110342666522865,2.9130705091668885,0.0009621887564017561,1.8046242892839308e-05,-1.8395316888408786e-05,5.297910413223297e-05,0.003921763099999698,-0.002910868326666982,0.0012380253344244727,-2.149793836111469e-05,0.005772145586666166,-0.00475489297999987,0.0018913160041811252,18.0,0.002292039659444455,2.1528144940111296,8.0,0.9606062142346533,0.0040389682218445735,0.014109887016888312,0.00033839299072837073,3,-7.358126755363514e-05,0.0024054718910043902,7.218497157135723e-05
SN 059,F03,154,2.314520517983333,2.3473492940250003,0.007731407480906185,2.347644246417778,0.0017678225666328071,9.300867715477111e-05,0.0018814595522220756,-0.00010578166027548114,0.012787119546667114,-0.014008331300000343,0.0035975452594375974,2.947489419444412e-05,0.022714487710000508,-0.015615844723333883,0.004554767048945084,10.0,0.00859817504966669,6.653357955068886,16.0,0.8905244409039798,0.005673633801058931,0.02242145114488947,0.00301241993202478,3,0.0075258382088883025,0.004419556416582018,0.00037203470861908445
SN 001,F01,11,1.20233739217,1.23107350667,0.011678781454910078,1.2070891147175553,0.0029180861945236718,-0.0005894161405952336,-0.004079318577555391,-0.0002240677510468335,0.007117080689999833,-0.01044209798333351,0.0027268171649030954,2.0984013861108375e-05,0.010758845009999796,-0.01128768921333334,0.0035069774811944264,9.0,0.00978232489666659,5.633875147791062,9.0,0.9726054855943967,0.009656161430656554,0.03755605909533344,0.0012702092578010472,1,-0.008158637155110782,0.004377129291785508,-0.0011788322811904673
SN 035,N01,92,2.767713419593333,2.77112820943,0.0011978147050428747,2.771330515542222,0.0007434393870616121,1.1989048690581277e-06,0.0002443949377779475,-1.1460905895315471e-05,0.0036064147966667903,-0.003341929116666531,0.0014030437991144286,8.347829194443878e-06,0.006282297773334111,-0.005190785723333313,0.0022471711315563358,35.0,0.0019016592839999902,1.9700769872109731,50.0,0.3123219091430183,0.00046715588218553184,0.002023196750443823,0.0003170433698622403,0,0.0002443949377779475,0.0007434393870616121,1.1989048690581277e-06
SN 028,N01,391,3.3190879666666664,3.3278779166666665,0.002672206973615442,3.329398853333333,0.0015693190110294692,-8.770833333311095e-06,0.0008577800000000302,6.137355371901051e-05,0.005292766666666449,-0.006685633333332941,0.0020536242697111046,-3.4673611111117146e-05,0.008081566666666262,-0.006928766666666419,0.0031157213809657343,31.0,0.002947695698924659,2.1068322918290834,25.0,0.7018294985339341,0.0020705697345784905,0.0055427355555561775,0.00037060390871434704,0,0.0008577800000000302,0.0015693190110294692,-8.770833333311095e-06
SN 026,F03,65,2.78333562215,2.8020131429016666,0.007352382863922851,2.809387969968667,0.00138500472361202,-0.0002143878028333363,-0.0006960550953332145,0.00017304433606060688,0.0057179768866668645,-0.003315734863333475,0.0014250563110336351,1.3126797138895974e-05,0.004478200280000344,-0.005791982013333641,0.002028514133635129,11.0,0.0035079493672728838,2.7308344288642528,7.0,0.9810601515790899,0.006053667938847101,0.024145185682000303,0.0010625931282391798,3,-0.002784220381332858,0.0034625118090300497,-0.0008575512113333452
SN 003,F01,60,1.2598807017,1.2973971684749999,0.013450595156582716,1.2712402767588888,0.004789214595156601,0.001040882837107148,0.006057315401111207,-0.00011600042506887031,0.006119918823333403,-0.007454045613333626,0.0021238096052583837,-1.3332366972224063e-05,0.005489349363333673,-0.007410685223333324,0.0019980786521595867,7.0,0.008973730178095283,11.177879772625761,6.0,0.9875715470081766,0.01171488347573946,0.043282818264444245,0.004200626015317137,1,0.012114630802222415,0.007183821892734902,0.002081765674214296
SN 049,N01,406,1.6900156333333334,1.7315906333333333,0.00980920776217183,1.7322107622222223,0.0006672614815455023,-7.973845238095078e-05,-0.0010842622222222431,9.083691460055142e-05,0.029979599999999884,-0.022377533333333366,0.005539128608950715,5.724916666666561e-05,0.02209283333333323,-0.022859300000000582,0.004687792254576982,3.0,0.028693988888888782,4.0996043726858,11.0,0.8412782912497994,0.004029319054414793,0.02416714666666664,0.006871791862692417,0,-0.0010842622222222431,0.0006672614815455023,-7.973845238095078e-05
SN 004,F01,64,1.029821586606667,1.0426442146283335,0.00650778983604125,1.044920408459111,0.0020878509998664514,-0.0004468756630476141,-0.0023627556691110385,9.225104465564699e-05,0.0041289011633336425,-0.0031798044866662156,0.0013957127286892187,-2.8986401111115907e-06,0.003991317749999723,-0.0046344121333334876,0.001792658085824186,10.0,0.005014661153333333,5.841538141490346,7.0,0.977006223451767,0.005435389914934356,0.018270734151111023,0.0015453393585428208,1,-0.004725511338222077,0.003131776499799677,-0.0008937513260952282
SN 037,N01,126,1.9489697774233328,1.9592596054066667,0.003252995819544193,1.9589211103633333,0.0007218161682994713,-3.555297858333877e-05,-0.0008850691066668581,1.5292417245177426e-05,0.0173178354900001,-0.011480840046666385,0.003429324514755571,1.7907884166667998e-06,0.014980570476666344,-0.022111384076666685,0.004745775350730975,19.0,0.00625938281666665,3.3218048923453245,42.0,0.446418515027101,0.0008639481988254215,0.004443749321555224,0.0018188353126611292,0,-0.0008850691066668581,0.0007218161682994713,-3.555297858333877e-05
SN 014,F02,131,3.2191271464,3.234778722126667,0.003652481137602104,3.2332377285411114,0.0016852983451794928,-9.288333719047786e-05,-0.0007530381944444997,-0.00012080505203856881,0.022171783449999705,-0.024635823570000603,0.005244962931449748,0.0002363819546388942,0.04680760702000031,-0.02744928996333229,0.008238591391470968,28.0,0.005991127377380945,2.071854399077073,49.0,-0.0735322892592969,0.0008014630044140735,0.003487887912444254,0.0013304579653896137,2,-0.002259114583333499,0.0033705966903589857,-0.00027865001157143356
SN 039,N01,167,2.88302892049,2.8982802073133334,0.005722328455386911,2.896921064587555,0.006620071609115683,0.00014920007611904135,-0.007841779920888747,-9.939440683195576e-05,0.02347971598333265,-0.019469706220000216,0.008008999688313588,-0.00013662550183333547,0.0396029154466655,-0.03471272786333346,0.012196681476374134,28.0,0.011788086664047641,1.9004746125846554,59.0,0.017655353303139793,0.0006008847594508867,0.002744750976666932,0.0024138187297933263,0,-0.007841779920888747,0.006620071609115683,0.00014920007611904135
SN 034,N01,60,4.27307434082,4.279352823891667,0.002272594633099955,4.278940090602,0.003959021040060977,-0.0001335507347857209,-0.0038297186953339946,-4.642370975207367e-05,0.008811442056666507,-0.010522460936667422,0.003108056723598278,-4.091474744444638e-05,0.014612833656667767,-0.012383524576667249,0.005015219090271092,37.0,0.003824003752072018,1.749216451091411,61.0,0.05636301831589156,0.000364518962981379,0.0016038343642215125,0.0006669348777988503,0,-0.0038297186953339946,0.003959021040060977,-0.0001335507347857209
SN 049,N01,581,1.9805030822733332,1.9835545857733332,0.0008269030864908741,1.9834110090455552,0.00029631658158148,1.919019790476864e-05,2.4558174444688774e-05,-7.882656776860548e-06,0.0025227864566665925,-0.002992630006666497,0.0008255771015728381,-1.8925136944458743e-06,0.003903198240000183,-0.004308064779999787,0.0012783192225578172,25.0,0.001233276367333218,2.2769615764988083,29.0,0.5040568580641115,0.0004445197352073148,0.001480577256889104,0.00032501475212249947,0,2.4558174444688774e-05,0.00029631658158148,1.919019790476864e-05
SN 032,F04,27,2.419073994953333,2.4221958160383332,0.0030649263068854345,2.4220203993040004,0.0006434061655827782,9.29087684642774e-05,0.0010636054159998132,-5.483075606060322e-05,0.0013247172033330479,-0.0027191162100002053,0.0007370329413827258,4.728105361114417e-06,0.0033948262533343154,-0.0024996439599993536,0.0010978115167669714,15.0,0.0014488389755555294,2.476292914937153,3.0,0.970959735938152,0.0025985531762173493,0.009514329697777324,0.0003537982176017563,2,0.0031908162479994395,0.0012868123311655564,0.0002787263053928322
SN 045,F06,4,0.6058572000000001,0.6435429,0.011387194059609923,0.6367976577777779,0.021272751539676355,-0.003938361666666663,-0.030940457777777763,-0.00030926222222222113,0.04811910000000008,-0.030904299999999885,0.011051871540556485,-3.161176470588267e-05,0.05262476666666671,-0.0754204666666668,0.016280309999474073,22.0,0.018294971212121213,2.5387901665879173,28.0,0.5116542703753919,0.0026795507651845747,0.011831742222222164,0.005332672813403743,3,-0.12376183111111105,0.053181878849190886,-0.015753446666666653
SN 045,N02,25,3.304179366666667,3.3287092666666664,0.006419161588739565,3.327344648888889,0.0059601453131962155,0.00022163750000002384,-0.00021834888888871973,0.00017651652892562215,0.03589123333333344,-0.01589050000000025,0.007757995340844044,-0.0002658102777777782,0.02527923333333293,-0.042892733333333766,0.011748378816073846,34.0,0.010285390196078437,1.9864090111164112,60.0,0.2374899365049527,0.002069254251839095,0.00988704000000018,0.0019255681655882895,0,-0.00021834888888871973,0.0059601453131962155,0.00022163750000002384
SN 053,N01,489,3.118704477943333,3.1233187357566665,0.001802781930645076,3.122402784558,0.0014568232324855303,4.349027360714011e-05,0.0016633775486667446,4.4027701542700624e-05,0.007915242513333531,-0.008709716799999878,0.00238014821258841,-1.1518266472217615e-05,0.012304941816666748,-0.011450703940000029,0.0039236333203805035,33.0,0.0031691271847474316,2.2656119326519755,51.0,0.11174840868493736,0.0008733966340340105,0.002918362087333204,0.00040798115356013474,0,0.0016633775486667446,0.0014568232324855303,4.349027360714011e-05
SN 016,F02,171,2.806572469073333,2.818501663206667,0.0033335163890766298,2.8179674614784447,0.0023733483160492124,-0.00010038557495234887,-0.0008463372117777368,-1.517682035812499e-05,0.015578969319999914,-0.023600260416666963,0.0048362877573628615,-8.979373499999148e-06,0.035764312743333804,-0.03274078368999955,0.007947843054156634,24.0,0.006957022348750082,2.0880683932285753,57.0,-0.04480485051812246,0.0006434374864510417,0.0028971184628892033,0.001494238625154529,2,-0.0025390116353332104,0.004746696632098425,-0.0003011567248570466
SN 017,F02,184,3.30996602376,3.3213403065983327,0.0025765458036293575,3.320754462346,0.001428912667689759,-6.081263227381799e-05,-0.0016972520626667986,-0.00013420588385674876,0.011719004313333059,-0.020541127520000035,0.002999095067150587,0.0001791890461944464,0.016625722246666808,-0.012102508543332835,0.003969351063417108,23.0,0.003577588952318875,2.643424924109507,49.0,0.23362772051910613,0.0005064613277546972,0.00266710069466658,0.0009206469768082959,2,-0.005091756188000396,0.002857825335379518,-0.000182437896821454
SN 059,F03,160,2.330130259193333,2.3676428476950004,0.016312003471652837,2.3760253736691106,0.007164860504487219,0.0011204365322381004,0.00207800971088945,-5.481394214876096e-06,0.006786092119999587,-0.007780202226666866,0.002969688013967444,-2.5058322472226723e-05,0.008160654706666826,-0.0068725585933333555,0.003035035823435263,10.0,0.008649266560666691,5.046607781382267,14.0,0.9834577278891763,0.015138379386695823,0.047808057997110964,0.002417861015395651,3,0.0083120388435578,0.01791215126121805,0.004481746128952402
SN 014,F02,119,3.228691101073333,3.2356141408283334,0.0027372816127408956,3.235530022513333,0.002255985941341659,3.605524698810766e-05,0.0031873745400003983,3.12237700275494e-05,0.007509613039999863,-0.010295359293333917,0.003070706934338251,1.9758012555559646e-05,0.01752370198333475,-0.01134033203000051,0.004617304687709288,29.0,0.004559229708160855,2.371924760427405,47.0,0.37282443832916845,0.0010601967417643995,0.004377271863555077,0.0007800092798017301,2,0.009562123620001195,0.004511971882683318,0.00010816574096432298
SN 020,F02,250,2.831812795,2.8350836435933333,0.0014040649144422715,2.8344018893755556,0.002064848481347047,-4.957925704761136e-05,-0.000613589815555482,-1.646730195592013e-05,0.006481679280000208,-0.00565134684333346,0.0015375430851942715,-1.816219749998608e-06,0.009785207113333527,-0.007993570963333863,0.002400085187353769,27.0,0.002250643129259283,2.1923850951159007,41.0,0.4025013741216834,0.00043072569074068337,0.0020859103731112327,0.0005424927871444613,2,-0.001840769446666446,0.004129696962694094,-0.00014873777114283407
SN 045,N02,55,2.9002947333333333,2.93037655,0.01954971718760749,2.9263348044444446,0.005406796559777186,0.0011818682142857003,0.006810828888888398,-0.00013065179063361274,0.005094900000000013,-0.010263566666666613,0.0025829380323360456,-1.2847222222226822e-05,0.010126766666666676,-0.013058199999999687,0.003173402059043167,6.0,0.009493088888888742,8.570462099378235,1.0,0.9913306284908867,0.019506861527342427,0.05328815111111096,0.002845981228019559,0,0.006810828888888398,0.005406796559777186,0.0011818682142857003
SN 042,N01,262,2.7918108333333334,2.832854066666666,0.009136086069531004,2.837002971111111,0.0016593066539620429,0.00017282964285714026,0.0009913955555553855,5.2136363636362216e-05,0.04832740000000024,-0.03885496666666688,0.009235692901837775,-1.3616666666667794e-05,0.07532073333333367,-0.06331253333333375,0.01368290882330764,21.0,0.013007346031746189,2.8802521772824203,31.0,0.4924124118938538,0.0035046876075987337,0.016557975555555604,0.005288841610653619,0,0.0009913955555553855,0.0016593066539620429,0.00017282964285714026
SN 012,F02,98,2.4699765523266666,2.4730327606199998,0.001084811864730022,2.473492329913778,0.001458888635345947,0.00015688759925000596,0.004972432452889031,4.698908360881504e-05,0.00456492106000006,-0.003295644126666275,0.0013632333976447133,5.0498114666671276e-05,0.005985260013332994,-0.004985300699999584,0.002194195731785145,33.0,0.0017803230671717021,2.2896126648924553,55.0,0.125470440175902,0.00027558003985985683,0.0011351013182219205,0.00022307465108756754,2,0.014917297358667092,0.002917777270691894,0.0004706627977500179
SN 046,N01,358,2.9093755000000003,2.9145618333333334,0.001651908260953846,2.91414376,0.00119325276890831,8.933464285714968e-05,-5.7360000000006295e-05,-1.4287603305784916e-05,0.00800069999999975,-0.006186399999999814,0.0020435541753646637,-6.380555555537033e-07,0.011386366666666259,-0.01177439999999974,0.003064254700449993,27.0,0.0031945308641974832,1.9249379080591784,49.0,0.2392607865732294,0.0004244471427253636,0.0017618666666665561,0.000633256310144198,0,-5.7360000000006295e-05,0.00119325276890831,8.933464285714968e-05
SN 012,F02,81,1.61829287211,1.6206062316883334,0.0007456870659412268,1.6202873060419998,0.0006183408577161288,2.3068927488102884e-05,6.919013133344087e-05,7.19222812672067e-06,0.002638753256666737,-0.002662022906666728,0.0010380371855539887,-1.2921227361112343e-05,0.004796727500000264,-0.003900273640000451,0.0017464365002396438,34.0,0.001312532612156881,2.4699634106880994,52.0,0.03210684582033756,0.0002587789805229369,0.0009618123368888565,9.553131859323247e-05,2,0.00020757039400032262,0.0012366817154322576,6.920678246430865e-05
SN 013,F02,113,2.4675371805800004,2.4727745056133332,0.0015353659573418886,2.4724000379755555,0.0008406759629778728,7.322856355954008e-05,0.0019913906511113133,2.5294700578515626e-05,0.007415262859999938,-0.010078684486667377,0.002164360159807049,1.2018415666662878e-05,0.01350758870666624,-0.013174947100001333,0.0035726176161325245,29.0,0.0027718818049425236,2.2995442835881374,51.0,0.006372079362608984,0.00026566937592620716,0.0012236531575551268,0.0006897768972695174,2,0.00597417195333394,0.0016813519259557457,0.00021968569067862026
SN 046,N01,296,2.91421101888,2.9183439890533336,0.0016118875204662391,2.9168760172508885,0.000921400442595889,-4.0289560928581056e-05,-0.0001701863608887244,-2.9937491928375986e-05,0.006480153400000521,-0.003692881266666781,0.0018733595390794872,-1.0121663416666019e-05,0.008069610593334442,-0.009977976476667205,0.0030167160189198913,36.0,0.0023284276326852225,1.8479017270108424,47.0,0.3230726261769812,0.0008385865973747298,0.0028735012477780764,0.0002615168449718456,0,-0.0001701863608887244,0.000921400442595889,-4.0289560928581056e-05
SN 012,F02,95,1.6159726460766668,1.6217423756899998,0.0015091256958581834,1.6212413787828888,0.0017381573552225171,-0.00012452080134522212,-0.005268732706221968,-6.12453323966923e-05,0.008733876546666686,-0.007181930539999826,0.0018702092528467438,-2.4603737722221166e-05,0.009138870239999708,-0.013051350910000092,0.003021340099885344,26.0,0.0026810572696153593,2.519664207281507,55.0,0.18494321338904035,0.0004933186473331966,0.002043067084444461,0.0005470203990374418,2,-0.015806198118665904,0.0034763147104450343,-0.0003735624040356664
SN 033,N01,47,2.3846949259433337,2.3866743723533332,0.0007465480401214363,2.3864087083593333,0.000692988856580738,-3.362383165476577e-05,-0.0003580390093333996,-1.121710154269712e-05,0.002349853516666389,-0.0026323954266662675,0.00104261772377085,-1.7477671333336146e-05,0.004646555583332823,-0.003773498533332642,0.0017230170566976879,34.0,0.0013748168946078527,1.9454372384188199,53.0,0.02605393829762105,0.00022850269636798024,0.0008272128631103826,0.00010366609180832122,0,-0.0003580390093333996,0.000692988856580738,-3.362383165476577e-05
SN 045,N02,53,3.0068890666666666,3.0267608499999996,0.007598036619143109,3.0214318866666665,0.0043220453403977925,0.0007982395238095137,0.007858613333333597,-2.801652892561987e-05,0.011666866666666387,-0.010081466666666206,0.0033885771839212223,8.091666666665277e-06,0.013419333333332784,-0.01336466666666647,0.004175301883896205,14.0,0.008404214285714393,4.7569795486333035,14.0,0.9010757677606971,0.0057688274580402965,0.019886928888888544,0.0014059247458656165,0,0.007858613333333597,0.0043220453403977925,0.0007982395238095137
SN 037,N01,120,1.94659538269,1.958779589333333,0.0031187112913178,1.9579322984466667,0.0005345651431710469,-6.496747329761132e-05,-0.0005222490100003085,-6.723640380165363e-05,0.017328770953333184,-0.0140036265033332,0.0031668611299343064,6.660885277774235e-06,0.019706344600000092,-0.018452453613332143,0.004404517038917419,16.0,0.004542787869374884,2.471538532485676,29.0,0.47892280912454965,0.0008873534788623938,0.0051795705155559535,0.0022667351214849824,0,-0.0005222490100003085,0.0005345651431710469,-6.496747329761132e-05
SN 014,F02,127,3.22280171712,3.2357880910233336,0.005085466841027576,3.2364798482248887,0.0054801689593336434,6.828126457141894e-05,0.003251749675111437,4.359053515151783e-05,0.015007019040000014,-0.017410532633333364,0.006962061781623997,5.575180052777758e-05,0.02664515177333371,-0.024989827476667337,0.010622066940941914,31.0,0.010241986346559205,2.257315739839831,55.0,0.06765757081244843,0.0008457520122699174,0.0032913038462223376,0.001061858379230824,2,0.009755249025334312,0.010960337918667287,0.00020484379371425683
SN 026,F03,66,2.693772125243333,2.6958016713450004,0.001715649467841698,2.6953059895817777,0.0006627213399519291,-0.00010459627422618902,-0.00022160847844432396,-1.1944311046834024e-05,0.0019414265966664068,-0.0015907287566667705,0.0006780088486090423,-1.2317233583332883e-05,0.0031115214066663732,-0.00264765421666624,0.0010781020008392755,24.0,0.0012115690438888789,2.636184007070102,13.0,0.9224058383503781,0.0014674700809487026,0.005074869791777736,0.0004244047599662506,3,-0.0008864339137772959,0.001656803349879823,-0.0004183850969047561
SN 027,F03,39,2.50602823893,2.5345410664866668,0.00954877401811128,2.5205682542573333,0.0068869671785901365,-0.001465636661988101,-0.010616726344000238,-0.00015050714663912177,0.011306254069999966,-0.006146240233332989,0.002323971303903352,2.5916629361111275e-05,0.005888112383332533,-0.005781300860000282,0.00168628641277607,4.0,0.016929117838333396,27.055006992770885,2.0,0.9701464433238445,0.006178027758267976,0.023919491237999857,0.003427982572780034,3,-0.04246690537600095,0.01721741794647534,-0.005862546647952404
SN 004,F01,84,1.02641614278,1.04755223592,0.007934244254069982,1.0536685562115555,0.008637816119702725,0.0010878640130000084,-0.000818786621555434,4.062705123966831e-06,0.014686902366666699,-0.026898956300000165,0.005037573517966671,-2.0160675055552747e-05,0.023054504396667008,-0.02823149363333366,0.006697406850857184,13.0,0.01050032591230771,3.7152470468924577,24.0,0.7991598362747154,0.004571319493842691,0.02064111073755548,0.0032275690232550897,1,-0.001637573243110868,0.012956724179554086,0.002175728026000017
SN 048,N01,362,2.7213811000000003,2.7266820166666665,0.0019990048116745097,2.726418266666667,0.002298040617743138,0.00017815059523813094,-0.003206366666666849,-2.9937465564737442e-05,0.006189466666666199,-0.006481666666666719,0.002440489575723276,-7.620305555554966e-05,0.009129833333332282,-0.007822199999999668,0.0037046803759834958,28.0,0.0038465523809522806,2.937942908470844,49.0,0.2521049771064113,0.0005684964714566487,0.0023136333333337866,0.0002989878857705525,0,-0.003206366666666849,0.002298040617743138,0.00017815059523813094
SN 049,F05,34,1.86441001892,1.8678974151599999,0.0021261859454168174,1.8675750478093331,0.001935833126255305,0.00041457766576191946,0.003089421590666941,1.6351705234193664e-06,0.0018286387099999413,-0.002331161500000123,0.0007423810725658098,-3.7299261111400915e-07,0.0027362823499998967,-0.0021795908633333028,0.0008928580461953897,15.0,0.0017497931584444348,3.0795401299585223,12.0,0.9389841248067117,0.0014820881563820212,0.006190312703332923,0.0007217003181279993,3,0.012357686362667764,0.004839582815638262,0.0016583106630476778
SN 015,F02,144,2.945993550616667,2.951172129311667,0.0025364199806212923,2.950447879366222,0.0019779338731713185,7.549558358333565e-05,-0.0008972507062221524,-2.9473002617079436e-05,0.00952529907333366,-0.008114115396667287,0.002939305814402466,3.8655598611085175e-06,0.00996297200666696,-0.015210978186666946,0.004450650312293917,27.0,0.004609162130617371,1.8283680995079403,39.0,0.33131914537613827,0.0007001403126510081,0.0028451199002219596,0.0008426211606618617,2,-0.0026917521186664572,0.003955867746342637,0.00022648675075000695
SN 009,F02,6,3.058750915526667,3.0637245178216665,0.0015485521577346625,3.0626373291,0.0010525994549931456,0.00012778781705955952,-0.0007344563800000259,-3.080131592286312e-05,0.006974792479999881,-0.007746124266666321,0.0015843558994558932,-1.257154677777687e-05,0.011378733316665723,-0.014720916746666202,0.0026609742180718674,24.0,0.002242586348055594,2.536521687879931,29.0,0.47459393816106593,0.000871611928627803,0.0030068291551113013,0.00068878024707987,2,-0.0022033691400000777,0.002105198909986291,0.0003833634511786786
SN 045,N02,52,3.151493566666667,3.1662856833333333,0.00882123178587641,3.1682607155555553,0.008032290854822334,-0.0011280892857142874,0.0035804511111114934,0.00012045399449036212,0.00904489999999969,-0.010188033333333735,0.0035864879783071455,-5.348888888886035e-06,0.016053766666666025,-0.009236399999999811,0.003589670772715489,12.0,0.012954347222222218,4.954486153004972,15.0,0.9175201002049548,0.005839069815742308,0.0244532133333335,0.0016240300338647166,0,0.0035804511111114934,0.008032290854822334,-0.0011280892857142874
SN 020,F02,256,2.8313367207833333,2.8351509094216665,0.0012466357592719251,2.835175933836444,0.0012693789063978579,2.4123418690402687e-06,0.0009032185868891318,-1.0283919393941422e-05,0.005489095049999726,-0.004869333903333217,0.0014256414101896154,-6.9067213611107015e-06,0.006612904863333213,-0.006548055009999665,0.002241966979470668,31.0,0.0017980185888171471,2.000318523999336,54.0,0.3423395843568261,0.0003057029672327238,0.0017322285964445072,0.0005032120042079693,2,0.0027096557606673954,0.0025387578127957157,7.237025607120806e-06
SN 046,N01,305,2.9106920878066664,2.9177337646466666,0.0023833154900641403,2.9190273200126664,0.00349721675150136,-0.0002987298510714125,-0.0005056932226663591,4.707946005532892e-07,0.010300445556666649,-0.01483027140000015,0.0032078409537062216,-5.997551666673632e-07,0.020037587480000063,-0.021109517410000223,0.005313216043594712,32.0,0.003893661499166645,1.8569727383371766,54.0,0.10145408445730156,0.0004856178736022462,0.0023348659942223904,0.0009849011697882185,0,-0.0005056932226663591,0.00349721675150136,-0.0002987298510714125
SN 049,N01,387,1.9811283,1.9833490166666667,0.0008345669900343968,1.9835078466666665,0.0005516559538304157,-2.9016071428554303e-05,-0.0001549466666663779,4.632231404960214e-06,0.0034163000000000388,-0.00218073333333324,0.0009793710685466195,7.836111111112857e-06,0.0037897333333334338,-0.004947000000000035,0.0014612518106565326,27.0,0.0015804037037036322,2.161376760399183,50.0,0.31580629163448254,0.0002427919444902113,0.0010762711111109713,0.0002580070680694105,0,-0.0001549466666663779,0.0005516559538304157,-2.9016071428554303e-05
SN 027,F03,68,2.7022694905566667,2.7061494191466666,0.0019982064313213382,2.703079952661778,0.0006454182683279671,9.685153044047187e-05,0.0016009351948884643,-2.3915945013774462e-05,0.0016461690266660334,-0.002173360186666695,0.0006685498598381678,1.4169481083333343e-05,0.0029785156233321786,-0.002323150633332993,0.0009628076317554442,15.0,0.0015928649902222426,3.4697595880921765,19.0,0.9442485278708642,0.0016711796861441437,0.006607038710221946,0.00045230354840372275,3,0.006403740779553857,0.0016135456708199177,0.0003874061217618875
SN 011,N01,218,1.81437466939,1.8208007176699998,0.0011730016333708281,1.8208137257873331,0.00028692741729771393,-1.3169790475149005e-07,0.00017410278266694057,5.465420809917397e-05,0.00685882568333307,-0.0050177256266672465,0.001281664561662847,-5.22994995277748e-05,0.010282770793334395,-0.0055849711066662255,0.0018584713341030493,21.0,0.0018238794233333437,2.4567812851832045,39.0,0.32517586232718654,0.00048312205912479696,0.0020286305744443567,0.0004993957024975946,0,0.00017410278266694057,0.00028692741729771393,-1.3169790475149005e-07
SN 045,N02,57,2.793811266666667,2.8463410666666666,0.02349679748079521,2.873026137777778,0.007679511542470321,0.0007275371428571264,0.005610762222222121,0.0004107933884297523,0.012453966666666538,-0.009804799999999947,0.0046649620813266355,3.0136111111097225e-06,0.009441899999999226,-0.008833833333333985,0.00291389732438834,6.0,0.025660488888889017,7.3669933710376165,7.0,0.9802695314128335,0.019707728154694282,0.06778756222222171,0.0040116262500924154,0,0.005610762222222121,0.007679511542470321,0.0007275371428571264
SN 045,N02,64,1.2631924666666667,1.2637963333333333,0.0003972363208476365,1.2634344555555554,6.302690363335353e-05,-7.760357142850521e-06,-6.102222222192921e-05,-7.578787878785449e-06,0.0002845666666670965,-0.0002908000000001465,0.00010755767755021616,-1.4194444444282084e-07,0.000382066666666514,-0.0003139333333328498,0.0001407337132618546,18.0,0.00024045740740733881,2.539755694903577,9.0,0.9632372202956516,0.0003580112691619698,0.0010231155555555649,5.512819347216134e-05,0,-6.102222222192921e-05,6.302690363335353e-05,-7.760357142850521e-06
SN 025,F03,25,2.920181528726667,2.923317082721667,0.002448103114234289,2.924663374157778,0.0025241548671825352,-0.0005218905493571323,-0.004404788547777816,-3.2514251625344544e-05,0.003505961099999677,-0.003731536866666385,0.0012400920011269698,-5.200492013888539e-05,0.006079610189999585,-0.004051462813333462,0.0019640836361943764,21.0,0.0023020789734920157,3.644885436123998,16.0,0.871398295070115,0.0019352918100022354,0.006606801350888425,0.0006048086632834252,3,-0.017619154191111264,0.006310387167956338,-0.002087562197428529
SN 009,F02,15,3.0507186889633333,3.06596984863,0.004937716797358498,3.0652344258608886,0.003175541981513093,0.00020933787029762117,0.0008498636891114408,-7.599969862256628e-06,0.024481455486666803,-0.025118255616666474,0.007992343594314394,1.433690391666742e-05,0.0475639343266665,-0.046347045903333495,0.014193959264999518,31.0,0.009686837145591333,2.248774742423331,56.0,-0.29961011635815465,0.0005555042275201431,0.00291427612311157,0.002290720591135369,2,0.0025495910673343225,0.006351083963026186,0.0006280136108928635
SN 046,N01,299,2.91107737223,2.9163108825683333,0.0019297216302725682,2.91587887234,0.003007980878188849,9.936014808331616e-05,0.002183973523333105,1.5861994628099744e-05,0.01013107299666638,-0.007592773436666533,0.002548340422247413,1.1007520888883792e-05,0.011464182536666812,-0.01273396809666627,0.004010124355133665,32.0,0.0033525387443749943,1.8616029147602928,51.0,0.1327886572028152,0.00043810002109212357,0.002183736165112027,0.000592656559759983,0,0.002183973523333105,0.003007980878188849,9.936014808331616e-05
SN 009,F02,18,3.05744298299,3.0657596588133336,0.001886449859727643,3.064160885279555,0.0009504397560961792,7.174264816665847e-05,-1.237656221952932e-06,-2.0542617658404106e-05,0.003923288979999828,-0.004244995116666317,0.0013686389667142572,-3.721449083330756e-06,0.00565770466999993,-0.004724121093333977,0.0019377578437931654,24.0,0.002030987210277835,3.0188420167270054,17.0,0.7380438585188808,0.0010870008218586548,0.00386189778688939,0.0009947544116192825,2,-3.7129686658587957e-06,0.0019008795121923585,0.0002152279444999754
SN 028,F03,48,3.11944910685,3.14140688578,0.012365908267337836,3.1406467013868893,0.0013369636494444718,5.079905214293895e-06,0.0011102464464443074,-0.00012155958443526026,0.010293579100000283,-0.009280904133333046,0.0031012658702944105,-3.2874213333330036e-05,0.005783081060000139,-0.010137430823333737,0.0027729709970482947,6.0,0.015407774183333315,6.880556369369141,9.0,0.9686819421939258,0.0092456482705862,0.03544065687400044,0.003484793589989691,3,0.0044409857857772295,0.0033424091236111796,2.031962085717558e-05
SN 027,F03,71,3.3537022908500003,3.3586194356266663,0.002155244506834421,3.3588860405797774,0.0009506738828707346,4.417601091665859e-05,0.0008340623635554323,-5.5024118154275094e-05,0.0032168070466669363,-0.003595479329999929,0.0014723955319956305,1.8795861138883504e-05,0.0067258199066668745,-0.004246266680000055,0.0023915861596364007,28.0,0.0021070843648810194,2.554936083386085,28.0,0.7566433486305094,0.0014633686889078533,0.006207953559555168,0.0002265708920711202,3,0.003336249454221729,0.0023766847071768366,0.00017670404366663435
SN 017,F02,197,3.30279668172,3.319985453286667,0.005149332857186551,3.3199305046915555,0.0022136491201823916,-8.739471436905058e-05,-0.00020572238488902883,0.00012443059074380096,0.028607177733333433,-0.017172495523332998,0.005977926069143722,-9.701410927777838e-05,0.030783843993333004,-0.03795776367000059,0.008764151741890974,23.0,0.008678193023043531,2.4690393617650965,58.0,0.30593034895819293,0.0008564337097499055,0.004737294514888468,0.0028795711996394747,2,-0.0006171671546670865,0.004427298240364783,-0.0002621841431071517
SN 009,F02,16,3.0636248270666666,3.065621312456667,0.001050989065750209,3.066275973848222,0.0012922314028436775,0.00012612297426189173,0.0005114915651112106,-6.721433526169216e-06,0.0033498128233335756,-0.002626291909999523,0.0009637107022513876,7.862515277808531e-07,0.0048736572233329944,-0.004377746579999453,0.0015478146261497098,31.0,0.0012529106548386077,1.6755684924467784,30.0,0.5760756784588129,0.0006686601672645509,0.002436811658888871,0.0002421560478992863,2,0.001534474695333632,0.002584462805687355,0.00037836892278567515
SN 017,F02,182,3.3158170064266668,3.3213804880766666,0.0024774430549048113,3.3214483812102222,0.0016722345445497173,-1.33423572620409e-06,-0.0028441026468888353,-4.852967493111889e-06,0.0055618286133332084,-0.009120432533333833,0.0023899891666704187,-6.291495427777812e-05,0.010425059003333015,-0.008472696943333524,0.0034167008894112664,29.0,0.0036547956794253053,2.3560837186041566,54.0,0.5337526452174103,0.0009631001094425423,0.004598066541555923,0.00139028445713798,2,-0.008532307940666506,0.0033444690890994345,-4.0027071786122695e-06
SN 044,N01,239,2.5805514,2.58840585,0.0020530833167814876,2.587699451111111,0.00289820771843155,-8.021630952383158e-05,-0.0026851177777778013,-2.8602754820940074e-05,0.005458833333332969,-0.0069373999999999825,0.0026076026381723558,-4.2944999999997936e-05,0.012231166666666127,-0.009000933333333627,0.0038681412415581544,28.0,0.004211491666666662,2.411503403688118,47.0,0.19145322033314632,0.0004086954631871239,0.001993237777777157,0.0003593617282899042,0,-0.0026851177777778013,0.00289820771843155,-8.021630952383158e-05
SN 011,N01,15,1.8434285481766668,1.861210950215,0.0020824972290697666,1.8608427768264444,0.0008175121801474041,-2.7414049404745583e-05,0.00037205166355569474,-7.370877851238556e-06,0.021466827390000054,-0.016518656409999943,0.0028816037729782265,2.3206077778096617e-07,0.0379854838,-0.02585080464333367,0.005085312004801697,17.0,0.003094991048039211,2.146128371193787,44.0,0.04964796887114096,0.0007130017798087959,0.003252309163333189,0.0014638101345923079,0,0.00037205166355569474,0.0008175121801474041,-2.7414049404745583e-05
SN 045,N02,21,3.314795933333333,3.331161483333333,0.006333906587861922,3.329821184444444,0.003802669803704509,-0.00030276952380953816,-0.008533917777777678,-0.00013733333333333458,0.018673466666666805,-0.024281799999999798,0.007441304476078352,-8.737583333333632e-05,0.023334733333332913,-0.032211766666666364,0.01056102341097801,30.0,0.010863965555555532,2.009903418892632,45.0,0.3049736417900035,0.0008718047051955925,0.0048085022222226215,0.0020411769822450353,0,-0.008533917777777678,0.003802669803704509,-0.00030276952380953816
SN 037,N01,121,1.9542643229166667,1.9576929092383328,0.001542167182090168,1.9572904629164443,0.0005636034971006764,1.9392740130938897e-05,-0.00025768703977790963,1.7552861818180748e-05,0.0031982421866663113,-0.007231394449999984,0.0013112481405920836,-2.4579366055556736e-05,0.008695348106666723,-0.0076070149733336034,0.0019092973278711945,23.0,0.0023274850156522076,2.872527507486592,32.0,0.6353235371523276,0.000789876902066185,0.003137825859777843,0.0005772512213405257,0,-0.00025768703977790963,0.0005636034971006764,1.9392740130938897e-05
SN 024,F03,18,2.39994455973,2.4066656748433335,0.0022568382858077574,2.405952894421111,0.0020054564197379177,-0.0003558267864880972,-0.00016370985111091585,-2.814468928374387e-05,0.003519694009999963,-0.005413564046666153,0.0015383689765116099,3.867043388888769e-05,0.0052927653033334465,-0.006605021160000835,0.0020587437128925263,22.0,0.0028803854277273037,2.964723625269272,27.0,0.7681292017021579,0.0012785734578672635,0.004850277370666678,0.000763693790770633,3,-0.0006548394044436634,0.005013641049344794,-0.0014233071459523888
SN 046,N01,357,2.9117566333333333,2.9154876499999998,0.0012660233400040106,2.916217331111111,0.0008401790749667308,-6.49828571428479e-05,-1.0731111110828806e-05,-5.60110192837362e-06,0.004306266666666669,-0.0033302333333335987,0.0015536910144218297,1.4756388888888713e-05,0.005725599999999886,-0.006187933333333451,0.002534346172441793,30.0,0.0023056355555556222,2.011009730564366,48.0,0.2490547519291772,0.0004781380639985401,0.0018584711111109264,0.0002130708143406859,0,-1.0731111110828806e-05,0.0008401790749667308,-6.49828571428479e-05
SN 025,F03,139,2.8664609273266666,2.883057657875,0.0066606724105280615,2.880079193113555,0.007197891671471123,-0.0015044929867261802,-0.00645350138355516,-4.737160421487776e-05,0.006648508706666334,-0.007936350506666745,0.0023300844953427972,4.7647688111111344e-05,0.01011454264666689,-0.005836995440000159,0.003002419493201583,11.0,0.00816678133909104,8.084332495576298,8.0,0.9388434454252157,0.004662984603625263,0.017563273112667588,0.0015057393431955233,3,-0.02581400553422064,0.01799472917867781,-0.006017971946904721
SN 028,N01,396,3.314374033333333,3.3248177666666665,0.003195186974307732,3.326788822222222,0.0013313823591022604,-0.00011541654761903258,-0.00194932222222155,-4.44958677685533e-06,0.010673766666667195,-0.010648599999999675,0.002932787721965804,3.5946944444450087e-05,0.019599933333332764,-0.011515300000000561,0.00454662497140848,26.0,0.0041455846153846294,2.3132625070710593,20.0,0.5820473678762711,0.0019715904268944174,0.005771806666666546,0.0011668418107680686,0,-0.00194932222222155,0.0013313823591022604,-0.00011541654761903258
SN 033,N01,37,2.38209025065,2.3843649546283334,0.0007780106920457255,2.384013570148,0.0006632259367732512,-6.944656378570699e-05,-0.0014487711579995732,-1.5418522947656536e-05,0.002689615883332941,-0.002771504719999651,0.0010890420923552093,-1.28300984444422e-05,0.005461120603332592,-0.00424804687666569,0.0018565721684427865,34.0,0.0014082590742156074,2.0526403575332774,55.0,0.007887126807783832,0.00032552143420000115,0.0012002733013334321,0.0001074081334595423,0,-0.0014487711579995732,0.0006632259367732512,-6.944656378570699e-05
SN 034,N01,70,4.2706568400033325,4.27861022949,0.0032029504074322875,4.277252502439556,0.0028690906064855986,2.308073494050917e-05,-0.0008003743495557103,-6.601212768594681e-05,0.011525472006667314,-0.010792541503333197,0.004254019650472699,-1.9768608944459308e-05,0.02208048503000093,-0.01738688151333445,0.006895597587079271,33.0,0.005689016014444593,1.9256261153424687,55.0,0.11171246885446627,0.0008298637248328805,0.0038785807293333363,0.0010514494502932522,0,-0.0008003743495557103,0.0028690906064855986,2.308073494050917e-05
SN 038,N01,153,2.5451423645,2.5557011922183337,0.0025864610358593896,2.5544527520055555,0.0038203416509368002,2.0834604940484737e-05,0.0022801886677772387,5.30064269972136e-06,0.012816365559999987,-0.010842386883333166,0.0034714700429731345,2.8972625749997445e-05,0.019931793213333382,-0.013575490319999606,0.005639149125028591,32.0,0.004376268386666687,1.8070108191949124,64.0,0.10584423970427856,0.0007896057904853499,0.002987128363333369,0.0010065258905394235,0,0.0022801886677772387,0.0038203416509368002,2.0834604940484737e-05
SN 025,F03,26,2.91652094523,2.9207603454583335,0.0016127240170761242,2.9224001905637773,0.0022484523243978824,-0.0003951881044761708,-0.0016375562871102645,1.483213146005815e-05,0.0029479980466664557,-0.0034255981433326532,0.0012026683359556967,1.0172526111166628e-06,0.005656433106666636,-0.004564921059999616,0.001845369829365678,23.0,0.0021701425739131253,3.5020916420447246,20.0,0.7226589535772371,0.0010264735595227155,0.003587086994888633,0.0003586389966975201,3,-0.006550225148441058,0.005621130810994706,-0.0015807524179046832
SN 047,N01,343,2.4664477,2.4680399333333334,0.0007398820909240296,2.467470397777778,0.00048680719537287463,7.5888095238158765e-06,0.0002473355555552281,5.130578512397421e-06,0.0038487666666666698,-0.0019493333333331364,0.0008864818178514705,-7.996111111108206e-06,0.0055671666666663455,-0.004830666666666872,0.0014347268730675643,31.0,0.0012686021505376652,2.4072244990442457,44.0,0.2833111427467865,0.00040027065463961036,0.001508260000000483,0.00012370707193593675,0,0.0002473355555552281,0.00048680719537287463,7.5888095238158765e-06
SN 013,F02,115,2.462086741126667,2.47391382853,0.002246183069372505,2.4728787061884447,0.0009027573396960931,-5.481629138096101e-05,0.0005605740015552918,2.555742066115212e-06,0.011032613119999812,-0.016600545249999765,0.0030462168103592303,-1.011318630555295e-05,0.027633158369999578,-0.014054616296666378,0.005005953569457457,30.0,0.0036470625134443916,2.104151316354004,50.0,0.08739649216865218,0.000802865495923092,0.003086123996222323,0.001103107063429029,2,0.0016817220046658754,0.0018055146793921862,-0.00016444887414288303
SN 053,N01,479,3.1085746765133333,3.1215501149483336,0.0022799329637546587,3.121043277315111,0.0018462679474052118,-6.610052921429529e-05,0.001225145128221694,-1.4869963168050366e-05,0.009823862709999798,-0.01791280110666671,0.0031548766838141885,2.339045205554946e-05,0.027736663816666507,-0.01489461263000047,0.0051260813155473905,29.0,0.0037746473285057464,2.069636936875801,64.0,0.04517563891348572,0.0005184695909334828,0.002897660996889151,0.001243335606793606,0,0.001225145128221694,0.0018462679474052118,-6.610052921429529e-05
SN 031,F04,11,2.915418752033333,2.9296627044666668,0.011554981908682281,2.9258172946488887,0.005683561780872236,0.0009665643601428677,0.0025849066844445545,-0.0001203447662534422,0.017557525633333793,-0.03451665242333357,0.004798591170108585,1.9480387388885283e-05,0.04421819051000009,-0.030233001706666762,0.0071537468256891255,11.0,0.0105166810933335,3.820045771319887,5.0,0.9141677416111141,0.010662334803368673,0.033031972248888763,0.003142012986861967,2,0.0077547200533336635,0.011367123561744472,0.002899693080428603
SN 029,F04,8,2.269070180256666,2.274560928343333,0.002095906268243678,2.2734834459075555,0.002394862562078539,-0.00046572730660712845,-0.004318915474221807,-5.998007195592228e-05,0.00147628784000009,-0.0014732360866664962,0.0007133845361421303,2.2549099166768727e-06,0.002514902749999326,-0.0018285115566665233,0.0009764529666125872,18.0,0.0016200030294442305,3.5569531272558574,15.0,0.9410090020669608,0.0015238840800718982,0.005558878580666615,0.0005707952590996494,2,-0.012956746422665422,0.004789725124157078,-0.0013971819198213852
SN 045,N02,14,3.2893473,3.3276195333333334,0.018186161209699556,3.3276004733333333,0.0058820660934249215,0.0005330392857142763,0.0010361933333333795,0.00015182506887052803,0.03852743333333386,-0.03962833333333293,0.011084863659889489,-6.864333333333657e-05,0.03733113333333282,-0.044510133333333535,0.014326708858438666,17.0,0.024511117647058867,2.787614521017391,35.0,0.8149983388157279,0.012681509841595412,0.052949057777777586,0.008019508386135556,0,0.0010361933333333795,0.0058820660934249215,0.0005330392857142763
SN 044,N01,241,2.5655972666666664,2.6077656833333336,0.007622405482292477,2.6066185177777776,0.001900968309893355,-8.037261904750689e-06,0.0009332822222223314,-3.0914876033056354e-05,0.03470283333333324,-0.03655700000000017,0.007689969997146802,5.293888888883528e-06,0.06251880000000076,-0.04876663333333342,0.010733674745409566,20.0,0.01086695333333334,2.3871778514494175,49.0,0.49489305839601,0.0013368206143247736,0.008215773333333232,0.005579026929708887,0,0.0009332822222223314,0.001900968309893355,-8.037261904750689e-06
SN 036,N01,105,2.8058799743633336,2.8179180145249996,0.0035822569631025875,2.817805141870666,0.0007727937931093926,3.0463082476196923e-05,0.0015404595260006815,-4.435557636363227e-05,0.012225850423332574,-0.00860544840333377,0.0037978359341194375,-2.5429195833333768e-05,0.0164629618299994,-0.013940175373333918,0.005142622595185263,22.0,0.0064110264634849035,2.316992266706382,48.0,0.43390119906210667,0.0007399326253463994,0.0040884908048890445,0.0015797455114359344,0,0.0015404595260006815,0.0007727937931093926,3.0463082476196923e-05
SN 002,F01,40,2.265043385823333,2.3463545481350003,0.030740765867446274,2.303822123208222,0.0027148352890416783,-0.0004527646019047632,0.0007232157384446936,-0.0004767026454545453,0.018294779460000132,-0.019478861489999666,0.006198673423934223,5.773756236111168e-05,0.02208048502666582,-0.023154703773333285,0.0068468923653763935,8.0,0.021599769591666873,5.284544853849607,5.0,0.9796879816240728,0.028272915852029127,0.08981952243377789,0.006099593950055585,1,0.0014464314768893871,0.004072252933562517,-0.0009055292038095264
SN 002,F01,31,2.258739471433333,2.3039826711,0.01609802131988997,2.2824486965582222,0.00588865506681353,0.0009377025422261994,-0.0005929226348890815,-0.0001983768684022038,0.009191385906666127,-0.011344909666667125,0.003264734615718248,-3.363503347222722e-05,0.012808736170000223,-0.013179524736666615,0.0038699382492560913,8.0,0.010736560821666796,4.786910218802307,3.0,0.9795060546207204,0.015463004246933601,0.04754930284311154,0.0032622592387542707,1,-0.001185845269778163,0.008832982600220295,0.0018754050844523988
SN 011,N01,33,1.8511824289933332,1.861465263365,0.001890817614852902,1.8612094370504444,0.0005075996091808945,2.656437107141759e-05,0.0003099314362224881,-1.2904816253415172e-06,0.011769994100000014,-0.012904612223333167,0.00231069036896642,-2.2310680833329914e-05,0.019536081953333673,-0.02467460632333318,0.0034965037612550566,16.0,0.0029470125837499916,2.294279192005831,43.0,0.2594465811191809,0.00046909587329911916,0.0016828918451108343,0.0012327075261375133,0,0.0003099314362224881,0.0005075996091808945,2.656437107141759e-05
SN 020,N01,270,3.047348276773333,3.0504684448216666,0.0011510520478915497,3.050574781628,0.0015817110264931397,9.860629136903632e-05,7.498847199993719e-05,7.681938567497796e-06,0.003856404623333365,-0.004792022703333565,0.0015789260329570108,3.910064722223439e-06,0.006933085120000904,-0.007387288413333248,0.0026840851468465264,32.0,0.002251601218958385,1.8801964811600855,59.0,0.0648233221728921,0.00031282559196486404,0.0012347920728887907,0.00020857372062796275,0,7.498847199993719e-05,0.0015817110264931397,9.860629136903632e-05
SN 009,F02,13,3.063150278726667,3.0661823272683333,0.0009498652355343638,3.0652650282104448,0.0005925809651323854,-3.3443995940472614e-05,-5.430433377817678e-05,-9.121645234160314e-06,0.004855346679999872,-0.003127034506666515,0.0012146762864988687,-3.390842000002466e-06,0.0076362609866662545,-0.006688690186666513,0.0019796920358880806,33.0,0.0015409219143434475,1.971126233365612,45.0,0.18573647059439063,0.0004006052044236642,0.0015952724875556434,0.00027879567767415944,2,-0.00016291300133453035,0.0011851619302647707,-0.00010033198782141784
SN 049,N01,371,1.8006235666666666,1.80255125,0.0009416429679505916,1.8034098599999997,0.0006730145420726639,-9.762380952368523e-06,-0.00026159333333297674,1.3246556473831018e-05,0.0023413333333330844,-0.0027081666666666226,0.0008947222203885363,-1.4303055555557147e-05,0.0039377666666668976,-0.0030316666666665437,0.0014535677751376498,29.0,0.0013347436781609148,2.1341314684111534,33.0,0.5492872301281319,0.0005904936557667953,0.0016422311111110588,0.0002273681511457315,0,-0.00026159333333297674,0.0006730145420726639,-9.762380952368523e-06
SN 028,F03,101,3.30213648478,3.3091931660950005,0.004216086199157628,3.3062739902053333,0.0015121109500987459,2.3765564035728632e-05,-0.0005773756219999981,-6.247065939394253e-05,0.0037534077966663304,-0.004989878336666642,0.0016112522934409372,-2.046797008333397e-05,0.006319427489999363,-0.005085754396666697,0.0024285802067241543,23.0,0.002859928296956505,2.5410436758171198,7.0,0.9270878613232499,0.003715376121279793,0.011428697374221919,0.0005062602576503283,3,-0.0023095024879999926,0.0037802773752468647,9.506225614291453e-05
SN 001,F01,4,1.2189982096333334,1.2262736638366667,0.00405158296589712,1.231703414915111,0.004362555399684484,0.0006043188911904838,0.0029293314615559396,9.884374528925729e-05,0.006645456949999851,-0.00511525471999974,0.0017062488704728076,-2.872678969444246e-05,0.006045786540000098,-0.004918924966666793,0.002136755710170456,13.0,0.004901201297179551,3.738041824458896,13.0,0.9103791834774995,0.0025284183309659267,0.008557289970888782,0.001002293665027108,1,0.005858662923111879,0.006543833099526726,0.0012086377823809676
SN 048,N01,425,2.7184003,2.727587616666667,0.0032344173576914557,2.727606555555555,0.0014575208754898318,-8.897523809523149e-05,-0.0022566222222217824,-0.00012383994490358215,0.010275000000000034,-0.018020633333333702,0.003173013351802237,-8.06763888888895e-05,0.008866866666666251,-0.028295633333333736,0.004701224643635274,27.0,0.004192117283950648,2.3502213884349223,53.0,0.4906014438952089,0.0004338619698263228,0.002523464444444734,0.0010065688696830393,0,-0.0022566222222217824,0.0014575208754898318,-8.897523809523149e-05
SN 036,N01,106,2.8103505452466666,2.8192721048966667,0.001878022071084657,2.819872860377111,0.0043264685834040455,0.00036160423647618414,-0.0016169908304441982,-2.5031980440746004e-06,0.008297983803333686,-0.005722808836667426,0.0018585414064404917,-1.740349661110511e-05,0.010217793779999873,-0.006617482500000271,0.002671905259348567,28.0,0.0024922053021428437,2.0302875367216293,42.0,0.5134137645979722,0.0006705586710893943,0.002691277397777636,0.0009235980097175691,0,-0.0016169908304441982,0.0043264685834040455,0.00036160423647618414
SN 053,N01,485,3.1096331278466667,3.1233868916816663,0.003996957326711359,3.121781463621111,0.002598633028089334,3.659021283332223e-05,0.005083923338888852,3.600948112947953e-05,0.017953236896667057,-0.026157887776666833,0.005506485398680273,1.2081993916664608e-05,0.03063201904333379,-0.041495005290000275,0.008417985777552196,29.0,0.007036441496091965,2.3500285271970927,49.0,0.055419471819608344,0.000921610700171665,0.003204413520888849,0.002261188572453026,0,0.005083923338888852,0.002598633028089334,3.659021283332223e-05
SN 034,N01,67,4.272626241046667,4.279223124185,0.0029822752822640038,4.278800014917778,0.0024472176161787116,-0.0002341860817023303,-0.003927680121110555,-3.606622870522728e-05,0.012706502276666143,-0.012554931639999545,0.004125511833201935,-2.4638705777779712e-05,0.017472330726666208,-0.025261433916665688,0.006861197933405896,33.0,0.00545973344272718,1.937805529111609,55.0,0.04292190456944297,0.0007023335862752459,0.0027378336591121766,0.0005710795215554422,0,-0.003927680121110555,0.0024472176161787116,-0.0002341860817023303
SN 049,N01,417,1.654018,1.6739571166666667,0.013349458999795364,1.6945009355555556,0.004975698231504559,0.0009336816666666691,0.009912264444444485,0.00037764876033057943,0.006660066666666742,-0.005739699999999903,0.0022937777452839703,9.249444444444273e-06,0.00450689999999998,-0.005769166666666603,0.0017985712952789277,6.0,0.012649583333333362,5.032235494184068,3.0,0.9850664412170417,0.011289384095586878,0.03476510444444458,0.0024725795739845464,0,0.009912264444444485,0.004975698231504559,0.0009336816666666691
SN 045,N02,44,3.0478607,3.0767083333333334,0.015770227564091938,3.0764843422222223,0.0022089065608143616,0.00020178488095239205,-0.0002662088888887304,7.028071625344514e-05,0.008791599999999455,-0.008851899999999802,0.0030404335759331934,1.7016666666721155e-06,0.008991500000000485,-0.011287666666665697,0.0035658544044769496,7.0,0.012493819047618957,6.364445096789937,2.0,0.9815273702841137,0.015006712089026958,0.04998002222222242,0.002624297434752258,0,-0.0002662088888887304,0.0022089065608143616,0.00020178488095239205
SN 024,F03,7,2.3844846089666665,2.3930979410783335,0.002440836874731622,2.393483140731555,0.0013040565460713876,-2.341134209523643e-05,0.001109653048444681,3.6921645647381886e-05,0.012358856200000101,-0.007594553630000167,0.002365131430042154,-1.973046194447825e-06,0.014183044433333514,-0.010060119630000308,0.003499258978016307,23.0,0.003517836419130413,2.951894851922747,31.0,0.5308483187661927,0.0010893263163694374,0.003844367133110982,0.0011060771104433986,3,0.004438612193778724,0.003260141365178469,-9.364536838094572e-05
SN 028,F03,85,1.7523145039866668,1.7844081242866667,0.010324517268405192,1.7863694084997777,0.002485529701755864,-0.00013202621828571664,0.003649308946888974,7.150403068870686e-05,0.005611292519999811,-0.007647196453333338,0.0025417792922695875,1.4324188222221885e-05,0.009706370033333966,-0.007139968873333125,0.0024209639650588075,6.0,0.011635123359444536,10.05973390578641,7.0,0.9698679225265064,0.008595427855814361,0.030671149359111194,0.0034556762386643088,3,0.014597235787555896,0.00621382425438966,-0.0005281048731428665
SN 055,N01,527,3.05249404907,3.1658353169750004,0.01898591393209051,3.168497331406,0.004980919823003942,0.00033277874903569875,0.0018510267473335063,4.643001504132307e-05,0.06734822591333378,-0.07330830891999973,0.01596616731618674,0.0006586456298888876,0.07752304077333294,-0.0823827107699997,0.02178170538114346,21.0,0.022687433636031703,2.6552704524516044,38.0,0.6491460476477684,0.005291981194596629,0.0349249267582219,0.007319301100562493,0,0.0018510267473335063,0.004980919823003942,0.00033277874903569875
SN 016,F02,179,2.8126289367666666,2.8153032938616667,0.0010141241462599867,2.814723324244,0.0007762445060039841,-5.851109823808352e-05,-0.0016600206173329468,-3.5183488842969934e-05,0.0023434956866665857,-0.002434794110000027,0.0009714789481206454,-1.1683570000002123e-05,0.0038523356099999795,-0.0035230000799999495,0.001566056915412823,30.0,0.0014822981094444318,2.450698412979498,47.0,0.5275700671571362,0.0005470283944991187,0.002013024224888582,0.0001124216347808181,2,-0.0049800618519988404,0.0015524890120079682,-0.00017553329471425055
SN 001,F01,6,1.1823451995833334,1.2228473663316666,0.020187057460790858,1.2228952874057777,0.005051564946781173,-6.771814261903319e-05,0.005458340114222304,3.4110539531681915e-05,0.015897369383333748,-0.008537673950000269,0.004215046646215547,-3.7479400555614125e-06,0.014648310339999915,-0.021407953899999832,0.004625785889139941,6.0,0.01895701090500009,4.508925708640213,6.0,0.9783623695006247,0.019293699307087825,0.06558764139755557,0.005179407200762535,1,0.010916680228444609,0.00757734742017176,-0.00013543628523806638
SN 005,F01,101,1.1828259785966668,1.2086907068866668,0.016739190998359015,1.2032132042764445,0.007464023749897133,-0.001416130066011905,-0.004035525853111288,-0.0003435056071625348,0.009315236409999983,-0.008246994016666731,0.003809199620179238,-4.508760250003056e-06,0.01021792094000018,-0.009714126586666705,0.003787910380287443,12.0,0.011990473004999946,5.449152921513466,7.0,0.9739858491648906,0.012769051041782704,0.043281461926888865,0.0036853067854214095,1,-0.008071051706222576,0.0111960356248457,-0.00283226013202381
SN 054,N01,499,2.73192316691,2.7378688812250003,0.0023184310197915184,2.7373720296211115,0.001027582490818255,-7.855551583331653e-05,-0.00232869466111163,-2.557633663911518e-05,0.008619944253333234,-0.010405476886666598,0.002869901413154261,-2.3901197638894386e-05,0.015356445309999245,-0.015530649820000075,0.004244687895602339,25.0,0.004424550374533336,2.406609579262377,45.0,0.23486995447144524,0.0006103180787667625,0.002714623345111633,0.0011292051045485615,0,-0.00232869466111163,0.001027582490818255,-7.855551583331653e-05
SN 044,N01,236,2.522399366666667,2.5873435833333334,0.01601766203528675,2.5867461977777775,0.001223818486866883,-0.00010668702380952472,0.00014673555555555495,5.132286501377422e-05,0.04442596666666665,-0.05825603333333307,0.01101422549641967,-0.0001427947222222281,0.057839199999999646,-0.06730703333333299,0.013124213777996378,9.0,0.0251523666666665,2.489550923296312,50.0,0.7653603894922253,0.004924137786220639,0.03292044888888945,0.013646581322870874,0,0.00014673555555555495,0.001223818486866883,-0.00010668702380952472
SN 024,F03,19,2.375906880693333,2.417658869425,0.015127006957672358,2.43605755276,0.007693067822670034,-0.0003787067958452453,0.009035983616666687,0.0005158731760055086,0.022674051919999716,-0.018307240803333347,0.006320460531569829,-5.4516262444441e-05,0.030470021566666894,-0.026569620766665913,0.009220185096040102,17.0,0.012982581643921598,3.666019301035639,13.0,0.9102442188209277,0.011505920920520432,0.047385660807333085,0.0025016221889158884,3,0.03614393446666675,0.019232669556675085,-0.0015148271833809812
SN 045,N02,7,3.3078725,3.3231903,0.005290398531348628,3.323504862222222,0.002053185473100607,0.0001595794047619067,0.00010377111111115056,7.597499999996889e-06,0.02069243333333315,-0.018598433333333553,0.006147565487677824,-4.3036414565826145e-05,0.02940596666666595,-0.027860233333333095,0.009669001282237593,31.0,0.008293964516128977,1.798076808311936,54.0,0.3303917628148122,0.001534971690168192,0.005859597777778003,0.0021948894170088734,0,0.00010377111111115056,0.002053185473100607,0.0001595794047619067
SN 042,N01,257,2.8388867666666666,2.8446056166666667,0.0017415090358181627,2.8468906311111106,0.0005880168744863716,-3.147880952381372e-05,-0.0005771644444441115,3.3458126721766216e-05,0.006310266666667008,-0.0039642333333334,0.0015771049442613624,1.129777777777452e-05,0.006327533333333246,-0.00895946666666747,0.0025079038105189026,30.0,0.002193165555555658,2.5158435489849333,35.0,0.5885408823365222,0.0011019397736185506,0.004284662222222124,0.00034971049053769004,0,-0.0005771644444441115,0.0005880168744863716,-3.147880952381372e-05
SN 038,N01,134,2.5409098307266667,2.5558596293116667,0.0028373745045486842,2.555485721162222,0.0009088585768694372,-2.665383470236466e-05,-0.0012198723688885416,-1.4844742038567957e-05,0.017746225993333642,-0.02862091064666661,0.0038831564090074204,-2.8398302777491815e-07,0.03069076538333304,-0.03407287597999975,0.006041751748411365,22.0,0.003947760841818198,2.2132070124295224,49.0,0.06970817326997526,0.0006001049089686392,0.0027570258244447032,0.002171096125588188,0,-0.0012198723688885416,0.0009088585768694372,-2.665383470236466e-05
SN 035,N01,81,2.761027781166667,2.769410069781667,0.002541346022208277,2.7692024230935552,0.0008255900002395604,-0.00010718209415476106,-0.0014333089202218652,1.245503909091078e-05,0.006871032713334113,-0.014108784993333234,0.0027741667081780425,-2.9640197749999004e-05,0.017869822183333106,-0.011126963296666847,0.004002625898727939,25.0,0.004496256510400016,2.772166071479518,48.0,0.4031511667295567,0.0009859618265471105,0.004025641547555914,0.001063993061214127,0,-0.0014333089202218652,0.0008255900002395604,-0.00010718209415476106
SN 011,N01,18,1.85441932678,1.8607131322216668,0.0014289787506328948,1.8606877729613334,0.000668488720980099,3.185635523809048e-05,-0.0005612776013332876,-1.623820994490206e-05,0.005235799153333165,-0.012702051800000058,0.0018024229408543783,-1.3474358472222633e-05,0.017937850953333223,-0.014600245160000025,0.003061622383119101,24.0,0.0020956887137500066,2.4873542816352328,41.0,0.20796195460146308,0.0006352681709996113,0.0025813378228889405,0.0008279899831923233,0,-0.0005612776013332876,0.000668488720980099,3.185635523809048e-05
SN 016,F02,163,2.8008621215800003,2.820916112261667,0.006472631347750432,2.8209305487724445,0.002906952935839239,2.4659293000016202e-05,0.0012084282775557398,8.993437796146283e-06,0.01942164102999966,-0.019791158039999868,0.004958924612061574,-8.860694027779115e-06,0.020217641189999913,-0.025303395586665722,0.006104524193081174,13.0,0.010993683643846043,2.61268626312222,41.0,0.7089133889343495,0.0018668266944629334,0.013722483317332834,0.004440204176599036,2,0.0036252848326672193,0.005813905871678478,7.397787900004861e-05
SN 026,F03,95,2.59042739868,2.594121170043333,0.0055294768216710005,2.596769561765778,0.0009638877911861456,7.807141263093753e-05,-0.0009240214024446303,-2.8756301928372875e-05,0.0047935485833336955,-0.005974578856666302,0.0014037355398621072,-2.6533338611097373e-06,0.007071940103333674,-0.00575790405333354,0.0018510635971612272,10.0,0.004090576172333371,4.00579858622922,9.0,0.9680041716231774,0.005138222041977859,0.016987609863332587,0.0019435657899705484,3,-0.003696085609778521,0.002409719477965364,0.00031228565052375014
SN 057,N01,564,2.817698669433333,2.8217085520416667,0.0011946688537742202,2.8210407511377777,0.0012420794169802536,4.075277426191594e-05,0.0006775919588890567,-6.55539438016297e-06,0.005085754396666697,-0.004037729896666953,0.001517487120446546,-8.085038944442384e-06,0.007055918370001191,-0.007677968346666564,0.002420644938976253,28.0,0.002214250110714316,2.052946925153896,36.0,0.19826612866868273,0.0005029808609069526,0.0017694261344445295,0.0002624723286987344,0,0.0006775919588890567,0.0012420794169802536,4.075277426191594e-05
SN 029,F03,119,2.205533599853333,2.2384535471583336,0.012773584951345784,2.2512299940308886,0.005537036532568477,0.0011780366443095212,0.00731162177244471,0.0003894585223415979,0.01270497639999979,-0.011988067626666599,0.003409375109699973,2.8843349888892553e-05,0.018922424316667463,-0.014941660563333237,0.0041130504222532446,8.0,0.011896292368750117,3.9710837407332047,9.0,0.9636457081042071,0.008860570721355432,0.034556647406888796,0.0034374486930726722,3,0.02924648708977884,0.013842591331421192,0.004712146577238085
SN 004,F01,67,1.0936131795233337,1.1057046254466665,0.008945999479424012,1.105006773205111,0.0020451651267777995,0.00023072742270238458,0.0017784288182223218,-7.338195465564747e-05,0.002589289346667023,-0.003243128456666744,0.0012294447984349081,1.6784667972221298e-05,0.003929392499999684,-0.0035167694066668975,0.001615920737338674,7.0,0.004635474795714277,5.178037897914939,3.0,0.9906066404723312,0.008723505068367658,0.024599160088666583,0.0009741410581762589,1,0.0035568576364446436,0.003067747690166699,0.00046145484540476917
SN 004,F01,68,1.0750417073566667,1.0846080144233334,0.005929444715600221,1.082220891315111,0.0007473967254558799,-3.806068782141736e-05,-2.9805501777335763e-05,-4.6668564986222575e-05,0.003648122153333322,-0.003971227009999856,0.0012862272738484721,-8.70916577777973e-06,0.004925028483333094,-0.004597345990000168,0.001756004645713944,9.0,0.004455594663703661,6.649102190987053,13.0,0.9766211582463983,0.0051877052925076595,0.02040521409822227,0.0014545319289394564,1,-5.961100355467153e-05,0.00112109508818382,-7.612137564283472e-05
SN 018,F02,211,2.9750968933100004,2.9859617869033332,0.002828364819117891,2.985397932263111,0.004236245865951432,0.00022328876300002433,0.006670549180222363,5.223928404958993e-05,0.009672292073334088,-0.01603495279999967,0.003056277890923097,4.374398124999586e-05,0.022371419269999304,-0.014458211266666687,0.004463990331291095,24.0,0.004569106631666708,2.704800077630377,39.0,0.40904592715787486,0.0006793096408267068,0.0030937364362224606,0.0009764745644400747,2,0.020011647540667088,0.008472491731902863,0.000669866289000073
SN 011,F03,80,3.3092689514133338,3.323992156981667,0.004370201089256953,3.3238387891964445,0.004791000959492493,0.0009512383596904729,0.002768215603555557,4.8752461597794815e-05,0.005194091796666633,-0.0050811767600000834,0.0019293720219119507,-1.075532702777456e-05,0.007058461509999336,-0.0057810465533330024,0.0025638282083165873,20.0,0.0037437820436666326,3.5280888704392956,19.0,0.9029832147491438,0.002454000006791916,0.009836917453555305,0.001837938413144667,3,0.011072862414222229,0.011977502398731233,0.0038049534387618916
SN 001,F01,13,1.1856332143133337,1.1968798319483334,0.006889291434598892,1.1963265652108888,0.0040825474841735794,-0.000791431154547621,-0.006579962837555353,-6.57042196143251e-05,0.009746424356666727,-0.006042607626666419,0.002167765742724338,2.076572841666809e-05,0.008597946166666759,-0.012187194823333636,0.002436914301021134,10.0,0.008135515848333363,7.708604275678809,9.0,0.9507072233505142,0.005808476539029933,0.01733622233022225,0.0018823423772827285,1,-0.013159925675110706,0.00612382122626037,-0.001582862309095242
SN 033,N01,42,2.38382314046,2.3858666737866665,0.0007839269736073081,2.385318179658667,0.0008261232959107131,0.00011231104529761787,0.0009504360613332707,-1.6429470275479797e-05,0.0018826802566667133,-0.002572377523332836,0.0009077325661671675,1.1388990611112723e-05,0.004251352946665676,-0.003393300373334185,0.0015106413897288274,32.0,0.0012564579644791518,1.7629192753250889,52.0,0.3064357559148873,0.00037285401920060393,0.001353556315999871,0.00010941258919840163,0,0.0009504360613332707,0.0008261232959107131,0.00011231104529761787
SN 033,N01,415,2.368193033333333,2.3940174,0.005408423570975246,2.393900551111111,0.0007897811026739534,2.261416666664573e-05,0.0007847822222224465,0.0001246699724517923,0.03378219999999965,-0.018819933333333427,0.004777218791154841,9.419750000000023e-05,0.019178233333333683,-0.041893766666665666,0.005745044812449433,9.0,0.008513240740740644,2.761229799887146,65.0,0.6015459486313907,0.0008493222293317911,0.005573902222222316,0.0026852132020859266,0,0.0007847822222224465,0.0007897811026739534,2.261416666664573e-05
SN 014,F02,120,3.223980967203333,3.2356257120766667,0.0030318200014449056,3.2337059868693334,0.002791950806782228,0.000274739038428573,0.003020392523999771,-3.6927950964212524e-06,0.01569010416666705,-0.012419382730000095,0.003922396859223179,3.149668374999859e-05,0.021277109780000192,-0.026305135090000764,0.005977826997087339,26.0,0.005468172904358961,2.225305838048678,52.0,0.1682761505173691,0.000940860574488265,0.004313151041777985,0.0014405436635102555,2,0.009061177571999313,0.005583901613564456,0.000824217115285719
SN 020,F02,245,2.8323013305633333,2.835245259601667,0.0009768782541123202,2.834956308999111,0.0009286563905759198,-1.2446812202376073e-05,0.0003731282542220882,2.274106033060199e-06,0.0024981180800001113,-0.003728485106667012,0.0010409800519759,-1.0151333305556213e-05,0.0055524190266669216,-0.005399576820000362,0.0017373926572373589,31.0,0.001386137931397868,2.3555540669413797,39.0,0.43681722721669103,0.00045972447619379436,0.001966824002221923,0.0003914252850729743,2,0.0011193847626662645,0.0018573127811518397,-3.734043660712822e-05
SN 039,N01,159,2.8918604532866667,2.894308090208334,0.001058055793674289,2.893625352646222,0.0009482491694163606,-8.4511893059542e-05,-0.0010431586362220635,-2.877101424242127e-05,0.002777862549999899,-0.0034487406433330037,0.0012669921848963155,6.03993722218347e-07,0.006079610190000029,-0.0052151997866669575,0.002084684484899527,34.0,0.0016151428224510165,2.0814243081438075,49.0,0.2724957777345066,0.00043192681557755207,0.001658715141556133,0.0002123192730471337,0,-0.0010431586362220635,0.0009482491694163606,-8.4511893059542e-05
SN 064,F05,14,3.7637743631966663,3.795220947265,0.009772099650452594,3.790156656899111,0.00887694207136686,-0.0012543505713928497,-0.01016830444244432,-0.0001386258884572996,0.0204650878899999,-0.022504170733332884,0.008544586006408322,-4.6170552555550394e-05,0.034974416093334515,-0.04115626016999929,0.012192715668917746,22.0,0.016303599964242486,2.3672724122437017,33.0,0.6171171391007729,0.00454585296138,0.018469509548888485,0.002707404399180402,3,-0.04067321776977728,0.022192355178417153,-0.005017402285571399
SN 055,N01,525,3.1555587768533333,3.167018254596667,0.0035823756461744317,3.165012817381333,0.006355844460572573,-0.00042395092191666354,-0.00565333048466643,-0.00014360496162534237,0.012216695150000234,-0.0204406738266667,0.00457308455284256,2.0304785833332357e-05,0.01870015462333363,-0.032657368976666934,0.007069703497519689,34.0,0.005831819422058858,1.7408576038924337,61.0,0.1499280721461615,0.0005831075830974255,0.003486836751333655,0.0012077394245857138,0,-0.00565333048466643,0.006355844460572573,-0.00042395092191666354
SN 033,N01,45,2.384193929033333,2.3861911773666664,0.0006337113001227706,2.3859046766473337,0.0007229752956686364,3.142311463096688e-05,-0.00028990003733353475,-1.24045968319533e-05,0.0023450215666667162,-0.0023930867533334954,0.0008902925682198387,1.0153452555557625e-05,0.0038492838566663856,-0.0033604939800002676,0.0015046904174700023,35.0,0.0011255464098094922,1.963425194240427,65.0,0.008698743395715506,0.0002278879441586925,0.0009152221684445294,8.892713682221396e-05,0,-0.00028990003733353475,0.0007229752956686364,3.142311463096688e-05
SN 064,F05,9,3.8375272115066665,3.8587173461899997,0.006019924625562015,3.8575775824635556,0.003487557636860816,-0.00012715748380952573,0.003475630019777576,-1.2904815977988107e-06,0.021667734783333614,-0.021166992186666622,0.005656332893098634,2.2210015194453388e-05,0.03684463501333424,-0.02174224853333362,0.008430400739891293,26.0,0.008076653114102585,2.317078916073444,36.0,0.5615533980932133,0.003030903452616262,0.011950649685333659,0.002672172157492745,3,0.013902520079110303,0.008718894092152039,-0.0005086299352381029
SN 033,N01,36,2.3809399922666667,2.3843401590966664,0.0009385240521556472,2.384324035643111,0.0007519116433735165,-2.6543026976196972e-05,0.00031519572022231657,1.2652604683200712e-06,0.005313110353333261,-0.003247833253333443,0.001361968872128966,1.2830098500001459e-05,0.008560943606666704,-0.006715138756666406,0.002271556573500503,29.0,0.001954721034252806,2.3913404166570147,54.0,-0.04542798525206659,0.0002349042861526275,0.0009294128422223658,0.00018299498785968624,0,0.00031519572022231657,0.0007519116433735165,-2.6543026976196972e-05
SN 055,N01,529,3.12671991984,3.16673405965,0.00912642979983077,3.1688590664315557,0.0064023557544703475,0.00018891016644047336,-0.0050058661548888495,-3.85357985399424e-05,0.05238622029666651,-0.05328445434333284,0.013338333843835619,0.00038428624472222064,0.09418233235666618,-0.06663182575999915,0.021296718367065464,24.0,0.01827258004041667,2.1539886945267877,57.0,-0.059839483119902545,0.001021443264478521,0.00437945895733316,0.004206961451024125,0,-0.0050058661548888495,0.0064023557544703475,0.00018891016644047336
SN 046,N01,306,2.91216125488,2.9161833445216665,0.0019697324256149422,2.9156659613697777,0.0011033522802371938,-5.6400299059528825e-05,-0.0007937282997776407,-1.8239086997243444e-05,0.0074175516766668,-0.011165873209999955,0.002625389644973674,-6.263732911110746e-05,0.015559132893333327,-0.018583424886666755,0.004332498737986031,31.0,0.0034104213922580115,2.2570064445337716,49.0,0.1165702012620494,0.0005914800194832544,0.0024824354386665526,0.0005611018182924993,0,-0.0007937282997776407,0.0011033522802371938,-5.6400299059528825e-05
SN 059,F03,156,2.16001688639,2.2499497731516667,0.024812300030656553,2.266174146862667,0.008154290201315173,0.0014432062422023613,0.005142127143999531,0.0008927841817079871,0.01343790690000013,-0.008832804360000335,0.002916339828212204,9.598202194445923e-06,0.01657129923333356,-0.012281545003334227,0.0029732323508414463,5.0,0.010310363768666874,8.662981580100958,1.0,0.9934389088660739,0.01827814971310804,0.07398181491466671,0.003546445975932909,3,0.020568508575998123,0.020385725503287933,0.005772824968809445
SN 028,N01,394,3.3159512666666666,3.3239271666666665,0.0038421537380695695,3.3274215044444446,0.0012143300501693312,-9.100702380952745e-05,0.0006116622222220869,7.78176308539992e-05,0.004969033333333428,-0.004976400000000325,0.0019973491507452945,-1.3531666666673676e-05,0.006469999999999754,-0.007549300000000869,0.002946154248622018,27.0,0.0033459419753086327,2.0888406144583285,3.0,0.8642276255670863,0.0033778890341680887,0.00827630222222231,0.0006309595409996623,0,0.0006116622222220869,0.0012143300501693312,-9.100702380952745e-05
SN 029,F03,121,2.288921610513333,2.2987555185933335,0.0046682592360405145,2.2990681627046663,0.002852584144524589,-0.0005532110304285829,-0.0015116034613331664,-0.0001488467550137774,0.00655441284333369,-0.024442545573333252,0.0026609106736140667,0.00020456314086111002,0.02732391357333297,-0.007080078126667111,0.0031176708166556146,9.0,0.0058424207892592405,8.129698122073538,9.0,0.8307527964546386,0.003617893096395086,0.011440904404888652,0.0010293293400158953,3,-0.0060464138453326655,0.007131460361311472,-0.0022128441217143316
SN 012,F02,94,1.61901473999,1.6222672144566666,0.0009860238639062692,1.6219820404035554,0.0007330789379644067,-6.32876434523382e-06,-0.00023737589355543598,-4.714251212121139e-06,0.003414789836666765,-0.003451919553333571,0.0012529871657235689,-9.6490647777799e-06,0.00476888020666677,-0.004939015706666883,0.001981254840382641,33.0,0.001695594402020199,1.8625446384627904,57.0,0.19845578399106917,0.00037138392349750224,0.0013906266955552304,0.0003110900219399362,2,-0.0007121276806663079,0.0014661578759288135,-1.8986293035701462e-05
SN 019,F02,234,3.0072748819966666,3.0102970123283335,0.0011778729535157906,3.010178341333778,0.0010765860020818985,-7.074446833331217e-06,-0.0009495713971112707,-1.9136539173556528e-05,0.0040809631366665045,-0.005251057943333137,0.0015902085514064553,-1.6763474999977508e-06,0.006612904866666103,-0.009332021079999642,0.0026885988464136943,33.0,0.0021316528317172007,1.5560962803209757,59.0,0.08884706510591048,0.00031727566943906126,0.0013368225091112684,0.0002113400067447153,2,-0.002848714191333812,0.002153172004163797,-2.1223340499993652e-05
SN 011,N01,28,1.8517712910966668,1.8627907435083335,0.0018146342046783672,1.862360983953111,0.0004915507837054629,1.3821465690462751e-05,4.568312022179555e-05,-1.216184336088569e-05,0.00981292724333338,-0.006679534909999951,0.0017181733759870789,1.249313361105046e-06,0.01283658345333305,-0.008837381996667393,0.002376492589217497,18.0,0.0023350539027776865,2.2562070230330624,43.0,0.5547424010136256,0.0005520724127732981,0.003520067002444449,0.0012885033263338552,0,4.568312022179555e-05,0.0004915507837054629,1.3821465690462751e-05
SN 037,N01,122,1.9539721171033333,1.9593237558983332,0.0024577927372823414,1.9583684200693332,0.0015427323794442373,-2.7194250285729663e-05,0.0003602430539999535,-2.3493490936638226e-05,0.007708994546666403,-0.009152857460000385,0.0022957704984886175,7.399453055555264e-05,0.008460362753333284,-0.01498832702333397,0.0033548658212070445,24.0,0.003765005535416551,3.0618835700892144,35.0,0.5659868600726309,0.0012294150888821245,0.0052568562822223885,0.0007610322764444953,0,0.0003602430539999535,0.0015427323794442373,-2.7194250285729663e-05
SN 001,F01,3,1.2240221659333337,1.2408493041983335,0.010152835404938268,1.2400006866437778,0.0024502059381896453,0.00024253572735714518,-0.0013796742771110537,8.839378672176323e-05,0.01581535339333362,-0.010228729246666957,0.00268837022840346,2.4965074305555167e-05,0.026044082640000576,-0.015997695923333666,0.003499846229389871,8.0,0.01040533383708342,9.585878563004995,10.0,0.9649032221115456,0.008387136885628423,0.030702285765999537,0.0023651361094631394,1,-0.0027593485542221075,0.003675308907284468,0.00048507145471429037
SN 001,F01,7,1.19024429321,1.2295269012433332,0.01961740408697004,1.2498871612533333,0.007612970901415057,0.0015611217136190481,0.006064020793333569,0.0005204960006060627,0.0076363881400001166,-0.005634562173333357,0.0023267254494348777,5.112753972223253e-06,0.0040283203133335554,-0.004475021363333331,0.0018230485381662879,3.0,0.019013086954444258,11.84121763900788,5.0,0.9928755420809154,0.016237919724175397,0.057439498901110886,0.003704676686408099,1,0.012128041586667138,0.011419456352122586,0.0031222434272380963
SN 014,F02,132,3.2305292765266667,3.2348807016983336,0.001384763830914296,3.2349334886322225,0.0019052326796459003,-1.1352357535703611e-05,0.001131422254444292,9.979163966942592e-06,0.005333201090000461,-0.005285135903333238,0.0018297169995483763,-1.9143422444441634e-05,0.007138824463333915,-0.010234832759999701,0.0028428195029330423,29.0,0.0026127782359769616,2.027153127804577,50.0,0.13125009263785575,0.0003617202715361751,0.0016570027668887377,0.0005613424142878539,2,0.003394266763332876,0.0038104653592918006,-3.405707260711084e-05
SN 053,N01,480,3.1139348347966664,3.124296951293333,0.0027003401489721214,3.1238550821928888,0.0014486911695535802,3.241584404773639e-06,0.0003700256337779706,-2.844944473829091e-05,0.012194315593333727,-0.012452189126666902,0.0037061402098610926,3.7345886222221275e-05,0.019556172689998874,-0.0180419921866668,0.0059574738363429944,29.0,0.005085333462183918,2.402571958633468,64.0,0.05934518615615876,0.0006739092416059069,0.003237423366889036,0.0009759556551100357,0,0.0003700256337779706,0.0014486911695535802,3.241584404773639e-06
SN 016,F02,173,2.806175231933333,2.8169380187983335,0.0026922362494993255,2.8165071953648892,0.0026346970407541584,0.00028793153314285365,0.0048866441517771975,2.178265699724177e-05,0.017307027180000212,-0.00880508422666626,0.0036255595798240646,2.4962955055555605e-05,0.022610727943333853,-0.0212132771833331,0.0058787157576877715,30.0,0.00432256062844442,1.895224510862011,56.0,0.08760507040823313,0.0005411524033242311,0.002302161322667029,0.0014013915058393826,2,0.014659932455331592,0.005269394081508317,0.000863794599428561
SN 025,F03,30,2.8016970316566665,2.8103435516350004,0.005079761794304823,2.8197416686993333,0.0034401913863563193,0.0007255772181071334,0.004929250080666581,0.0001461754160330542,0.004279073080000195,-0.00308532714666665,0.0013947563987559484,-1.8744998499993966e-05,0.004962158203332567,-0.0055015563999996075,0.0020415337210635287,15.0,0.0028152465815554826,2.833324117615578,11.0,0.9617670139942803,0.0038735825259696784,0.015350121392222249,0.0006167235489455135,3,0.019717000322666323,0.008600478465890798,0.0029023088724285336
SN 011,F03,89,1.75932477315,1.771908569335,0.006138010006754225,1.7778569539373335,0.0016853698075111464,2.0767393559516827e-05,0.0005664825426665576,-4.3947834628099975e-05,0.004090245563333372,-0.005058034263333289,0.0017498294538558826,8.115768416670315e-06,0.006163024903333758,-0.005594507856666375,0.002061421598141144,12.0,0.004514990912222201,3.917731326246042,12.0,0.9588954545071438,0.004498740598123698,0.016657536824444374,0.0012318916686434164,3,0.0022659301706662305,0.0042134245187778665,8.306957423806731e-05
SN 018,F02,203,2.9824117024733336,2.985652542113333,0.001150205645659691,2.985407884384,0.0009649128960011593,-1.57592409405002e-05,-0.001546088324000383,-1.8651032258954844e-05,0.004425557456666507,-0.0038630167666671156,0.0016587866558870467,-1.5678405749997015e-05,0.00664215087999942,-0.0075111389200004375,0.002792724686429043,32.0,0.002262989680520841,2.001528515080251,55.0,-0.042269774460408,0.00045361757022263573,0.001651034884667002,0.0002727244853968041,2,-0.004638264972001149,0.0019298257920023186,-4.72777228215006e-05
SN 002,F01,28,2.1917495727533334,2.26128387451,0.017134985868210568,2.2424811469166666,0.0018325345013323203,-0.00015989757716666615,0.0009036593966671447,-0.0001899319903581265,0.03828074137333326,-0.04564539591333361,0.009111255388293334,1.0448031944535843e-06,0.04419199625666659,-0.05713806152666656,0.010768550417568606,7.0,0.027813539051904916,7.690736345174277,9.0,0.8592519673409604,0.011551329467386464,0.045410274929555516,0.009255538103131978,1,0.0018073187933342894,0.0027488017519984803,-0.0003197951543333323
SN 045,F06,3,2.1693929,2.8064155333333334,0.4017700668874255,,,,,0.244288375,0.45048013333333303,0.031136300000000006,0.17839126062386598,-0.13978127777777768,0.12245206666666641,-0.2778582666666667,0.22720737490668988,0.0,,,1.0,0.9425091953184613,,,,3,,,
SN 064,F05,36,3.093315378823333,3.1003837585416667,0.004038970452861513,3.099622141518222,0.0008798374559961167,0.0001014945620476247,0.0019418843584446677,3.884055399450779e-06,0.018665822346666694,-0.017470804849999855,0.003870786937552524,1.1439853250002259e-05,0.024560038246666416,-0.02993494669333341,0.005877053260167569,23.0,0.005485556782173884,2.4462854607125593,35.0,0.5445492218043381,0.002007550608024174,0.007616390651778104,0.00255205907345231,3,0.007767537433778671,0.002199593639990292,0.0004059782481904988
SN 028,F03,72,3.307180531816667,3.3379910786933333,0.012536383153128222,3.3471060350184443,0.0034534761400638312,-0.0004034142266428556,0.0013357883048890073,3.1185938319557186e-05,0.009781901040000207,-0.006767527260000072,0.0023266217744584683,9.017520500002411e-06,0.006689198813333075,-0.012541198730000147,0.0028092149960976215,6.0,0.0075828128400000265,6.732583643935565,4.0,0.9828321261542977,0.011650629851748327,0.041362016465999574,0.0030976921150542105,3,0.005343153219556029,0.008633690350159578,-0.0016136569065714223
SN 045,N02,10,3.3316167,3.35384265,0.0064990977607851585,3.353737251111111,0.00539375575229107,0.0003194226190476268,-9.625111111111195e-05,-0.00013859641873278033,0.01776453333333361,-0.022010533333333804,0.006230917157749496,-7.45855555555545e-05,0.03030883333333323,-0.026943700000000792,0.00919819254924735,25.0,0.009691018666666693,2.7246457742553747,42.0,0.5311806647376214,0.0023048906315771742,0.010397008888888948,0.002143636279061124,0,-9.625111111111195e-05,0.00539375575229107,0.0003194226190476268
SN 028,F03,82,3.339214579263333,3.344252522785,0.002821982680629272,3.3480879211411105,0.0011692056328268063,-0.0001738266718095357,-0.001878458657777582,3.4466788154270714e-05,0.004091898600000032,-0.006396738686667014,0.0017463301484419663,1.5097724055549803e-05,0.007004292806667145,-0.007182057696666799,0.0026287650642679234,23.0,0.0030792346895651885,2.526628433233131,19.0,0.8091507355262679,0.001767220592731826,0.006228230794222078,0.0009883739011479823,3,-0.007513834631110328,0.0029230140820670158,-0.0006953066872381428
SN 033,N01,414,2.391119866666666,2.3947070833333335,0.0011610832490929932,2.3943701022222226,0.0011930365730670833,5.569142857142653e-05,0.0031220977777777215,1.9020936639120705e-05,0.005291233333334144,-0.0036974666666673706,0.001469246624446317,2.7976666666669942e-05,0.007065066666668063,-0.006513200000000996,0.0022430119614375923,27.0,0.002297222222222148,2.617079980802212,48.0,0.18484192450504117,0.00029090270791953734,0.0010978377777774995,0.00028691743319777505,0,0.0031220977777777215,0.0011930365730670833,5.569142857142653e-05
SN 038,N01,136,2.55328725179,2.55642077128,0.0012317764994464774,2.557343766952667,0.0008915038247676148,-6.0864403095233535e-05,0.0011080763073332278,2.570244234160163e-05,0.00442886352333316,-0.0039217631033339195,0.001409765896095494,1.4930301222223127e-05,0.006987253819999317,-0.007194264730000732,0.0023377225997269907,36.0,0.0017590416803703818,1.9147209437471682,35.0,0.3404499142972371,0.0007082792782471848,0.0024559190539998887,0.0002977280979515866,0,0.0011080763073332278,0.0008915038247676148,-6.0864403095233535e-05
SN 028,F03,45,3.02474110921,3.03831723531,0.013852691056319076,3.0329090372702225,0.004311099853027619,-0.0009289923168571293,-0.008167928060222707,-0.00042126868382920114,0.005200195313333378,-0.006008402506666233,0.0022257021041110375,-5.219777425000312e-05,0.006535847980000398,-0.007684580486666537,0.002284447934022864,7.0,0.009632800873809673,6.830127375491479,5.0,0.9869388370867479,0.010092128329935309,0.04106630113377774,0.001852076487891796,3,-0.03267171224089083,0.010777749632569047,-0.0037159692674285172
SN 016,F02,175,2.80955912272,2.816672134398333,0.0015289457057477871,2.8164927673322224,0.0011916566308686203,3.0306861464270335e-05,0.0003084309911107752,-1.0233477107435733e-05,0.006674702963333168,-0.014499664306666382,0.0019608332118756,1.445346408332678e-05,0.017884826659999575,-0.02117436726999955,0.0032491993501482775,24.0,0.0024289131161111164,2.154054545478067,41.0,0.18225304910254153,0.0005821870183331524,0.001938154432000072,0.0007529254135783158,2,0.0009252929733323256,0.0023833132617372406,9.0920584392811e-05
SN 055,N01,515,3.09832941691,3.168915812171667,0.016725915050937627,3.168396199542667,0.002219536708828767,0.00021284466700003865,-0.0012745666493332308,0.0005685307106060631,0.017263793946667327,-0.014044443766666692,0.0063643798767899435,-6.0424804666666296e-05,0.019803365073333357,-0.023818969723333527,0.008487670135783179,19.0,0.012365214030000021,2.8744746045242313,29.0,0.9254338848415151,0.00590521279024067,0.0405399237735562,0.006040519872729628,0,-0.0012745666493332308,0.002219536708828767,0.00021284466700003865
SN 019,F02,232,3.005970255533333,3.0102381388333335,0.0014106461016205859,3.010121290417333,0.001448305385770662,2.442496164284697e-05,0.00033784654266666436,3.0290587851238153e-05,0.005541737873334007,-0.004322306316666413,0.0018957463374789187,-3.948423597222398e-05,0.008693949380000898,-0.009815979003334085,0.0030418071400385924,29.0,0.0029207339234483477,2.4663415173857586,49.0,0.08266178877826592,0.00039886393410407746,0.0017181396482222056,0.0004386679007358282,2,0.001013539627999993,0.002896610771541324,7.32748849285409e-05
SN 011,N01,227,1.8161972045866668,1.8214275995883331,0.0019714515351383338,1.820612233478222,0.00045582172203776283,4.646709978570116e-05,9.724934844479449e-05,-1.4551546308539199e-05,0.008985900880000175,-0.007514317833333006,0.001821035087954462,1.8427107222237134e-06,0.007356516520000245,-0.011660130816667058,0.0025056486461601285,22.0,0.0024466254492424263,2.314636084907655,27.0,0.5762070178281057,0.000905167517160207,0.002910274929555534,0.0012362878654821555,0,9.724934844479449e-05,0.00045582172203776283,4.646709978570116e-05
SN 013,F02,112,2.46357676188,2.47332712809,0.001489317040567425,2.4725265672453336,0.0013672076295476881,4.381452273795525e-06,-0.0002250840920003938,-2.146318922865367e-05,0.008948771159999591,-0.009635162353332838,0.0019072672972869134,4.27669950000172e-06,0.01858393351333243,-0.0098205566433327,0.0032059141225887727,28.0,0.0022652580623808544,2.0286727530621675,47.0,0.18136870447231973,0.0005282794821905945,0.002179734971555547,0.0007582347623672109,2,-0.0006752522760011814,0.0027344152590953763,1.3144356821386576e-05
SN 002,F01,26,2.1606305440266667,2.2060901641833333,0.023096635777366724,2.2020881144188893,0.01700803713360271,0.0018587312243690493,0.003747100831110739,9.53443122589542e-05,0.03922551473000002,-0.056170654296666456,0.013688405541723264,-4.129833641666562e-05,0.09184672037666664,-0.07487665812333333,0.023195408006741587,18.0,0.02454127558962961,5.0594740701298395,18.0,0.8254879954881036,0.01937381416277584,0.054809112549333516,0.006831532878495721,1,0.007494201662221478,0.025512055700404063,0.0037174624487380987
SN 015,F02,157,2.9464897155733336,2.95017814636,0.0011193718150935951,2.9503186543764444,0.0013094260494516923,2.858298170237575e-05,0.0013109842935556948,1.6007016170800855e-05,0.004744211833333178,-0.005005391440000118,0.0014201089958404923,-2.0874870833316924e-06,0.008714040123332545,-0.008669026693333581,0.0023098259595315963,30.0,0.0018728213842221712,2.3461204448621467,51.0,0.1950824608395099,0.0004956568989795682,0.0018431260851112796,0.0003185973388904853,2,0.003932952880667084,0.0026188520989033847,8.574894510712725e-05
SN 041,N01,215,2.552590179443333,2.5738352457666664,0.004475762086615122,2.5735197109628887,0.0033402211316327954,6.510235014283319e-05,0.0016471184637776304,1.0998518347105722e-05,0.017141723633333772,-0.01504847208666682,0.003990750232260203,1.8151601194445663e-05,0.013508605956666031,-0.018568674723334233,0.005190779112378511,15.0,0.007108883328000074,2.056446057738826,48.0,0.6056052241036385,0.000999430863847503,0.007386186387999594,0.0031489255666522667,0,0.0016471184637776304,0.0033402211316327954,6.510235014283319e-05
SN 003,F01,48,1.2446357727033333,1.2651922225933334,0.010896165200364015,1.2854969109415557,0.009668379129795145,-0.0002429571605714331,0.0022117529984442275,0.0003445018421487596,0.02128143310666686,-0.029260889686666625,0.005793790016562804,6.989690994444465e-05,0.029999923710000598,-0.04537302652666653,0.00844778485438753,14.0,0.012763568333571491,3.4904377351963696,13.0,0.8553839184334568,0.007143417987567718,0.03437071058511121,0.0026256763362407748,1,0.004423505996888455,0.014502568694692717,-0.0004859143211428662
SN 014,F02,139,2.942764282223333,2.9500150044733333,0.002052811203052238,2.9499490865055553,0.0016823059448634935,-2.1735600023804163e-05,-0.0006751505522220036,-1.102373947658446e-05,0.010131327310000326,-0.013717651369999917,0.0027792423126295537,-1.5614827444443424e-05,0.016515604659999905,-0.019709269209999825,0.004337017939580236,28.0,0.003636541820357077,1.974789432646497,49.0,0.0902841147664397,0.0002863942510376275,0.001316884358444792,0.0010793389125930341,2,-0.002025451656666011,0.003364611889726987,-6.52068000714125e-05
SN 006,F01,107,1.4929031372066668,1.5092124303166665,0.005403126047498887,1.5086709086084442,0.001553261077965127,0.0001262047177142757,-0.00016260782844423893,-1.8511265096420692e-05,0.0036465962733334134,-0.004499816896666786,0.0015993001196205029,-1.2972089972218548e-05,0.006509399416666506,-0.0073379516633338415,0.0019974449562644436,14.0,0.004091916765476251,4.251102002529602,14.0,0.9565243685631465,0.004596539347051258,0.016724404229111034,0.0014035429399089903,1,-0.00032521565688847787,0.0023298916169476906,0.0002524094354285514
SN 041,N01,201,2.5684425354,2.5751042683916667,0.002256383994224915,2.5748087226002223,0.0007391461241569387,-3.499893913093212e-05,0.0006195407431111022,-1.2778710468298768e-06,0.008565521239999985,-0.00803197224666663,0.002384041202964394,5.527072472222283e-06,0.014468892413333378,-0.012043762206666475,0.0035771896074937868,23.0,0.003679314212318857,2.78590573663697,40.0,0.4462869404108002,0.0007514757793213385,0.0034206305597779263,0.0010734129369516345,0,0.0006195407431111022,0.0007391461241569387,-3.499893913093212e-05
SN 003,F01,56,1.25562502543,1.2928269068383336,0.011637184859922317,1.287274102103111,0.0061588216742914535,0.0009611729212261863,0.0018985154902220192,2.63560901928354e-05,0.035985310873333454,-0.02714780171666642,0.007039626192883196,-5.1746368388892276e-05,0.048492685956667,-0.030378468829999727,0.00949248320836114,13.0,0.01643451788461544,3.9872858146078256,18.0,0.8183242044784482,0.008890894782690834,0.03280036078555559,0.0035266021413331585,1,0.0037970309804440383,0.00923823251143718,0.0019223458424523726
SN 026,F03,93,2.8591707865366667,2.86357714335,0.0025462695091140832,2.8650265502913332,0.0006653754961595841,-6.79324921785732e-05,-0.0005365498846665595,2.6381311349860516e-05,0.002941640216666652,-0.003365325926666607,0.001165493110467754,1.3578203000001269e-05,0.005699666339999521,-0.003972625730000345,0.0018548721425287948,27.0,0.0018141287341975395,2.253680346823644,9.0,0.8956716591856149,0.0022000338365481156,0.006079762776444397,0.0005982376095650232,3,-0.002146199538666238,0.0016634387403989602,-0.0002717299687142928
SN 011,F03,87,1.76354179382,1.7702166875183334,0.002894036204913738,1.7695854356533334,0.002225988359900941,0.00040201232545238405,-0.00046324836000000147,2.311937713498697e-06,0.004465866086666548,-0.005784479776666629,0.001404436740880503,-3.484514022222089e-05,0.010250345863333177,-0.00536079406666623,0.0019549221203093766,18.0,0.002929228322962928,4.037955564481216,18.0,0.8829351659502436,0.0022845357182177564,0.008098780313777754,0.0008030131418614922,3,-0.0018529934400000059,0.005564970899752352,0.0016080493018095362
SN 006,F01,121,1.5068650563533337,1.5241853078183334,0.00662724967430416,1.5256604766828887,0.001822309521768134,0.00027003696995237127,0.0030393981937777426,0.00015362405909091035,0.00724067687666663,-0.009941228229999988,0.0027568196073216584,-1.0369618750005749e-05,0.012142435703333287,-0.010233434043333878,0.0034154444541153557,16.0,0.006481186549166712,3.841103494227027,17.0,0.9125424835263044,0.004750994223268788,0.018643909029999906,0.0022450991752752227,1,0.006078796387555485,0.002733464282652201,0.0005400739399047425
SN 028,N01,390,3.3486328,3.3544076166666663,0.0018485513673934459,3.3558065622222224,0.001398975516132334,1.0344999999979873e-05,-0.0002495955555557039,1.86005509641888e-05,0.006586700000000167,-0.007801300000000122,0.002031640666354397,5.433611111108997e-06,0.009759500000000365,-0.012998200000000182,0.003252090193743818,30.0,0.0027431544444444624,2.142103910660152,39.0,0.3991556201645549,0.0007238771018949066,0.002872131111111287,0.0004813712584715625,0,-0.0002495955555557039,0.001398975516132334,1.0344999999979873e-05
SN 059,F03,149,2.481282806393333,2.5445935567199998,0.0291963933871592,2.547139570446667,0.005445850673844472,0.0010095941452381004,0.007443152533333386,-0.00018417106187327482,0.01660690307333379,-0.020423380533332924,0.006388064802026137,-9.15951199999728e-06,0.014155578613333386,-0.031508636470000795,0.0072045256444050335,10.0,0.015094706217000153,2.7798575839133886,4.0,0.9761517186993417,0.02722806856857664,0.07286514282266676,0.0077271769017589744,3,0.029772610133333544,0.01361462668461118,0.004038376580952401
SN 046,N01,307,2.91082229614,2.917705917356667,0.00199143452478365,2.9169133334675554,0.002136245697947298,-1.096271336904169e-05,-0.0011024305542224333,-2.1299251818182345e-05,0.007286834716666579,-0.010712941490000016,0.002503238670871088,-3.792232938889528e-05,0.013314565026666614,-0.012272135416666163,0.003983162659350506,33.0,0.0032462071889899054,1.9096656947809798,57.0,0.21303315937768427,0.0007178637110655048,0.0031416659886667198,0.000607055118936835,0,-0.0011024305542224333,0.002136245697947298,-1.096271336904169e-05
SN 004,F01,73,1.07713165283,1.09400431315,0.008319332333838168,1.0945518493633335,0.001565447095576433,0.00031467074441666977,0.003184127806666437,0.00015076356157024811,0.0026649475099997932,-0.0028087615966665425,0.0011285655098456507,3.825293638885323e-06,0.004362360636666507,-0.00411033630333324,0.0017415076017021755,9.0,0.0033193941470369324,5.0779059438149465,3.0,0.9907941717053389,0.008011190683321623,0.021878289117333027,0.0010017501389458896,1,0.006368255613332874,0.0023481706433646494,0.0006293414888333395
SN 045,N02,66,12.937511166666669,12.937511166666669,1.7836820533205e-15,12.937511166666669,0.0,0.0,0.0,0.0,0.0,0.0,0.0,0.0,0.0,0.0,0.0,0.0,,,0.0,,3.569276536320507e-15,0.0,0.0,0,0.0,0.0,0.0
SN 049,N01,419,0.0030486333333333,0.0037124833333333,0.6211151261193854,0.0034693311111110734,4.738212108401524e-05,-4.291190476192152e-06,-9.886444444447357e-05,-0.014318201928374656,0.038164766666666905,-0.39590250000000016,0.06679113029937965,-0.00012105444444444428,0.21872823333333338,-0.14935406666666706,0.031656365883536354,0.0,,,1.0,0.9943831493442147,0.47963229776415284,1.753939308888889,0.21674912687888115,0,-9.886444444447357e-05,4.738212108401524e-05,-4.291190476192152e-06
SN 064,N01,576,3.933114878333333,3.946340942381666,0.004915750158862365,3.9461851331904443,0.004283828577783248,-0.00010392961044047536,0.00580130682955593,-1.1189778650135249e-05,0.01574122110999987,-0.015592702230000643,0.00604461520138688,4.3735504138890194e-05,0.028812662763333385,-0.023236846923333943,0.009345944061718807,30.0,0.0090265994602223,2.020189524698811,54.0,0.23993717329393927,0.0010210317681976265,0.005412326388888999,0.0014812734553310426,0,0.00580130682955593,0.004283828577783248,-0.00010392961044047536
SN 020,F02,249,2.83125,2.8352390289300002,0.0012523254109740624,2.834976416692,0.0002827445801118613,-2.6128859797612337e-05,-0.00035651312866713525,-1.0756815757577845e-05,0.005189259846666516,-0.004248046876666578,0.0010492741504468679,-5.062950972227013e-06,0.005201721189999731,-0.00804316202999944,0.0015871756149230386,21.0,0.0016101171096825602,2.797236129503421,39.0,0.651098888810252,0.0004453816809999665,0.002033064100222859,0.0007977402260442927,2,-0.0010695393860014057,0.0005654891602237226,-7.838657939283702e-05
SN 049,N01,397,1.7647300666666663,1.7664750833333334,0.0005570462585743651,1.7666811022222222,0.0002841059886233483,1.0718690476195305e-05,0.00045703111111117245,5.652892561980867e-07,0.0011518999999999835,-0.0012250333333334584,0.00045467369403165,1.3058888888889397e-05,0.0015576666666663463,-0.002031966666666607,0.0007006247678711476,29.0,0.0006353057471264314,1.7958028783206637,30.0,0.6652393856224652,0.0003757083184892194,0.001390535555555461,7.295713836108108e-05,0,0.00045703111111117245,0.0002841059886233483,1.0718690476195305e-05
SN 040,N01,187,3.0124486287433334,3.0880790710433335,0.016332814894904835,3.087589450410667,0.0013918757914949378,-7.037934797619843e-05,-0.0005762057840001944,-3.883635046831584e-05,0.07059936523666677,-0.08874282836666669,0.01608052485685001,2.2479163277777657e-05,0.08705495198333324,-0.11106923420999992,0.020475537257366522,13.0,0.029986376640512794,3.8677523493514823,37.0,0.5192125621617655,0.0023621592850789365,0.013280266656222839,0.012079780038973316,0,-0.0005762057840001944,0.0013918757914949378,-7.037934797619843e-05
SN 055,N01,519,3.0954928080233333,3.1672888437899998,0.01532958268975623,3.165378977455555,0.004799982595031363,-6.310235877382553e-05,0.0011295064311114267,1.799318088154196e-05,0.0866691589366666,-0.06859283447333286,0.01919667824612027,1.4593336333331337e-05,0.12349624633666645,-0.15526199340999947,0.02680610224409891,15.0,0.031522861056666684,3.3069895990006852,50.0,0.2223180623012189,0.0016983231697314406,0.01345287746866708,0.012527134414460777,0,0.0011295064311114267,0.004799982595031363,-6.310235877382553e-05
SN 049,N01,423,1.6249401,1.6366566166666665,0.01061289036982777,1.658612748888889,0.003068870371358424,1.1782261904761233e-05,-0.006516215555555593,3.348209366391245e-05,0.007639566666666653,-0.008102800000000077,0.002377123368084486,-7.371499999999827e-05,0.003392133333333547,-0.006949366666666679,0.001703443511299305,11.0,0.007173075757575723,5.061781691175219,8.0,0.9749198930468674,0.008043247961380727,0.031225631111110985,0.002866090994615228,0,-0.006516215555555593,0.003068870371358424,1.1782261904761233e-05
SN 020,F02,259,2.87904841105,2.8820311228416666,0.001155524478455516,2.8819244893373335,0.0010542381543706366,-1.9468580011880054e-05,9.811401266679454e-05,8.827398622591824e-06,0.004424031576666376,-0.004298909503333448,0.0018036656771171214,-2.8277503138884885e-05,0.00797170003000014,-0.006965382896666039,0.003042213322189274,36.0,0.0022464257698147825,2.0848200202161715,67.0,-0.21216301940431453,0.00013662080580555008,0.0006462605795558574,0.00012059794625236139,2,0.0002943420380003836,0.002108476308741273,-5.840574003564016e-05
SN 040,N01,192,3.079709116616667,3.088039525348333,0.0014635638812402082,3.087747616236222,0.0014421417292778604,4.574911880967607e-06,0.00011274549711171034,-2.019792876032626e-05,0.007052103676666199,-0.013329569496666416,0.002283218133153776,1.4146169027777026e-05,0.020381673173332615,-0.015711466466666213,0.00394171303886306,36.0,0.002467911331574103,1.620885395195194,73.0,-0.22024374516197717,0.0002365729198758236,0.0009884304468887883,0.0007004062366171448,0,0.00011274549711171034,0.0014421417292778604,4.574911880967607e-06
SN 015,F02,146,2.94171473185,2.950914764403333,0.0025738640025736404,2.9509929911279995,0.0035838856939031894,-2.6166098488113383e-05,0.0030327860520005245,2.7825221542700308e-05,0.012703704833333607,-0.011879730226666663,0.003561004914378796,2.614974977778184e-05,0.02222137451333328,-0.02336374918333428,0.0056301163130173205,30.0,0.004673207601000007,1.9495501238131547,57.0,0.04468141511260262,0.0007765370518726032,0.0031611124680002156,0.0011677584448755679,2,0.009098358156001574,0.007167771387806379,-7.849829546434015e-05
SN 049,N01,432,1.7585099333333334,1.76121265,0.0010314781574865676,1.7622429311111112,0.0003666296159703274,-3.1676190476210523e-06,-0.0003843311111111358,1.161432506887174e-05,0.0024936666666663942,-0.0020769666666664577,0.000824660268903437,1.3279444444443585e-05,0.0039799999999994284,-0.0038974666666664604,0.001304141100592842,32.0,0.0010984499999999939,1.8296813442460167,17.0,0.6818150975790581,0.0007802975483725819,0.002399428888888888,0.00020110521001395697,0,-0.0003843311111111358,0.0003666296159703274,-3.1676190476210523e-06
SN 014,F02,137,3.2259503682433333,3.2348204294816667,0.0029376269451613156,3.2350896877697775,0.005007364961408684,0.00016283580234523553,-0.0029450141064444324,-2.2394269614329905e-05,0.013094584146667199,-0.01750666300666648,0.0039010473645647308,-4.3888092055555104e-05,0.02208379109999914,-0.02842814128000004,0.006117506675349103,24.0,0.00609259075611109,2.5268616356773514,49.0,0.12314004979063524,0.0007267597261829551,0.0027836439348889463,0.001365169386560277,2,-0.008835042319333297,0.010014729922817368,0.0004885074070357066
SN 049,N01,401,1.7900505,1.7919105333333332,0.0008078617974417304,1.7926518488888887,0.0003533562406867625,-5.179523809531064e-06,-0.0004576155555553463,1.0060055096419603e-05,0.0014302666666667907,-0.0013400999999999552,0.0005145790507175835,-9.704166666664923e-06,0.0017178666666668452,-0.002196633333333642,0.0008260508918467975,35.0,0.0006435761904761821,1.7180232841730578,5.0,0.7977929305119321,0.0006929872271028832,0.0018154311111111543,0.0001334501424512446,0,-0.0004576155555553463,0.0003533562406867625,-5.179523809531064e-06
SN 045,F06,3,2.1693929,2.8064155333333334,0.4017700668874255,,,,,0.244288375,0.45048013333333303,0.031136300000000006,0.17839126062386598,-0.13978127777777768,0.12245206666666641,-0.2778582666666667,0.22720737490668988,0.0,,,1.0,0.9425091953184613,,,,3,,,
SN 027,F03,42,2.50287017822,2.5107337951649997,0.00689805211755136,2.5059698316771115,0.0006768548467917356,-1.2029920369041997e-05,-0.0006076388904445729,-4.69617607162495e-05,0.003012847900000004,-0.004168955486666626,0.0011357434027239844,-1.7123752499959011e-06,0.0032722473133333096,-0.00348587036000092,0.0012278915937607537,6.0,0.0064435323077776845,6.727653581969527,6.0,0.9865062078050442,0.006486438003881878,0.020325859917777578,0.0014806883078306522,3,-0.0024305555617782915,0.0016921371169793392,-4.811968147616799e-05
SN 035,N01,87,2.758862050373333,2.77090174357,0.002553585719503299,2.770920783147333,0.002752718210149429,-0.00031508945285715033,0.0003001234260002761,1.1982142754822569e-05,0.008705902099999996,-0.009843953449999887,0.003029880746956056,3.621207341666377e-05,0.01838480631333317,-0.00956090291666678,0.004410802945566692,27.0,0.004548654438642065,2.3480956368178587,53.0,0.3014283519150447,0.000575951729683505,0.002932552762000107,0.0012697555499126898,0,0.0003001234260002761,0.002752718210149429,-0.00031508945285715033
SN 033,N01,336,2.388905333333333,2.3948075500000003,0.0016234621017945055,2.3943441266666667,0.0008597611370210288,-1.9747619047898773e-06,-0.00020022666666674738,-3.1934159779612165e-05,0.0037828999999995894,-0.00861080000000003,0.0016514325055083043,-1.784249999999821e-05,0.008708466666666581,-0.00843533333333335,0.0026743951224422204,28.0,0.002137188095238155,2.237819815407125,59.0,0.47796518503343993,0.00030508808304985233,0.0018174066666665212,0.0007290393686751499,0,-0.00020022666666674738,0.0008597611370210288,-1.9747619047898773e-06
SN 038,N01,145,2.549391937253333,2.556798680621667,0.002383890045131886,2.55697230021,0.0035204768470394774,-0.0001731191362142995,0.0005922444666666138,4.13836853994392e-06,0.0068542480466669,-0.008308919270000104,0.002664230105084689,1.985126074999973e-05,0.011760965980000204,-0.013354492186666622,0.0038702806582722976,28.0,0.00404747554226194,2.55251795111644,46.0,0.3802448615956469,0.0004994590150871307,0.0021704440642222877,0.0007655533220820725,0,0.0005922444666666138,0.0035204768470394774,-0.0001731191362142995
SN 003,F01,61,1.2745382944733334,1.2946177164683335,0.007409861234191214,1.3002128855368889,0.0013264096860996651,6.150291073809821e-05,2.4770099777970955e-05,7.077682093667093e-06,0.005965296426666544,-0.008353551230000145,0.0023625429808926675,1.1245939472222706e-05,0.006745910643332964,-0.00423100789666675,0.0016843077889662204,7.0,0.010951469058571315,6.667847357490681,10.0,0.9492857958940154,0.004808689366612821,0.014984724256444482,0.0029642209854641418,1,4.954019955594191e-05,0.0019896145291494974,0.00012300582147619643
SN 045,N02,61,2.477803033333333,2.6911512833333333,0.0723733987983711,2.609907993333333,0.010951854041752801,0.0008563963095238055,0.02241927333333349,0.0012770597796143259,0.0643193666666666,-0.06663310000000067,0.021536709096642997,-0.0003089583333333349,0.08256913333333449,-0.06280903333333399,0.018299007413809867,7.0,0.11761169047619051,8.294377534450401,10.0,0.9549833689984143,0.04740079128485908,0.20415312444444478,0.016383334759163537,0,0.02241927333333349,0.010951854041752801,0.0008563963095238055
SN 005,F01,93,1.02989425659,1.0455619812,0.007492656551143537,1.0435172144553333,0.007228937833935056,1.0717028595246575e-05,0.0001658376046667076,-0.00015226999920110122,0.014595731099999787,-0.025209363299999676,0.005124107469179685,7.083733874999794e-05,0.03745689392000018,-0.03980509439999946,0.00813005831197633,18.0,0.008614967486851878,2.786212041754623,11.0,0.7641352430915377,0.006104218930392739,0.018236312866000137,0.0014610812235064672,1,0.0003316752093334152,0.010843406750902583,2.143405719049315e-05
SN 045,N02,13,3.2801068333333334,3.3298464166666664,0.009714729927485236,3.3290663488888885,0.0020394066294225,-3.633952380952226e-05,0.0020844511111115516,-1.3190633608810895e-05,0.027179200000000403,-0.028147399999999934,0.008182148450002275,-0.00018202250000000088,0.04348959999999957,-0.036581666666666734,0.011040449003954062,17.0,0.015656384313725544,2.6465493372373894,40.0,0.647963656578865,0.002718167614155359,0.013662768888888177,0.004850627221562261,0,0.0020844511111115516,0.0020394066294225,-3.633952380952226e-05
SN 019,F02,226,3.0065729777000003,3.009832382201666,0.0014050824784051274,3.0093350728333332,0.001164480745689538,0.00012420835946429348,0.00032958984333353314,2.1984426170794393e-06,0.0035214742033335966,-0.003808848063333592,0.001708200065103548,-1.7778608527774244e-05,0.0061663309733335225,-0.0064984639500003105,0.002763731843733708,32.0,0.0025644063953124546,1.8329157402190872,52.0,0.26693767114410166,0.0006632323303633944,0.0022534010142218897,0.00016260543191331134,2,0.0009887695300005994,0.002328961491379076,0.0003726250783928804
SN 016,F02,172,2.81264292399,2.8173414866116664,0.0018108050071177406,2.817481858993111,0.0007567431215762862,7.077262527381674e-05,0.00019265069022234016,-9.23724212120908e-06,0.004498291016666656,-0.0061678568500003195,0.001966625992543158,-7.353888888876152e-07,0.008276112876667074,-0.0077969868966665246,0.0030117806400428064,29.0,0.0028985472931034556,2.0187470852270204,46.0,0.41367630266841354,0.0007212154780309979,0.003613484699777736,0.0005806594873983906,2,0.0005779520706670205,0.0015134862431525724,0.0002123178758214502
SN 046,N01,344,2.910806,2.918206,0.0019420324792846842,2.9177825444444445,0.0016915856260035216,5.856428571420531e-06,-0.0031997444444447076,3.1213223140494235e-05,0.012846366666666498,-0.007754766666666413,0.0025451126950180643,-0.00012679416666666238,0.010099566666666782,-0.01446556666666643,0.003726862886646944,33.0,0.00332189696969699,1.9793674834755526,52.0,0.07777089929155244,0.0005444329847573775,0.001928473333332903,0.00048289906273505187,0,-0.0031997444444447076,0.0016915856260035216,5.856428571420531e-06
SN 013,F02,101,2.471015421546667,2.47361234029,0.000936981064397807,2.4733120388435554,0.0009898628428955977,-0.0001008051917142689,0.000399356419777952,-1.2314221074379602e-05,0.0035059611000005653,-0.002983347573333628,0.0013213972209213294,2.317640516666571e-05,0.006195831300000787,-0.005245208739999896,0.0022540564903131806,34.0,0.0017525467222549212,2.0764102824038564,60.0,0.0014257615161171377,0.00023917688948515815,0.0011553785535549643,0.00019937882055609847,2,0.001198069259333856,0.0019797256857911954,-0.0003024155751428067
SN 027,F03,69,2.6975514729800003,2.700167846678333,0.0020162209776822004,2.6993777804893333,0.0005654455691855719,-8.809770863094884e-05,-0.0014089796293332846,-3.572153980716411e-05,0.0017840067533332338,-0.0021794637033334396,0.0006310493831038423,-1.4197031666666564e-05,0.0025240580200005525,-0.0031120300266667122,0.0009254049116959718,15.0,0.0014724731446669045,2.937065222368878,5.0,0.9509220092285847,0.0016720178531107479,0.005420888264889623,0.0005012756652046363,3,-0.005635918517333138,0.0014136139229639297,-0.00035239083452379534
SN 019,F02,231,3.00597483317,3.00989735921,0.0012015510271230503,3.010274115666889,0.001561516562588872,-0.00010611216230951926,-0.0014008755168890552,9.644983884295085e-06,0.007583872476666809,-0.003880055746666944,0.001599026319090171,1.7653570833349915e-06,0.010157521563333383,-0.008952077230000022,0.0026096247070465975,33.0,0.0021217654450504334,2.115522531472527,56.0,0.10712976284553412,0.0002504234524195056,0.0012113104926667617,0.0003682434895576538,2,-0.004202626550667166,0.003123033125177744,-0.0003183364869285578
SN 016,F02,180,2.8090906778966667,2.8147754669166667,0.002042795498063229,2.8143415154333336,0.0009272028290162282,3.5985311428756076e-06,-0.0008374871133334238,-3.0610055619833595e-05,0.004229227703334004,-0.0056098937999995435,0.0017602556430845596,-1.4489491777776772e-05,0.005914306636666478,-0.00974655151333259,0.0028447567555051146,37.0,0.002100179861351353,1.6790423296250518,35.0,0.6289992108348328,0.0014017682962058882,0.00554382324244429,0.0004641453284520496,2,-0.0025124613400002715,0.0018544056580324564,1.0795593428626823e-05
SN 026,F03,34,2.8957280476866667,2.907463200885,0.0061725526005633555,2.9119116550006665,0.0017121756278225065,-0.0002552168708809572,-0.0005291069873334386,0.00010847611862258526,0.00358022054333329,-0.00316721598333336,0.001343223431112121,1.8060472277777368e-05,0.006233978273332941,-0.004020945236666407,0.002064393037227704,16.0,0.002910407384791619,2.8752109107920862,1.0,0.9762848658983465,0.005711606609427189,0.018457268608666588,0.0005844516544629767,3,-0.0021164279493337546,0.004280439069556266,-0.0010208674835238288
SN 028,F03,51,1.4360538482633334,1.5165489196766666,0.046136529430437084,1.5427744293195558,0.002045253344222388,0.0003248237427380935,0.0003789520271111346,-0.0005754307938567464,0.01185493469000054,-0.018287150063333257,0.005060384798214232,-1.1451509250000787e-05,0.015240224203333819,-0.010717137650000819,0.004242537085335087,2.0,0.012099965413333358,3.5796826838700895,6.0,0.9940585052322712,0.038537296981960775,0.1552377404102223,0.01008285406380466,3,0.0015158081084445385,0.005113133360555969,0.001299294970952374
SN 054,N01,493,2.7325978597,2.74211578369,0.001903750799753025,2.7421892801908894,0.0018049622163958008,-6.558100373811009e-05,-0.001998647054223035,-4.293688730027855e-05,0.005787404380000805,-0.012092336016666927,0.002345159588125372,-9.356604666669692e-06,0.017302703853333323,-0.011396535233333616,0.003647564994937865,28.0,0.003039605276904706,1.9071433233620536,53.0,0.23452750148258522,0.0004953986323550196,0.002519327799333393,0.0007960446477624606,0,-0.001998647054223035,0.0018049622163958008,-6.558100373811009e-05
SN 031,F04,16,2.82522125244,2.832055409748333,0.005434671189558024,2.8285229153088887,0.0027115475292472696,0.0005744979494761842,0.004090457491111366,-8.049957024793445e-05,0.0056732177733334055,-0.002583058673333305,0.001194304194426481,4.109276666663941e-06,0.004983774823332787,-0.0073443094866672,0.0016617727341884851,7.0,0.004223160516190459,5.402943405429433,3.0,0.9758477041077717,0.004647772029114868,0.015142788357111137,0.0012561095316986908,2,0.012271372473334097,0.005423095058494539,0.0017234938484285527
SN 025,F03,57,2.90767873128,2.9172868092849997,0.004997885737905616,2.924775916204,0.0011630673718591115,-0.00017866316299997495,-0.0006525336373330859,9.957305655647915e-05,0.0025937398266662193,-0.0030560811366671103,0.0011499069112063573,-6.529490138888298e-06,0.004130808509999806,-0.004189046226665827,0.0018227248745150135,19.0,0.002043366013508688,2.3512089732580232,7.0,0.9734281267784515,0.004435093075685791,0.015750122070889105,0.0005436132236194901,3,-0.0026101345493323436,0.0029076684296477787,-0.0007146526519998998
SN 054,N01,495,2.7355244954400004,2.7396814982083333,0.0013213521625046773,2.7394024319104444,0.0013844104426860163,-0.00010371344429765314,-0.00011740790377823274,-7.942556997251346e-06,0.003628540036666905,-0.004556783039999512,0.0016298524725624425,1.313315497221875e-05,0.007507578533332282,-0.006134033200000388,0.002639400931567846,30.0,0.0023636711963332946,2.400061456255652,47.0,0.2445453125891127,0.0004860401612366084,0.0020944383413339374,0.00027020131561136075,0,-0.00011740790377823274,0.0013844104426860163,-0.00010371344429765314
SN 011,F02,59,1.9787841796866668,1.986568895975,0.002643964000121432,1.98628747728,0.0003663455043775413,-8.128484083321943e-06,0.00023354424333299484,-1.0986958650139317e-05,0.009942754109999674,-0.012218221026666365,0.002510152530471812,-1.3821919777777063e-05,0.010796101886666243,-0.017051951093332907,0.0033385403629227193,19.0,0.0037434092738595683,2.8329821392327825,27.0,0.5528180070838663,0.0008782111749349239,0.002968097263333025,0.001797678434404919,2,0.0007006327299989845,0.0007326910087550826,-2.4385452249965827e-05
SN 045,F06,5,0.5362712666666667,0.6403943166666667,0.023477326291346273,0.64053102,0.01941770156670482,3.944916666666869e-05,0.005391513333333431,5.545151515151578e-05,0.1596230333333334,-0.09214023333333332,0.02719743172303291,0.00012497472222222267,0.24105353333333335,-0.1279625666666665,0.03897201951738474,17.0,0.047883299999999976,2.4739577105437447,41.0,0.33441266320092916,0.003650257417906079,0.018512871111111107,0.013177977999424328,3,0.021566053333333723,0.04854425391676205,0.00015779666666667475
SN 024,F03,21,2.358323160806667,2.40432840983,0.01347632751926397,2.418570743134889,0.008964422909597126,0.0014144942874524135,0.0007829962851113592,0.00013691295278237372,0.01447652180999981,-0.020868682859999765,0.004535933485127303,-0.00017014397513888854,0.014117685953333403,-0.027007039386666598,0.00546954728799066,10.0,0.009719034830666561,4.197081041303187,10.0,0.943438202841172,0.010285505186417248,0.046563669840222754,0.005544863079526153,3,0.003131985140445437,0.022411057273992816,0.005657977149809654
SN 006,F01,111,1.49303919474,1.5044273376433333,0.004706467245559528,1.5016106245235554,0.0012152476757662227,-6.470725653571445e-05,-0.0012364027235554076,-6.714707892561966e-05,0.007882181803333443,-0.008304214476666738,0.0026077492911715542,-2.533912658333285e-05,0.00907249450666714,-0.011632283530000453,0.0028108752750070735,12.0,0.00808748669111122,3.886132196016163,27.0,0.846811530162675,0.0022008562723375793,0.008534206813999967,0.0018283704828174565,1,-0.002472805447110815,0.0018228715136493342,-0.0001294145130714289
SN 017,F02,191,3.306914520263333,3.3206053415916665,0.0030384286170544983,3.3197099643264445,0.0008672283508852027,1.366388230953998e-05,-0.0006034172897777523,-0.0001595131950137742,0.010163879393333186,-0.023809051513333568,0.003608650986754718,0.00014588461980555856,0.033972930906666754,-0.03383992513000056,0.005944062631046083,21.0,0.004137953500952431,3.2363520072328202,39.0,0.1846470232174366,0.000835881577077061,0.0041555955675556255,0.0011659571289812083,2,-0.001810251869333257,0.0017344567017704053,4.099164692861994e-05
SN 011,N01,30,1.85665461222,1.8625495910633332,0.0016262005245947318,1.8620036994068887,0.0011488003111237233,1.6567139309516175e-05,-0.0030565812835559036,-3.22956684022086e-05,0.00841700235999987,-0.010860951743333125,0.0025919027817672673,-4.156960380555611e-05,0.019022878013333022,-0.019277954103332995,0.004514213769889642,32.0,0.002884944279895822,2.8050873546846655,49.0,-0.28461886958364485,0.00033453931042414886,0.0012820010708887164,0.0009175111350861226,0,-0.0030565812835559036,0.0011488003111237233,1.6567139309516175e-05
SN 036,N01,111,2.8111727396633333,2.819582875568333,0.0024689993223662716,2.8193520270437773,0.004608083481152978,0.00010079974220240016,0.0015626864962228204,1.2917426666668739e-05,0.010100555420000212,-0.01666107177666687,0.003074431556781865,5.995220608333203e-05,0.019703420003333694,-0.016486358639999477,0.0046594945827980565,26.0,0.003957904913461656,2.573523726702715,49.0,0.23015565629776333,0.0004293621468140159,0.0022207811144436818,0.0009835159450489017,0,0.0015626864962228204,0.004608083481152978,0.00010079974220240016
SN 045,F06,4,0.6058572000000001,0.6435429,0.011387194059609923,0.6367976577777779,0.021272751539676355,-0.003938361666666663,-0.030940457777777763,-0.00030926222222222113,0.04811910000000008,-0.030904299999999885,0.011051871540556485,-3.161176470588267e-05,0.05262476666666671,-0.0754204666666668,0.016280309999474073,22.0,0.018294971212121213,2.5387901665879173,28.0,0.5116542703753919,0.0026795507651845747,0.011831742222222164,0.005332672813403743,3,-0.12376183111111105,0.053181878849190886,-0.015753446666666653
SN 031,F04,14,2.88500467936,2.8926587422683334,0.04007167048424305,2.8939616733115554,0.003833723057858382,-0.0004851005191428464,-0.0073802524148884885,-3.3483163719005656e-05,0.013886006673333284,-0.02411499023666641,0.0055142460560458585,1.1916690416668985e-05,0.019579315183333446,-0.01972173055000015,0.00489007869806535,4.0,0.045919926960833246,9.47138169832251,2.0,0.9905797943945768,0.03844300281040937,0.11355553521088835,0.011765468754351244,2,-0.022140757244665465,0.007667446115716764,-0.0014553015574285393
SN 057,N01,562,2.8085990905733333,2.8234695434550003,0.0037214456613867838,2.8230048285575555,0.002525054606629949,0.00021500087923809037,0.0026538425024442702,1.1820307134982588e-05,0.013215382893334127,-0.019311777753332926,0.004760928917599488,-1.5792846694443843e-05,0.028528086346666814,-0.019358317056666685,0.0070736749938200985,25.0,0.0066817830407999955,2.559163865996749,48.0,0.1869444360773594,0.0006938589020285882,0.004026947021999572,0.00184582769212951,0,0.0026538425024442702,0.002525054606629949,0.00021500087923809037
SN 041,N01,208,2.54141845703,2.573999150593333,0.007175309559270865,2.572944759791333,0.004216787397522645,0.0002245467050238013,0.0035701836486672356,1.388633876033352e-05,0.04242680867333348,-0.03160578409666703,0.00822229511819644,-3.087785508332959e-05,0.04907531738000026,-0.05844624837333301,0.011132538657420112,13.0,0.015487612211281955,2.710446960842544,50.0,0.3485930460590051,0.0011033717891853615,0.007633802626000108,0.005139898745741482,0,0.0035701836486672356,0.004216787397522645,0.0002245467050238013
SN 012,F02,82,1.6183701833066666,1.6208156585683335,0.0008042046624728707,1.620342839556889,0.0007889048921137134,-5.090123129760965e-05,-0.0003233083068889808,-8.11279966942202e-06,0.0024005889900002852,-0.0029865264900001964,0.001184639594140505,-3.053877083332897e-06,0.005025482180000207,-0.005081303916666613,0.0020229620590248125,34.0,0.001468396654215707,2.4668726957838936,57.0,-0.08031556319546039,0.00019066994829404022,0.0008776262077774266,9.738911378077672e-05,2,-0.0009699249206669425,0.0015778097842274268,-0.00015270369389282896
SN 032,F04,28,2.4123189290333333,2.4186999003066663,0.0029718937223689665,2.4218556043822224,0.000685110818972966,-2.6520320428602414e-05,0.0004446072044443916,2.5666712396696218e-05,0.0036003112766667122,-0.0033406575533332372,0.001123850435358488,1.3771057138889375e-05,0.0040855407733335625,-0.00357691446999997,0.0014668041647268651,13.0,0.0030044751287178293,3.8640976988676745,16.0,0.9286737245369112,0.002220517402744791,0.008154262966443948,0.0006775263106622553,2,0.0013338216133331748,0.001370221637945932,-7.956096128580724e-05
SN 043,N01,234,1.6554543666666668,1.6618096666666666,0.001910855556710331,1.6615751222222221,0.0013065881189135526,-3.382369047618287e-05,0.0016046444444444141,7.5349999999974045e-06,0.008333199999999819,-0.0084614999999999,0.0029465147571013503,3.156162464986053e-05,0.014526599999999723,-0.014463933333333623,0.005134843693947644,38.0,0.0035522350877192966,1.5578949194405818,76.0,-0.18164062548790855,0.00035464968232841736,0.0012794222222221041,0.0003857459715884705,0,0.0016046444444444141,0.0013065881189135526,-3.382369047618287e-05
SN 015,F02,160,2.8167485555,2.8206116994199997,0.0012304019567040748,2.8204952494288884,0.0009131896524989098,-1.5174320773818956e-05,-0.0003180440255552419,2.6610403360878587e-05,0.0032679239899997548,-0.0040100097666662116,0.0013646784685189767,-2.575132580555269e-05,0.005979410809999752,-0.005214182536666279,0.0021106768661350523,34.0,0.001821757298039174,2.141382879659145,56.0,0.3660341877781793,0.0003125987787398077,0.0015530734595556872,0.0003977743532035827,2,-0.0009541320766657257,0.0018263793049978197,-4.552296232145687e-05
SN 054,F06,7,0.0080065894099999,0.3665855725583333,0.676933154969381,0.009983946501555515,6.036210139497085e-05,3.807336285714675e-06,0.00012774624177778506,-0.022696562220578507,0.19476699829,-0.6364593505833334,0.09444952527800655,0.0001626050008333287,0.29324798584333334,-0.34076894124000034,0.059464242070277486,2.0,0.3758786042533334,6.858331274840842,3.0,0.9908662812265029,0.4086768318060244,1.9706491666904444,0.20902347330507348,3,0.0005109849671111402,0.00015090525348742713,1.52293451428587e-05
SN 058,F03,122,3.253333333333333,3.267333333333333,0.010151068418520467,3.2747555555555556,0.0023417083258940414,0.0004392857142857166,0.00357777777777768,-8.81542699724531e-05,0.021999999999999797,-0.013333333333333641,0.004240625520560795,-0.0001583333333333344,0.02733333333333343,-0.027333333333332988,0.0060225164963364376,16.0,0.007229166666666564,2.503339607508296,10.0,0.911979784925559,0.004935182378610274,0.02588888888888885,0.004345232505025407,3,0.01431111111111072,0.005854270814735104,0.0017571428571428664
SN 038,N01,152,2.5488260904933333,2.555080540973333,0.0018604880920513904,2.5547048780635553,0.0040313196802129235,-0.00018254507155951764,-0.005878787570221977,-5.17411665564711e-05,0.006701151529999727,-0.007951863606666887,0.0019939992255788015,-2.9835171138895927e-05,0.009520721436666157,-0.014608256023333599,0.0031594558987684093,29.0,0.002790595744827517,2.0098767558174693,45.0,0.40295355322586596,0.0006325746416117133,0.002658064100444335,0.0006579678666227667,0,-0.005878787570221977,0.0040313196802129235,-0.00018254507155951764
SN 011,F02,60,1.9852935791,1.9874083201083332,0.0008497538399168267,1.9873228963199998,0.0004591102024232713,3.30234709523631e-05,-0.00026082356666701223,-1.2852272038571946e-05,0.001446914673333577,-0.002216720579999887,0.00075918030249033,-6.427764888892554e-06,0.003399403890000041,-0.0036357879633330814,0.0013191039147500596,35.0,0.0009236145017142317,1.8824386147146766,29.0,0.6005458121985574,0.0006054324092478324,0.0021516927082221304,0.00016330076904218972,2,-0.0007824707000010367,0.0009182204048465425,9.90704128570893e-05
SN 009,F02,14,3.0624933878566667,3.06549758911,0.0014449368821405882,3.0653429667142222,0.0005204008074088107,4.4147854785708025e-05,-0.000244903564222021,-5.454071294762342e-06,0.0072237650566666645,-0.0068201700833334655,0.0017549158733415136,-6.814532811110959e-05,0.011814626056666722,-0.010569000246666516,0.002887191417706537,30.0,0.0022314622665555285,1.835230709116252,44.0,0.26789354766720486,0.0005685954804933203,0.002075551351111038,0.0004949188366329064,2,-0.0007347106926660629,0.0010408016148176213,0.00013244356435712407
SN 045,F06,2,0.89203,0.89203,,,,,,,,,,,,,,0.0,,,0.0,,,,,3,,,
SN 064,F05,16,3.77717030843,3.7875737508133334,0.005703697472715847,3.7844525655099996,0.0033887013754607307,-0.00039152327033332074,0.001716105143333202,-8.12141691735542e-05,0.009896341960000665,-0.008630371093333533,0.0038024352797974828,3.1958686111092464e-06,0.01622187296666766,-0.01794077555000051,0.005949245474385475,26.0,0.006145389263205121,2.2631994271242615,23.0,0.7779313326960519,0.003879647255148695,0.013808542887332909,0.001269295485501383,3,0.006864420573332808,0.008471753438651827,-0.001566093081333283
SN 033,N01,52,2.38585128784,2.3877240498833334,0.000665149343917732,2.3874958123086665,0.0006605080111788824,1.9864581988087475e-05,0.00055045233800044,-2.988704958672616e-06,0.0024546305333332796,-0.0030375162766662633,0.0009463896848386891,1.0818905277779992e-05,0.00456949869666623,-0.004456583659999236,0.0015990898777040752,30.0,0.0013151804606667205,2.5428212195672106,52.0,-0.011068548809708072,0.00027739486840525643,0.0008774990502220525,9.45759490362756e-05,0,0.00055045233800044,0.0006605080111788824,1.9864581988087475e-05
SN 004,F01,81,1.125148010253333,1.1370726267483333,0.0047485757878443615,1.1420744662795557,0.0015398618924378172,0.00031231880191667544,0.002546429103777781,5.594363881542938e-05,0.0021672566733332843,-0.002603276570000146,0.0010316498051055067,1.2199613777776526e-05,0.0037130991600002883,-0.003586324056666257,0.0014933986756500528,7.0,0.0034681592676189294,4.515332900561353,6.0,0.9764103097736065,0.0041693666148759564,0.015768669975777527,0.0008613161087471541,1,0.005092858207555562,0.002309792838656726,0.0006246376038333509
SN 029,F04,2,2.26138890584,2.2813278198233338,0.0077201258752117195,2.283371344671111,0.002972409813616932,-0.0006022607712618929,-0.00317903306777767,0.00015540004763085356,0.006857299806666273,-0.00786514282000006,0.002114336561177077,-2.4901496027781208e-05,0.011634063716666976,-0.0119366963666665,0.0026687905338498687,9.0,0.008279955829259469,6.232718166011533,8.0,0.9620820345932141,0.006633478539798619,0.022628428141334034,0.0014227311338761545,2,-0.00953709920333301,0.005944819627233864,-0.0018067823137856787
SN 041,N01,195,2.562079874673333,2.5738784790033336,0.001942155872530348,2.572775234644889,0.004377193021510116,-0.0003113374255357404,-0.006240302191555802,-6.25883580440781e-05,0.008324432373333579,-0.017927042643333113,0.0023005928386121872,-5.427042644444713e-05,0.026251475016666692,-0.018381500243332738,0.00363046448389841,21.0,0.0028048802933333776,2.3350810093855907,41.0,0.262973261210313,0.00043995528469421656,0.0021182081437780553,0.0008965370134148975,0,-0.006240302191555802,0.004377193021510116,-0.0003113374255357404
SN 039,N01,164,2.87985712687,2.895894241331667,0.003967281688092563,2.8954363674571106,0.005252379606647732,-0.00022041865766666557,-0.002514156763777642,-5.1524685096421966e-05,0.01686019897333324,-0.024521382650000145,0.006217702047116235,2.2019280555526008e-06,0.041381581623333386,-0.03412094116333364,0.01031234575036439,30.0,0.007225231594333377,2.0820862245734086,57.0,-0.22431686770649253,0.0004478539794794061,0.002348090278221804,0.002578884741727185,0,-0.002514156763777642,0.005252379606647732,-0.00022041865766666557
SN 002,F01,30,2.239917500813333,2.2757497151666666,0.016091549354487734,2.2735985819484443,0.002385580496954467,-3.594988865479281e-05,-0.004449564615111257,-0.0005181199591184587,0.03831939697333331,-0.022961680093333214,0.007112520531977623,1.517613727777256e-05,0.04144515990999986,-0.052516174316666664,0.009488994578245634,12.0,0.01716967688666667,6.3153745408661734,15.0,0.8992634586979847,0.008482541433923468,0.051713494194444376,0.00611013673967323,1,-0.008899129230222513,0.0035783707454317007,-7.189977730958562e-05
SN 020,N01,279,3.042695617673333,3.04811808268,0.0023698576641815196,3.048083123099333,0.0012907328880722622,-3.53795006547689e-05,0.0001661851673331327,-3.5910698347110506e-05,0.006976572669999737,-0.012668100993333375,0.0026230573108802415,-3.79837883888919e-05,0.012080383303333608,-0.011618550616666834,0.003953474221597888,27.0,0.00368982950864196,1.900563070164401,45.0,0.3840041016977331,0.0005518013894492137,0.003331078423111311,0.0007136358609892829,0,0.0001661851673331327,0.0012907328880722622,-3.53795006547689e-05
SN 010,F02,42,2.64365641276,2.647054036456667,0.0017843704314316727,2.6460928853342223,0.0008933672720231737,-7.529304138094637e-05,-0.0007346089675559497,-0.00010795277997245416,0.004133351643333061,-0.008424886070000248,0.0017021495319430337,7.393095230555647e-05,0.009749857590000577,-0.008166503903333844,0.002514637660990829,25.0,0.0025052185059999663,2.699222514002218,35.0,0.46624322679468383,0.0004350596258588709,0.003141920301333201,0.0003670131758954851,2,-0.002203826902667849,0.0017867345440463474,-0.0002258791241428391
SN 011,N01,219,1.8188638051333328,1.8202364603666665,0.0006245115307333754,1.8201614888491109,0.00047249318761107565,-4.783448714284488e-05,-0.00047218322577768923,-1.1408361845728483e-05,0.002212015790000077,-0.002317174276667222,0.0007375396062230921,2.370410527779976e-06,0.0039001464866676994,-0.0028891245533344545,0.0013026806801745003,36.0,0.0008760099061110983,2.059870199864258,51.0,0.30118604625661294,0.00030586457984447087,0.0013151719833330855,0.00014705147617894996,0,-0.00047218322577768923,0.00047249318761107565,-4.783448714284488e-05
SN 014,F02,128,3.21830469767,3.2355709075899997,0.007557229269642266,3.234139929875111,0.0017932202652648592,-2.6744660785707866e-05,-0.0024731106217776855,-9.096213936639192e-05,0.03157043456999986,-0.03083140055333322,0.0100943467082262,0.0001344341701944455,0.04096908569333335,-0.045510864256666395,0.015137163143788273,27.0,0.014539638566666686,2.382111356577375,51.0,0.11120848060482846,0.0011104312639816283,0.005833943684666831,0.003878849926892972,2,-0.0074193318653330564,0.0035864405305297184,-8.02339823571236e-05
SN 039,N01,166,2.884100341796666,2.895127487181667,0.003723213595373772,2.893914133706,0.004718826684890027,0.0002680288041904883,0.000353139240666156,-4.1711560303030156e-05,0.015481567383333505,-0.01744003295666685,0.0056966046550709715,7.828394572221657e-05,0.023766835526666696,-0.027297973633333417,0.009236831756167308,30.0,0.007235794067777768,2.1283466969656186,59.0,-0.16777232459244346,0.0006913931109101901,0.002637888590444337,0.0018013426000830853,0,0.000353139240666156,0.004718826684890027,0.0002680288041904883
SN 024,F03,2,2.39541524251,2.4030872344949996,0.003914896302713383,2.4072957017671115,0.001096351434884856,-3.633680808333547e-05,-0.000611334907111516,-8.049746831971252e-07,0.003649648030000563,-0.003408304849999766,0.0014112035554330676,1.6464657250000088e-05,0.004739379880000172,-0.0040751139299999295,0.002184612007284408,21.0,0.0025188022185714124,3.249894585683736,10.0,0.9352278259283224,0.0034595426565060114,0.011141628689332883,0.0006966194501556801,3,-0.002445339628446064,0.00274087858721214,-0.00014534723233334187
SN 016,F02,167,2.80977554321,2.8201765696199996,0.0021959212561549995,2.821012658012,0.002996150235697749,-0.00011341821580951157,2.259996133302522e-05,-3.041249008265109e-06,0.008237711586667196,-0.007218933103333214,0.0021124127035272514,-1.1062621944502026e-06,0.011463673913333583,-0.006878662109999656,0.0029312775877275493,26.0,0.002908393664230816,2.434323378304484,44.0,0.5404089090181631,0.0009135273438175523,0.0044800991482225605,0.0011501704538208809,2,6.779988399907566e-05,0.005992300471395498,-0.00034025464742853473
SN 015,F02,155,2.944726053873333,2.9509216308566666,0.002384636828840125,2.950264655217555,0.002857114080571339,-0.00021705173321429704,-0.0043977525508887005,-4.442073096419002e-05,0.006654866536666582,-0.005855560303333007,0.0024330757161578876,-3.512700400000179e-05,0.008443450926667317,-0.010786692299999956,0.003326270736224088,25.0,0.004300343831733393,2.3664313532857957,43.0,0.4744975052826654,0.0005150785952514746,0.0024809265133334257,0.000920181049785499,2,-0.013193257652666102,0.005714228161142678,-0.0006511551996428911
SN 013,F02,106,2.464488983153333,2.47375233968,0.004009235667943174,2.4737880452457777,0.0028554940596043393,-0.00025511423763096164,-0.0014896138524442826,-2.555742093663424e-06,0.014224751790000045,-0.015492248536666864,0.005544140163516578,1.190397474999753e-05,0.02296930949000009,-0.026356252036666916,0.008233403511736915,28.0,0.008373042515714342,2.1798700115020297,58.0,0.050811455066729294,0.00042877730502047804,0.00218134562155603,0.001875811538176547,2,-0.004468841557332848,0.005710988119208679,-0.0007653427128928849
SN 053,N01,476,3.10433909098,3.1236949920633332,0.003927475725845325,3.1225032382524445,0.001771717808759062,0.00012948354089286864,-0.0005272759324443932,-1.7038981101925577e-05,0.022365824383333344,-0.02588628133000004,0.005508765092695373,-1.4529758027781447e-05,0.027469635013333438,-0.031615193683333764,0.008760288009633443,31.0,0.006953848562043035,1.8391500856834058,59.0,0.023748506531642153,0.0010226498874548835,0.004109242756888953,0.0018636568385745316,0,-0.0005272759324443932,0.001771717808759062,0.00012948354089286864
SN 005,F01,98,1.0307491302466667,1.0407042185433333,0.028623685384066004,1.087727220322,0.015540723542784894,0.0025151906694404784,0.021506508721333084,0.0006486330479063345,0.027594502766666418,-0.015765889483333462,0.006199773034562973,1.6076299888886e-05,0.029332097373333088,-0.030721664429999462,0.006143167855915914,7.0,0.021474166143809433,6.028133957311589,7.0,0.9763824192320202,0.024369919846560593,0.07784523857911108,0.01027217967481241,1,0.04301301744266617,0.023311085314177343,0.005030381338880957
SN 055,N01,523,3.14971110026,3.166469573973333,0.007340647342803533,3.1671037462004445,0.004315385448046865,-3.298532395238838e-05,9.138319288881647e-05,2.6406532479339255e-05,0.022859446210000023,-0.029293060300000118,0.008703089349054846,-4.3608347555557095e-05,0.03161112467000038,-0.03500722249333288,0.012787329914029658,28.0,0.012859834943333362,2.12164906075866,53.0,0.3026615767433017,0.0011543029332347961,0.0055753072097775025,0.0026191121204177294,0,9.138319288881647e-05,0.004315385448046865,-3.298532395238838e-05
SN 057,N01,555,2.82271855672,2.825117492675,0.0009870618681078755,2.825304667154,0.0008270905853168837,3.3786410452377576e-05,-0.0009892781573332954,3.6066228650138195e-06,0.00446523030666679,-0.003533935546666811,0.0013617901381927245,-4.2044321694445495e-05,0.0067738850933332095,-0.006892649333333445,0.0021331742450959278,32.0,0.0019179582591666994,2.0622295455428254,54.0,0.04797049314513008,0.00024001351386244583,0.0009870571564443154,0.00017143883481869862,0,-0.0009892781573332954,0.0008270905853168837,3.3786410452377576e-05
SN 046,N01,291,2.9136067708333333,2.91951115926,0.0015408253599728705,2.9199281311015555,0.0014914011680037624,0.00010665802719049188,0.00040776570511136256,1.1214999779617658e-05,0.005301666256666948,-0.008550771076667019,0.0019803989748782406,-1.7742580861109433e-05,0.013852437333333967,-0.01148198445666715,0.00332889155878245,35.0,0.002439931233714316,1.928685732934762,47.0,0.17945841146869188,0.00044136369788667045,0.001878187391778141,0.0003416376663366284,0,0.00040776570511136256,0.0014914011680037624,0.00010665802719049188
SN 031,N01,7,3.051408131916667,3.0532539367649996,0.0008587586716619646,3.0538542683906664,0.0007322888959105848,1.621518811903025e-05,-0.0008337910973335028,-8.558373140494735e-06,0.002969614663332898,-0.002165730793333598,0.0009661544230834106,-2.6512146000005437e-05,0.004232533769999325,-0.004707082109999039,0.0015924545486417343,33.0,0.0013798646249495415,2.0578396225019726,47.0,0.37000298074479127,0.00034226627521180824,0.0016083950466665442,0.00018072275432892817,0,-0.0008337910973335028,0.0007322888959105848,1.621518811903025e-05
SN 045,F06,3,2.1693929,2.8064155333333334,0.4017700668874255,,,,,0.244288375,0.45048013333333303,0.031136300000000006,0.17839126062386598,-0.13978127777777768,0.12245206666666641,-0.2778582666666667,0.22720737490668988,0.0,,,1.0,0.9425091953184613,,,,3,,,
SN 032,N01,9,2.504213460283333,2.5238554636616666,0.005049624810947597,2.5225121222584446,0.0014224726056644254,-0.00029955727717855733,-0.0020704311784442986,2.545023096419162e-05,0.02430496216,-0.0224530537933334,0.007530620793478278,-0.000178235371888887,0.04186248779333335,-0.030820973710000477,0.01202794712293935,20.0,0.012064488728666634,3.26711688683217,50.0,-0.11116242175242805,0.0006695578659164617,0.0028390502928887784,0.0028734028312945897,0,-0.0020704311784442986,0.0014224726056644254,-0.00029955727717855733
SN 045,F06,3,2.1693929,2.8064155333333334,0.4017700668874255,,,,,0.244288375,0.45048013333333303,0.031136300000000006,0.17839126062386598,-0.13978127777777768,0.12245206666666641,-0.2778582666666667,0.22720737490668988,0.0,,,1.0,0.9425091953184613,,,,3,,,
SN 039,N01,160,2.8904444376600003,2.892964808145,0.0010286385308951411,2.8929415215371113,0.0008314497324833881,-8.312406976172603e-06,-0.0003700086804445668,-1.1790882451789371e-05,0.005436706543333614,-0.004773712160000443,0.0014730194693608851,-3.327263888926642e-07,0.008254750570000358,-0.010210418703334057,0.002541541581163567,34.0,0.001893952313725486,2.0471549895390786,59.0,-0.021691265002830005,0.0003472922381299501,0.0012668694393336288,0.0002724319340435624,0,-0.0003700086804445668,0.0008314497324833881,-8.312406976172603e-06
SN 035,N01,91,2.76744918823,2.770603434243333,0.0015001578971193816,2.770107252331111,0.0011273735320459488,-3.736768441665594e-05,-0.001871219211110997,-3.114600484848184e-05,0.009140523276666368,-0.004368591310000003,0.0016359329935524086,5.78350491666398e-06,0.00795949300333243,-0.013509114586666371,0.002426616959511916,23.0,0.002962416497246369,2.735824078348036,41.0,0.4020643010688752,0.00043597488817365593,0.0020258416068887897,0.0006193930628262798,0,-0.001871219211110997,0.0011273735320459488,-3.736768441665594e-05
SN 004,F01,66,1.0549335479733333,1.0633992513,0.003278267152426924,1.0640251795431113,0.0015265967586905974,0.00018017019539286948,0.004299863180222019,5.892025867768529e-05,0.0023527781199998987,-0.0028025945033332,0.0010779731487762121,-4.161198944444925e-06,0.003929519653333102,-0.00348745981999965,0.0015065819221812486,17.0,0.0022103552731372027,3.2039882500826966,11.0,0.9457524382731126,0.0027876113575725833,0.011085955301999961,0.0006733992297495216,1,0.008599726360444038,0.002289895138035896,0.00036034039078573896
SN 058,F03,130,3.127333333333333,3.1446666666666667,0.008922423205150699,3.148155555555556,0.005023542458864647,0.0007857142857142769,0.0025111111111106865,-0.00040495867768594986,0.01833333333333309,-0.0216666666666665,0.004747164184984952,0.00021111111111111008,0.026666666666666394,-0.016333333333333755,0.0055282878912937304,10.0,0.012233333333333318,5.079834471084416,24.0,0.847727343699227,0.004385771884350454,0.01697777777777798,0.0018715816784248746,3,0.010044444444442746,0.012558856147161618,0.0031428571428571074
SN 045,F06,2,0.89203,0.89203,,,,,,,,,,,,,,0.0,,,0.0,,,,,3,,,
SN 041,N01,207,2.4987058003733336,2.5745950063066667,0.013489975101277378,2.571555175779556,0.007727173155971497,-0.0008041672478333349,-0.010568084716222614,-0.00025839477201102185,0.044464111326667055,-0.04830245971666658,0.010775163404910287,-1.5305413138892258e-05,0.048291524249999274,-0.03908462524333389,0.012479326644520856,15.0,0.021438954670666692,3.2737758433775315,35.0,0.6799427020167282,0.0021405830407128187,0.011707153320222208,0.005943755073376697,0,-0.010568084716222614,0.007727173155971497,-0.0008041672478333349
SN 057,N01,556,2.8126157124833333,2.8231966654433336,0.004045359866362658,2.823632965086222,0.00679646427792,-0.0006669171650952694,-0.0042565917962220645,-3.7049853112947795e-05,0.012282562256666907,-0.022815704343333465,0.004874285214951995,-2.2941165472223356e-05,0.03087641397666685,-0.025328572586666542,0.007350041813547591,30.0,0.006719131469888851,2.129909681338743,43.0,0.27730582160599443,0.0007492326087761005,0.0034226311577771895,0.0011008176043075764,0,-0.0042565917962220645,0.00679646427792,-0.0006669171650952694
SN 057,N01,571,2.806961568193333,2.82174758911,0.004485455637155167,2.8207279968239996,0.007525019517208041,0.00023878733327380595,0.0020999145526667817,0.00010185767140495869,0.014360809326666946,-0.02603352864666686,0.0052460162855803415,-0.00010836707219444483,0.028044382733333872,-0.02584431966333378,0.0077301277425373145,28.0,0.007558286757262016,2.0682033655426126,51.0,0.3030743845959738,0.0009805202009182821,0.004689076741777765,0.0018554905408183816,0,0.0020999145526667817,0.007525019517208041,0.00023878733327380595
SN 014,F02,123,3.1792355855300003,3.235556284585,0.00803792336993145,3.2346103752971107,0.0010954708219389677,2.5356837738087023e-05,0.0008886888295558393,-5.828184856749292e-05,0.044595336913332506,-0.04140497843666635,0.009578907543066137,6.581624347222019e-05,0.07296473184999996,-0.05824483235666511,0.013142136972885075,22.0,0.012603054624090887,2.089531023013201,56.0,0.29338223632404803,0.0012434547966876366,0.0071616109213339385,0.005374879026496594,2,0.002666066488667518,0.0021909416438779354,7.607051321426107e-05
SN 011,N01,225,1.8156670888233333,1.8202843983949997,0.001381834917009169,1.8203554280584444,0.0005823566003786226,-4.500434476192464e-06,-0.00016690572177768814,-6.3115900275482906e-06,0.004921849569999415,-0.004322052003333132,0.00137841206498993,1.3902452222269711e-06,0.009243901573332547,-0.008148193356666944,0.0021394052975485657,25.0,0.0019405161537332295,1.974163473925179,43.0,0.5062701184754659,0.0006749200794518013,0.002704891628666495,0.0007726182388207678,0,-0.00016690572177768814,0.0005823566003786226,-4.500434476192464e-06
SN 048,N01,428,2.6662811,2.72800075,0.015877371589103084,2.730065102222222,0.012851097877888601,-0.0002905977380952329,-0.012319902222222012,-0.00011364214876033153,0.07010396666666674,-0.08767063333333303,0.02114094374411963,-0.0001726744444444428,0.14463120000000007,-0.12088009999999949,0.032423497613974735,14.0,0.0431668404761904,2.5320061676537335,55.0,0.11906046300983956,0.002138145062565869,0.013629795555555546,0.011178605052895809,0,-0.012319902222222012,0.012851097877888601,-0.0002905977380952329
SN 046,N01,341,2.9136067666666667,2.919544966666667,0.0015464131624259494,2.919962804444445,0.0015125079698521712,0.00015235488095239572,0.0010958288888884837,-3.085399449037675e-06,0.005301666666666538,-0.008550766666666654,0.0019688330605918732,3.126111111106944e-06,0.013852433333333192,-0.011481999999999992,0.0033235400159376113,34.0,0.0024293205882353454,1.9113558631241128,46.0,0.18775883685456476,0.0004349270546718328,0.0018665888888893534,0.00033802737806994137,0,0.0010958288888884837,0.0015125079698521712,0.00015235488095239572
SN 014,F02,133,3.2293202718066665,3.23486913045,0.002217714736036043,3.234141591388222,0.002727806645273143,-6.457919173809794e-05,-0.0001605224615555123,-8.238905399451177e-06,0.015953063966666736,-0.01194152831999995,0.002627244122283267,1.1488596611108904e-05,0.01612167358666694,-0.027894592286666686,0.004198557624854781,29.0,0.0033050098639080413,1.8599617757930986,43.0,0.30357672904709143,0.0010404801420214778,0.004105495877555487,0.0010112920395266218,2,-0.0004815673846665369,0.005455613290546286,-0.00019373757521429382
SN 027,F03,43,3.056096649166667,3.071064122515,0.007102678117658615,3.065091061060667,0.0038322568362774223,-0.0001060867309642975,-0.0064871385373339585,-0.00023616654157025007,0.006928253176666566,-0.006841786699999908,0.0025826627986578468,3.8399166499995346e-05,0.006885019933332792,-0.007705942786666586,0.002708551105943734,11.0,0.009184172659393914,4.310909696750293,11.0,0.9321484168237426,0.005070112781457706,0.015497656928222359,0.0014356004560518662,3,-0.025948554149335834,0.009580642090693555,-0.00042434692385719
SN 011,F03,110,1.2959494272866665,1.3992933909083334,0.058133266476236845,1.4227865854886668,0.0037974266431098774,0.0005928611754404851,0.004128392537999792,-0.0009485880533884323,0.018529764809999794,-0.04715995788666705,0.008662573669087266,-4.616843327777676e-05,0.03562494914000025,-0.021932093303333122,0.008867758682368705,2.0,0.019616508483333073,9.566189393387425,6.0,0.9890061592379326,0.03955765245763687,0.1958064863417781,0.022138963896159814,3,0.01651357015199917,0.009493566607774694,0.0023714447017619406
SN 024,F03,17,2.3756378173800003,2.408185195921667,0.030965980214598357,2.4093886650915555,0.002935023713605287,-0.0005064591906785542,-0.0011911349815552086,-1.0756815757574175e-05,0.026405843096666715,-0.03154576619333316,0.007888809030308728,5.9087541388887685e-05,0.021279907230000283,-0.031823984779999925,0.009198600298569282,8.0,0.028406016031666703,5.696040300209487,4.0,0.9678015882478265,0.029051098873771122,0.09891559176955544,0.00940811670835097,3,-0.004764539926220834,0.007337559284013218,-0.002025836762714217
SN 018,F02,209,2.974654897053333,2.9860907236716665,0.0031956069696170795,2.985787438284889,0.00447936938328295,0.0002927589415952185,0.0011149258084439673,-6.273758319563416e-06,0.012606048583333251,-0.010622914630000313,0.003463401879999792,2.3303561750002513e-05,0.014274342856667399,-0.023057556150000824,0.004927917273790537,26.0,0.005064216026923059,2.197576302569009,50.0,0.4167212688800337,0.0006074944119116532,0.0036105007597782013,0.001742459379378254,2,0.003344777425331902,0.0089587387665659,0.0008782768247856556
SN 011,N01,26,1.8604897816966668,1.8621747334766667,0.000681650112497393,1.8617550065771111,0.0004687035549051951,4.34557596428266e-06,-0.00035783555711121906,-2.2241891900826817e-05,0.0018920898433336664,-0.0027113596599999124,0.0008155524702729146,1.3640721666665264e-05,0.0037408192933325868,-0.004603449503333579,0.0013639195987816901,32.0,0.0010704835253124712,1.7966388817737706,41.0,0.2634725158802465,0.00027882009157049255,0.0010895029702222558,0.0001845111564305424,0,-0.00035783555711121906,0.0004687035549051951,4.34557596428266e-06
SN 041,N01,212,2.5554855346666665,2.57085342407,0.002731941873802511,2.570843285452889,0.0010874855656860197,1.0001772976169537e-05,-0.0010495842828888158,-2.9130415426991965e-06,0.008845265706666883,-0.009930419920000322,0.0026358262832886386,-4.5278337277776524e-05,0.010494486490000288,-0.014111836753333495,0.0037424134368451907,25.0,0.003752227783200013,2.41701071399931,52.0,0.5382310893333963,0.0006361550032112126,0.003566741943778151,0.0013669619412173628,0,-0.0010495842828888158,0.0010874855656860197,1.0001772976169537e-05
SN 037,N01,116,1.95381444295,1.963400904336667,0.0026396839950168964,1.9631460656042221,0.0009290292173572797,-0.00012028648739285584,-0.0005946943508889913,2.793976754820751e-05,0.011009343466666932,-0.009326044716667203,0.002897810204601702,3.747198313888885e-05,0.013338851930000173,-0.016872787476665874,0.0041734327524107625,25.0,0.004394170125466595,2.6913427344294907,44.0,0.3961327969408312,0.0008419296663436847,0.004093755087111184,0.0013320166370882713,0,-0.0005946943508889913,0.0009290292173572797,-0.00012028648739285584
SN 037,N01,115,1.956092961626667,1.9632640838616666,0.0020574769157268315,1.9615978495257778,0.0032794977362194206,-4.3251400869065423e-05,0.002112935384222192,-1.9546382699721995e-05,0.00686963399333318,-0.01194470723666674,0.002359471009684688,3.157297772221993e-05,0.01732254028333302,-0.017270151776666687,0.0035620629742919227,26.0,0.0032680609288461794,2.2902341006724387,32.0,0.3419750975365597,0.0006246025630456094,0.002801988390444432,0.0009730474216892656,0,0.002112935384222192,0.0032794977362194206,-4.3251400869065423e-05
SN 014,F02,126,3.21836191813,3.2355314890516667,0.005585951532136406,3.235846523707111,0.004004578746996661,-0.00014012927108332716,-0.004971126980444218,-1.9521161542698714e-05,0.020471445720000148,-0.0358230590833335,0.0073584518273095015,-1.1066860611112321e-05,0.029914855959999986,-0.04792683919333385,0.01118463329622582,25.0,0.011316802978666586,2.1672109722709636,54.0,0.13573539456801523,0.000664702469143631,0.0052537197537776414,0.0023440911338037363,2,-0.014913380941332655,0.008009157493993321,-0.0004203878132499815
SN 059,F03,147,2.4596041361466665,2.485547637938333,0.04588206732012007,2.492156185572222,0.0013608921285871685,0.00019453684486904526,0.002970920137777888,-0.0008392060755371904,0.008755747476666187,-0.03782018025666645,0.006409962588957084,2.4706522611110207e-05,0.010420481366666845,-0.013644917806666435,0.0041773186654223094,4.0,0.020529429116666886,5.774001114267428,1.0,0.9903136399542078,0.03501369232103733,0.14584272596577819,0.017783151137525804,3,0.011883680551111553,0.0034022303214679213,0.000778147379476181
SN 028,F03,83,3.3400896708166665,3.348171869911667,0.0028462655467999722,3.350666351316889,0.0023300045064513697,0.0004496447246190566,0.0027358500164442745,8.40494455371895e-05,0.004598999023333494,-0.004298909506666337,0.0015165446229215428,-1.3707478833335784e-05,0.007720184326666768,-0.005701192220000095,0.002343240708738732,24.0,0.0025456004669445753,3.1233487762877172,13.0,0.855338583103547,0.002082538718667827,0.007223002115999577,0.0005654305979705178,3,0.010943400065777098,0.005825011266128425,0.0017985788984762265
SN 044,N01,237,2.5765803000000003,2.5883181,0.002290319620315111,2.5859633755555556,0.0036846643500390206,0.0004903304761904464,0.00488389111111065,3.3890909090903714e-05,0.006914266666666169,-0.011924233333333145,0.002607295501955672,4.696555555555223e-05,0.015785466666665915,-0.011591366666666492,0.003961423625886662,26.0,0.0037316474358973697,2.4488475484600296,47.0,0.3525333233988739,0.0006338507204226565,0.003016133333333393,0.0009363419152403109,0,0.00488389111111065,0.0036846643500390206,0.0004903304761904464
SN 046,N01,295,2.8892092386866666,2.9189773559549996,0.007261796145423216,2.918999718558,0.0018418114850222574,7.509140748810214e-05,0.0007784695086665572,-8.213053721763016e-05,0.03821868896333358,-0.022665913900000056,0.008052002953282494,6.224314333336256e-06,0.05980784098000003,-0.04056371052999941,0.011576120660667053,15.0,0.013467017279111104,2.5882823305533007,50.0,0.38493192985797303,0.0012265250053002529,0.009407179090666684,0.0050310468280103555,0,0.0007784695086665572,0.0018418114850222574,7.509140748810214e-05
SN 064,F05,10,3.798694610593333,3.8092231750466663,0.005685627423777811,3.8082411024288887,0.0049102392283233995,0.0007533763704166537,0.00904812283111145,7.141785867768696e-06,0.01412277221666658,-0.013923136393333646,0.004755754650604383,1.1077457000004583e-05,0.02036183675000025,-0.019957987470000216,0.007446462955110188,28.0,0.00734984988250006,2.2999545267916197,34.0,0.6484204102424649,0.0034406704904820858,0.011389058430889332,0.001070379704725508,3,0.0361924913244458,0.012275598070808498,0.0030135054816666147
SN 011,N01,220,1.819005966183333,1.8224517186466667,0.0013484337735233673,1.8223066796182221,0.0007386224293033063,7.58965809881099e-05,0.0007927110451111385,3.0060444986224894e-05,0.004823048910000516,-0.004623540243333224,0.001271187456290517,3.040101777777397e-06,0.006783040366666437,-0.006914520263334278,0.0019663227229838147,29.0,0.0016981716817242012,2.4180163295483523,39.0,0.5493712035885002,0.0004218985995664152,0.0022463141544446508,0.0006297203130710349,0,0.0007927110451111385,0.0007386224293033063,7.58965809881099e-05
SN 049,N01,404,1.7736893666666669,1.8189449166666667,0.0113895332526537,1.8195903199999999,0.0006561797468251231,-4.9351190476118065e-06,-0.0004432199999999664,0.0003756837465564713,0.024835333333333764,-0.012990599999999963,0.004473773421970743,-2.9978333333330332e-05,0.01642779999999955,-0.018545400000000045,0.004693308053536497,7.0,0.012271647619047674,2.3352599195071617,11.0,0.9205008781262312,0.00578697682221669,0.035225208888888915,0.006385999567565965,0,-0.0004432199999999664,0.0006561797468251231,-4.9351190476118065e-06
SN 031,F04,15,2.8676325480133333,2.8756446838366667,0.00677995390765759,2.876096310084,0.0023703376541536958,0.000397481464202384,-0.0006248135039998992,-0.00013419327327823897,0.0024948120133334584,-0.005156962076666716,0.0011432550818389663,-2.042982313888997e-05,0.004232533773333547,-0.003587849933333498,0.0013248963821645657,7.0,0.004193660191428654,5.482994493499211,7.0,0.9858168602904791,0.005522115944377024,0.01909317016622225,0.001445912226292068,2,-0.0018744405119996976,0.0047406753083073915,0.001192444392607152
SN 004,F01,72,1.0818108876533332,1.0949062983183335,0.004358693764161784,1.0980442810042221,0.003175537429950751,0.0006364690689880889,0.0024586232491110582,4.401088743801722e-05,0.004017639159999975,-0.012215042113333352,0.0017701373744578208,1.2482537222191503e-06,0.015949757893333638,-0.014000447589999965,0.002708153658267039,11.0,0.004019454031515168,4.928123320032048,22.0,0.9176553608970118,0.00336032614181803,0.013253529866666502,0.0012167273960349834,1,0.0049172464982221165,0.004763306144926127,0.0012729381379761777
SN 005,F01,95,1.0847494761133334,1.1769232432033334,0.027497480746334506,1.2229724799246666,0.015464873647742896,0.003307732627547635,0.02244085523866679,0.00022737697465564864,0.04131062825666665,-0.044711430869999846,0.011872299950803205,3.345383538888765e-05,0.06479784647333386,-0.06755256652666741,0.017857880994275984,17.0,0.018772880703921645,2.0267313905958644,14.0,0.9047714382914318,0.018251424506566673,0.0812295701764445,0.008374866016625885,1,0.04488171047733358,0.023197310471614344,0.00661546525509527
SN 028,F03,49,3.2122713724766667,3.218070602415,0.003706592371027725,3.2180841742606665,0.0023283279653697696,0.00021272477655950303,-0.0014457363539999157,-0.00011152997818181931,0.0035308837899998835,-0.004357655843332697,0.001658397228658315,-1.2147691499997394e-05,0.005308532713333314,-0.004566446940001079,0.001898463452534194,14.0,0.004885827926666649,4.207532075723778,17.0,0.897127642815,0.0015047912920890013,0.007284884982889039,0.000981378546716339,3,-0.005782945415999663,0.005820819913424424,0.0008508991062380121
SN 002,F01,34,2.2339073181133333,2.2881657918283334,0.023022723092541806,2.276500261093111,0.013160767594713463,-0.002674468812428562,-0.013607092963110912,-0.0004421559903856721,0.025665283203333278,-0.024892425536666707,0.007033200022118275,0.00020828882852778064,0.023766835529999586,-0.02974166869666739,0.008216402661883237,10.0,0.022362543741000263,6.262248392353274,11.0,0.953193476805598,0.02055600149504751,0.07275390625,0.00463339223446415,1,-0.027214185926221823,0.019741151392070194,-0.005348937624857124
SN 045,N02,17,3.306919333333333,3.3411626,0.01096797215608259,3.3381973288888886,0.019028296777881388,0.00025430059523810577,-0.018539962222221984,-0.00013481555555555264,0.04590760000000005,-0.04189986666666634,0.01187168594119502,-0.00010558067226891195,0.05679906666666623,-0.06254476666666653,0.016796514972182347,24.0,0.01879245833333339,2.944240718964179,42.0,0.4091774044308649,0.0031888391473422297,0.013065948888888457,0.0038779005406338876,0,-0.018539962222221984,0.019028296777881388,0.00025430059523810577
SN 039,N01,171,2.89352823893,2.8961947123200003,0.0009275269829594851,2.895764668780889,0.0009520877731658668,6.425312585713565e-05,0.00082422892244427,-1.8077251349858922e-05,0.0030375162766667074,-0.004195404053333185,0.0012408711079062375,1.586914063888741e-05,0.006466166179999622,-0.005654652913333003,0.0020699632561630545,29.0,0.001791311680804643,2.2330389910799586,52.0,0.08315961678070134,0.00036584137633088935,0.001495649549555278,0.00012620774439045382,0,0.00082422892244427,0.0009520877731658668,6.425312585713565e-05
SN 029,F03,120,2.202404785153333,2.2685763041149998,0.01536660685730814,2.2730183241082225,0.000620153157290824,1.5610286202381664e-05,0.0004944525817776046,-7.297526380165124e-05,0.011817932130000042,-0.03940912882333292,0.005196777052458063,-3.823386299999972e-05,0.021984608963332875,-0.019475555419999235,0.004231491803529952,7.0,0.007474881126190626,4.934352957713817,4.0,0.942977584100548,0.0098353712912331,0.04445634630000006,0.009889620064665875,3,0.0019778103271104186,0.0015503828932270601,6.244114480952665e-05
SN 020,N01,276,3.0343172709133333,3.0483131408683333,0.004496248417810225,3.048261091442444,0.00085845352193017,-1.9981741667792922e-07,-0.0008723788791109577,-8.871535619837107e-06,0.00587921142666703,-0.00927047729333319,0.002386852054188817,-2.8991699166702744e-06,0.008613840736666933,-0.007396443686666476,0.0028079683010352493,13.0,0.0053411043605128185,2.9989005502553283,37.0,0.8602335147690966,0.002090947419696715,0.011257714165554766,0.002968959881258409,0,-0.0008723788791109577,0.00085845352193017,-1.9981741667792922e-07
SN 020,N01,273,3.04719390869,3.049530665078333,0.0008768348904428552,3.049275343151556,0.0007469695645654419,-8.679162888096669e-05,-0.0009733920615557778,-2.0147486473827908e-05,0.0034980773933335207,-0.003823343913332611,0.0011036297663004698,-5.834367527779438e-06,0.004830932616665784,-0.004484558106667258,0.0018763363299993299,33.0,0.001471286350100924,2.0506297425720885,53.0,0.20158732357320183,0.0003515285985741783,0.0014091152617772273,0.00017871263688370092,0,-0.0009733920615557778,0.0007469695645654419,-8.679162888096669e-05
SN 012,F02,80,1.617492167153333,1.6204377492249997,0.0007999495471213936,1.6205171118826667,0.0007965977988256054,3.623962408334513e-05,7.99391066674815e-06,8.176903415979083e-06,0.003604888916666882,-0.004206212360000183,0.001178601960729551,-1.5367931777778474e-05,0.007811101276667065,-0.004377873736666649,0.0020174644070400267,33.0,0.0014997308905050995,2.673187522706631,57.0,-0.08079532114682027,0.00020158356606983591,0.0007090250648889018,0.00014346353348537548,2,2.398173200024445e-05,0.0015931955976512108,0.0001087188722500354
SN 011,F03,54,1.57805811564,1.6105939229316668,0.012866351780067913,1.6091024186857779,0.0010275346260678999,0.00011192503442859251,-0.00016025966911126233,0.00025524002790633566,0.007311757406666786,-0.003863016763333782,0.0020405574023561815,-2.370304530556015e-05,0.00545361836666669,-0.005518468219999573,0.0020901058981878775,8.0,0.00893368721000004,6.885617040812816,1.0,0.9874846002978589,0.011424160483002967,0.035309227837999835,0.0025203538360369627,3,-0.0006410386764450493,0.0025688365651697497,0.00044770013771437006
SN 037,N01,114,1.8028938293433328,1.9593600591016664,0.03645487473378965,1.9593895975733333,0.011395970394759035,-0.0008712032862261989,0.006367899576666725,5.484546840220533e-05,0.05147755940666676,-0.036676152546666785,0.012916592136334067,9.469456141666757e-05,0.07957763671666629,-0.07576408386333355,0.016408978812285792,9.0,0.03040043866148159,2.885149799713321,4.0,0.9375672650997996,0.031001610042445383,0.09822489420599978,0.0164021454214721,0,0.006367899576666725,0.011395970394759035,-0.0008712032862261989
SN 044,N01,244,2.5934712666666666,2.5965481833333333,0.0013160948646735457,2.5964098644444444,0.0016284791081345449,4.269023809521734e-05,-0.0027521977777782425,-3.0080440771353583e-05,0.004178600000000365,-0.005762733333333436,0.0017022032106060426,-2.8905000000004993e-05,0.006839499999999887,-0.007769233333334125,0.0027177027497359185,29.0,0.002647355172413814,2.0780448875868314,53.0,0.15214086606505595,0.00040998488864428317,0.0015029200000000742,0.00020937833536885213,0,-0.0027521977777782425,0.0016284791081345449,4.269023809521734e-05
SN 029,F04,6,2.270379384356666,2.2799063364650003,0.00543500188446195,2.274158918591333,0.0017089818543865654,0.00035064424790477125,0.0020096503353332906,-9.61745080991746e-05,0.0022074381500001294,-0.0018936157233335749,0.0008470989679148668,2.668168805552984e-06,0.0025413513166663293,-0.003260040280000265,0.0010155768277955537,6.0,0.003948211669444479,5.600092729666076,5.0,0.9878541930567216,0.004532037115731302,0.016389753554444386,0.0010565601125718466,2,0.006028951005999872,0.003417963708773131,0.0010519327437143139
SN 017,F02,186,3.310349527993333,3.3212622324616667,0.003703075250656195,3.320965983071333,0.0042150416185685905,8.049919486903098e-05,0.00045150756866707553,2.5984078402201185e-05,0.010902659096667211,-0.0305933634433333,0.0041435955151854,-8.14268323888867e-05,0.02594197590999947,-0.03926849365333318,0.006141060931987165,23.0,0.005357382954202878,2.0911278243701155,40.0,0.37703727730738584,0.0006556032351328477,0.0036058213975556086,0.0017823371744725368,2,0.0013545227060012266,0.008430083237137181,0.00024149758460709293
SN 045,N02,20,3.2556371,3.3337549666666666,0.015093407430974847,3.3308583266666667,0.005239632350867697,-5.3461190476181535e-05,-0.0030585933333333593,-0.0001653327823691471,0.05244903333333317,-0.08072203333333317,0.015808187081618894,0.0004380438888888875,0.11806893333333335,-0.06792576666666639,0.02048878690652767,16.0,0.02731143749999998,3.1748974550727724,37.0,0.45358262098856705,0.002644998443545941,0.016007822222221524,0.009055390212018602,0,-0.0030585933333333593,0.005239632350867697,-5.3461190476181535e-05
SN 004,F01,78,1.0903422037733332,1.1037654240916666,0.007196929370368083,1.1167122904448887,0.004842526266310885,0.0010442365917619015,0.005766194661777746,0.00022323860611569922,0.006116867066666254,-0.004130427043333107,0.001794357600041996,-1.6373528388889206e-05,0.0053532918300001064,-0.005786005653334092,0.001996103712513732,7.0,0.008066794985714276,7.753288921769191,7.0,0.9683675615061624,0.005028082479889717,0.021289638943999822,0.0011940390292373279,1,0.011532389323555492,0.007263789399466327,0.002088473183523803
SN 005,F01,85,1.0653554916366668,1.0682825088483332,0.003624475634797504,1.066961220633778,0.001204163417539799,2.6525769904765593e-05,-0.0002778964571110709,-6.95630538567471e-05,0.0018255869566663474,-0.002963383990000068,0.0008897990067591712,7.380909388891392e-06,0.003601710003333203,-0.003604888916667326,0.0012490398346250418,17.0,0.0018928976617647553,3.322356928847521,7.0,0.9697688679125746,0.003372374708870258,0.010837448967111252,0.0008225586259646979,1,-0.0005557929142221418,0.0018062451263096985,5.3051539809531185e-05
SN 027,F03,99,2.651250966386667,2.6548318227116665,0.0021530224853907485,2.658722364635778,0.0009012989518854371,0.00012543178745238708,0.0008064948175552367,4.659185066115938e-05,0.0018920898433334443,-0.0023450215666667162,0.0008064803951420419,2.9373168888846557e-06,0.003549194340000561,-0.002697245279999816,0.0012417586312491755,21.0,0.0014504811120635893,3.4468399759825266,7.0,0.9292761755216854,0.0017558326934034487,0.005776774088666503,0.00018129812791035734,3,0.0032259792702209467,0.002253247379713593,0.0005017271498095483
SN 004,F01,83,1.10820274353,1.1219497680650001,0.006460001548659412,1.128564953272889,0.00416740753408278,0.0005718381064404674,0.004678607517111022,0.00014239434696969975,0.004815292360000001,-0.00306536356333309,0.0014096140081038815,6.338755277775684e-06,0.004221598303332685,-0.004411824543332665,0.0016158075715959278,10.0,0.004171892801666699,6.6163724005315645,7.0,0.9760498580577774,0.005108695997432574,0.017366324531111088,0.0016224809817811045,1,0.009357215034222044,0.006251111301124171,0.0011436762128809348
SN 020,N01,285,0.0102391386,2.92317415873,1.4108363879208337,3.0481865268264445,0.0016381474832864167,2.9901776964272715e-05,-0.00020704481311151213,0.015440991824655644,0.46252136230666707,-0.6125865300500001,0.11371347672545352,0.005110247400083334,0.31261529922666664,-0.3152140299466657,0.0552296471311238,0.0,,,1.0,0.9967682039414847,1.3659983191081306,3.038683133866889,0.320557269379559,0,-0.00020704481311151213,0.0016381474832864167,2.9901776964272715e-05
SN 040,N01,186,3.07420603434,3.088673400878333,0.0035211904030476755,3.0877562967922225,0.00413136858170875,-0.00015954880491666647,-0.0049816894522223265,-5.561050961432527e-05,0.019907124836666235,-0.01960271199333352,0.0054236850319679935,-3.6892361083329386e-05,0.03174667358333272,-0.031794230143333824,0.008603987685196785,29.0,0.005923786382528704,1.9183405973013918,63.0,-0.19016790333809047,0.0004888117835318573,0.00205768161311104,0.002664824643749793,0,-0.0049816894522223265,0.00413136858170875,-0.00015954880491666647
SN 020,F02,257,2.82485961914,2.83496157328,0.001931973934130575,2.834700859915778,0.0007420042366250543,5.096253869055608e-06,-0.0008121066624449114,-2.587058327823922e-05,0.00621566772333404,-0.007058207193333388,0.0022177856704699785,-3.128899466667094e-05,0.011590576169999256,-0.010049438476666506,0.0035092750501318315,26.0,0.0030410473166666905,2.4160719023913613,51.0,0.342616907225269,0.00036037109364290843,0.0021328226722223675,0.0008762531311414606,2,-0.002436319987334734,0.0014840084732501086,1.5288761607166825e-05
SN 059,F03,151,2.33360850016,2.3966379801416666,0.04854780796813731,2.3982752142997774,0.0034545940783133407,0.0005694298516190601,0.0038737318235559925,-0.0017690632297520654,0.008393859863332853,-0.048273213703333706,0.007978672630865562,2.754211425000097e-05,0.019986216226667075,-0.03286717733,0.005380672787650675,2.0,0.024577077228333355,5.235559765651892,8.0,0.9897359554534704,0.026506309856141927,0.13548845079244431,0.015216893545404168,3,0.01549492729422397,0.008636485195783352,0.0022777194064762404
SN 019,F02,225,3.0064956665033336,3.0098896026583333,0.0011890120642823242,3.010024397106222,0.0008732399816576032,-5.751564390475654e-05,2.6821560444645343e-05,-4.739472369142585e-06,0.0038368225099998376,-0.004472096759999822,0.0014965463534694081,4.022386333331814e-06,0.006619262693332573,-0.006957753499999164,0.002362744627058724,32.0,0.0020484606423957774,2.043332108727326,54.0,0.21322697233761503,0.0004084514835142808,0.0016675991479999652,0.0003588835820429527,2,8.046468133393603e-05,0.0017464799633152065,-0.00017254693171426963
SN 054,N01,496,2.736842600503333,2.7396628061916664,0.0011281314657462602,2.738956841361111,0.0006453107663910488,1.2478601333344916e-05,-0.00045611911444387587,-1.432560694214399e-05,0.004641977946667097,-0.0038218180333338125,0.0013369535056894225,-3.4989251111080164e-06,0.00827509562333395,-0.005270131430000546,0.0021927734220461284,31.0,0.0017622014527957695,2.1912369041772277,43.0,0.2993149694412511,0.0005871980027783487,0.0022964647079999345,0.00020093391921924454,0,-0.00045611911444387587,0.0006453107663910488,1.2478601333344916e-05
SN 034,N01,64,4.272849019366666,4.279162089028333,0.00289152775335704,4.279394259980666,0.003052423118898859,-0.00010249728245235178,-0.001670057507332956,3.3367566831953215e-05,0.008950297039999278,-0.01097717285000055,0.0042478461973188076,-5.0175984694441254e-05,0.014989725746668014,-0.01974538167000084,0.007310216596367869,37.0,0.005405680338288261,1.580527647919193,66.0,-0.08772997357875877,0.0006201022630377369,0.0025099690757777182,0.0005415401958938523,0,-0.001670057507332956,0.003052423118898859,-0.00010249728245235178
SN 033,N01,421,2.351880133333333,2.3937805,0.0101365153896989,2.3934448422222223,0.00116004339960447,-4.044261904762829e-05,-0.001779208888889272,7.578732782368764e-05,0.04732130000000012,-0.04568100000000008,0.008891336169372028,4.644194444444564e-05,0.04606446666666697,-0.04681903333333359,0.011475874221494183,13.0,0.017008076923077,2.8486112595071975,26.0,0.6170317488932905,0.004794505667663989,0.021524908888888472,0.00706728443607929,0,-0.001779208888889272,0.00116004339960447,-4.044261904762829e-05
SN 006,F01,105,1.46372413635,1.4752954483016667,0.006033284946948505,1.4834993065713333,0.0011890657508556585,-2.0146596869050464e-05,-0.0028051079646667088,5.582804192837511e-05,0.007449340820000261,-0.008857599896666457,0.0020243000155289906,-2.7232699916662774e-05,0.008355077110000053,-0.007761510213333489,0.0022947201871448557,12.0,0.00586267047499998,5.238182645171602,7.0,0.9440205512577454,0.004297938011470925,0.015622524685777961,0.0018029420686366936,1,-0.0056102159293334175,0.0017835986262834877,-4.029319373810093e-05
SN 055,N01,524,3.15921707153,3.169349670408333,0.0033718923405537007,3.167748836939333,0.0035679671863336486,4.3596642841846136e-08,0.006012149387333743,-1.3344084269969405e-05,0.010904947916666519,-0.013236490883333119,0.0041586967157353286,7.340749105555489e-05,0.02272593179999971,-0.015181223546666622,0.0063542485561101,27.0,0.006246486710740754,1.6968453744884628,60.0,0.23141408011705702,0.0007399790849392104,0.004199456108889166,0.0011430066098036494,0,0.006012149387333743,0.0035679671863336486,4.3596642841846136e-08
SN 032,F04,22,2.418866984046667,2.4320612589516664,0.005527277208258178,2.431620449488889,0.0010099830077573027,-0.0001994232904523845,-0.0009464687788889314,-0.0001336300011845734,0.0044425964333330015,-0.008712259930000243,0.0014427629874281319,-8.733537499997872e-06,0.0076148986833337595,-0.004074859619998872,0.001543143974997362,6.0,0.0041097852927778344,6.3925635399897764,13.0,0.9656115533005857,0.0030402324589990344,0.018306138780666448,0.00261340926127894,2,-0.0028394063366667943,0.0020199660155146054,-0.0005982698713571535
SN 004,F01,63,1.0423567454,1.0626572608933333,0.011414703553575802,1.0505657747042223,0.008600197450499603,-0.0016017834345833201,-0.003138724434222251,-0.00016800904077134837,0.0028366088866664807,-0.006915982563333589,0.001582501896103774,4.765722472220106e-06,0.003923288986667162,-0.008750851946667026,0.0017674663748386017,5.0,0.00803427378266668,11.904024582320957,1.0,0.9904160204196196,0.010282298395635606,0.02802171071377768,0.002025659081324699,1,-0.006277448868444502,0.012900296175749405,-0.0032035668691666403
SN 013,F02,102,2.47066294352,2.474251556395,0.0010743799455216801,2.473612789576,0.0012516514270342256,-8.14274379880924e-05,0.0005978224006666366,-1.8014198512398977e-05,0.0035400390633335554,-0.0031181335433334567,0.0012529694402714565,1.2702941916664657e-05,0.006322479250000512,-0.00384140014333223,0.0020570981108798433,32.0,0.0016120195388541758,2.614907204300991,47.0,0.31476043490457284,0.00045311278171686527,0.002082349989110721,0.00017572777979159017,2,0.0017934672019999098,0.002503302854068451,-0.0002442823139642772
SN 034,N01,65,4.27183481852,4.279370117186667,0.002392959076910817,4.280207621255333,0.003478256511425907,0.00013098398842858382,0.004202473958000219,1.1076283526173285e-05,0.01014200846333324,-0.008420308429999857,0.003286742976081102,1.764933269445083e-05,0.016428629556665797,-0.012171936033333886,0.005495676521306249,34.0,0.004225383085392011,1.7136152090798091,58.0,0.039492781383572526,0.0003831396177925637,0.0017004394533328693,0.00042636152201673013,0,0.004202473958000219,0.003478256511425907,0.00013098398842858382
SN 011,N01,29,1.85789896647,1.8626895268733334,0.0012379862741387897,1.8625379350431113,0.0003353056546096548,-2.976826238107862e-06,-6.145899777987296e-06,-8.175852341605541e-07,0.0038955688466666416,-0.0052680969233327435,0.0011576039502133727,-4.394319333330307e-06,0.0046745300266668455,-0.0053560892766670865,0.001633785302061024,25.0,0.0016058044440000253,2.0818012581320273,36.0,0.5664094874533979,0.0005269696561229118,0.002032462225777909,0.0007387386509105943,0,-6.145899777987296e-06,0.0003353056546096548,-2.976826238107862e-06
SN 011,N01,14,1.8595577239966663,1.861019261675,0.000590307095221069,1.860913475882222,0.0005308331321965555,5.887031561906397e-05,0.00017152574444501134,2.1721706060628037e-06,0.0021718343100003423,-0.002222951253333161,0.0007252202549755764,6.315443333348991e-07,0.0037532806366675775,-0.0033266703299994482,0.0012377323453038774,31.0,0.0009942659768818062,2.1500855993943704,49.0,0.2512132020012101,0.0002680041234702126,0.0008992513020000814,0.0001444621838436498,0,0.00017152574444501134,0.0005308331321965555,5.887031561906397e-05
SN 010,F02,22,3.69394454956,3.700238545735,0.0020206471361054663,3.699966396754,0.0017426708473627915,0.00010741370070234124,0.0005401950426660029,1.5380691239664322e-05,0.008121744793334162,-0.007419840496666108,0.0025189475768285906,3.096898397222381e-05,0.011467234293333295,-0.009038543700000012,0.0037077541038676074,29.0,0.003623366081838989,2.199521283438057,51.0,0.22745572939645314,0.00035842779281388125,0.0014388529457782795,0.0007252126146117976,2,0.0016205851279980088,0.003485341694725583,0.0003222411021070237
SN 059,F03,155,2.178014882403333,2.2690261840816666,0.0398396785274405,2.2890527682822226,0.006332881448550919,-0.0011584790548452373,-0.0032831149622225553,0.00045043482925619864,0.017794036866666918,-0.012884521486666856,0.004392182638596656,8.280436199999593e-05,0.0107866923000004,-0.013307952879998641,0.003152752481186424,2.0,0.03886909484833345,8.801635582386178,1.0,0.993949700977502,0.03690560804100914,0.13847430759066715,0.007812926681412093,3,-0.013132459848890221,0.015832203621377296,-0.004633916219380949
SN 017,F02,194,3.2903635660800004,3.32015686035,0.0055817357877784605,3.320867987737111,0.0016613746333162549,1.0290599976191052e-05,-0.003219163683777726,-1.4844742038567957e-05,0.03064448038666656,-0.02098439534666685,0.00653062383508959,-5.1489936000000584e-05,0.031779225666667354,-0.03386408488333359,0.009025536030177703,21.0,0.008759235200476136,2.687428687411648,48.0,0.32070602751557137,0.0009836581695939713,0.004881913927333503,0.003703059621744867,2,-0.009657491051333178,0.0033227492666325097,3.087179992857315e-05
SN 006,F01,119,1.5040161132799998,1.5129401524850001,0.004890663012350294,1.5106261867931112,0.001836947995819729,0.0003527050926904878,0.0018471103235555564,3.497856707989087e-05,0.004433314003333466,-0.008437093096666626,0.0018506323240184612,-9.275012555557775e-06,0.005647023516667016,-0.008621088663333554,0.0022310453987802945,13.0,0.005205760857948771,3.483849401018091,14.0,0.9287519630953843,0.003996429498663523,0.014594853718444378,0.001519162315513443,1,0.0036942206471111128,0.0027554219937295935,0.0007054101853809756
SN 041,N01,205,2.5688692728666664,2.57621269226,0.0018935955004090053,2.5760474141424443,0.0015227383880633838,1.521610077379609e-05,0.0017474873842222571,1.6698495730028674e-05,0.013763936360000173,-0.006419881183333143,0.0022154503738948715,1.0047488722216465e-05,0.010719045000000094,-0.018559010823334,0.003310365148481329,25.0,0.0031652119954666347,2.626933638741992,45.0,0.3192614979243528,0.000417051945849047,0.0030067274308889225,0.0010166727381149456,0,0.0017474873842222571,0.0015227383880633838,1.521610077379609e-05
SN 011,N01,221,1.81302057902,1.820549519855,0.001721370079631148,1.8204092237664444,0.000592849538723887,1.7176582690470967e-05,0.00015962388688883777,6.238238539944829e-05,0.011337025960000302,-0.006537246703333555,0.0017197891580573589,1.1155870222223641e-05,0.013573837280000722,-0.017874272663333857,0.002851699454451642,19.0,0.0024952938677193707,2.3688783850627404,46.0,0.4623664047422383,0.000591526666501651,0.002497033013110883,0.0006974816497737989,0,0.00015962388688883777,0.000592849538723887,1.7176582690470967e-05
SN 045,F06,5,0.5362712666666667,0.6403943166666667,0.023477326291346273,0.64053102,0.01941770156670482,3.944916666666869e-05,0.005391513333333431,5.545151515151578e-05,0.1596230333333334,-0.09214023333333332,0.02719743172303291,0.00012497472222222267,0.24105353333333335,-0.1279625666666665,0.03897201951738474,17.0,0.047883299999999976,2.4739577105437447,41.0,0.33441266320092916,0.003650257417906079,0.018512871111111107,0.013177977999424328,3,0.021566053333333723,0.04854425391676205,0.00015779666666667475
SN 001,F01,10,1.1688640594466666,1.2121803919466667,0.015908902280415114,1.2219127655011113,0.005949273035776025,0.0010966768719404716,0.006485621135555286,0.00025028302322313773,0.02139587402333354,-0.023601659140000564,0.005181057907196915,-5.853546991666699e-05,0.017899068196667534,-0.026870981849999698,0.0051031162434647375,7.0,0.022402100336666564,5.70923778275725,7.0,0.9469953332873053,0.013270234625450909,0.044565514458666744,0.003258889775383942,1,0.012971242271110572,0.008923909553664037,0.0021933537438809433
SN 020,N01,277,3.04428202311,3.0479442596416666,0.001048265036337033,3.0478702460377773,0.0018157794196025094,5.719048639284565e-05,-0.0013406032977774096,-2.341992925620156e-05,0.004133860270000067,-0.0033871968566669963,0.0013896126951412253,8.797115750003304e-06,0.007233174643332951,-0.007083129880001149,0.0023691496162821114,34.0,0.0017484552721569065,1.9333977685395036,59.0,0.11510824787948853,0.00026509769995954714,0.0013115098748888165,0.0003498113864209738,0,-0.0013406032977774096,0.0018157794196025094,5.719048639284565e-05
SN 064,N01,577,3.8705940246566666,3.946912256875,0.011817380613418266,3.9472398206908887,0.004150213857144998,-0.00039338066458333154,-0.0007536655008886228,-2.012226537190105e-05,0.07770105997666654,-0.05909678141333341,0.013441577758312548,3.903706861119182e-06,0.08553949992000032,-0.06523056029999941,0.018036265794212455,19.0,0.017592165762631628,2.548931068510024,57.0,0.3583925446668041,0.0015925754603656381,0.01161722819022204,0.00942270885050608,0,-0.0007536655008886228,0.004150213857144998,-0.00039338066458333154
SN 018,F02,210,2.97661336263,2.9858943939183336,0.002877869550157921,2.984812282984666,0.001342129367125035,-8.912041072617178e-05,-0.0015875413679995454,-3.3485265482092455e-05,0.0117266337066666,-0.008223724366666296,0.0030377028041458968,7.66330297222358e-06,0.01127675374333359,-0.010807037350000215,0.004269163440673693,26.0,0.004589648124615384,2.311353457333268,47.0,0.44506769482260844,0.0005881321307197661,0.0029311794704445227,0.0013692290946647398,2,-0.004762624103998636,0.00268425873425007,-0.0002673612321785154
SN 033,N01,44,2.384245045976667,2.3858990987116666,0.0005941605320540952,2.385892317028666,0.0006633136425460727,-2.046130948809407e-05,-0.0013797336153329454,-8.470099173552381e-06,0.0020652770966669287,-0.0018595377600001406,0.0008879668752001864,-2.2322336833339545e-05,0.0037503560433327365,-0.002641805009999665,0.0014655161628293525,38.0,0.001102949442982381,2.219879017672222,66.0,-0.13225420811620492,9.907735580311684e-05,0.0004362487788891478,6.539883981056613e-05,0,-0.0013797336153329454,0.0006633136425460727,-2.046130948809407e-05
SN 020,N01,288,3.0425038655566667,3.04877421061,0.001454917219390218,3.0479440816226666,0.0017492617423060124,-2.493631273811557e-05,0.002372792560666692,2.1486308622590148e-05,0.0059837341299999736,-0.004231262206666475,0.0017422161992983584,2.848519216666438e-05,0.007715606693333488,-0.007864379883332884,0.0027409301873716147,30.0,0.0023878902856667643,2.17505281088356,53.0,0.283764686792008,0.0004771201379253427,0.002010226779555868,0.000505977204321658,0,0.002372792560666692,0.0017492617423060124,-2.493631273811557e-05
SN 058,F03,126,3.255333333333333,3.268666666666667,0.007181970146019146,3.2688444444444444,0.002481252457254358,0.00036547619047619937,0.001488888888888873,-0.0002809917355371885,0.006000000000000227,-0.00966666666666649,0.002557852203930768,3.888888888889201e-05,0.007666666666667155,-0.012666666666667492,0.003492070070446294,7.0,0.008476190476190495,8.061179495107835,22.0,0.9360437823679444,0.004492372285244841,0.019822222222222408,0.0014417882969244087,3,0.005955555555555492,0.006203131143135894,0.0014619047619047975
SN 009,F02,21,3.6948287963866666,3.6996734619116665,0.0014619058487965796,3.6989468383768886,0.0011430992588051124,4.300162913098347e-05,0.001400553386444514,5.466681873275817e-06,0.005255635576666862,-0.006982676186666481,0.001925613456821888,-7.989671388893467e-07,0.008352406816666047,-0.009239705403332632,0.0031657939970383265,32.0,0.0026105244954166967,2.398645080443467,54.0,0.13868389701526881,0.00037721242617671613,0.0015191989475549228,0.00030915423023545225,2,0.004201660159333542,0.002286198517610225,0.0001290048873929504
SN 025,F03,134,2.83343887329,2.8434843699116668,0.0033323599081673608,2.847066531709556,0.002396587168220836,-0.0004279109409761965,-0.0026769341362227195,4.721817561983311e-05,0.003918711343333214,-0.0059082031266668444,0.0016238749891607427,-4.641214722248913e-07,0.007623799643333928,-0.006166330976666856,0.0025279388613032986,25.0,0.0024895019529333775,2.8099824129499416,17.0,0.881311748899986,0.0026659705512336656,0.009850514729332627,0.0005906950345824348,3,-0.010707736544890878,0.00599146792055209,-0.001711643763904786
SN 058,F03,129,3.2816666666666667,3.2896666666666667,0.0024299423800151422,3.2905333333333333,0.0023394477709541895,9.523809523787856e-06,-0.003866666666667129,-4.1322314049589565e-05,0.005666666666666931,-0.007333333333333414,0.0025587794572781235,4.999999999999819e-05,0.01100000000000012,-0.011333333333333862,0.0038792825195491354,30.0,0.003811111111111091,2.1168752801492015,33.0,0.44526125354739593,0.0012225435487418484,0.004066666666666663,0.000591584330133267,3,-0.015466666666668516,0.005848619427385474,3.8095238095151424e-05
SN 027,F03,96,2.63313395182,2.6394763946516666,0.00396846555348039,2.639803483749778,0.0008280606281117445,8.022853304760411e-05,-0.0006702846964450337,4.074054644627857e-05,0.003733317056666685,-0.002406819663333337,0.0009747045766562538,-1.3139513055556347e-06,0.004277292890000339,-0.0046930948933336936,0.0013462538550483413,13.0,0.002588947003076829,5.902475741344637,6.0,0.9697430041049439,0.003593569042149618,0.010098266601777262,0.0010536700095449675,3,-0.002681138785780135,0.002070151570279361,0.00032091413219041643
SN 010,F02,54,2.64363479614,2.6482405344633335,0.001688840980785961,2.648876664902,0.0014248398531786105,5.643844600000034e-05,-0.0008102077920000283,-2.0557330000000714e-05,0.004706827799999758,-0.008797200523332993,0.001991368578399463,-6.464216447222097e-05,0.01175435384333312,-0.008651987716666198,0.0030996986571928536,33.0,0.002375539144040371,1.8343538822314773,51.0,0.3057995162846669,0.0003871622022306693,0.001614210340888711,0.0007679748315114545,2,-0.002430623376000085,0.002849679706357221,0.00016931533800000102
SN 045,F06,5,0.5362712666666667,0.6403943166666667,0.023477326291346273,0.64053102,0.01941770156670482,3.944916666666869e-05,0.005391513333333431,5.545151515151578e-05,0.1596230333333334,-0.09214023333333332,0.02719743172303291,0.00012497472222222267,0.24105353333333335,-0.1279625666666665,0.03897201951738474,17.0,0.047883299999999976,2.4739577105437447,41.0,0.33441266320092916,0.003650257417906079,0.018512871111111107,0.013177977999424328,3,0.021566053333333723,0.04854425391676205,0.00015779666666667475
SN 064,F05,13,3.7829317728666663,3.797321828205,0.006028294566756055,3.789887288409778,0.0040559738645999524,0.0004124523344523718,0.005897979736888548,-7.759703749311004e-05,0.012675984699999976,-0.010646311439999945,0.0038621217555226445,5.208121405555858e-05,0.014897155759999503,-0.02332229613999992,0.0061224354161604376,25.0,0.006147379557066568,2.3156654772603678,11.0,0.7949659831310626,0.005131207306671215,0.01631161159955541,0.0009868144384127615,3,0.02359191894755419,0.01013993466149988,0.001649809337809487
SN 055,N01,513,3.152150726316667,3.1694254557266666,0.006100251128548557,3.1686142985013332,0.008081217488560864,-0.00034065246578571,-0.001033884684666475,-0.00016319548132231332,0.03740743001333291,-0.02883580525666707,0.006881525300384691,1.4930301250000906e-05,0.04223683674999901,-0.0352348327633325,0.01009464985155144,27.0,0.008553323627901153,2.2023943479534798,45.0,0.3458411312847253,0.001003925551213936,0.005341423882888829,0.002957311952259699,0,-0.001033884684666475,0.008081217488560864,-0.00034065246578571
SN 045,F06,4,0.6058572000000001,0.6435429,0.011387194059609923,0.6367976577777779,0.021272751539676355,-0.003938361666666663,-0.030940457777777763,-0.00030926222222222113,0.04811910000000008,-0.030904299999999885,0.011051871540556485,-3.161176470588267e-05,0.05262476666666671,-0.0754204666666668,0.016280309999474073,22.0,0.018294971212121213,2.5387901665879173,28.0,0.5116542703753919,0.0026795507651845747,0.011831742222222164,0.005332672813403743,3,-0.12376183111111105,0.053181878849190886,-0.015753446666666653
SN 001,F01,8,1.1984635670966666,1.22865816752,0.013166687505669912,1.2265353224,0.0013306944997806983,-1.5592575095249186e-05,0.0010314602333332257,0.0001489739115977944,0.027303949989999854,-0.013849131266666648,0.003881981770072122,8.579889972221144e-06,0.01991017659333294,-0.01696077982333377,0.003702922420477682,5.0,0.020211690266000115,10.228203164042691,11.0,0.9565927785420014,0.010189531577480294,0.044322755601777564,0.004544053519493792,1,0.0020629204666664513,0.0019960417496710475,-3.118515019049837e-05
SN 039,N01,173,2.8947263081866668,2.897451527913333,0.0009440884796648172,2.8972428894024445,0.000998308606325366,1.712980714298405e-06,-8.356730244418742e-05,1.0462569118461145e-05,0.003921763100000142,-0.00363566080666633,0.0013827017110977738,-2.4890899638888946e-05,0.006574503576666224,-0.005772145586667055,0.002311963002403223,36.0,0.0016834965460184408,2.071134583845851,62.0,-0.07543903390660583,0.0002361129020856643,0.0010522800022214618,0.00015995467943182647,0,-8.356730244418742e-05,0.000998308606325366,1.712980714298405e-06
SN 044,N01,246,2.5149505333333333,2.5934292833333332,0.023404076658512976,2.593781602222222,0.002651120664134312,6.522249999999031e-05,-0.002376902222222199,0.0001017881542699754,0.10863243333333328,-0.20702566666666655,0.028892843161248377,1.0384444444444529e-05,0.16995086666666648,-0.31286316666666636,0.04203120718685274,11.0,0.055314751515151646,2.612352563473899,44.0,0.24326154687238408,0.0027246182410068285,0.016361611111110896,0.01663157966713784,0,-0.002376902222222199,0.002651120664134312,6.522249999999031e-05
SN 016,F02,178,2.805287933346667,2.8163188934316663,0.002346960990189855,2.815477650958667,0.0019007559967406907,0.00018423262092856735,0.00028467814133303904,-1.1191880413222051e-05,0.014159647626666327,-0.015401204426666038,0.002930779458520679,1.1210971388897483e-06,0.022144317626666243,-0.02181447347333254,0.004857256661649751,24.0,0.0036234219870833564,1.9187145899158378,49.0,0.22599845719380954,0.000663664079815958,0.0024180603031114245,0.0012983434054867462,2,0.0008540344239991171,0.0038015119934813814,0.000552697862785702
SN 015,F02,150,2.9476646423333337,2.9508406321200003,0.0012560934880791286,2.9510504319920003,0.0006648786249369836,5.2308582130953875e-05,0.00033354017466624697,6.568004931128234e-06,0.0069793701166664945,-0.005149078370000559,0.0015321980692898072,-1.762390136111532e-05,0.007512664793333457,-0.00626678466666597,0.002407719451552274,33.0,0.0018342682809090898,2.057600782333034,43.0,0.26155530874731947,0.0004196957668557883,0.0016788567439998126,0.0005905721016621814,2,0.001000620523998741,0.0013297572498739672,0.0001569257463928616
SN 036,N01,107,2.81258417765,2.8185780843083332,0.0020429366317023414,2.817822197806444,0.0015111251553423025,5.3631010476177084e-05,-0.0005957878964442109,-3.202664294765973e-05,0.007684326173333922,-0.009522247313332954,0.002365855891062355,9.829203277778032e-06,0.009732564293333912,-0.015945180256665914,0.00341563937953035,28.0,0.00322222028476195,2.1257807004103926,57.0,0.32959083138570855,0.0004843002762769053,0.0025584581168884846,0.000980851920808826,0,-0.0005957878964442109,0.0015111251553423025,5.3631010476177084e-05
SN 043,N01,233,1.6576339666666666,1.6617127666666667,0.001693721786161321,1.6611617933333334,0.001201347835002179,5.734440476191331e-05,0.000965606666666563,-1.0085399449036188e-05,0.0070396333333333505,-0.005492399999999842,0.0024644098859109968,4.3568055555552136e-05,0.010584633333333038,-0.011699666666666664,0.004258875381038072,36.0,0.0030263064814815,2.014216243383368,64.0,-0.05470202203801927,0.0003849803889564614,0.0018465666666667158,0.00036931748953304895,0,0.000965606666666563,0.001201347835002179,5.734440476191331e-05
SN 012,F02,79,1.61627553304,1.6205969492583334,0.0010839760239657612,1.620501971772889,0.0006913201365181082,8.129846499990315e-06,0.0008532121437778706,4.573433195593632e-06,0.004385503133333524,-0.005996322633333051,0.0015657999251775976,1.2908511694446438e-05,0.009106572469999241,-0.007515843710000691,0.002538190080502347,26.0,0.0021727733120512605,2.4594605545817325,60.0,-0.03773021698169374,0.00015527638263410575,0.0007727220322224504,0.0004376137698566263,2,0.0025596364313336117,0.0013826402730362163,2.4389539499970946e-05
SN 046,N01,347,2.9089286666666667,2.917590566666666,0.002587456739779129,2.91698678,0.0014567013712111832,-0.00016468166666662492,-0.002221113333332969,-3.819118457300023e-05,0.012446333333333559,-0.008751699999999918,0.002807391162531249,5.398055555549952e-06,0.01237566666666634,-0.014668533333333844,0.004128509376311841,25.0,0.004470263999999969,2.5562130604452302,43.0,0.41205343689772717,0.0008174996885136607,0.0038700488888894213,0.0010205478415007596,0,-0.002221113333332969,0.0014567013712111832,-0.00016468166666662492
SN 058,F03,125,3.256666666666667,3.266,0.011679260433264409,3.2626444444444447,0.0032008596728823825,0.0002107142857143085,0.006022222222222151,-0.0004986225895316806,0.030999999999999694,-0.02233333333333265,0.005218933473943501,-5.555555555554943e-06,0.035666666666666735,-0.04199999999999937,0.007281710756878495,15.0,0.008488888888888931,4.5066360330490705,24.0,0.8956550444940914,0.003664236718319074,0.025022222222221835,0.003891824602477019,3,0.024088888888888604,0.008002149182205957,0.000842857142857234
SN 036,N01,100,2.8035054524733334,2.81982638041,0.004970538909206421,2.8196200391964443,0.0020508272657255022,-9.385426844046782e-05,6.710476355564765e-05,-1.7925924517904743e-05,0.017180379233333376,-0.00996297200666696,0.003936611178812833,4.969702827777312e-05,0.020421854653333238,-0.016611480716666627,0.005542721664621544,20.0,0.006458231608333276,2.3878975690517867,45.0,0.6887272891943782,0.0021522555532489554,0.011467251248222787,0.0029191121197337314,0,6.710476355564765e-05,0.0020508272657255022,-9.385426844046782e-05
SN 043,N01,232,1.6569314000000002,1.6607902333333335,0.001438628449705257,1.6603739,0.0022044870414025045,5.310333333332877e-05,0.001660299999999948,-2.032506887052371e-06,0.007830699999999746,-0.006973899999999977,0.002243490859751002,2.753027777777639e-05,0.013865199999999689,-0.014804599999999724,0.004033770884820172,37.0,0.0025745369369369287,1.4185955170882782,68.0,-0.2129489035646073,0.00029838316620558596,0.0013063977777776348,0.00028224448721465487,0,0.001660299999999948,0.0022044870414025045,5.310333333332877e-05
SN 026,F03,92,2.8186500549300004,2.848940404255,0.012355876335669692,2.8534620327404445,0.0008716375852086569,-4.1889917273802655e-05,-0.0014392259371112104,0.00022319867264462752,0.007971700033333473,-0.004478200276666566,0.0018319228869402339,-9.468926305555848e-06,0.007353464763333317,-0.009693654379999472,0.002384069124545729,8.0,0.004446919759166612,3.7826471943594635,1.0,0.9890037454465571,0.011308906252180326,0.03186709933822174,0.002734410652929448,3,-0.0057569037484448415,0.0021790939630216425,-0.00016755966909521062
SN 044,N01,247,2.586775433333333,2.59237465,0.0018294741063807041,2.5921906844444447,0.0015383350360030127,5.572738095241788e-06,-0.0010990511111113044,-1.3836088154269779e-05,0.0075556333333333114,-0.0071022000000002805,0.002531684897442185,-8.666666666693838e-07,0.009365866666666722,-0.013564033333333558,0.004114680700508049,36.0,0.003118909259259247,2.0958255023304417,63.0,0.04839892625612982,0.00033055778810397817,0.0015825511111109414,0.0004789458350942967,0,-0.0010990511111113044,0.0015383350360030127,5.572738095241788e-06
SN 035,N01,78,2.7640716552733333,2.7879205067933333,0.007481456605027478,2.7878595648853333,0.0022864452126369647,0.0001013892037738067,1.3003877999739899e-05,6.246435399445992e-06,0.026303863526666582,-0.029851277666666842,0.008019889697606383,-2.4979909277778044e-05,0.04892985025666663,-0.037607065840000065,0.01076034751617953,21.0,0.012456790984920686,3.0643524358941736,42.0,0.43015303439154046,0.0016073691941098653,0.007892489964222094,0.004435838954609153,0,1.3003877999739899e-05,0.0022864452126369647,0.0001013892037738067
SN 039,N01,154,2.89173812866,2.8948607126866666,0.0009805650966301055,2.8940645853664444,0.0010119542743133407,0.0001382210141309681,0.00034484863355599416,-6.13714380160258e-07,0.0031440734866667874,-0.0027359008766665305,0.00128748546534054,5.694495333337842e-06,0.0051195780466661844,-0.005879974363333318,0.002143303115477123,31.0,0.0018872332826882212,1.9826035196498988,54.0,0.14428672386603061,0.00038451920064426937,0.0016036309131108872,0.00019325203347785047,0,0.00034484863355599416,0.0010119542743133407,0.0001382210141309681
SN 064,F05,12,3.77419306437,3.7974238077783333,0.008272635750661353,3.7925230238157774,0.0018933975096654034,-3.3981686654782627e-05,0.0007997300875555169,-4.9874802286504244e-05,0.01619720459000007,-0.017749023436666622,0.005673486453453848,-2.9756757944439844e-05,0.02647857666000064,-0.03213144938000001,0.008260678173935086,18.0,0.01100405940333308,3.1233534304766,21.0,0.7664709464547701,0.005408279592463985,0.021127319335333627,0.00369942741448289,3,0.0031989203502220676,0.0047334937741635085,-0.0001359267466191305
SN 020,N01,268,3.048280843096667,3.0505584716783334,0.0007789466155095614,3.050779486760889,0.0008411948244347793,7.810865128571478e-05,-0.0007939826108889214,-3.966024077136395e-06,0.0032012939466667945,-0.0027348836266662957,0.0010529148470535534,-1.7967224111107665e-05,0.005829620363332566,-0.004523722333333424,0.0017873771216514486,38.0,0.0012570632133333216,1.7707609312043349,52.0,0.09184162832926396,0.0003300426331138556,0.0012348090282219282,0.0001410392656624239,0,-0.0007939826108889214,0.0008411948244347793,7.810865128571478e-05
SN 027,F03,41,2.4920509338366665,2.5050320943183335,0.006337418403769164,2.4972970581040004,0.0029070410323967484,-4.565011886907515e-05,-0.001812896727333868,1.027130884297249e-05,0.003607940673333143,-0.004291280110000351,0.0012183375203007481,-8.205837666663829e-06,0.0038414001466668957,-0.0037623087599993887,0.0011923947020825666,4.0,0.011986668904166664,15.704041766049217,4.0,0.9812615746763458,0.005086427258199854,0.016292436388221976,0.001206358703519153,3,-0.007251586909335472,0.007267602580991871,-0.0001826004754763006
SN 048,N01,433,2.7143117,2.72310015,0.0018889683932346352,2.7228890666666667,0.0012708092858289015,-7.440619047620929e-05,-0.0009996000000005445,6.262617079889336e-05,0.007432300000000058,-0.004986833333333607,0.0024365815585843877,-7.82777777777836e-05,0.010005200000000158,-0.011201733333333852,0.0038108046096915465,33.0,0.0032399121212121746,1.8214645621384022,62.0,0.08949630246059437,0.0004112997370199666,0.0018331244444445005,0.0005072819478227249,0,-0.0009996000000005445,0.0012708092858289015,-7.440619047620929e-05
SN 011,N01,19,1.86015586853,1.861341540018333,0.0006231772718481728,1.8611112213117775,0.00047347945297418703,2.875237246427623e-05,0.0007636769615557704,-1.9283662534444538e-06,0.0016045888266669195,-0.0020651499433332887,0.0006880445737754478,3.8136376388941963e-06,0.0025196075433335796,-0.0032400767000007047,0.0011885909043679891,35.0,0.0008393423899047292,1.454729833084447,30.0,0.3910530372666287,0.00038710245543942885,0.001123199462000013,0.00012431624595438383,0,0.0007636769615557704,0.00047347945297418703,2.875237246427623e-05
SN 054,N01,492,2.7370419820133334,2.742062505085,0.001274697365773124,2.7421609836142222,0.0011075458917538248,9.010859880950342e-06,-0.0005205112042223625,-8.932486776876904e-07,0.003842926026666138,-0.0044425964333330015,0.001627256817992474,-1.660664877778014e-05,0.006532796223333026,-0.006012471513332951,0.002579778143297596,32.0,0.002278248469062452,1.9282914062235046,58.0,0.19157054525828246,0.00038348571832396447,0.001818220350888744,0.00039015935087497854,0,-0.0005205112042223625,0.0011075458917538248,9.010859880950342e-06
SN 011,F03,86,1.7676072438533337,1.779507891335,0.005332459838702875,1.7858437347397778,0.0006208794144120827,-2.3018064976191137e-05,-0.00032648722311146017,-5.157407650137875e-05,0.004051589966666436,-0.004980723063333414,0.0015055409799109255,1.2392467916660933e-05,0.00483385721666707,-0.005240249636667027,0.00166290505176311,7.0,0.005144082931904746,4.979541609830363,6.0,0.9596014245353954,0.003949523663312001,0.013193249172444688,0.0015295640704125397,3,-0.0013059488924458407,0.0015521985360302068,-9.207225990476455e-05
SN 004,F01,80,1.093866729733333,1.1219420115133336,0.00981499500786243,1.1266576131168888,0.0016344053286987815,0.0003117311567261963,0.0028821309397779604,0.00026907592435261894,0.003742345176666495,-0.0027793884266664737,0.0012437194284921856,-5.276997777729312e-07,0.0041768391900003365,-0.004159800210000286,0.0017490544846840354,5.0,0.004811833699333334,8.878714657662027,5.0,0.9919438203004226,0.007928825341759933,0.030102793375555548,0.0019756172874723387,1,0.005764261879555921,0.002451607993048172,0.0006234623134523926
SN 010,F02,25,3.68524932861,3.6916915893533333,0.0017428181985816942,3.691306474472,0.002416302349355168,-0.00016580763317855594,-0.0011120266386663857,-8.354502286499945e-06,0.005568186443333012,-0.005228169760000068,0.002055969917168472,-3.319846258333555e-05,0.01079635620333308,-0.006936136883333166,0.0030927274258734723,27.0,0.0032737543555554525,2.3778727056264795,46.0,0.3077394487724645,0.00038780735831706796,0.0018391927082221926,0.00044719456546754745,2,-0.003336079915999157,0.004832604698710336,-0.0004974228995356678
SN 034,N01,69,4.270216369626667,4.279734039305,0.003638622225752088,4.278972066242001,0.0031072853197982226,-6.385803226190185e-05,-0.0008394368486666082,-0.00011049380972451731,0.01795603434333337,-0.015496826173333034,0.005293176754966423,0.00010555691191668584,0.024567667639997737,-0.030525716143331216,0.008840109551518406,38.0,0.006098415976929716,1.7179542287648453,73.0,-0.09839973290769796,0.0006973800046607922,0.0030087958440008222,0.0011865625861110997,0,-0.0008394368486666082,0.0031072853197982226,-6.385803226190185e-05
SN 036,N01,110,2.813145446776667,2.8164820353166666,0.0018078945015645696,2.8177108595088893,0.0027123113151124472,0.00021060761952381552,0.008541632757777418,7.040691112947801e-05,0.005857340493333751,-0.007667287190000316,0.00196467094125109,4.334767658333849e-05,0.007960764566667056,-0.008465321860000152,0.0029335743608356795,31.0,0.0025085613292473467,1.8234890246691393,50.0,0.3403191793511512,0.0005442394979340368,0.0022973632813334532,0.00041002912738638265,0,0.008541632757777418,0.0027123113151124472,0.00021060761952381552
SN 031,F04,10,2.929303232826667,2.9403861999500003,0.003913944132370407,2.9423778449151112,0.003133140378722425,-0.0006741968791547488,-0.004121008978444252,-9.149598680440516e-05,0.0028783162433332343,-0.007052103676666643,0.0014738110179412691,2.3110707611114408e-05,0.006347401933333163,-0.0060918172166668505,0.0016834702060482478,11.0,0.0038089636603031237,5.323925828075186,11.0,0.9283376634773411,0.002450838384226614,0.009608578152222158,0.0014123654103244817,2,-0.012363026935332755,0.00626628075744485,-0.0020225906374642466
SN 009,F02,10,3.0562497456866664,3.0657115936266663,0.0023763465941260722,3.065807122123111,0.0009088513717953958,4.3829055130934726e-05,0.0005523342568887202,-1.5866198154273348e-05,0.010307566326666517,-0.006966908769999947,0.002194863063613685,-2.1002027499994467e-06,0.011435699459999782,-0.007578786210000299,0.003022422604738216,26.0,0.00294842842294876,2.8843605741625167,56.0,0.5747254509229469,0.0006839801555572579,0.004405839708444326,0.0015155707448029562,2,0.0016570027706661605,0.0018177027435907916,0.00013148716539280417
SN 040,N01,184,3.073037465413333,3.088084411618333,0.00396463786952175,3.088082444930889,0.0025408856211315144,9.205227803571468e-05,0.0004966057657775913,-8.407046336088767e-06,0.015145874023333672,-0.014798227943333409,0.004229129502376523,1.1105007583334103e-05,0.021896870933332924,-0.01887283324999922,0.00638201369250312,29.0,0.0055640034293103395,2.071273558233085,52.0,0.43500439181168316,0.0011030221755217394,0.0054425557457782325,0.0022766175558875134,0,0.0004966057657775913,0.0025408856211315144,9.205227803571468e-05
SN 019,F02,229,3.0059206644666667,3.0100650787333336,0.0016698174117462054,3.00997560289,0.0015829857731080815,-5.471365761898296e-06,0.001267327203333224,7.984592231406155e-06,0.006313323973333507,-0.006624094646666023,0.002326321873747867,2.9112497972216822e-05,0.010904439289999512,-0.009534962970000116,0.003800317023606652,30.0,0.00327399359777778,2.0857752815168626,56.0,0.035340342845293395,0.0004007582444414147,0.001713562011333103,0.00035810440960012117,2,0.0038019816099996717,0.003165971546216163,-1.6414097285694887e-05
SN 034,N01,75,1.905776341753333,1.9071567535383331,0.0007838561062847836,1.9069330173048888,0.000598345641261324,3.374553855953596e-05,0.0015732489684443518,1.771995187327677e-05,0.002213541666666874,-0.002349599203333108,0.0008137242182334416,4.972881722224247e-06,0.003127288819999574,-0.004563140869999982,0.0013326511968503106,32.0,0.0010971546171875124,1.8800575832195858,33.0,0.4567612239715698,0.0004753155633927495,0.0015413920084441646,0.00014751638874775785,0,0.0015732489684443518,0.000598345641261324,3.374553855953596e-05
SN 025,F03,140,2.8343989054333334,2.8564353942849996,0.009127341656458305,2.8374906582284445,0.0012266851284096535,-6.256194338096448e-05,-0.0009725613051116966,-0.00016230013088154618,0.02062606811333323,-0.016378021239999985,0.005884659213487163,2.692116633332686e-05,0.027587127683333268,-0.033657328286666566,0.010248655735795134,26.0,0.008517710368333256,1.9802599866979795,21.0,0.7908379371728079,0.007177963609891447,0.0247172715928885,0.0021793691880617424,3,-0.0038902452204467863,0.0030667128210241337,-0.0002502477735238579
SN 063,N01,575,2.85180486043,2.8552335103333335,0.001515089040643415,2.855244242349111,0.0009905127539640442,3.709429782143043e-05,0.0027361043275559993,1.946861749311356e-05,0.005444590253333104,-0.007906850179999925,0.002163807876417515,3.256479897222331e-05,0.010117340089999871,-0.013351440433333028,0.0036387316912634008,34.0,0.002809704051274427,1.8297387590159213,62.0,-0.023984209928509612,0.0003045194810230277,0.0015185038239997617,0.0004306480985365024,0,0.0027361043275559993,0.0009905127539640442,3.709429782143043e-05
SN 025,F03,137,2.761482238766667,2.769964218136667,0.0026457087407569893,2.771089697941778,0.0011886263429778253,8.078257241666633e-05,-0.0010218471951115582,-3.458238501377494e-05,0.0032554626466665404,-0.004453531903333197,0.0014427032968052107,-3.4124586305558e-05,0.007708994549999737,-0.0052449544300001705,0.0023179703853902513,26.0,0.002148946126538487,2.314376625278057,28.0,0.8507532975470956,0.0018910785452412606,0.008502146402666444,0.0005623535499457448,3,-0.004087388780446233,0.002971565857444563,0.0003231302896666653
SN 035,N01,77,2.7815177917466665,2.78819096883,0.0017339548854647373,2.7871857367606667,0.0013302057556945704,8.655729785697222e-06,-0.0005651516373337273,-2.6522129366395364e-05,0.005410257973333721,-0.0071525573733333125,0.002105942210071061,-5.484686944442115e-06,0.012562815346667033,-0.009718831379999404,0.0031497962720910258,28.0,0.0031750451951191145,1.9924092189222236,47.0,0.2632685075702747,0.0005859854207045233,0.002212609184666814,0.0005734044795017648,0,-0.0005651516373337273,0.0013302057556945704,8.655729785697222e-06
SN 016,F02,168,2.81611022949,2.819563674925,0.0013631999580257204,2.8194004652215554,0.0015038165015173177,2.349762679762898e-05,-0.0005154249415553203,-1.9596824986224016e-05,0.0027887980133334267,-0.002972412109999212,0.0012414435690834117,1.7299652111109806e-05,0.005461374916666983,-0.003805796309999554,0.0020628827763089093,33.0,0.0016531819047474858,2.3741211622139295,33.0,0.5857746158245543,0.0008676097134610571,0.0032369147413335853,0.00013194919837719506,2,-0.0015462748246659608,0.0030076330030346355,7.049288039288694e-05
SN 018,F02,207,2.9814254760733334,2.9862214406316667,0.0014721656486473423,2.9861389329677777,0.0008314100938958108,8.328755642858113e-06,0.00015740288555532445,-4.62597724518062e-06,0.0046282450366663674,-0.007395172119999849,0.002009506788630967,-7.239447722225586e-06,0.010440572103333157,-0.008562469483333945,0.0034364874049386323,35.0,0.0024845159623809415,1.7917934987753585,60.0,0.07539157729219861,0.0003929739090286151,0.002041575114221761,0.00042380137834998835,2,0.00047220865666597334,0.0016628201877916216,2.4986266928574338e-05
SN 001,F01,1,1.2371540069566669,1.2567202885933333,0.007953145952257134,1.2529626464824444,0.0022135874960099162,-3.013292942858585e-05,0.002438329060889144,-9.92135253771217e-07,0.008727773029999941,-0.009913380943333161,0.0020817590019842017,4.3375104545462045e-06,0.011887486776666956,-0.007472610476666475,0.001924334070905205,13.0,0.01095099816000007,6.357065463751938,18.0,0.9658773593631271,0.0066106831180426035,0.02851173400866669,0.002122643211214405,1,0.004876658121778288,0.003320381244014874,-6.02658588571717e-05
SN 016,F02,181,3.1909497578933337,3.3227214813216666,0.017775273656046066,3.3235402086028887,0.0012937629255235766,-0.0001025136311547722,-0.0019897121862220146,0.0010793449464738263,0.14300587972,-0.13320083618333323,0.021194078885245677,-0.0009048885769444403,0.16214955647999973,-0.27620671590333323,0.030248065886331856,5.0,0.050116577148666686,2.6713579439103743,42.0,0.09074836829306475,0.002219508094474466,0.015246853298666263,0.0076572294008170365,2,-0.005969136558666044,0.002587525851047153,-0.0003075408934643166
SN 063,F05,40,3.0829785664866667,3.09887746175,0.004950663151385261,3.092192196314444,0.0017294118576030495,0.00020499819802379803,0.003479139538888898,-2.930696347107686e-05,0.020100402830000252,-0.010372416180000066,0.0036588556202823154,1.384735105555146e-05,0.016226704913333556,-0.020259602860000836,0.005155138846287185,17.0,0.00683788224764692,3.1936144255768526,27.0,0.7287465771464013,0.0030074727811820984,0.012471618653110639,0.0018426389435711992,3,0.013916558155555592,0.004323529644007624,0.0008199927920951921
SN 024,F03,15,2.3260030110666667,2.409897232053333,0.012950469235171489,2.4093572828486667,0.0019430335088127888,-0.00011963526410713979,-0.00035586886866667555,0.0006859372141597791,0.13261642455999967,-0.04091186523666668,0.014868007864500958,-0.0011089897155555529,0.048512776693333315,-0.15674514770333303,0.018536673256485968,11.0,0.02432764226727273,4.635832376521251,32.0,0.2130839574670615,0.005680249340095026,0.02289250691711109,0.004860831128542452,3,-0.0014234754746667022,0.004857583772031972,-0.00047854105642855917
SN 040,N01,180,3.060683186846666,3.0883502960199998,0.006023443415228373,3.0881299336733337,0.0018227974053137135,-0.0001107606434643027,0.001557413736666291,5.520276785123927e-05,0.04218699137333326,-0.036462910970000095,0.007293272588637525,-5.849202444441204e-06,0.03279902140333313,-0.05526784261000017,0.010391570233402394,21.0,0.009507327609841335,2.4237482365290908,59.0,0.27054272162503784,0.0007752352728384476,0.006323004828889367,0.004469830076468115,0,0.001557413736666291,0.0018227974053137135,-0.0001107606434643027
SN 039,N01,156,2.892376708983333,2.8952518463116665,0.0017475582046980885,2.8947169494615554,0.0008582144616310821,-0.0001032093593333402,-0.0005997212715556088,-9.79757177410465e-05,0.0030253092433336626,-0.009706370036667078,0.0014761761514358927,2.7698940833283576e-06,0.008288828533333792,-0.009377034506667492,0.002192558915829006,25.0,0.0020581766763999986,2.392614548639102,43.0,0.5909996455271228,0.0006521358984458659,0.0027504475904440717,0.00035416432205341916,0,-0.0005997212715556088,0.0008582144616310821,-0.0001032093593333402
SN 010,F02,49,2.63788426717,2.647697957355,0.002492940697978908,2.6473036702453334,0.004332499881676542,0.0004371343340238317,0.00028823852466697275,-6.477629201099077e-06,0.012480926513332768,-0.007036844889999561,0.0026775983571612045,-2.6537577333329842e-05,0.015935770669999183,-0.010081736250000084,0.003953983793936418,24.0,0.0041722615559722604,2.019553111472132,38.0,0.4277008197482277,0.0009853977461684546,0.004014282226889154,0.0008527603886575337,2,0.0008647155740009183,0.008664999763353083,0.0013114030020714952
SN 020,N01,278,3.0328854878733336,3.0475649515766667,0.005117806828784058,3.047685784232889,0.0009615810022577275,3.90261695118989e-05,-0.0008204481328886182,-1.8426143746554823e-05,0.015590413410000004,-0.02399444580000054,0.004704188232410684,-1.7632378472220987e-05,0.027884928386666008,-0.039584859210000545,0.007194248716118274,17.0,0.008859821394509863,2.8045132237656243,43.0,0.5808275102157299,0.0018306669623263411,0.00943225436688877,0.0029010847192339094,0,-0.0008204481328886182,0.0009615810022577275,3.90261695118989e-05
SN 009,F02,2,3.06019922892,3.063239034015,0.0009148883118879757,3.0634576585540003,0.0003513264113503935,1.732054154761948e-06,0.0005504184293330106,1.0258698264462683e-05,0.0036898295099998535,-0.0033808390300000823,0.0009966886703932048,5.293952111114682e-06,0.005205027263333051,-0.005620574953332902,0.001467296194739858,28.0,0.0014063698903571556,2.4305255005825592,43.0,0.40908091151464393,0.00037647276802444513,0.0013458930115555212,0.0004199200076162624,2,0.0016512552879990317,0.000702652822700787,5.1961624642858445e-06
SN 033,N01,335,2.389620433333333,2.3933741166666667,0.00132678462224291,2.3931992088888885,0.0006626426238169674,-1.1715714285693527e-05,0.00034809111111178126,-2.3055096418681596e-06,0.004405233333333758,-0.0046780666666661475,0.0015761469172000167,1.3858055555552676e-05,0.005583433333332888,-0.0056676333333327555,0.002380805072748699,29.0,0.0022983965517241888,2.8308690955440157,56.0,0.29974134820245923,0.0003704802632618763,0.002329184444444188,0.0005565848423914778,0,0.00034809111111178126,0.0006626426238169674,-1.1715714285693527e-05
SN 027,F03,40,2.5237759908033337,2.53389333089,0.004581850523481139,2.530967424179111,0.001758286345122743,-0.00017125447596426805,-0.0025184292257778296,-8.931225652892599e-05,0.00240376790333352,-0.002937062579999594,0.0010552419513411705,9.441375749996706e-06,0.003476460773334189,-0.002252197266666922,0.0012048003649967635,9.0,0.004054542824814877,6.036513625348737,15.0,0.9733894644715523,0.003842008132948817,0.013472052679778468,0.0010285306926742833,3,-0.010073716903111318,0.004395715862806858,-0.0006850179038570722
SN 005,F01,91,1.008002281186667,1.0370166460666668,0.007628151330957798,1.0278540844373334,0.00841255300963076,0.0010743202481666792,0.012253451876000021,3.9770058016529176e-05,0.027123069763333563,-0.033658790589999876,0.00810511326837042,0.00011508623758333392,0.05661741892666616,-0.06078186035333344,0.01467853990685676,18.0,0.012009260389629635,2.649150574952097,18.0,0.43904474226224,0.0057412586975746855,0.019576852586888904,0.003445698354633603,1,0.024506903752000042,0.01261882951444614,0.0021486404963333584
SN 045,F06,3,2.1693929,2.8064155333333334,0.4017700668874255,,,,,0.244288375,0.45048013333333303,0.031136300000000006,0.17839126062386598,-0.13978127777777768,0.12245206666666641,-0.2778582666666667,0.22720737490668988,0.0,,,1.0,0.9425091953184613,,,,3,,,
SN 010,F02,58,1.9837462107333328,1.987390581765,0.0011403658703550135,1.9867237345364444,0.00043145248687728635,5.317824228574043e-05,0.0005052948002224333,-2.5935737741019218e-06,0.002856699626667014,-0.004575729370000392,0.0012599309709979039,-1.8317964333334585e-05,0.005645497640000885,-0.005320866903333554,0.0020566161305300176,30.0,0.0016733593415556654,2.146911732408839,37.0,0.3945478997634255,0.0006733506402281969,0.0021147833928885085,0.00027422957128552786,2,0.0015158844006673,0.0008629049737545727,0.0001595347268572213
SN 047,N01,349,2.4426933,2.470750916666667,0.00519340460661884,2.4702569044444447,0.0005982208206835048,3.811071428581693e-06,0.00013872888888810664,8.80440771345207e-07,0.01852620000000016,-0.0256691,0.0054334812062114424,2.5113888888816937e-06,0.03221386666666648,-0.022369133333332236,0.0071562991380091055,12.0,0.010331855555555528,3.425856252302246,38.0,0.4572080304485525,0.001009928543365954,0.0055243444444439405,0.003967357466922804,0,0.00013872888888810664,0.0005982208206835048,3.811071428581693e-06
SN 049,N01,409,1.7248349333333333,1.72902385,0.001192049391655788,1.7292386022222221,0.000356926730615456,2.2304523809521127e-05,6.644444445758069e-07,1.1217079889808273e-05,0.004527166666666638,-0.0040839999999999765,0.0012442965133189759,-3.899166666667305e-06,0.0051116666666664035,-0.005912233333333239,0.0018670838475721963,26.0,0.0018521269230769705,2.4490778719589716,33.0,0.45818388666930926,0.000532055727469837,0.0018764822222221422,0.0005200082234782433,0,6.644444445758069e-07,0.000356926730615456,2.2304523809521127e-05
SN 011,N01,222,1.8180197397866664,1.8215264638249997,0.001964397114122132,1.821647618610222,0.00038846289281816966,9.016763559532054e-06,-0.0002687835702219754,2.502672600551015e-05,0.018995157880000058,-0.006411997476666986,0.0021348285447227227,-0.00015594906280555672,0.007804997760000543,-0.023943456016666476,0.0026739362159975354,13.0,0.003288337511538555,3.173316147758337,38.0,0.40655494942964343,0.0003998749135025168,0.00242552863222234,0.0007634165115701603,0,-0.0002687835702219754,0.00038846289281816966,9.016763559532054e-06
SN 004,F01,70,1.0910409291566665,1.0994549433366667,0.007521839084148542,1.1055923292355556,0.005488837208936502,-0.001208833966964279,-0.0076832919655556164,4.38217289256227e-06,0.0036975860600001464,-0.0043514251700000894,0.001244670279489965,1.2675391277779575e-05,0.003968048096666843,-0.0035383860266664513,0.0015169836488858415,7.0,0.006525166828571516,7.599460601133991,2.0,0.9863765330730355,0.007191861937361143,0.01942598978666643,0.0012677903468550475,1,-0.015366583931111233,0.008233255813404752,-0.002417667933928558
SN 009,F02,8,0.0410494128833333,0.04203023711666665,1.0827017948182571,0.04120234568755552,9.096820285741014e-05,-1.3520391214283412e-05,2.1744569111081802e-05,-0.02500448995385675,0.03422622680666665,-0.7423473358133335,0.1119562879618093,2.1190345305556005e-05,0.2641631444333334,-0.3236267089866671,0.05400676640226615,0.0,,,1.0,0.9948225568871512,0.851546683196824,3.018984031942,0.36708843757193765,2,6.52337073332454e-05,0.00018193640571482027,-4.0561173642850234e-05
SN 014,F02,121,3.218266042073333,3.236383183796667,0.004154421476835697,3.233950737845778,0.00680089782269895,-0.0007804243905119404,-0.0021353997124449187,-4.444595209366509e-05,0.015325164793333457,-0.021301523843332948,0.004862450256977264,0.00010598076711110978,0.025800069169999773,-0.023018900549999444,0.007117477821383836,22.0,0.007737512299393981,2.5874491873738816,47.0,0.317284918513344,0.0007479723092058704,0.004211985269777951,0.0018709789429581674,2,-0.006406199137334756,0.0136017956453979,-0.002341273171535821
SN 034,N01,72,4.267401123046667,4.278784688311667,0.002760645209480664,4.278852912053334,0.003602541063751475,-3.2671973761885395e-05,-0.003101162380000133,6.90134431955957e-05,0.013303629556665975,-0.01465148925666604,0.003856124231276815,-0.00013990190294443187,0.022272237139999262,-0.026896158853332075,0.006205069093323171,29.0,0.0055027753450573565,2.2128286656432823,56.0,-0.045823456722832404,0.0005387396759890024,0.002424418131110606,0.0007532595840843017,0,-0.003101162380000133,0.003602541063751475,-3.2671973761885395e-05
SN 015,F02,147,2.9346997578933336,2.9512803395566665,0.0027667435745098996,2.950877431232222,0.0007166368627744146,-1.5578497095242965e-05,3.96219877778492e-05,-6.9757466942142385e-06,0.01712773640999954,-0.017137145993332936,0.0035883733182833326,3.465016694440918e-06,0.034264882403332475,-0.01648000081666634,0.005373515985167703,19.0,0.005248019569298218,4.2984430910176155,59.0,0.16572450469198186,0.0003573545590432873,0.002314097086221878,0.001675916319512551,2,0.0001188659633335476,0.0014332737255488292,-4.6735491285728894e-05
SN 045,F06,4,0.6058572000000001,0.6435429,0.011387194059609923,0.6367976577777779,0.021272751539676355,-0.003938361666666663,-0.030940457777777763,-0.00030926222222222113,0.04811910000000008,-0.030904299999999885,0.011051871540556485,-3.161176470588267e-05,0.05262476666666671,-0.0754204666666668,0.016280309999474073,22.0,0.018294971212121213,2.5387901665879173,28.0,0.5116542703753919,0.0026795507651845747,0.011831742222222164,0.005332672813403743,3,-0.12376183111111105,0.053181878849190886,-0.015753446666666653
SN 025,F03,132,2.847212219236667,2.857175064085,0.004995388364896476,2.8548448011595555,0.0020852930981005544,0.00022268749419046235,0.003548295763777798,5.260919407713551e-05,0.00588048298999988,-0.0058987935400001135,0.0022764704252606393,-5.186504786111046e-05,0.008998107913333442,-0.007665506996667126,0.0034362607411384024,24.0,0.003937074872777724,2.7132340054649315,13.0,0.8964543154941045,0.0042032219731864915,0.01333491007488874,0.0012463418661384773,3,0.014193183055111191,0.005213232745251386,0.0008907499767618494
SN 055,N01,516,3.1516138712533333,3.1698310852033336,0.004848627778319718,3.1728659905311107,0.005281577410371748,0.00046252931854761254,0.01305472479888925,9.224211217631227e-05,0.015312957763333301,-0.013333892823333304,0.004934342016125002,6.43836127222223e-05,0.020163726806667004,-0.018512471516666018,0.006990164571540338,25.0,0.007680257161333426,2.6074859838749376,52.0,0.459085428278671,0.0008643195127998621,0.005458204481555207,0.0021230013946551655,0,0.01305472479888925,0.005281577410371748,0.00046252931854761254
SN 046,N01,297,2.907454935706667,2.918206024168333,0.002150026002554251,2.9179953681084445,0.0014427827973030743,9.746733161906423e-05,-0.0010436164017777472,7.84860826446278e-05,0.012846374510000036,-0.007754770913332987,0.0025532710494108276,-4.933039349999483e-05,0.010099538166666644,-0.014465586343333392,0.003828916558674898,32.0,0.0033268451689583284,1.9232193953017656,54.0,0.21943308411580958,0.0005434122655150614,0.0019284735780003004,0.0005510381205206278,0,-0.0010436164017777472,0.0014427827973030743,9.746733161906423e-05
SN 025,F03,59,2.8884595235166666,2.9034639994283333,0.008254892133987146,2.916671057806,0.0015421824605343516,0.00031727563769048706,0.0026600477439999715,0.00024960520512396677,0.0030685424799998806,-0.0023264567066667574,0.0010506690646587377,-1.5936957472225306e-05,0.0033638000533335877,-0.003719329833332896,0.0017306308498598955,6.0,0.0025243547227778627,4.188507172405508,3.0,0.9917375353908177,0.007068324921333537,0.02624655829600009,0.00046983574167729173,3,0.010640190975999886,0.003855456151335879,0.0012691025507619482
SN 015,F02,159,2.93999735514,2.9505755106600002,0.004170817417201422,2.9525234307164445,0.006610793007897501,-0.00020621708472618063,0.0042074754502223755,3.8504272121214264e-05,0.01239903768000028,-0.01515680949000009,0.005077682783780727,-1.4665391666612848e-06,0.022678883873333167,-0.02414143880333386,0.007432592594642444,24.0,0.00866826375347222,2.458806461433999,50.0,0.2593669512356916,0.0005083914229914107,0.002893422444444571,0.0017561052887241607,2,0.012622426350667126,0.013221586015795001,-0.0006186512541785419
SN 049,F05,31,1.8456653594966668,1.8691317876166664,0.004579134016399325,1.864729198878,0.005873397948227634,6.761687141665045e-05,-0.0035653601746667984,-8.463688790633863e-05,0.013790384926666732,-0.018100102739999624,0.0037000364851195286,8.592605611111119e-06,0.030768076576666026,-0.01951459248666665,0.004808540196335643,8.0,0.011598507562916638,6.0639819233795675,17.0,0.6716195822697054,0.0018588001696806236,0.008542734781777472,0.0024520710926170643,3,-0.014261440698667194,0.014683494870569086,0.0002704674856666018
SN 010,F02,41,2.643626912433333,2.6472232818583334,0.0011661630722952885,2.6462217034220004,0.0015896094396810438,-5.306153064283154e-05,-0.000840284558667026,-2.0542617658400436e-05,0.0034207661933334244,-0.0029431660966663387,0.0012742800362454821,6.595187722217381e-06,0.005324045816667233,-0.004706827796667312,0.0020567502851141107,29.0,0.001885960019770146,2.8864570942753813,35.0,0.4016831112574564,0.0006116832888321007,0.002282850476888587,0.0002399731460467838,2,-0.002520853676001078,0.0031792188793620876,-0.00015918459192849462
SN 002,F01,29,2.23926671346,2.265341695148333,0.012087339343355165,2.252889014348445,0.004854929262928994,-0.0010192871094523777,-0.010839860705111448,-0.00010084882584021855,0.013227589926666283,-0.015512339273333176,0.004185428558740728,-4.0592617472223756e-05,0.020924123126666583,-0.019333902996667263,0.005848297955199792,13.0,0.01235699775871797,3.9961765950008132,6.0,0.9393187562593004,0.009220628513722452,0.03112306382888841,0.0024398043177171957,1,-0.021679721410222896,0.0072823938943934905,-0.0020385742189047555
SN 026,F03,36,2.871362813313333,2.8922196706116665,0.01024759493083468,2.9066989813895554,0.001899366554524179,-0.00020467667348810382,-0.003187679716222025,7.980809066115475e-05,0.0074228922533330355,-0.007633209230000215,0.0024105957718027274,-6.569756416663353e-06,0.0087122599299998,-0.008961232503334138,0.0031024389392442465,9.0,0.006874480071111183,4.803853838023882,4.0,0.9724101599219894,0.009027552573950853,0.03215060763844413,0.0020414163106483095,3,-0.0127507188648881,0.004748416386310447,-0.0008187066939524153
SN 011,F02,70,1.9830073038733331,1.987799390155,0.001164927856045839,1.9878513505706665,0.0007093528001929336,7.28243867857335e-06,-0.0006594509539996629,-9.31290553718617e-06,0.0040021260566664996,-0.002842839556666421,0.0010550153773927662,-7.987552222223544e-06,0.0035383860233324516,-0.004450480139999602,0.0015276460013543536,29.0,0.0014679393545975396,1.842941985888077,47.0,0.5924677880382263,0.0005186499226275528,0.0024916670051109424,0.0005948269831635933,2,-0.0019783528619989887,0.0014187056003858672,2.184731603572005e-05
SN 040,N01,182,3.084770202636667,3.087117513018333,0.001145567846877807,3.0862666151242224,0.0008969089588919699,-4.8312232583322e-05,8.795844244380291e-05,-1.5241974958679077e-05,0.0032323201499999676,-0.0031890869133333055,0.0013973718664245123,7.57429336110486e-06,0.005138142903333698,-0.004802703856666923,0.0022775451355293236,34.0,0.001946460499607848,1.8666754945003297,47.0,0.2579634505968354,0.000521076017152754,0.002033776177555957,0.00011906056076047911,0,8.795844244380291e-05,0.0008969089588919699,-4.8312232583322e-05
SN 010,F02,46,2.6410346984833333,2.6474127451566662,0.0018401424718316399,2.647371232773111,0.002246546745826485,-7.645107454762322e-05,-0.0026512824164446336,-2.3365283471074146e-05,0.013046773276666812,-0.005254364013333568,0.0022691764483376924,-3.394232855555475e-05,0.01374384562666675,-0.017336527510000366,0.003558435806404562,28.0,0.0031365530828571125,2.1380050595580964,47.0,0.24006001764287713,0.0004131005842780047,0.0017829555935557906,0.0008141615122447656,2,-0.0079538472493339,0.00449309349165297,-0.00022935322364286964
SN 036,N01,112,2.81531270345,2.8193866729716666,0.001689367549849175,2.819527333576,0.0008849298548483193,7.373264869048323e-06,0.00011047363399985244,5.506615344351165e-06,0.0082641601566662,-0.007551320393333061,0.002010855424958395,-2.710554333333522e-05,0.011300150556666111,-0.012629191079999824,0.0031118523427880553,31.0,0.0026089575984947085,2.0041035512440044,55.0,0.2971424058747027,0.00036196468726426795,0.00181499905088911,0.0008861715463376091,0,0.00011047363399985244,0.0008849298548483193,7.373264869048323e-06
SN 010,F02,50,2.6419807434066667,2.648543421425,0.0018307460017506516,2.647779524059111,0.0008695694993949596,-0.00013203757158333535,-0.000546196832444501,-2.4298465619833515e-05,0.008494313559999966,-0.006303660076666606,0.002118599331019802,1.4557308611110968e-05,0.010660044356666898,-0.014797973636666573,0.003356096213297561,25.0,0.0033090311688000183,2.4194022919283382,41.0,0.3323336848636105,0.0007752796648733274,0.002827758788666923,0.0006236697045742171,2,-0.001638590497333503,0.0017391389987899191,-0.00039611271475000604
SN 026,F03,38,2.5053342183400003,2.5591700235983335,0.017626130508485185,2.5716727701806668,0.0028496926097796413,-0.0003056735085119055,-0.007430216470666551,7.29731620110199e-05,0.010964711506666891,-0.007995096843333105,0.003178633757902225,-1.3319651249995198e-05,0.005994415283333332,-0.005966695149999257,0.0020470111665076285,4.0,0.017800521849166584,12.119444588427172,3.0,0.9838595352567354,0.015969729511037523,0.05135984632777779,0.0045831444546606745,3,-0.029720865882666203,0.007124231524449103,-0.001222694034047622
SN 046,N01,298,2.8922378540033336,2.9172051747616665,0.004936664100676856,2.916248202852222,0.013013966192858578,-0.0011051931835357116,0.0007411872011107157,-5.0072367851242296e-05,0.016353607176666785,-0.013813527426667083,0.0036246097170456798,3.3223893888882175e-05,0.01832962035999941,-0.01263783772999938,0.0043007828717307305,18.0,0.00551771941055564,2.4524875811031492,53.0,0.731114199688479,0.0008645332333129094,0.005011732313555672,0.0035647243524296315,0,0.0007411872011107157,0.013013966192858578,-0.0011051931835357116
SN 048,N01,353,2.721856433333333,2.7278996666666666,0.003155506197216848,2.727667933333333,0.0019410996316522127,5.5145714285739376e-05,0.00029100000000026327,-0.00015302066115702404,0.008014199999999416,-0.01079380000000052,0.003531996143462085,8.733750000000281e-05,0.011756400000000777,-0.011692266666666562,0.00501857091102574,29.0,0.0051885908045978275,1.998935127425385,58.0,0.2782228612574466,0.00036285044600243747,0.0018036222222224119,0.0007329411279759668,0,0.00029100000000026327,0.0019410996316522127,5.5145714285739376e-05
SN 025,F03,31,2.825538126626667,2.838064066566667,0.00469318604247519,2.841020711261111,0.0016081619058211942,-0.00019498461771430315,0.0007161458322215708,3.841599812671635e-05,0.0035260518399997665,-0.0032910664866667716,0.0014281122312590174,-2.6173061944449275e-06,0.006487782796666952,-0.004520161946666601,0.0022012741551675416,21.0,0.0023487757122222404,2.8175139709389687,2.0,0.9538347901324226,0.004407732354388714,0.013143920898666561,0.0008012110033688076,3,0.002864583328886283,0.004020404764552985,-0.0007799384708572126
SN 004,F01,74,1.09625663757,1.1049287160233334,0.003910041129608458,1.1074620649533335,0.0009810382104347758,-9.680339279760244e-05,0.0009632025833330449,3.671567303030213e-05,0.0036543528233332623,-0.0037021636966663163,0.0012921320766333603,-1.0306040416670677e-05,0.003980509439999835,-0.005670166013333144,0.0017347588905705991,12.0,0.0035745938622221973,4.507977673292343,9.0,0.9456347317008253,0.003137388828315805,0.010846235486666744,0.001131077851198704,1,0.0019264051666660897,0.0014715573156521638,-0.00019360678559520489
SN 049,N01,383,1.7272819333333334,1.7318914333333333,0.0011088015122813612,1.7320767422222223,0.0005143608461713391,2.7491190476187325e-05,-0.0007465088888889415,2.4286501377399277e-06,0.003387600000000157,-0.0044478333333330955,0.0011065274187688082,-6.983055555555747e-06,0.007805800000000085,-0.004693366666667087,0.0017265073778228981,24.0,0.001629395833333334,2.318709560387878,30.0,0.5051255671734121,0.0005348125781831966,0.0021671800000002683,0.0005648318737387965,0,-0.0007465088888889415,0.0005143608461713391,2.7491190476187325e-05
SN 029,F04,4,2.2690409342433333,2.273571650185,0.002798187339485631,2.2744177246075554,0.0022410737874810466,0.00047416687021428755,0.0033430989591107796,-3.529908570248517e-05,0.002045186360000617,-0.0019399007166667204,0.000740653752123625,6.402333555555195e-06,0.0029863993366663344,-0.0018470764166664821,0.0009562976639570478,6.0,0.003083080715000038,4.901554219418302,8.0,0.9641941574038424,0.0018918228240481342,0.007702755398222738,0.0006526139437539667,2,0.010029296877332339,0.004482147574962093,0.0014225006106428626
SN 011,N01,25,1.8607618967666668,1.8626748402899997,0.0006971673039782139,1.862002673677111,0.0007435087539657372,6.712504795240358e-05,0.00028344895955578764,-5.939578236914074e-06,0.001919809976666853,-0.0025135040299999467,0.0007758668041482641,4.895528055566996e-07,0.0037362416599999726,-0.003947957359999865,0.0012795612477850629,32.0,0.001045457521979272,1.934487650142351,43.0,0.38449571895626244,0.0003603502014224225,0.0012227630613332874,0.00014311736883403976,0,0.00028344895955578764,0.0007435087539657372,6.712504795240358e-05
SN 011,F03,88,1.7409788767466667,1.7497468312566666,0.008332954367580483,1.7465637800411111,0.0027703615670227446,-0.00010628836492857427,-0.0042848544644444875,-0.00022903841716253275,0.005472183229999983,-0.005203247070000083,0.0018720145841065283,-2.070109049999898e-05,0.004499816889999897,-0.004952875773333254,0.001912755015127886,12.0,0.005791939629722224,5.27887162555172,3.0,0.9744152839025828,0.006365871659390334,0.019848293728222055,0.002242316480605183,3,-0.01713941785777795,0.006925903917556861,-0.00042515345971429707
SN 054,N01,503,2.6916788736966666,2.7396036783833333,0.013244035381915297,2.737892489962,0.009567954608147324,0.00021091007051189382,0.004815589057999947,9.560072719007868e-05,0.06081695556666622,-0.049708302816666716,0.014861112398114492,1.3457404249998342e-05,0.07039922078333305,-0.07033208211333397,0.019715644694382507,20.0,0.025773824055999973,2.8630658106837874,45.0,0.374571844002687,0.0017436935674500099,0.008733808729556092,0.007488463108573711,0,0.004815589057999947,0.009567954608147324,0.00021091007051189382
SN 009,F02,9,3.0569608052566664,3.0655902862533333,0.0021022052354276377,3.064585486516444,0.0006590102352626196,8.375531163095876e-05,0.00012296888688911878,-1.3720299586775391e-05,0.011326344806666722,-0.00999374389333374,0.0017928192387962087,5.4762098611068255e-06,0.009016672766667178,-0.02132008870000046,0.002623987027689733,11.0,0.00340222445393938,3.535750067937879,27.0,0.6388737209685491,0.000817778678470512,0.004049631753777927,0.0015364901209486937,2,0.00036890666066735633,0.0013180204705252393,0.0002512659348928763
SN 040,N01,179,3.08625717163,3.0888388315833333,0.0014418938607957622,3.0873778618688887,0.0008058498533789034,3.154391273802697e-06,-0.0011082288955557296,-1.9086096887054508e-05,0.005191040039999706,-0.00495452880999947,0.0015183330918845223,-2.3367140027782025e-05,0.010145568849999176,-0.0068420410166667445,0.002619980069849186,35.0,0.0019145929248572534,1.6581957906406304,34.0,0.4426453275631977,0.0009980520419110885,0.003043060302444278,0.00023504982424085648,0,-0.0011082288955557296,0.0008058498533789034,3.154391273802697e-06
SN 038,N01,135,2.53880767822,2.5555658976216664,0.00354369259335171,2.553981492782889,0.0033781203712500885,-0.00018109003694045508,-0.0028614976662226788,-2.8310728457305665e-05,0.016195424396666436,-0.016059366863333757,0.00356170322471823,-8.051130500001206e-06,0.01867039998666664,-0.022524007163334137,0.004667673273547301,18.0,0.005785030788333417,3.087714726621888,50.0,0.49607437861701603,0.0007387851714530477,0.005046708848444936,0.0023336805608629592,0,-0.0028614976662226788,0.0033781203712500885,-0.00018109003694045508
SN 049,N01,411,1.7275321666666663,1.7300694,0.0008952100514496415,1.7304118355555558,0.0006365866122024792,1.6910119047633794e-05,0.00017056444444429886,2.1058402203856416e-05,0.002133066666666794,-0.0031666999999999668,0.0010701853735952153,-2.1221388888890507e-05,0.0039192333333342155,-0.004966999999999944,0.001595864507567498,28.0,0.0016615785714285997,2.0317381262064194,45.0,0.27468804355204857,0.0004161758091271701,0.0012938666666666432,0.00026810095350157225,0,0.00017056444444429886,0.0006365866122024792,1.6910119047633794e-05
SN 011,F02,62,1.9844712575266668,1.9876478830966666,0.0007915304994855161,1.9875836096853332,0.0012572785821909143,-7.405644380950275e-05,-0.0015418412953331906,-5.86391482093515e-06,0.0023899078366664828,-0.0050332387266665,0.0009813813674532871,1.6604529499997246e-05,0.006603749589999763,-0.005094909669999481,0.0016252539892054436,30.0,0.0011564805773333297,2.0009662093339218,42.0,0.22111277893999234,0.0003380055591754025,0.0012731340197775776,0.00023031507450494066,2,-0.004625523885999572,0.0025145571643818286,-0.00022216933142850826
SN 003,F01,42,1.2490661621066663,1.285504341125,0.015161681016585722,1.2763500552686664,0.005881036914510052,0.0012217957632738006,0.011299862331333621,0.00018818122294765835,0.011830266316666727,-0.010584386190000128,0.004339417200146625,-4.137674966666431e-05,0.0146204630566662,-0.01957028707000008,0.005312633599226149,13.0,0.013713494325128216,4.091668446431552,9.0,0.9591239182246017,0.01253804894291376,0.04497250027088873,0.003897323387515255,1,0.022599724662667242,0.008821555371765079,0.0024435915265476013
SN 006,F01,109,1.4818041483533333,1.4983645757033333,0.00948357733362968,1.4982062021875557,0.002982697892661284,8.64492143928546e-05,-0.0002635955808889534,-4.937668476583904e-05,0.005351638793333446,-0.0051692962633334005,0.0017068466854255368,1.97092691944456e-05,0.005359395343333517,-0.0039635976166663145,0.0015742092697808919,5.0,0.010105031331333248,6.446811206500563,7.0,0.9839228714177009,0.008749916441775911,0.030263476901777775,0.002559653127856187,1,-0.0005271911617779068,0.004474046838991926,0.0001728984287857092
SN 044,N01,252,2.5594558666666667,2.5634696833333335,0.0014736634322831202,2.5621625577777776,0.0014404342741022563,-7.107261904748529e-06,-0.000890657777777637,-2.2846280991737373e-05,0.004746999999999613,-0.004814133333333359,0.0018580714984966166,-1.1251111111113914e-05,0.007815266666666876,-0.0070896999999998656,0.003051304654645506,34.0,0.0024717784313725453,1.8227988484795374,55.0,0.20384198614722396,0.0005274281488737643,0.0022702577777775623,0.00018924299988009496,0,-0.000890657777777637,0.0014404342741022563,-7.107261904748529e-06
SN 028,N01,392,3.350037866666667,3.3564108333333333,0.001891136303503528,3.3569666555555555,0.0007572757876285634,7.398976190475645e-05,-1.7888888890205124e-06,1.5401652892562615e-05,0.004690033333332622,-0.006742599999999932,0.002093271152260503,-3.805777777778167e-05,0.010834266666666093,-0.0075732333333333735,0.003228231630772217,27.0,0.0032832876543209544,2.3514025009311803,47.0,0.39121053335205475,0.0009433798767893601,0.0028825933333331832,0.0005433969927124126,0,-1.7888888890205124e-06,0.0007572757876285634,7.398976190475645e-05
SN 033,N01,424,2.2946434,2.324780516666667,0.004675130170604501,2.3252237844444448,0.0006687239944536305,-5.4353809523820034e-05,0.0003438155555550715,3.2860881542697916e-05,0.022506966666666184,-0.025345099999999565,0.004528197002813564,3.530916666666754e-05,0.024595633333333478,-0.02842786666666619,0.005844824175676593,8.0,0.008056416666666621,2.327123276106578,13.0,0.5341093388097299,0.0020094528443662424,0.007516968888888531,0.003602410297013156,0,0.0003438155555550715,0.0006687239944536305,-5.4353809523820034e-05
SN 049,N01,410,1.7644968666666665,1.76624195,0.0007017681607424462,1.766604011111111,0.0003019969446035655,9.32273809523384e-06,0.00018128888888901962,1.2321763085398988e-05,0.0013633666666670319,-0.0012654333333332879,0.00055311109124107,-5.07750000000029e-06,0.0018919666666659118,-0.0019386333333337724,0.0008713174366279042,32.0,0.000775580208333293,1.9628907040692474,23.0,0.6889682145910291,0.0005309029741546312,0.0014993911111109703,0.00011484213438274405,0,0.00018128888888901962,0.0003019969446035655,9.32273809523384e-06
SN 064,N01,585,3.1602218627900003,3.182943216958333,0.006026363236982914,3.185672929550222,0.0074922283684214904,-0.0008714730398571511,-0.0013129340268887013,-2.236274325067984e-06,0.011241149903332914,-0.01571960449000054,0.004280479254112353,3.3931732194447675e-05,0.014657847089998732,-0.022768402103332974,0.0053193604202652275,14.0,0.009455235800000057,2.7846894008520473,44.0,0.749684430773775,0.002021831261981134,0.011697285970222016,0.003686994195621456,0,-0.0013129340268887013,0.0074922283684214904,-0.0008714730398571511
SN 025,F03,23,2.9014615376766666,2.9053152720133335,0.0021864504995700593,2.910037706161555,0.0013022078900073906,-5.980446227379365e-05,-0.0012707689082218643,2.4847025371898814e-05,0.0029370625800000383,-0.002747090656666895,0.001140295991621805,2.0747714722231986e-06,0.004325358073333341,-0.004935963946667066,0.0018648843661561473,26.0,0.0017467205344871774,2.4454318087979434,18.0,0.8640822839382228,0.0016678973325085146,0.006738043891110657,0.00034330973028683955,3,-0.005083075632887457,0.0032555197250184764,-0.0002392178490951746
SN 024,F03,8,2.3662501017233333,2.3961827596016665,0.00921809928767614,2.400926072861111,0.0035331498242883396,-0.0006938189552619077,-0.0025567287877779066,8.664301931129694e-05,0.011301676430000018,-0.01935984293666637,0.003996120788322412,4.032982722216675e-06,0.017597707113333527,-0.019603983563332594,0.004493370330416884,11.0,0.01022909915787882,4.045329869908391,9.0,0.9065164434571521,0.007674239034667422,0.024543287488667076,0.0029455500648036493,3,-0.010226915151111626,0.00883287456072085,-0.0027752758210476307
SN 002,F01,25,2.2045753479,2.26296259562,0.03084945893273886,2.273733011880222,0.006180122074170952,0.0005496188572381068,-0.004695383706888823,0.00015208977314049504,0.017948404946666496,-0.01532999674333313,0.006024171554038498,1.4620886916668259e-05,0.02466328938666651,-0.016911570233333784,0.007045712212771416,10.0,0.02020688374866677,5.363116149462764,1.0,0.9810769535273066,0.030056971300389815,0.09299709743888895,0.004024965264030569,1,-0.009390767413777645,0.009270183111256429,0.0010992377144762135
SN 042,N01,263,2.7976003,2.8257640666666664,0.0069034870998211225,2.8277053666666663,0.00372945562947386,-0.00033146523809525523,-0.004354099999999583,-5.139449035812584e-05,0.04443463333333364,-0.020166766666666724,0.006449194545587827,-9.050583333333195e-05,0.04061640000000066,-0.036414133333333876,0.008064796076937737,19.0,0.0103631421052632,3.2876007739709756,41.0,0.5664766704550455,0.0019113874127724903,0.011841139999999584,0.004083718517164165,0,-0.004354099999999583,0.00372945562947386,-0.00033146523809525523
SN 054,N01,507,2.7172622680633336,2.7389925638816663,0.0051792040293311475,2.7386940511051114,0.0012566523970633943,4.210880828570605e-05,-0.0015127054851111765,-2.045014022034787e-06,0.01337738037333347,-0.013343048096666532,0.003909571781012649,-2.8124915222219975e-05,0.02052332560666681,-0.013473510743333694,0.004965012745959334,16.0,0.008157030741041682,3.682487063065224,38.0,0.7172151752467082,0.0017226594381517198,0.008730180528222053,0.003236235055766774,0,-0.0015127054851111765,0.0012566523970633943,4.210880828570605e-05
SN 039,N01,155,2.87786127726,2.8963818868,0.003307773438628871,2.8963107638873336,0.0006975332151870919,1.0151635976187098e-05,0.0007002936459996612,4.807359258952859e-05,0.015994771323332824,-0.009140523273333034,0.002326141440303116,1.884672377778044e-05,0.011287689210000007,-0.012856801353332337,0.0028341967385520864,16.0,0.003065458934166765,3.842403212574446,51.0,0.7525339472087327,0.0005600290437824888,0.0048026869033335196,0.0017431464099088875,0,0.0007002936459996612,0.0006975332151870919,1.0151635976187098e-05
SN 049,N01,403,1.7597132333333334,1.7651894833333333,0.0014938351522375344,1.76554094,0.0007730968770463362,-1.5550952380935907e-05,-0.0011762066666665127,3.9834710743937833e-07,0.007956566666666554,-0.00572103333333307,0.001774218958792277,2.51727777777803e-05,0.008566033333332834,-0.009220500000000076,0.0026144194348721944,28.0,0.002459884523809535,2.180808870556344,42.0,0.29895874522808075,0.0005741220477269144,0.0019336755555556806,0.0004526877819039403,0,-0.0011762066666665127,0.0007730968770463362,-1.5550952380935907e-05
SN 017,F02,187,3.24031117757,3.31949144999,0.012545080049563725,3.3197189500584443,0.001481844935907577,7.034483345228334e-06,-0.00049491034511151,4.7779345977956426e-05,0.06337102254333349,-0.08682759603000001,0.013860143413730961,-0.0002231788635000028,0.1501986185733335,-0.06090876261666667,0.019602702361518985,10.0,0.029164352416333462,2.1840866866054185,46.0,0.3941854480149956,0.001645655094316986,0.00994057549333327,0.0088666528337958,2,-0.00148473103533453,0.002963689871815154,2.1103450035685002e-05
SN 044,N01,243,2.581586933333333,2.5966588333333336,0.0045933511955913815,2.5955958888888886,0.003870452342000632,5.725142857144126e-05,0.002246744444444726,-3.38444444444308e-06,0.01293663333333317,-0.014583100000000293,0.004262804468744479,2.009691876750678e-05,0.017013333333333325,-0.023255666666667008,0.005441173393692442,22.0,0.007433128787878768,2.302041340590973,48.0,0.5725438502852497,0.0009935072815230874,0.005440402222222307,0.0027844789839944427,0,0.002246744444444726,0.003870452342000632,5.725142857144126e-05
SN 054,N01,504,2.7249900817866664,2.738240687051667,0.0029457010284544326,2.738252512612222,0.00447661040371484,8.146286017857163e-05,0.0042605082211109035,8.466946520661017e-05,0.011843363443333477,-0.013881174723333167,0.0032266693825644204,-2.5577545138892136e-05,0.011811828610000408,-0.019728851319999574,0.004468816825210537,24.0,0.004699855380555618,2.523474831664816,47.0,0.3893687407475082,0.0005891909208481148,0.0032067362468883864,0.0015310914204028111,0,0.0042605082211109035,0.00447661040371484,8.146286017857163e-05
SN 018,F02,204,2.9647491455066666,2.986123275755,0.005786677659833095,2.9857734001988887,0.0015185261803270038,-4.829770041666625e-05,0.0007609727644446451,1.4155364242423269e-05,0.014733123776667245,-0.02027180989666677,0.004642153538540933,-9.199778249994554e-06,0.014230855309998791,-0.02665812174666682,0.005533857664619261,18.0,0.007279982390555532,2.568775482546148,49.0,0.680822422222558,0.0016496372390253445,0.011274414062221627,0.004049836308339096,2,0.0022829182933339354,0.0030370523606540077,-0.00014489310124999875
SN 020,N01,282,0.0097563432033333,3.0459059397366666,1.3336910663431307,0.5725578727177777,0.8011560692616435,0.15602865321005951,1.7191751696788886,-0.006372881592479338,0.4018857955933335,-0.4894560178133333,0.12741198917762678,0.003236732482916662,0.2243524114300001,-0.2019037882500001,0.048335012135771425,0.0,,,2.0,0.9954665727454008,1.2978557701994704,3.044360590680889,0.34868415100338285,0,1.7191751696788886,0.8011560692616435,0.15602865321005951
SN 012,F02,85,1.6184319814033332,1.6206835428866668,0.0008665594346481405,1.6201338450097778,0.0007530977666089434,-4.8259553547620935e-05,-1.0681153110869701e-05,-8.049746831934551e-07,0.002886072796666639,-0.003230794270000059,0.0012188186691944032,-1.6977522111109403e-05,0.005415089923333838,-0.00442123412999984,0.002047017829963013,36.0,0.0015774797510184995,2.1982609264703035,56.0,0.017310678489226558,0.0002137548451149084,0.0008745235860001532,0.00010495232787414216,2,-3.20434593326091e-05,0.0015061955332178868,-0.00014477866064286282
SN 039,N01,163,2.876929219563333,2.8954413096083336,0.004976074092775211,2.8952230326317774,0.004700321597849322,-1.3825552845246415e-05,0.0016117858882225278,2.3506101487601653e-05,0.023536682126666708,-0.022504170736666662,0.006888779619385495,5.9204101583339625e-05,0.02174199422333345,-0.035207621256666766,0.010308146755893114,24.0,0.009869321187222188,2.4321951323475424,59.0,0.04901734374990652,0.0005373674601394052,0.003286827934666281,0.0032231430292652915,0,0.0016117858882225278,0.004700321597849322,-1.3825552845246415e-05
SN 049,N01,382,1.760551166666667,1.7622628333333332,0.0006561428108107589,1.7628324466666667,0.0005655331164852522,1.3778928571426103e-05,0.00014705333333320247,1.3952617079886084e-05,0.0017846666666665456,-0.001860933333333481,0.0007480701200267847,5.44722222226938e-07,0.0025495999999998187,-0.0034762000000001514,0.0012162079431419848,34.0,0.001034960784313676,1.8537276292565594,47.0,0.34612961380242246,0.00040001513773318823,0.0012131355555555778,0.00010723103166937839,0,0.00014705333333320247,0.0005655331164852522,1.3778928571426103e-05
SN 020,N01,272,3.02887903849,3.0504782358783333,0.0050134655363861975,3.0502219306080005,0.0005528502410825782,-3.1577518976206545e-05,-0.0006367153580004725,-6.717229999999281e-06,0.010167185463333617,-0.010211944579999965,0.002941635374107389,-1.0670555944443845e-05,0.013236490889999786,-0.009939066569999877,0.003190770517922308,7.0,0.009617796398095266,3.6309034360693464,46.0,0.8292632508440088,0.002006844332594967,0.009260186089333544,0.0035924324815607214,0,-0.0006367153580004725,0.0005528502410825782,-3.1577518976206545e-05
SN 018,F02,216,2.97814381917,2.98595708211,0.002660926712519009,2.9852982923697775,0.00131348185129538,8.218492786902865e-05,0.0008233303502223066,-2.077381143250898e-05,0.008978017170000463,-0.010054016113333564,0.0028930398415315723,-3.786087036111348e-05,0.009025828043334183,-0.015890757240000664,0.004208437322086491,28.0,0.004071326483095304,1.8826100087697637,52.0,0.41125859118539804,0.0006325690935603692,0.0033487616644443108,0.0012700999495930628,2,0.00246999105066692,0.00262696370259076,0.00024655478360708597
SN 038,N01,144,2.54828186035,2.5554986317933333,0.0019410922583109396,2.5543886820457775,0.001245040583646998,4.925773266666005e-05,0.0027600606275557382,-1.8281122231405593e-05,0.010054016113333564,-0.00920689900666627,0.00210319106974117,1.231299508333746e-05,0.012887318929998948,-0.011377207440000259,0.0031915391612791985,27.0,0.0026939392091358126,2.3869818219892682,42.0,0.40624310669172625,0.0005126645761948888,0.002194637722444437,0.0008995315449146469,0,0.0027600606275557382,0.001245040583646998,4.925773266666005e-05
SN 010,F02,53,2.6413129170733334,2.648381169635,0.00159098094391263,2.648639645045111,0.001846465129794575,-5.1017034678570355e-05,-0.0004663764117771585,-1.8550147713491673e-05,0.005690002440000175,-0.00631637572999999,0.0018350635843660278,4.93579441666799e-06,0.008633168536666957,-0.007907104493333428,0.002760774131824441,28.0,0.0025947661626190633,1.7992923455132488,51.0,0.3357989970912537,0.0002813955683435515,0.0012313334142226573,0.0007569922361753515,2,-0.0013991292353314755,0.00369293025958915,-0.00015305110403571106
SN 001,F01,19,0.0088421257333333,2.0138605117783337,1.0955725144652797,0.01250119872488886,0.00014106708505626773,3.007187447619282e-05,0.0001699381284444388,-0.01750805134944904,0.07410532633666689,-0.5484066009533333,0.08837938453364097,0.00010277126894444738,0.20004843075666653,-0.31147282917999997,0.045235415249903405,1.0,0.44561068216999944,19.34989527002616,1.0,0.9967484882611115,1.0570963264004112,2.4624281191611113,0.2847508263569506,1,0.0003398762568888776,0.0002116006275844016,6.014374895238564e-05
SN 054,N01,510,2.7274986267066668,2.740910975136667,0.005455011960633198,2.7406504991308887,0.0062707468635260916,0.0002355484735476262,0.0003557162824443516,1.2354154572999491e-05,0.015067036946666779,-0.015639750160000077,0.006815423492556262,-1.5731387666669446e-05,0.026926676433332908,-0.02734527588333302,0.00986465388350279,27.0,0.011564306565308635,2.564070017132512,52.0,0.22565420557971508,0.0008173391888041223,0.0033911810980007395,0.001266674065463335,0,0.0003557162824443516,0.0062707468635260916,0.0002355484735476262
SN 042,N01,255,2.8025721,2.80655185,0.0013593824141858747,2.807578331111111,0.0013313092955990636,2.3107976190458615e-05,0.0007318355555558931,3.9918732782370264e-05,0.00800169999999989,-0.004943866666666796,0.001690342159576724,-2.6272777777776776e-05,0.01031646666666619,-0.009441366666666617,0.0026800804717142927,30.0,0.002404852222222242,1.9694208149735606,47.0,0.21084786912645942,0.0005285352875312622,0.0018960399999996547,0.0003711695647785545,0,0.0007318355555558931,0.0013313092955990636,2.3107976190458615e-05
SN 031,F04,12,2.9233612060533334,2.9414712270083334,0.010041805600103223,2.9589097256113335,0.002146275771782982,0.0003353545779166704,0.002021162245333219,0.0001412068516804454,0.008066050210000064,-0.00694249471000008,0.0024539475244874623,1.838048299999858e-05,0.007888539633333025,-0.010653686523333317,0.0032619520799255105,11.0,0.005853155888181865,3.5102048784791138,10.0,0.9700850950109441,0.008489064749348655,0.028958875867556078,0.0022925126692558435,2,0.006063486735999657,0.004292551543565964,0.0010060637337500112
SN 003,F01,62,1.03956031799,1.0543360710133334,0.010009660714494962,1.0448988766131113,0.0028917578636922783,-0.0006392319997023848,-0.0043368826964444995,-0.00020494329696969552,0.0032385508233332416,-0.003804270426666978,0.001387931123407461,-1.0304980833301483e-06,0.003924878436667445,-0.003833643596667269,0.0015759389899855849,7.0,0.006252425056666773,6.825608598694443,5.0,0.9903483401351476,0.009028747316600944,0.02896475474066662,0.0015481671464708496,1,-0.008673765392888999,0.004337636795538417,-0.0012784639994047695
SN 012,F02,93,1.6184660593666669,1.6220739364616668,0.0010526860529110197,1.6221103413886666,0.0010309506318130993,2.980913440478857e-06,-0.0006594085686666418,-1.4410728264461646e-05,0.003167343136666556,-0.004759597776666569,0.0013838570670619227,-6.466971500002083e-06,0.005843226113333211,-0.005971527096666485,0.0022825185381857584,34.0,0.00176741656117647,2.1596549984821425,49.0,0.1375171981023423,0.00039560516045437786,0.0014440917966667133,0.0002502645803401898,2,-0.0019782257059999253,0.0020619012636261987,8.942740321436572e-06
SN 063,F05,1,2.5321418762200003,2.6292298634833333,0.0721819814256111,2.696036224364,0.0021554069322498714,0.00037059511455953226,0.0024521382659998814,0.0005695578492729788,0.1562319437666666,-0.009192911783332924,0.010319320478781114,-6.9242535123983815e-06,0.16542485554999953,-0.15637105306,0.015071245590935655,4.0,0.015635299683333437,8.998726273985355,1.0,0.9897840274310741,0.07066894581161119,0.15825817531999986,0.015069402590175541,3,0.009808553063999526,0.0053885173306246785,0.001482380458238129
SN 013,F02,99,2.47027943929,2.472141520181667,0.0006979619961285364,2.472004818384889,0.0006770485185909454,3.740673967858044e-05,0.001275261771778169,1.893477005509666e-05,0.0024330139166668374,-0.0026822408033329026,0.0009623899725144039,4.11139583341343e-07,0.0043528238933339125,-0.003832499183332949,0.0016150177956787064,34.0,0.0012906317616667065,2.3697984483892456,63.0,0.035459463654363484,0.00024197461531662493,0.0008546956380000026,8.136294142990942e-05,2,0.0038257853153345067,0.0013540970371818909,0.00011222021903574132
SN 044,N01,245,2.5889533666666664,2.5938103833333335,0.0018330669131970798,2.5938295133333336,0.0027050749863681244,6.532416666667405e-05,-0.0011356799999999723,-6.1349862258903655e-06,0.005838999999999928,-0.00812556666666664,0.0026223300706088746,-3.364138888888683e-05,0.011294800000000382,-0.010685466666666699,0.004391416538754236,37.0,0.0031842828828828997,2.003605029115199,64.0,-0.016825950499639,0.0002345873476330075,0.0011489533333328694,0.00038148546400237795,0,-0.0011356799999999723,0.0027050749863681244,6.532416666667405e-05
SN 017,F02,189,3.3108194986966666,3.3192882537833333,0.0024215963041246302,3.319154493542444,0.0012302638558826342,4.080817773831148e-06,-0.00032158745577692827,7.740787906339687e-06,0.008817291259999749,-0.014816792806666701,0.003215335021089418,3.387875027777894e-05,0.01804453531999961,-0.020451354983333392,0.005072335587922578,30.0,0.004339896308000106,2.1901661099182186,52.0,0.12492468336890311,0.0006101644487401182,0.0030114746086664645,0.0007465281551223323,2,-0.0009647623673307848,0.0024605277117652684,1.2242453321493444e-05
SN 045,N02,42,2.9907585,3.016041433333333,0.010570989705696972,3.02919934,0.004283218110195976,0.0005714866666666731,-0.004371006666667121,7.922176308539636e-05,0.006479133333333387,-0.008283733333333654,0.0029349619677632856,-6.275361111111785e-05,0.01047440000000055,-0.010563633333332323,0.0034626475075330778,16.0,0.006316866666666671,3.540437764761924,10.0,0.9616401010925881,0.008869054939713805,0.03418903555555586,0.0017745728322030982,0,-0.004371006666667121,0.004283218110195976,0.0005714866666666731
SN 042,N01,260,2.7707221666666664,2.77408255,0.0011927522141626007,2.7747170022222227,0.0007803534240489239,-2.4479642857128906e-05,0.00010319777777745287,7.669421487603636e-06,0.004632833333333419,-0.0028994333333334232,0.0013845115607678607,2.4020000000002372e-05,0.005819200000000357,-0.005382033333333425,0.002212719529340757,30.0,0.0020688022222223137,2.3859543501191784,42.0,0.33016967946526954,0.0005928177942435436,0.0020514933333335428,0.00020790315446450627,0,0.00010319777777745287,0.0007803534240489239,-2.4479642857128906e-05
SN 053,N01,472,3.11809565226,3.1218732198066665,0.0015609870141313938,3.121978759764,0.0013768278494588706,4.170190716666593e-05,0.00048751830933291274,1.1517653443470965e-06,0.005694580076666789,-0.0063557942700001036,0.002321820602286019,7.247924777775694e-06,0.009165445963333685,-0.008642323810000185,0.003941982945145461,35.0,0.0030692690894285565,1.7173948728933637,64.0,-0.0976783109208426,0.00039935456768545093,0.0018214077420002361,0.0003212999094893425,0,0.00048751830933291274,0.0013768278494588706,4.170190716666593e-05
SN 037,N01,123,1.9557622273733333,1.9587579727166666,0.0022406070248514875,1.9592187330439998,0.0010450224085941306,-0.00012555122376189544,-0.0011656528039998282,1.1165608402205417e-05,0.008772532146666956,-0.013909403483333138,0.0021302060099696505,-4.315906083333469e-06,0.01361262003666619,-0.013490549723333078,0.0029863525937859113,20.0,0.0033741442368333875,2.540374568561834,42.0,0.5491001300863027,0.000863008188108801,0.004153230455111068,0.0009229464242157743,0,-0.0011656528039998282,0.0010450224085941306,-0.00012555122376189544
SN 040,N01,176,3.08644282023,3.08901341756,0.0011562514010353194,3.0889910549571113,0.000944262574182614,3.57636950476113e-05,-0.0008804490837781564,-1.7541302148758887e-05,0.003136444093332802,-0.003569285073333095,0.0016070643031376093,1.1039310027771698e-05,0.006123097733333527,-0.005980682373333934,0.0027350306467374195,39.0,0.002019846337435836,1.5976216281003748,63.0,0.035203991823428336,0.0005017227353269588,0.0017849053273337745,0.0001760461041882725,0,-0.0008804490837781564,0.000944262574182614,3.57636950476113e-05
SN 028,F03,47,2.9878128051733333,3.0324377695700004,0.01960711316793572,3.0412223646353334,0.00790384761605554,-0.001666920979738102,-0.016099531385333155,-0.0003653387064462804,0.008307393393333307,-0.014026896159999858,0.0039818656071201495,2.6251475000005352e-05,0.013377888996667142,-0.007834370933333723,0.0031787479323051792,6.0,0.015999306572777778,12.63142822116187,3.0,0.9793321060833858,0.018582219998233774,0.053527662489333494,0.00397068306922671,3,-0.06439812554133262,0.01975961904013885,-0.006667683918952408
SN 053,N01,486,3.0918327331533333,3.1225982666,0.007484107373256959,3.123311716713556,0.018067843080388103,-0.0005230703807738014,-0.013290252686889215,-9.167253479338995e-05,0.04048436482666684,-0.027742767333333695,0.007368445209218648,-0.00013500637480555374,0.05401611327999989,-0.037025451660000375,0.009870351609427402,19.0,0.010453314530526302,7.039266393785633,56.0,0.5134536305253747,0.0010747503379806163,0.007277306450888865,0.005069006593516311,0,-0.013290252686889215,0.018067843080388103,-0.0005230703807738014
SN 045,N02,56,3.0077941666666663,3.127588266666667,0.09449499037584178,3.064294302222222,0.026638985667554967,0.005354082738095225,0.020712664444443973,-0.0003713685950413229,0.04955799999999977,-0.051646166666666105,0.013142716829360829,-0.00010620305555556117,0.028071333333333115,-0.03830596666666608,0.009902108924369761,5.0,0.07208877333333366,10.074768240787108,2.0,0.9903961575134046,0.09215221426164394,0.278087275555555,0.019992347650999713,0,0.020712664444443973,0.026638985667554967,0.005354082738095225
SN 020,N01,284,3.045709482826666,3.048180389403333,0.000910606522423041,3.0478039550764446,0.0011032245075597847,6.840206330949807e-05,0.0006162516268881646,-9.888788236920775e-06,0.0035308837900003276,-0.002620951333333732,0.0011008894101935149,1.0083516444444237e-05,0.0055249532100001275,-0.004193878170001053,0.0019189812975352492,36.0,0.001296488444259299,2.254967554796568,40.0,0.2677370219385978,0.0005139700119889659,0.001799689399333726,0.00015130642283905026,0,0.0006162516268881646,0.0011032245075597847,6.840206330949807e-05
SN 018,F02,214,2.9738988240533333,2.9863218943266663,0.005055915849462269,2.9861438835973337,0.00345882864271807,2.6128859750013903e-05,0.00032258775599958156,-3.29556214875825e-06,0.022657267250000057,-0.03470840454333324,0.006890486751640201,-2.4346245638891725e-05,0.03571624756333325,-0.052381642663332784,0.011047063214635404,26.0,0.009349138308461522,2.05150403203398,52.0,0.07894408036234389,0.0006758337364993789,0.0035371568468889336,0.00252917247123097,2,0.0009677632679987447,0.00691765728543614,7.838657925004171e-05
SN 034,N01,74,4.2707834879533335,4.279198964436667,0.003630120616750014,4.279508327906222,0.001992954131520311,-8.395240419045079e-05,0.0023820326071106734,1.4296182258954445e-05,0.015863545733332707,-0.015535481769999748,0.005025419002980972,-2.7864244222238396e-05,0.021560160319999966,-0.031352233886666525,0.008238510927649018,34.0,0.0064305772963723935,1.624423244803763,56.0,0.047907387141338756,0.0007621298877448802,0.0034341091573342197,0.0010481972952636467,0,0.0023820326071106734,0.001992954131520311,-8.395240419045079e-05
SN 046,N01,290,2.91686630249,2.9202743530266666,0.0014220545246640339,2.920261705185111,0.0012523786597294824,-3.638494577380572e-05,0.00133660210488884,6.790791652889568e-06,0.005784606933332714,-0.006354268389999973,0.0018232201929526664,-1.5044742166666255e-05,0.006793721519998908,-0.012138875323332687,0.0028572475828761387,33.0,0.002509762542323245,1.6338399307765594,56.0,0.18215161923735204,0.00031914473684211645,0.0014367167157782745,0.0004650075550497508,0,0.00133660210488884,0.0012523786597294824,-3.638494577380572e-05
SN 049,F05,32,1.865294265746667,1.8707942962633333,0.0042201189076386215,1.8781934356677776,0.0025154688103890977,0.00014139947436906622,-0.003933359781110868,1.1702608484848853e-05,0.002429962159999688,-0.003728485106666346,0.0010314011624675613,-2.8790367972218272e-05,0.0026077270566666755,-0.0032693227133326896,0.0011063753953649863,8.0,0.004276339212916841,5.86427192729272,6.0,0.9703130432425876,0.0031318396540661437,0.011957473754888426,0.0010807770062107684,3,-0.01573343912444347,0.006288672025972744,0.0005655978974762649
SN 017,F02,196,3.28121058146,3.3197736104316666,0.005098919085307647,3.3194856092648886,0.0014160565152204335,0.0002047402517262066,0.0005407884384447392,-6.91059206611561e-06,0.03750025431333315,-0.02661921183333371,0.006171744409460687,-1.5979343055564736e-06,0.06411946614666686,-0.04298477172666715,0.009102274656136077,16.0,0.007717132568124979,2.667290986046962,52.0,0.2733327189767709,0.0006789060671741257,0.003542446560222512,0.0033642238214568795,2,0.0016223653153342177,0.002832113030440867,0.0006142207551786198
SN 019,F02,233,3.0015645345033333,3.0100842793766667,0.0023857002583918254,3.009316219752,0.0014975940793813956,-0.0001617013840833427,-0.0001245795353335133,-2.9075769669423774e-05,0.007577514650000339,-0.013597106933333603,0.00289319270924878,3.812577972217568e-06,0.018798828123333333,-0.015149180093334103,0.004647998743168381,31.0,0.003926201276989315,2.1277030187668777,45.0,0.2664280245294555,0.0005628566196606308,0.0026455179855555677,0.0007254284955138969,2,-0.0003737386060005399,0.0029951881587627913,-0.0004851041522500281
SN 004,F01,75,1.08872528076,1.0994981765733334,0.006973991095150177,1.111763373478889,0.0008743123722067049,7.541202367857745e-05,-7.641262555568851e-05,0.00011656264628099065,0.0032508850099997044,-0.004340616863333535,0.0012473189777292668,-4.573398194442543e-06,0.005968348186667027,-0.0033945719433328136,0.00167586445885146,12.0,0.0028274324205555534,3.990519740718703,5.0,0.9840046161923235,0.006032039649943412,0.020496622720666657,0.0014773698308739216,1,-0.00015282525111137701,0.0013114685583100574,0.0001508240473571549
SN 054,F06,7,0.0080065894099999,0.3665855725583333,0.676933154969381,0.009983946501555515,6.036210139497085e-05,3.807336285714675e-06,0.00012774624177778506,-0.022696562220578507,0.19476699829,-0.6364593505833334,0.09444952527800655,0.0001626050008333287,0.29324798584333334,-0.34076894124000034,0.059464242070277486,2.0,0.3758786042533334,6.858331274840842,3.0,0.9908662812265029,0.4086768318060244,1.9706491666904444,0.20902347330507348,3,0.0005109849671111402,0.00015090525348742713,1.52293451428587e-05
SN 045,N02,18,3.3220937000000004,3.3406722833333333,0.00661501910881592,3.340653495555556,0.005038860515317935,0.00021747059523809903,-0.0016321955555556045,3.7371900826465765e-06,0.019458233333333297,-0.02006783333333262,0.0075996483886088635,4.0986111111214935e-06,0.027994800000000986,-0.02772136666666558,0.012257743025086852,31.0,0.010949692473118314,2.0667888330942814,52.0,0.3449598958164708,0.0028592049650955206,0.013715533333333418,0.0015705338286007046,0,-0.0016321955555556045,0.005038860515317935,0.00021747059523809903
SN 025,F03,133,2.86613922119,2.8767058054600003,0.004766816524136406,2.885499860973556,0.002689795260941732,7.143293107142297e-05,0.0032348293731110367,0.0001867394145179072,0.008188374836666679,-0.0058896382666664415,0.0023128607537293623,-4.613664416667588e-06,0.008978017173333797,-0.013167572020000406,0.0035553273890803934,20.0,0.004384829203500073,2.967092166058931,17.0,0.8775298652032593,0.0032134941316378338,0.013983459472444615,0.0006833143871568728,3,0.012939317492444147,0.0067244881523543295,0.00028573172428569187
SN 057,N01,570,2.810572052,2.824020640053333,0.002895282509742313,2.823834788002889,0.0010021088961376398,-7.594880666653543e-06,-0.00025258382288884107,-1.4756468044077391e-05,0.010666402180000034,-0.007210540769999607,0.002269507306781546,9.346008277777428e-06,0.012707265216666208,-0.01787694294999964,0.0033052938838125934,19.0,0.0037350169398245696,2.917917320258321,49.0,0.6950361636860172,0.0010470887358905098,0.005612725152444931,0.002010993625408892,0,-0.00025258382288884107,0.0010021088961376398,-7.594880666653543e-06
SN 032,F04,29,2.130299886066666,2.1494480133050002,0.008847925254944865,2.149790937634222,0.0062582723029808674,0.001135771615190471,0.007684597439110874,6.254842460054729e-05,0.006038157146666112,-0.008028920490000147,0.0028154981290199337,-1.829147341666504e-05,0.006804402669999821,-0.007738240560000165,0.00332568020131511,10.0,0.010286204020000023,5.9470336369836225,12.0,0.9496260603666034,0.0070629081000487285,0.024784240722666606,0.0017107907889459585,2,0.023053792317332622,0.012516544605961735,0.003407314845571413
SN 006,F01,115,1.49860267639,1.5274508158333333,0.00937556302234825,1.5186665428991113,0.01418236403656516,-0.0014141536894999997,0.0019826677108887303,-7.397149889808909e-06,0.00863812764333316,-0.015312957763333301,0.003181426244178903,2.206696405555782e-05,0.00921478271666687,-0.010054143266666538,0.0031518262952135463,12.0,0.008079263898888986,5.077002558744612,12.0,0.9426045936120172,0.006546521419172136,0.02486729939844423,0.0034463343100774916,1,0.003965335421777461,0.021273546054847742,-0.0028283073789999993
SN 019,F02,238,3.00688374837,3.010032653806667,0.0010430598078291218,3.009781494138889,0.0011535609883152889,-1.9184294154740907e-05,0.0009713745111108452,1.431299641874529e-06,0.003267923990000199,-0.004213968913333144,0.001435275924943966,-9.070502416667441e-06,0.007435353596666694,-0.005674997966666151,0.002397261593069135,34.0,0.001886996100980342,1.852688851371695,60.0,0.05694787928444072,0.0002539116145648317,0.0011663818357772193,0.000171989667808365,2,0.0029141235333325355,0.0023071219766305777,-5.755288246422272e-05
SN 031,F04,18,2.80623397827,2.8188193003316666,0.0077324175658080785,2.8158734130837777,0.001795229379103606,-0.00010627110799998736,-0.0025888570137775346,-0.00016775420217630485,0.009387969969999244,-0.010763549803332939,0.002881310729901268,-3.668467202777581e-05,0.013822682696666089,-0.014635721840000393,0.0040411720259554956,16.0,0.005976057052499956,2.5430064779235835,7.0,0.930085438858091,0.006394450282132705,0.024202084011777814,0.002342593390118028,2,-0.007766571041332604,0.003590458758207212,-0.0003188133239999621
SN 031,N01,6,3.046404266356667,3.0520558675116667,0.0018316812816953235,3.052397460936,0.003193181883438792,-0.0001586659748690465,0.0006059773773330335,1.149663581263964e-06,0.00847727457666636,-0.009608968100000226,0.0020830443967629845,4.740821000000691e-06,0.01032002766666551,-0.01489130655666715,0.0029312621361405945,21.0,0.002921694800952438,2.2694160556120413,40.0,0.35738078501824444,0.0003662871936915547,0.0018871561688889038,0.001325831260352068,0,0.0006059773773330335,0.003193181883438792,-0.0001586659748690465
SN 005,F01,90,1.0442503611233334,1.0593445459983335,0.006877902642214973,1.0510820812628887,0.003223880105540641,2.2290547607142376e-05,0.0012652926971112866,-0.0001256848169696977,0.008863766986666688,-0.012216631569999858,0.0028290924977228847,3.3905241222222564e-05,0.021080398556666546,-0.017685826623333067,0.004282699011492496,13.0,0.007227941659999968,5.293277316023246,9.0,0.9152216755894024,0.005520106186416463,0.017914979722666313,0.0018064852363516419,1,0.002530585394222573,0.004835820158310962,4.458109521428475e-05
SN 064,F05,38,3.07935663859,3.10036608378,0.006191457984464889,3.09891137017,0.010325673478758329,0.0005695633662142715,0.006970130073332914,4.7102578760328885e-05,0.011663055420000124,-0.018302408853333674,0.004518597399357787,-2.5827619777781436e-05,0.02432785034000018,-0.014641825356665805,0.005383881342748799,15.0,0.009761149088444446,3.353906416509731,22.0,0.7348648997643302,0.0031772051593701904,0.010628509521333207,0.0027542213840738654,3,0.027880520293331656,0.025814183696895823,0.002278253464857086
SN 025,F03,131,2.85011062622,2.8784858703583334,0.009953504545469402,2.867123294405111,0.0019651918493228705,0.00014506930397619426,0.002167883978222207,-3.543990374656089e-05,0.005407206216666793,-0.00839538573999965,0.0026211664521942537,2.023696899999816e-05,0.010058848063332793,-0.013073476156667763,0.004120126492510337,20.0,0.004205271402666688,2.7841670342964973,4.0,0.9655810967389394,0.00961812713622744,0.030224015976888285,0.0026057904060290816,3,0.008671535912888828,0.004912979623307176,0.000580277215904777
SN 045,N02,31,3.0187472,3.05117885,0.010392510744804557,3.058794773333333,0.008574754021095811,0.0008811688095238118,0.007460660000000008,3.464958677686034e-05,0.02221530000000005,-0.016399133333333094,0.0072185990053461055,9.206166666666145e-05,0.0330472666666668,-0.027953333333333052,0.011144830417750821,24.0,0.012392616666666708,1.8810326182682269,36.0,0.756877223713133,0.007909228183844291,0.029160186666666643,0.0019592993798925274,0,0.007460660000000008,0.008574754021095811,0.0008811688095238118
SN 045,N02,38,3.2013732666666663,3.2117552333333332,0.0070223529990215885,3.2116839266666664,0.0029513122280092536,0.0002815854761904633,-0.001970959999999966,-0.00013871845730027802,0.005968233333333295,-0.007078799999999941,0.0025647167223725982,-4.095055555555967e-05,0.00692953333333346,-0.009848733333332582,0.0034751671486229546,22.0,0.004756831818181933,2.2408600361386424,7.0,0.9328940588413067,0.005594849119050865,0.02163341999999968,0.001036560916052615,0,-0.001970959999999966,0.0029513122280092536,0.0002815854761904633
SN 045,N02,36,2.960718533333333,3.0211176333333336,0.04330774225922782,2.9954572377777775,0.03236031882070367,-0.005593954047619044,-0.022124271111110705,-0.001743966115702477,0.027263399999999827,-0.050672400000000284,0.013930371990919963,0.00023973472222222532,0.029311633333333198,-0.026780166666666716,0.010803706451479368,8.0,0.06701373333333321,6.580429102129357,15.0,0.9466336045249113,0.023169261775123944,0.1012638666666672,0.010963492514672669,0,-0.022124271111110705,0.03236031882070367,-0.005593954047619044
SN 001,F01,12,1.1705907185866666,1.2044048945083334,0.009591751158200665,1.2123107994915554,0.001400061202472922,-0.00016306014289286003,-0.0009798770482221109,5.9035330110192836e-05,0.022035725909999915,-0.016832478843333165,0.005070720431738443,-2.311070761111071e-05,0.020086288453332823,-0.026279067993334015,0.005329620960819264,9.0,0.013658933286666834,3.1409034224946897,16.0,0.861010241395113,0.006313882657783332,0.021517054240444144,0.004977995846346887,1,-0.0019597540964442217,0.002100091803709383,-0.00032612028578572007
SN 018,F02,217,2.8602930704733334,2.98745498657,0.031649647741883905,2.9842571682382224,0.04780123323375256,-0.0006584494454404723,0.014631483288444436,0.00010968883501377564,0.0785944620766661,-0.08513183593999951,0.02609221352049693,0.00020675447252777775,0.06619211832666672,-0.11836217244333236,0.02936650565918197,17.0,0.05380932677039203,2.8187268194881905,39.0,0.6627611000937977,0.00480692925228877,0.030733456082222332,0.01860670079902837,2,0.04389444986533331,0.09560246646750512,-0.001975348336321417
SN 044,N01,249,2.589094033333333,2.5931574333333334,0.001503850831340686,2.5923647266666663,0.0017049981893215408,4.314488095240122e-05,-0.0003412599999994548,-2.2871349862257687e-05,0.005139433333333443,-0.00435613333333329,0.002105057320814116,1.8264166666666823e-05,0.007418333333333749,-0.008986899999999576,0.0035306059409212537,37.0,0.0025937963963963808,1.7278993583262114,65.0,0.021262527704827554,0.00048466399052489364,0.0020779222222224725,0.00025786584134602185,0,-0.0003412599999994548,0.0017049981893215408,4.314488095240122e-05
SN 028,F03,75,1.8051198323566664,1.8156222025533335,0.004015371616331534,1.8159955681675555,0.0009123126187812018,-0.00015436535782143275,-0.0007922193742226913,-6.838606738292494e-05,0.004416529336667141,-0.006919097900000004,0.001514004129500342,5.552503805550391e-06,0.00597000121999991,-0.009026082356666576,0.0019198707420117521,10.0,0.004171702066666461,6.6036594615798005,12.0,0.928293713553947,0.0029336427419786744,0.01135389539933307,0.0012520752076460864,3,-0.003168877496890765,0.0022807815469530045,-0.000617461431285731
SN 003,F01,43,1.232596842446667,1.2662696202566668,0.016269303901033958,1.2614886983215556,0.0190411736883856,-0.004040833427738098,-0.02409042358488933,-2.4464504793391642e-05,0.009455744426666524,-0.012986501056666544,0.003915280074326057,-6.162643433333577e-05,0.022147115069999668,-0.0164845784499994,0.0049710023755514055,11.0,0.01369039362181821,9.188869805458522,8.0,0.9706560194309523,0.013432347258764528,0.04391784667955556,0.004423295244879137,1,-0.04818084716977866,0.0285617605325784,-0.008081666855476196
SN 010,F02,44,2.6433904012033334,2.6475053151433334,0.001531721639195801,2.64678878784,0.0013823886008079724,-4.062652590476017e-05,1.0172533335683909e-06,-2.047746305785369e-05,0.005586496989999912,-0.00437164306666693,0.0017813260112787268,1.6102261027780194e-05,0.007175699869999441,-0.008236440023333458,0.0027777681972256944,30.0,0.002599368624555609,1.9272679970026645,45.0,0.3253061331299701,0.0005424641169664286,0.0019824727380002294,0.00043593677799544654,2,3.0517600007051726e-06,0.002764777201615945,-0.00012187957771428051
SN 019,F02,237,3.00761642456,3.010024770098333,0.0010257517178786752,3.0097616577133333,0.0010663352666780066,2.2754669261913574e-05,-0.0018530273433334798,-2.2738958512396744e-05,0.0025276184066664875,-0.0032554626466669845,0.0012175419174231927,-3.403557672222816e-05,0.004161326086666861,-0.004051717123332743,0.0019591178064527815,35.0,0.0016788736978095718,1.8210534716372533,49.0,0.2872079458284102,0.0005283374140272186,0.001898413764444662,0.00010575726214148102,2,-0.0055590820300004395,0.002132670533356013,6.826400778574073e-05
SN 029,F03,114,2.22067337036,2.2358735402416667,0.007756690117954048,2.2482230801037777,0.0024684172223256914,-0.00011117753517855742,-0.004502834743777662,0.0001904700413223133,0.004739634196667009,-0.0048894246433328625,0.0016892446192001225,-1.6051398388886953e-05,0.005731964113332655,-0.00545959472333335,0.0019839553519204935,9.0,0.00667950665592576,4.983994349170131,5.0,0.9760778876921712,0.0065157355836567635,0.02160737779422206,0.0007848606046251981,3,-0.018011338975110647,0.006171043055814228,-0.00044471014071422967
SN 012,F02,88,1.6172463734933331,1.6213458379083332,0.0008685437450422373,1.6214290364566666,0.0009013387884219564,-4.931767783333104e-05,-0.00037534077999978877,-5.749368815426114e-06,0.0035059611000005653,-0.0045632680266665115,0.0010942586533625046,-3.2075246111096245e-06,0.004979070026667642,-0.0057210286466664595,0.0016988203346830154,31.0,0.0014467793124731138,2.1849382708061107,51.0,0.21182021179195987,0.0002755784825835334,0.0010412767195553396,0.0003372808755606265,2,-0.0011260223399993663,0.0018026775768439128,-0.00014795303349999313
SN 041,N01,210,2.5672106424966668,2.573981984455,0.002772380381809229,2.5745466783291113,0.005599329280934454,0.0004319081988333401,0.019411349827555213,0.0001687378266115699,0.02092895507999959,-0.008695220946667082,0.003075136194824649,0.00020335303413888302,0.021312204999999196,-0.012171936033332997,0.0041887041829373065,20.0,0.004240290323999996,2.4956827458074504,45.0,0.2259528485222263,0.0005665324505672918,0.002434861925110887,0.001015744046419615,0,0.019411349827555213,0.005599329280934454,0.0004319081988333401
SN 020,F02,247,2.8089591979966664,2.8356455485,0.005151931274697394,2.8351977539046667,0.0014687246999539796,0.0001348913283690229,-0.00045578002800006345,-0.00012272185856749315,0.035489145913333076,-0.03386281331333363,0.007728946730988738,-3.112369113888643e-05,0.06610717773333397,-0.05389073689666635,0.012779680027616196,21.0,0.009268854534761905,2.057484276400092,57.0,-0.15030633774356536,0.0007126911361032469,0.003445044622889082,0.0035199762627086094,2,-0.0013673400840001904,0.002937449399907959,0.00040467398510706876
SN 035,N01,89,2.76575342814,2.7708029429099996,0.0018260917670080779,2.7705510796426664,0.0009301339107794238,-8.773803714298302e-06,0.0005276658806665502,-7.730279090909343e-06,0.0067260742166666,-0.008240763343333235,0.0022371221440960565,8.26517749996647e-07,0.011242421469999098,-0.009616851806666382,0.0035562248429112306,30.0,0.0030332353374443806,2.102366313687725,56.0,0.25425507210596016,0.0005850125449963677,0.0028998650442217944,0.0006530284422090036,0,0.0005276658806665502,0.0009301339107794238,-8.773803714298302e-06
SN 028,F03,44,3.03927485148,3.058492660521667,0.008655059345436443,3.048115742999111,0.0036793051549998605,0.0004336738586190277,0.004261576334222195,-0.00017861400426997352,0.004829152426666816,-0.00523554484000055,0.0021042830718505153,-1.3228522416671347e-05,0.00595118204666667,-0.00588048298999988,0.002393373232448518,12.0,0.005933401319722309,5.594398426331904,9.0,0.9702893823408704,0.00687774373695627,0.021775919596666693,0.001600441973185475,3,0.01704630533688878,0.00919826288749965,0.0017346954344761108
SN 059,F03,159,2.36902949015,2.407173538205,0.024429375705629905,2.410861206053111,0.0014829751443038424,8.291153690474109e-05,0.0005966186535553142,-9.585293856749235e-05,0.009465281170000228,-0.014608001710000096,0.0030990505099093547,-1.2908511666672359e-05,0.00941238403666711,-0.008032226563333467,0.0028364788793585937,5.0,0.012554524740000073,5.344689257029704,4.0,0.992005076905479,0.0236469968504635,0.06882080078133335,0.006072906141768766,3,0.0023864746142212567,0.003707437860759606,0.00033164614761896436
SN 034,N01,73,4.27323506673,4.27864252726,0.0022686513453842243,4.279662950302,0.003383220819271197,0.0002676809400595051,-1.1054145333311283e-05,6.86014977961359e-06,0.00847269694000019,-0.006572977703333649,0.0029923124254799412,-4.8281351722227285e-05,0.01376749674666744,-0.01211903889999899,0.004941177678904282,33.0,0.0041998198538383165,1.9810664526318449,56.0,0.1367914493748421,0.0005448211512860032,0.0023287624788883576,0.0004878312356240051,0,-1.1054145333311283e-05,0.003383220819271197,0.0002676809400595051
SN 035,N01,88,2.7650329589833333,2.7704783121733336,0.0016833165891781483,2.769672665064667,0.0018423114325033924,4.99988737380917e-05,0.001182030571999615,5.54444705233971e-06,0.00530370076666653,-0.006413523356666229,0.0018880037024248052,5.077785916666559e-06,0.007239023846666193,-0.007814280186666966,0.0026479783020436276,22.0,0.0033123709936363588,2.5114928140846433,41.0,0.37579944588838593,0.0005385628263920385,0.0021410793724445654,0.000604894821284344,0,0.001182030571999615,0.0018423114325033924,4.99988737380917e-05
SN 058,F03,123,3.2546666666666666,3.266166666666667,0.012699892780698009,3.2663555555555552,0.0013121330426806622,-6.309523809525177e-05,0.0009777777777779662,-0.0002644628099173593,0.016333333333333755,-0.02499999999999991,0.0052699211736623,-5.555555555551243e-06,0.031666666666665844,-0.023666666666665837,0.008110232995456042,20.0,0.00791666666666655,2.4962864518748704,15.0,0.9129383358171925,0.009303176547878895,0.03846666666666643,0.003651999971989509,3,0.003911111111111865,0.0032803326067016554,-0.0002523809523810071
SN 045,F06,1,-3.6692008666666656,-1.8252473166666665,1.8344870309249628,0.0,0.0,0.0,0.0,0.015047486145404661,3.6602757666666665,-0.012661733333332759,0.23482380432056635,5.2321212121209747e-05,3.6605809333333332,-3.6602757666666665,0.3334849924310258,0.0,,,1.0,0.9918074303301954,1.7946428815148368,3.6630630466666667,0.38304597780725674,3,0.0,0.0,0.0
SN 049,N01,418,1.6453835666666667,1.6631282,0.008729766311454732,1.6740207666666664,0.0024082339591282604,0.0004161000000000057,0.0013565000000004268,0.00024773994490358265,0.004278299999999957,-0.004091800000000312,0.001642811543623702,-1.3986111111104667e-06,0.002866800000000058,-0.0032958666666664804,0.001343543416678564,11.0,0.0055562787878787375,4.778534544340172,7.0,0.9820026562135444,0.0068754691847144065,0.024776802222221894,0.0014192064559176171,0,0.0013565000000004268,0.0024082339591282604,0.0004161000000000057
SN 045,N02,39,3.0507771666666668,3.0659491,0.007185586967960686,3.0698538022222217,0.006273643219829961,0.0013453509523809462,0.010696564444444778,9.251735537189761e-05,0.006043733333333634,-0.0084602333333339,0.0026132152822156544,2.6609722222226128e-05,0.011516333333334128,-0.008408066666666603,0.0033788312215448715,17.0,0.005651196078431277,3.693724913006264,18.0,0.9332529278047204,0.006170791686517912,0.02087687777777747,0.0014576387696785813,0,0.010696564444444778,0.006273643219829961,0.0013453509523809462
SN 011,N01,228,1.8105997721333331,1.8208300908399995,0.002981877363012959,1.8197685411224442,0.0007059251652939752,6.155649820237372e-05,0.0005838860408888813,3.563011316804151e-05,0.014190673826666611,-0.014725621539999567,0.0026728692305121593,-1.7171435888888957e-05,0.01374384561999964,-0.014011510209999134,0.0034650465657880955,15.0,0.0047905307344443615,6.166447603296829,28.0,0.5970393314877253,0.0009450109180283181,0.0041662173806666924,0.0017405335588767422,0,0.0005838860408888813,0.0007059251652939752,6.155649820237372e-05
SN 015,F02,156,2.9445065816233336,2.95070915222,0.0016788046258742117,2.9497619459348887,0.0020603084405218415,2.8556642083337507e-05,-0.0015037367082220143,-2.926913173553643e-05,0.007168070473333454,-0.007769521079999286,0.0021644726121934346,-1.0590023472219675e-05,0.013182830806666601,-0.01321868896999856,0.0034918912948336605,25.0,0.003125284830533328,2.0673213338687044,47.0,0.16670259613612057,0.00046210496113163453,0.002213643391333786,0.0007601259098810594,2,-0.004511210124666043,0.004120616881043683,8.566992625001252e-05
SN 001,F01,16,1.1826372782366663,1.2288644790633334,0.022110109189729006,1.1926327514633333,0.00716851386704095,-0.001501097452119044,-0.008704706826666353,-0.0004181149905509619,0.026343917846666898,-0.016501617433333227,0.0061779447979917025,8.952882555559223e-06,0.03056856791000051,-0.025886408490000123,0.006603400088238878,9.0,0.023696150602962977,4.679284890336371,9.0,0.9607547725945755,0.01821072229035165,0.06426049974222225,0.005413647426665346,1,-0.017409413653332706,0.010752770800561424,-0.003002194904238088
SN 045,N02,58,2.8716512,2.9188685,0.011381525501930091,2.9187665666666667,0.008395482416638353,0.0018436992857143062,0.013842466666666997,0.000503783746556476,0.03376846666666644,-0.013012699999999988,0.005382121704359648,-0.00028257805555555274,0.006339266666666177,-0.011651866666666955,0.002821197895754921,7.0,0.023420385714285872,8.218375353804689,15.0,0.8819980450400613,0.00403688309932019,0.013975453333333387,0.004454858204165083,0,0.013842466666666997,0.008395482416638353,0.0018436992857143062
SN 015,F02,145,2.947338612873333,2.9513731638566663,0.0012070094765788937,2.9504577975788893,0.0019718757836380773,-1.0082608202369565e-05,-0.0012596469455559145,-1.4487442561980302e-05,0.004223124186666816,-0.004543304443333618,0.0014705433476904322,-1.4709896527779579e-05,0.006022389733333355,-0.006560262043333598,0.002285139943343459,32.0,0.002029140790520814,1.8234763143280346,46.0,0.2541127547964928,0.0005359374830840434,0.001984117295777743,0.00038945539529990043,2,-0.0037789408366677435,0.0039437515672761546,-3.0247824607108694e-05
SN 032,F04,20,2.431374104816667,2.4378744761133335,0.0017406397136281997,2.4362438286660004,0.0024588365611750563,-0.0004917844137261802,-0.004869723849333596,-3.8506373884293724e-05,0.0026186625166664257,-0.0030174255366675062,0.0010894126748257488,-4.7026740000048285e-06,0.004071807860001275,-0.004589589436666319,0.0015152742065483158,18.0,0.002506199589074177,3.735218787213338,28.0,0.7947741437101582,0.0008524125334602884,0.0037343512637768583,0.00041376011087222475,2,-0.014609171548000788,0.004917673122350113,-0.0014753532411785405
SN 054,N01,505,2.72512207031,2.738993326821667,0.003944828697945265,2.7396681213362224,0.0025002143237277097,-0.00014693578086904125,-0.00022262573288900356,-6.3199970798918306e-06,0.01779581706000055,-0.016419474283333457,0.005120221030480047,2.0342932805557842e-05,0.030960337320000253,-0.023646291100000827,0.007839769369711171,28.0,0.0074946812221428705,2.61577487160294,48.0,0.16398279693910997,0.0005061122663044132,0.002468143039110693,0.0009870666482252371,0,-0.00022262573288900356,0.0025002143237277097,-0.00014693578086904125
SN 057,N01,558,2.8086830139133334,2.82174237569,0.003301485237729146,2.8216838921424445,0.0007633737017327324,-3.410430179762328e-05,-0.001488884819111469,9.514044140495573e-05,0.01953201293999962,-0.013317362470000482,0.0035739251988279857,-0.00017205132377777764,0.018278757736667206,-0.02960968017666632,0.004431719914099101,18.0,0.005721819842222198,2.169446707157453,46.0,0.37551203239353764,0.0006004849511201723,0.0041460333928888815,0.0012772106105830288,0,-0.001488884819111469,0.0007633737017327324,-3.410430179762328e-05
SN 011,N01,13,1.85869509379,1.8606598536166663,0.0006701070534976471,1.8605363040484444,0.00039145764599744976,2.4524870380945463e-05,-0.00036797417511125197,-9.568269586778264e-06,0.002416102089999983,-0.0021934509266667845,0.0007341041627121378,-8.398691805555636e-06,0.0046095530166667675,-0.004015986123333093,0.0012430303010596644,30.0,0.0010054567125555858,1.9943790977880587,43.0,0.40116803315220256,0.0003709837192256449,0.0012663353811110944,0.00020127442031525361,0,-0.00036797417511125197,0.00039145764599744976,2.4524870380945463e-05
SN 010,F02,56,2.640107218423333,2.6484839121483335,0.0020356281114796804,2.6484853617337776,0.001746361674096758,7.799875180951915e-05,3.555297955548653e-05,-8.45496647933878e-05,0.012609100340000179,-0.013810221353333763,0.0027641054739104528,1.2753804527772713e-05,0.02641932169333394,-0.02471440633000066,0.004919272696584106,26.0,0.0031117268100000314,2.3950603253869813,50.0,-0.022303279638760696,0.0004972749364803486,0.0019321017797779838,0.0006640731946614713,2,0.00010665893866645959,0.003492723348193516,0.00023399625542855744
SN 005,F01,100,0.99674866994,1.2572589874249998,0.07403032796763818,1.0510199440833334,0.047193625093254525,-0.01025349526177382,-0.05427127414333344,-0.0018449373481818187,0.021327718096666226,-0.01939239502000012,0.007758579528567823,-8.824030558333233e-05,0.03266169229999916,-0.025323613479999674,0.007411740796617467,6.0,0.03608805338499991,8.008243235039226,2.0,0.9952158174432364,0.05203142380614684,0.22574903276199976,0.014216205975244069,1,-0.10854254828666687,0.07079043763988178,-0.02050699052354764
SN 026,F03,64,2.7958320617666668,2.8054988861066663,0.0055994797341253144,2.81400419447,0.0009540835535595293,0.0001136970519761915,0.00040417141333337625,0.00013949601774104712,0.00305455525666698,-0.0037887573233326144,0.0012119476239291589,1.4542473694441801e-05,0.005486297606666746,-0.0036066691066665157,0.0017495612202062438,12.0,0.0031738069316667263,3.787061869675792,7.0,0.9763246478331619,0.0047106046061802034,0.016856808132888812,0.0007948289545415091,3,0.001616685653333505,0.0023852088838988233,0.000454788207904766
SN 002,F01,23,2.2247744242333334,2.2688391367583334,0.022823012830887595,2.2398725382473335,0.0018920043287378948,0.00026806059338096034,-0.0012812805173334496,4.210879322314128e-05,0.027212778726666276,-0.035668436686666194,0.0052093333185875956,-1.6102261000002412e-05,0.06288121541333247,-0.030621337889999545,0.007825876397631121,6.0,0.024955537583888725,8.975457729600885,2.0,0.9738408475077389,0.019691824225342016,0.06099853515600007,0.0038692115142813233,1,-0.0025625610346668992,0.0028380064931068424,0.0005361211867619207
SN 016,F02,177,2.8048858642566667,2.8156842549616665,0.0026301037567006995,2.816400112574222,0.0010103133069570458,-9.554909285621905e-07,0.0004829745824443954,1.4550495399447586e-05,0.01522649129333331,-0.009274800619999635,0.002572174791757249,1.2885200000016066e-06,0.01688206990666652,-0.01895472208666593,0.0034193454175312017,18.0,0.003975409048518403,2.219531918523499,49.0,0.5252830315247842,0.0007102350985155827,0.0038558281795557647,0.0018405447856677268,2,0.0014489237473331862,0.0020206266139140916,-2.8664727856865713e-06
SN 037,N01,132,1.9515853881833327,1.959799893695,0.0019084551679157573,1.9593872324604442,0.0008797755451779241,-0.00012317339584524094,-0.0008395131437775039,5.7539926721768584e-05,0.008361307779999994,-0.008642705279999996,0.0019976030147937094,-1.1852052472223946e-05,0.011262893673333663,-0.011562728879999984,0.0028112447142675826,20.0,0.003379554748166691,4.359866228176215,36.0,0.41114750554376556,0.0005178921784329466,0.0020671759708890125,0.0007931881898951014,0,-0.0008395131437775039,0.0008797755451779241,-0.00012317339584524094
SN 049,F05,28,1.8609349568666669,1.8701365152983331,0.003811922646601546,1.8708207702617776,0.004143204605893817,0.0008875138419880752,0.00555709838822227,5.037397063360909e-05,0.005418014526666903,-0.00601488749000012,0.0014137393379960001,-7.934570333330744e-06,0.003074773149999377,-0.007583618166667305,0.0013826085169987346,8.0,0.00579781532291665,6.085667690907533,14.0,0.9310685136775485,0.0025325970015723153,0.00977921380000013,0.00111450968345917,3,0.02222839355288908,0.010358011514734543,0.003550055367952301
SN 059,F03,148,2.4426973978666666,2.5402451833066664,0.01926787658205249,2.559074096678222,0.001498011797190579,-0.0002556946162976145,-0.003089345294888801,0.00045479178101928583,0.051333872476666986,-0.05465749104666662,0.01038566231997062,-0.00017777125038889174,0.07102915446000058,-0.04169387817666781,0.013434555071420289,14.0,0.01721244085428581,2.683180291968125,15.0,0.8532230334867469,0.014541729605819155,0.05655888875311055,0.008792933390780789,3,-0.012357381179555205,0.0037450294929764474,-0.001022778465190458
SN 032,F04,24,2.407460276283333,2.4295007069883336,0.0073368241754689775,2.4324598863373335,0.0016089174621719117,0.00026285443989285513,0.002250298392666661,-2.3007984022038374e-05,0.014127349853333637,-0.013372802733333078,0.003748657659128616,2.9604170055560115e-05,0.010801951093332818,-0.0194587707566658,0.004343408202831086,9.0,0.01124259100999995,4.131561350737071,10.0,0.8698427789935351,0.0053132527915887235,0.02018544514933307,0.002937574119477477,2,0.006750895177999983,0.0032178349243438234,0.0007885633196785655
SN 049,N01,429,1.7591379666666669,1.7619884333333333,0.0011193883813023166,1.7626686866666668,0.0005595292030071506,-4.314642857143653e-05,-0.0008582866666666522,2.1972451790647633e-06,0.004379400000000144,-0.002563599999999999,0.0010383760520513816,1.1296666666667695e-05,0.003950233333333664,-0.0069430000000001435,0.0015239979947125576,25.0,0.0017630879999999838,2.2783679410735203,32.0,0.5730014507043172,0.0006827006569168726,0.0021543044444445325,0.0003244211633844968,0,-0.0008582866666666522,0.0005595292030071506,-4.314642857143653e-05
SN 016,F02,161,2.8150049845366665,2.820896021523333,0.0015311032182758137,2.820567372638222,0.0011080753573519937,-5.426588510715043e-05,-0.00045654296822217333,-3.6276404683189537e-06,0.00599161783666613,-0.010621388753333516,0.0020350637615182314,5.963643388888033e-06,0.011944580076666877,-0.014574178060000165,0.003285675801150166,31.0,0.0025820742375268694,2.020780890710838,50.0,0.12311925757784171,0.0003876909140456739,0.0017302449542220266,0.0005849813795909525,2,-0.00136962890466652,0.0022161507147039875,-0.0001627976553214513
SN 020,F02,252,2.8252985636366663,2.8352352142316666,0.0018551982449621321,2.834761166041111,0.0013328289485304622,-4.601160691666272e-05,-0.0020455593544439488,-2.8705859641870854e-05,0.013470458986666767,-0.013467152913333003,0.00237922332956386,7.04659352778562e-06,0.019315338136667304,-0.020208485919999575,0.003753249489337007,22.0,0.002952460086363538,2.6515966015082557,39.0,0.17716315710299335,0.00043258630125176436,0.0015732320148891255,0.0012489100458218884,2,-0.006136678063331846,0.0026656578970609243,-0.00013803482074998817
SN 045,N02,19,3.321507,3.340391133333333,0.005620155184314458,3.3375774644444447,0.004738324701187148,-0.0004436551190476193,-0.004199897777777739,-6.544876033057637e-05,0.01602960000000042,-0.019471966666666507,0.00719036582184807,-3.392138888888748e-05,0.031141133333333126,-0.03060356666666575,0.011488611207881479,28.0,0.01136216190476193,2.348003728019209,55.0,0.18364637719691787,0.0010546762340476641,0.004759044444444083,0.0008387816006186752,0,-0.004199897777777739,0.004738324701187148,-0.0004436551190476193
SN 011,F03,106,1.7700898488333332,1.7904762903833333,0.009555266889136335,1.7734846242255555,0.000426904090739147,6.327538266666655e-05,0.00028742472444442946,-0.00016035705228650143,0.0019447326666666154,-0.002753067016666888,0.0008352120662729063,4.213121222220358e-06,0.0038768768300001533,-0.0025878906266669777,0.0011730905604801743,4.0,0.002993520100833369,6.734937751898221,1.0,0.9961837528283092,0.009286353527249767,0.02470744662755564,0.0010796471310602228,3,0.0011496988977777178,0.0010672602268478675,0.0002531015306666662
SN 011,F03,53,1.49107755025,1.5011601765933333,0.008915823138920947,1.498976220023778,0.0009938903645471306,-2.0780563440490696e-05,0.00011486477288880081,-0.000325108888071625,0.003931045533333233,-0.008399963379999598,0.0018836766703834475,2.2555457250000853e-05,0.00712013244666676,-0.007934697469999419,0.0023467096060162244,8.0,0.005407873790416573,7.272937671792413,13.0,0.978574129116924,0.004754707222515435,0.027034022013111114,0.002412355510441104,3,0.00045945909155520326,0.002484725911367827,-8.312225376196279e-05
SN 045,N02,62,2.9302650333333333,2.9624382999999996,0.019851908961698153,2.991123062222222,0.009785472963928038,-0.001483615833333334,-0.005241528888888958,0.0004449997245179049,0.01215566666666712,-0.01841303333333366,0.00457996227567655,3.036055555554936e-05,0.01546349999999963,-0.017204033333333868,0.005017382438869016,10.0,0.01627911999999996,5.451371391281532,5.0,0.9731969595131617,0.016898076571422695,0.052131791111111436,0.0021251300918007855,0,-0.005241528888888958,0.009785472963928038,-0.001483615833333334
SN 046,N01,301,2.915668233233333,2.918887456256667,0.0013655761514722218,2.9179244995099998,0.0008808467358294472,2.771377555951407e-05,0.0013094584133335196,-3.298504622589416e-05,0.006093343096666981,-0.0036824544266669257,0.0016862831107511969,3.953297930555285e-05,0.00716247558333416,-0.006603240966666757,0.0026716394575222236,32.0,0.002300826708854148,1.8175670875827297,52.0,0.21101429205234007,0.0004377419610891237,0.0019036695693332994,0.0003099181711553353,0,0.0013094584133335196,0.0008808467358294472,2.771377555951407e-05
SN 005,F01,94,1.0420150756833333,1.0595122973116666,0.011705710708547786,1.046170887416222,0.003128440376351103,0.0006427326656547707,0.007000397577111572,-0.00010252287892561614,0.017596181233333175,-0.013403828939999807,0.004505056461836506,9.970665000001249e-06,0.0229029337533333,-0.03100001017333298,0.006161531868432111,18.0,0.009651622065185205,3.2043249354203027,9.0,0.9263813113388177,0.010978352664435151,0.03024943881555564,0.001657044529242985,1,0.014000795154223145,0.004692660564526655,0.0012854653313095414
SN 041,N01,200,2.5699991861966667,2.576822535195,0.0022649830043764466,2.576561889646667,0.0012775873282282052,-7.215590699999489e-05,-1.617431666689484e-05,3.0723550743802896e-05,0.0072591145833333925,-0.007337951659999842,0.0028039466268922814,1.4283921944395021e-06,0.012581634519999607,-0.012114461263334153,0.004136068474050105,29.0,0.004218432546666654,2.4126070641816697,48.0,0.22991260305660158,0.0005914633124567957,0.002291920979777373,0.0009609574414113138,0,-1.617431666689484e-05,0.0012775873282282052,-7.215590699999489e-05
SN 004,F01,69,1.0164332071933333,1.0509445508300002,0.01801682562320598,1.0709642749346666,0.008017590898277726,0.0015868661518095197,0.003493020798666535,0.00032059903314049347,0.012043507893333416,-0.009463564553333192,0.0032361399952898374,-2.3870468138890524e-05,0.007634862263333098,-0.008647346493333208,0.002758348457525714,6.0,0.016414366830000044,8.44242744585914,5.0,0.9838470666235308,0.015430846178384252,0.05039052751311135,0.003942500061477504,1,0.00698604159733307,0.012026386347416589,0.0031737323036190395
SN 045,N02,51,3.100351433333333,3.1394884666666663,0.017844220807823195,3.1565829666666665,0.006422842854701308,-0.0012598417857142869,-0.009301066666666191,0.0001919685950413235,0.017106899999999925,-0.011391699999999894,0.0047061668800496195,8.093111111111921e-05,0.013167833333332712,-0.021276133333333558,0.004740034097762442,9.0,0.01919501851851857,4.59927428277252,5.0,0.9653753078022621,0.01360324781852382,0.04911740888888927,0.0031201827174323887,0,-0.009301066666666191,0.006422842854701308,-0.0012598417857142869
SN 013,F02,105,2.472128295896667,2.4745583852116666,0.0008005012467525383,2.474538743759111,0.0006651065509778284,-4.9468449142859536e-05,2.1294487555501007e-05,4.663808953169165e-06,0.0031921386733331225,-0.0029446919733331356,0.0011829436228563224,-5.3448147500042195e-06,0.0055575052899996535,-0.004340616863332869,0.0020654150906343795,36.0,0.0014536892929630045,2.1921367521877397,61.0,-0.08469588306187346,0.0002941644429072802,0.0010253058537781357,0.00011094444410703197,2,6.388346266650302e-05,0.0013302131019556568,-0.0001484053474285786
SN 036,N01,95,2.74513982137,2.821443303425,0.02334002829623659,2.821076880559555,0.0008709143647461588,-9.426207778569427e-05,-0.00012656317955483942,0.0005979280498071654,0.06140950520999988,-0.05622329711999985,0.013212027336969311,1.178741452778261e-05,0.05616607665999984,-0.09088389078999937,0.017684529727786686,5.0,0.04394602457733319,1.9518488719962073,9.0,0.8360363053879698,0.010725191815903899,0.06117821587466654,0.0126773670740967,0,-0.00012656317955483942,0.0008709143647461588,-9.426207778569427e-05
SN 005,F01,86,1.04622440338,1.0546274820950001,0.004161551757218048,1.0506827417991111,0.003270841521819388,-0.0005744439080000114,0.0004342015575555802,-2.900010628099306e-05,0.012899907430000024,-0.008593241373333171,0.0027750430679890745,3.0479431166670808e-05,0.021493148803333195,-0.019279479980000014,0.004907860142098046,15.0,0.005700891282444539,4.063319393593843,22.0,0.7787095027503016,0.0031766590082384395,0.011474456787111231,0.0008609151255575831,1,0.0008684031151111604,0.004906262282729082,-0.0011488878160000229
SN 020,F02,255,2.8278228759733333,2.8355822245266666,0.0023451913537636355,2.8349859958208885,0.000961687136689669,7.29896909761837e-05,-0.0002424960675555532,-1.1702608484850687e-05,0.01404215494999983,-0.018131001793332935,0.00329926748327063,-3.384060330556086e-05,0.025628407799999753,-0.032173156743332765,0.005638934626593631,29.0,0.004005984602298924,2.5019014534636534,47.0,0.01785681985899574,0.0005827233886450226,0.002522006564888546,0.0007806493673155673,2,-0.0007274882026666596,0.001923374273379338,0.00021896907292855112
SN 047,N01,342,2.461111433333333,2.4694861,0.00244645739574618,2.4676497866666667,0.0016912448182368272,0.00021485250000000832,0.0009974466666666792,-1.1746831955921317e-05,0.006004833333333348,-0.01570283333333311,0.0020743949392381202,-5.488888888960375e-07,0.013417833333333018,-0.015726733333333076,0.002650842839698965,16.0,0.00326374375000002,2.7266620725200266,43.0,0.6432309700620488,0.0006686567006532133,0.003948864444444311,0.0016995635301701425,0,0.0009974466666666792,0.0016912448182368272,0.00021485250000000832
SN 010,F02,30,3.68617986043,3.6912270863833334,0.0016797973363601748,3.6907759602848884,0.001632406446696959,8.20505050476039e-05,0.001191558838444795,-1.428357168044097e-05,0.006003824870000063,-0.006398264570000034,0.002202505431136365,5.423227947222535e-05,0.009941355390000073,-0.00787277221666649,0.003455334188058428,33.0,0.002969267873939252,1.8897914683588166,52.0,0.1379742743653357,0.000517673462878849,0.002031300861999874,0.0004296507707563952,2,0.003574676515334385,0.003264812893393918,0.0002461515151428117
SN 004,F01,76,1.075270462033333,1.0839000701883335,0.00717606834334234,1.0985475836837777,0.004684584615007426,0.0010234582993214137,0.007082909479555477,0.00011487703349862115,0.0029865264866666408,-0.0026092529299996947,0.0012680246811068224,1.588291594444106e-05,0.004014460246666518,-0.003530629473333269,0.001676725122712251,7.0,0.003578131539523672,4.342000278395742,4.0,0.9844064448256821,0.005533143259874527,0.02162857055622225,0.0014026120707059005,1,0.014165818959110954,0.00702687692251114,0.0020469165986428273
SN 045,F06,1,-3.6692008666666656,-1.8252473166666665,1.8344870309249628,0.0,0.0,0.0,0.0,0.015047486145404661,3.6602757666666665,-0.012661733333332759,0.23482380432056635,5.2321212121209747e-05,3.6605809333333332,-3.6602757666666665,0.3334849924310258,0.0,,,1.0,0.9918074303301954,1.7946428815148368,3.6630630466666667,0.38304597780725674,3,0.0,0.0,0.0
SN 029,F03,118,2.2312113444,2.2631937662749997,0.00876518649882538,2.2687361992713333,0.0022602816830140674,-0.00015298389258334234,0.002492082385333383,0.00033071848972451693,0.0033930460599997936,-0.0038164774566666892,0.001557019978761412,-9.375678138882441e-06,0.003703816730000309,-0.0037455240866659523,0.0015541163438529697,7.0,0.007342274984285651,5.967805825876235,9.0,0.9845549894131158,0.006452878202322304,0.026490936279555122,0.001052749292360256,3,0.009968329541333532,0.005650704207535169,-0.0006119355703333694
SN 020,N01,274,3.046982320146667,3.0498093922916665,0.0011281490952306066,3.050495707192445,0.0010400830668824664,9.816215145239511e-05,-0.00020426432244491366,-5.092568292012092e-06,0.003908793129999921,-0.004100799563333091,0.0013041495879406759,1.1742909749997329e-05,0.0069376627633328525,-0.006133778893333108,0.002264039291872759,36.0,0.0015707086635185557,1.827941951877936,54.0,0.33401658572165194,0.0005477807120538411,0.0021532864044444544,0.00019399253660011038,0,-0.00020426432244491366,0.0010400830668824664,9.816215145239511e-05
SN 036,N01,102,2.8081400553366667,2.8192466735833337,0.004082125553625864,2.8200388929564446,0.004058485275084929,-4.35783749285815e-05,-0.0021138848197779225,-3.117122597796058e-05,0.019494374593333585,-0.019339752196666726,0.005067564581924022,4.187689886111142e-05,0.03183924357000034,-0.02904434204000017,0.007977332593763757,27.0,0.0067968297890123085,1.7421272826897687,55.0,0.23428971998363737,0.0007514110955386396,0.0041484069824444525,0.0019082140069824366,0,-0.0021138848197779225,0.004058485275084929,-4.35783749285815e-05
SN 011,F02,65,1.9835221608466669,1.9868317286166666,0.000992282851843017,1.9863986799433333,0.000627667019835706,-2.8978075309543662e-05,0.0002923499199998236,-9.785801928378144e-06,0.004301961263333043,-0.005965296426666322,0.0013776594449493257,8.88718497222644e-06,0.009795761106666134,-0.0072992960599995715,0.0023440363720278715,35.0,0.0015280369346666576,1.5535959053927253,45.0,0.03980662723214001,0.00041750953325906813,0.001431350708222201,0.00044518605784133874,2,0.0008770497599994709,0.001255334039671412,-8.693422592863099e-05
SN 012,F02,92,1.61181894938,1.6220067342116664,0.0021693389145180154,1.62192143758,0.0013893145820173568,-1.8891823810239317e-07,0.0013753000900000867,1.6033288209365702e-05,0.011507161456666859,-0.02132937113333333,0.003144324552190139,2.7051501805558375e-05,0.020244216916666558,-0.030898030596666848,0.005168537309279178,25.0,0.0038494669597333698,1.9754121099788247,61.0,-0.04373235288942428,0.00029498108043397945,0.0025842115613334826,0.0014181565060808737,2,0.00412590027000026,0.0027786291640347137,-5.667547143071795e-07
SN 011,N01,27,1.86124267578,1.8624506632483335,0.0006022352402936949,1.8622387525755557,0.000662940376122378,2.4280548011898096e-05,-0.00020770602888942058,-7.660920936670142e-07,0.002411524456667369,-0.0018519083633337097,0.0007134420046717997,-1.1454688333375115e-06,0.0027809143033337147,-0.00293706258333426,0.001155118644888148,29.0,0.0010766917263218775,1.959369292053529,36.0,0.3015030532083393,0.00027854095471260614,0.000889273749555608,0.00011621125713088553,0,-0.00020770602888942058,0.000662940376122378,2.4280548011898096e-05
SN 025,F03,27,2.759610239663333,2.80373128255,0.014814418635185534,2.815957997638222,0.0009128607398034339,0.00011350268414288068,0.00020004272511142673,0.000242541184435262,0.009268697100000445,-0.005578867593333481,0.002423372495580721,1.8304189055555014e-05,0.008149719236667075,-0.006657663976667116,0.0024416085936344416,6.0,0.007586627535555464,6.612380261821262,7.0,0.9866217707245435,0.012084990296227482,0.04587990654822205,0.0049429408223814995,3,0.0008001709004457069,0.0022821518495085846,0.0004540107365715227
SN 045,F06,5,0.5362712666666667,0.6403943166666667,0.023477326291346273,0.64053102,0.01941770156670482,3.944916666666869e-05,0.005391513333333431,5.545151515151578e-05,0.1596230333333334,-0.09214023333333332,0.02719743172303291,0.00012497472222222267,0.24105353333333335,-0.1279625666666665,0.03897201951738474,17.0,0.047883299999999976,2.4739577105437447,41.0,0.33441266320092916,0.003650257417906079,0.018512871111111107,0.013177977999424328,3,0.021566053333333723,0.04854425391676205,0.00015779666666667475
SN 028,F03,84,3.33929494222,3.3490075429266666,0.004019832838692664,3.346804436576444,0.0011855642724191526,0.00012872423451191692,-5.2269829777795707e-05,-0.00011708703578512795,0.006325531006666996,-0.004600270590000122,0.0017306035778072405,1.806259152777138e-05,0.006387329100000727,-0.005909728999999864,0.0025179698722998835,14.0,0.004071717035238105,3.6023911257408776,19.0,0.9050873510314341,0.0028822778901987896,0.01187889946777787,0.0008858873117015159,3,-0.00020907931911118283,0.0029639106810478814,0.0005148969380476677
SN 006,F01,118,1.5041660308833331,1.527743784585,0.010494443172344239,1.5190891604940002,0.0033252725557904165,-0.0006523963382261902,-0.002958331637333611,-0.00011750738809917371,0.024430211383333233,-0.025110371906666318,0.005525143165919898,-1.2354320972224331e-05,0.020500818889999772,-0.03201090494666636,0.006013923890670022,8.0,0.017888307571250095,4.515734091693831,13.0,0.8618343470983253,0.006337396978535716,0.02745304531533299,0.005643242433389855,1,-0.005916663274667222,0.004987908833685625,-0.0013047926764523804
SN 033,N01,53,2.385568237303333,2.387276331581667,0.0006800105277594959,2.387151302760222,0.00045536620238594125,1.6275133369036964e-05,0.0005564710831111874,-7.3834884297557024e-06,0.0018905639633337579,-0.002377573650000464,0.0008822658718997136,2.2002326138892413e-05,0.004268137613334222,-0.0031829834033336724,0.001458726492802034,34.0,0.0011098973892156958,2.1688280962069406,50.0,0.15030733013278344,0.00029793596429079157,0.001054382324000347,8.877762033739332e-05,0,0.0005564710831111874,0.00045536620238594125,1.6275133369036964e-05
SN 055,N01,528,3.151600392656667,3.16885948181,0.004402418368865487,3.165906711152444,0.008328032783733874,0.0005721991402857403,-0.014306318495777237,-0.000146738688154268,0.017661031086666945,-0.02590459188000027,0.005100845524848668,-0.00011060290866666452,0.028843434653333944,-0.026444244383333704,0.007457759863594751,25.0,0.0073871561689333376,2.372334101261535,49.0,0.2899166854795938,0.000835081530711136,0.005253295899333654,0.0023573056484815866,0,-0.014306318495777237,0.008328032783733874,0.0005721991402857403
SN 038,N01,149,2.5496205647766668,2.5551956176750004,0.0015398492962262489,2.5549585639091115,0.0019721764158385892,3.534589503569251e-05,0.0016863844142216422,2.274106033056529e-06,0.0061075846366662745,-0.00516942341999993,0.0020796278024329136,1.1969672333334014e-05,0.011277008056666205,-0.006860605876667147,0.003378294158395232,33.0,0.0026478931154545874,2.133955267165411,56.0,0.08901368811263964,0.00024520890485281265,0.0010716586644443638,0.0003348514902716294,0,0.0016863844142216422,0.0019721764158385892,3.534589503569251e-05
SN 025,F03,145,2.83734359741,2.842461903888333,0.0026809509398032874,2.8456812371128892,0.002229352375498788,5.6428455071438095e-05,-0.001171095106222264,3.1402419752069124e-05,0.004852294923333389,-0.0037701924666668774,0.0018333754732184615,-1.9348992249993794e-05,0.0063349405933332825,-0.00731048583999927,0.002899065424364954,26.0,0.0030994317465385347,2.865650793654182,25.0,0.7671227090293041,0.0015796404632888686,0.005738491481777963,0.0005036863791219364,3,-0.004684380424889056,0.00557338093874697,0.00022571382028575238
SN 033,N01,49,2.38495610555,2.3868714650466667,0.0005994408086641822,2.3866167873791113,0.000540155295357344,-1.0871887166676227e-05,-1.1206732444701828e-05,3.768458512398342e-06,0.002359008790000061,-0.002303314206666851,0.0008670003323573194,3.4523010277731636e-06,0.004248046876666578,-0.0033701578733329463,0.0014664407039688986,33.0,0.0011116259028283104,2.3264250632710954,56.0,-0.0444236785696794,0.00019174582057362606,0.0007030402288887849,8.903922316362827e-05,0,-1.1206732444701828e-05,0.000540155295357344,-1.0871887166676227e-05
SN 040,N01,188,3.0718917846666667,3.087425104775,0.004491952276669865,3.0869561767562224,0.005789209678325713,-6.637664076190358e-05,0.0071986897771108005,5.854877228649954e-05,0.014085642496667106,-0.012824249266666587,0.004849879360975627,0.00011361863875000155,0.02539952595666639,-0.017293294273332815,0.007341979698802193,27.0,0.006931559244567885,2.0825424997964213,47.0,0.41609589587012297,0.0009695212377320045,0.005085873073333413,0.0020057847968198727,0,0.0071986897771108005,0.005789209678325713,-6.637664076190358e-05
SN 055,N01,518,3.104610443113333,3.168609110513333,0.021309787194077914,3.1101349216022225,0.00467907434872939,-0.0004941631499404789,-0.002206454805556035,-0.0004883695239669423,0.010739898683333582,-0.01635335286333328,0.00481620186004448,-8.690092297222543e-05,0.021737670899999895,-0.01910222372000092,0.006460207309514795,15.0,0.010872480604666664,2.6994066354306483,3.0,0.9743159441825128,0.01675566289881865,0.062000342474888726,0.004027579335694218,0,-0.002206454805556035,0.00467907434872939,-0.0004941631499404789
SN 045,F06,4,0.6058572000000001,0.6435429,0.011387194059609923,0.6367976577777779,0.021272751539676355,-0.003938361666666663,-0.030940457777777763,-0.00030926222222222113,0.04811910000000008,-0.030904299999999885,0.011051871540556485,-3.161176470588267e-05,0.05262476666666671,-0.0754204666666668,0.016280309999474073,22.0,0.018294971212121213,2.5387901665879173,28.0,0.5116542703753919,0.0026795507651845747,0.011831742222222164,0.005332672813403743,3,-0.12376183111111105,0.053181878849190886,-0.015753446666666653
SN 009,F02,3,3.0613199869766663,3.0633928934716668,0.0007372501245859189,3.0626414320184443,0.0006838216621406677,8.88969785357225e-05,0.0013094245082223566,-8.688682341599239e-06,0.0017578124999997335,-0.0019663492833332796,0.0007339537243776195,1.2416839611114245e-05,0.003529357910000197,-0.002748616533333248,0.0012361116975485697,30.0,0.00103132459866672,2.2152528622097267,38.0,0.49796741460090704,0.00042572200788269093,0.0016239420575558938,9.183900215704735e-05,2,0.00392827352466707,0.0013676433242813355,0.0002666909356071675
SN 006,F01,117,1.5001330057766666,1.51721903483,0.010940941823685742,1.518916854857111,0.0020456535199191495,0.0002530288695357065,-0.0011057790137776191,-8.804804694215116e-05,0.016463088990000152,-0.01449673970666665,0.0033889661395146713,-1.0228686888887524e-05,0.01601943969666686,-0.021453094483333324,0.004284589488061566,10.0,0.009936879476666572,5.990188189675594,11.0,0.9522544958681196,0.010036365935890103,0.03423086378333351,0.0023950584321156504,1,-0.0022115580275552382,0.0030684802798787245,0.000506057739071413
SN 024,F03,13,2.38338724772,2.3978150685616666,0.0037380301832085445,2.397676239012222,0.0018135165576408576,0.00028488522470237077,0.0006915791811108463,-1.552150928374738e-05,0.006812540689999924,-0.015245056149999936,0.0026618272023695264,1.3809204111107457e-05,0.013849385576666595,-0.01502710977666677,0.0036806554370989453,20.0,0.0044140116371666595,3.1876247889545817,32.0,0.748012223019548,0.0015761007566652057,0.006906433105111187,0.0016797235984176864,3,0.002766316724443385,0.004533791394102144,0.001139540898809483
SN 038,N01,139,2.53184814453,2.5562923431383338,0.008516007327254512,2.5556761169417777,0.0011363698308601892,9.739376259525477e-05,0.0022795613615560484,3.8252060606272394e-07,0.039568583169999894,-0.03980662028000026,0.009030044991064608,3.731833563889175e-05,0.04714762369666703,-0.05077692667666689,0.01272131092548484,16.0,0.015615336100416627,3.0680127738760303,52.0,0.44229918658981326,0.0022539371068427713,0.012883555094666654,0.005944716573714184,0,0.0022795613615560484,0.0011363698308601892,9.739376259525477e-05
SN 049,N01,402,1.7539315333333334,1.7564220833333333,0.0011070075386456625,1.7571418422222222,0.0004106294103086441,1.2238095238108798e-06,-0.00018194222222245315,1.689504132231312e-05,0.001800299999999977,-0.002167133333333515,0.0007130835780148742,-6.3102777777805185e-06,0.0031590999999997482,-0.0023239999999999927,0.0010527553590681193,27.0,0.0011804432098766018,2.246599555080451,11.0,0.792573422152971,0.0008693052685397706,0.0024264755555556405,0.00025711263721779333,0,-0.00018194222222245315,0.0004106294103086441,1.2238095238108798e-06
SN 003,F01,58,1.2525829315166668,1.27967891693,0.00988598106779366,1.2840549723295558,0.003940159237498332,0.0006234990981785687,0.0053232574471109295,0.000102625865261707,0.0059947967533331425,-0.004436492919999813,0.0019055030561187047,-3.456221686110964e-05,0.003869247436666834,-0.003669738773333764,0.0016269664555108793,7.0,0.006809616088571399,6.886556026299096,2.0,0.9814694990961653,0.008754633184727346,0.030296851263999836,0.0030333924100355678,1,0.010646514894221859,0.005910238856247498,0.0012469981963571374
SN 031,N01,5,3.050830078123333,3.05412267049,0.0012350054464532075,3.053470865884222,0.0006871232888659098,-5.671455752381973e-05,-0.00013504028422195447,-1.8255901074378643e-05,0.0032277425133329096,-0.0038800557466664998,0.0010899320604844725,-7.0444743055582865e-06,0.0067120869966661445,-0.007107798259999409,0.0017805117300711234,28.0,0.0015547162014285837,2.151893435611783,33.0,0.6110974943786941,0.0007836566045937709,0.002894795735555622,0.000339038882109973,0,-0.00013504028422195447,0.0006871232888659098,-5.671455752381973e-05
SN 040,N01,185,3.0849927266433337,3.0880101521783336,0.0011129961178017408,3.087227105033111,0.000632424430668663,-1.065299644049825e-05,0.0006131659602219841,-9.939230523419126e-06,0.003624979656666305,-0.0040562947566664675,0.0013437690529930952,5.811055500000902e-06,0.006899007156666137,-0.004871114096666407,0.002228823020936122,35.0,0.0017729187011428418,1.836791507676297,47.0,0.2748580112636502,0.0005623677581829134,0.002151302761555396,0.00019834762397201176,0,0.0006131659602219841,0.000632424430668663,-1.065299644049825e-05
SN 049,N01,369,1.7604361,1.7745724333333333,0.003445226934832688,1.7748993533333333,0.0003466751640042186,7.810595238088341e-06,-0.0005755866666667941,-5.785509641873355e-05,0.012712366666666641,-0.010349166666666632,0.002938390550147883,5.24722222222107e-06,0.016368899999999798,-0.01758599999999988,0.003442646413119227,13.0,0.0054131,2.5530603898749007,31.0,0.6341344061353432,0.0011077065252902303,0.005764275555555365,0.0024938473699921628,0,-0.0005755866666667941,0.0003466751640042186,7.810595238088341e-06
SN 034,N01,55,4.27156270345,4.277799987791667,0.002367154727184126,4.278164910209111,0.001534633816813735,-9.541102821426188e-05,-0.0020932345924444817,-2.7213608925619514e-05,0.00784047444666669,-0.006656392416666712,0.0031589016756868875,-1.0732014972221945e-05,0.01216328939000011,-0.012896728516667011,0.005199660872252227,33.0,0.004564042524848416,1.8982806971892485,57.0,0.11331730980973412,0.0004829913847560171,0.0026142374675552915,0.000551578858191352,0,-0.0020932345924444817,0.001534633816813735,-9.541102821426188e-05
SN 045,N02,59,3.2621831,3.28822045,0.009686910656976471,3.2893733155555553,0.003251386482865619,-7.304738095240206e-05,-0.00040874888888886574,0.00010769008264462581,0.028775033333333866,-0.03362070000000017,0.010199892768572775,-7.649999999988685e-07,0.04623866666666565,-0.062395733333334036,0.014871040249563754,25.0,0.01662372133333342,3.0210646308772406,39.0,0.44708483721332387,0.0037619081800194945,0.016468493333333445,0.0033348555852470295,0,-0.00040874888888886574,0.003251386482865619,-7.304738095240206e-05
SN 046,N01,300,2.9112798055,2.917510350543333,0.0016936270290352554,2.9180861070402226,0.001316363287146202,-5.603971976185308e-06,0.0007457817931104671,4.249761928374634e-06,0.00993321736666708,-0.009056091306666847,0.002387325368084669,-1.2709299722228154e-05,0.014705657956667118,-0.017995198566667092,0.004037427320294714,34.0,0.002786726110196095,1.668757462144537,54.0,0.011782674268147898,0.0004414778284781164,0.0017686292862224562,0.0005554623211599691,0,0.0007457817931104671,0.001316363287146202,-5.603971976185308e-06
SN 006,F01,106,1.4889597574866669,1.5051646550483335,0.005598894999834537,1.501447287664,0.002464119415528166,-0.0004734361739047605,-0.004721315170666651,-0.00013030921787878817,0.005348587036666519,-0.006464640300000157,0.0019350309138655873,-1.5601052166665703e-05,0.01169560750333365,-0.011813227336666676,0.0026200297681562806,13.0,0.005064245370256344,3.77421932939938,15.0,0.9397743965352638,0.004276360003824996,0.01819034152599963,0.001356827172767422,1,-0.009442630341333302,0.0036961791232922488,-0.000946872347809521
SN 033,N01,51,2.38535817464,2.387590916948333,0.0007309184289916785,2.3871628485766667,0.0006686257170052487,6.854011902382518e-05,0.0007117546933330665,-1.0258698264466355e-05,0.0023852030433331173,-0.0032152811700001394,0.0009884050895589572,3.170225355555445e-05,0.005469004313333414,-0.0031382242866668797,0.001637827874416844,29.0,0.0013488331059770063,2.92091118417174,50.0,0.07568511777206016,0.00032998035248044626,0.0011038547097776963,0.00012036668988819824,0,0.0007117546933330665,0.0006686257170052487,6.854011902382518e-05
SN 017,F02,190,3.2402463277166667,3.3189643859849998,0.016363821231516137,3.3235639953595553,0.009091107278078105,-0.001495805467785725,-0.0024107360828882207,0.0006062573309641902,0.032157897946666125,-0.01923929850333339,0.008818809922790194,8.016586302778498e-05,0.029970550533332307,-0.03063379923666565,0.010819340713737441,17.0,0.018284412458431404,5.617115528579486,29.0,0.8472325619488693,0.004093517097831039,0.030013834635333136,0.0058351041214394755,2,-0.007232208248664662,0.01818221455615621,-0.004487416403357175
SN 012,F02,89,1.6189205169666667,1.62100270589,0.0008114411848457734,1.6213455708802222,0.0006126321555792733,-2.3761930880958744e-05,-0.0004773966468889501,-5.161926446280656e-06,0.001813252766666329,-0.0031550089500003153,0.000995546507459786,-1.1658138694444394e-05,0.0038383483866668566,-0.003872172036667232,0.0015911391608276124,33.0,0.001361469307474713,2.147122829435471,45.0,0.25241722749545825,0.00038290129934699836,0.0014358690051110568,0.00011372040682353252,2,-0.0014321899406668503,0.0012252643111585466,-7.128579264287623e-05
SN 034,N01,54,4.270402018226666,4.277323150633333,0.0025367535755128467,4.275839097762889,0.002716274273191096,-1.0826474059556976e-05,0.002095675997110469,-5.758826749316725e-06,0.006560262043332266,-0.008987426756665862,0.00317835909225325,2.6639302555553358e-05,0.01041005452333188,-0.010894775389998834,0.004979364993464567,32.0,0.004529285431249752,1.9237908909266161,58.0,0.22070774855404546,0.0006102024295297233,0.0028755018446666725,0.0006321151998889091,0,0.002095675997110469,0.002716274273191096,-1.0826474059556976e-05
SN 003,F01,47,1.21996599833,1.2484346389766667,0.018925646969838606,1.2553870222286667,0.008188455375148052,0.0016454337891904695,0.01663776821466656,0.00040351195110192737,0.014685312906666637,-0.010160700479999951,0.0037631769462790066,-5.7310528222222674e-05,0.022853469846666474,-0.012096023556666724,0.0044308075993811,5.0,0.026220575968666626,12.039675886678774,5.0,0.9801207578351905,0.016764941093648206,0.056097318861111134,0.003595822596683407,1,0.03327553642933312,0.012282683062722078,0.003290867578380939
SN 016,F02,170,2.805306498206667,2.819564437865,0.0031347662902544058,2.817914733885111,0.0018182090992618913,-3.5728272892849534e-05,0.00046473185155582186,-1.0740001652868743e-06,0.015027109783332993,-0.01642583211333326,0.00409436391262501,5.989074694445762e-06,0.026138051349999802,-0.02800242106333295,0.006815085655448963,25.0,0.005321472168266634,2.300055802899765,46.0,0.15368588610293232,0.00079827759944447,0.002852444119333164,0.001936471165172828,2,0.0013941955546674656,0.0036364181985237827,-0.0001071848186785486
SN 039,N01,172,2.8935979207333333,2.897983423866667,0.0011794231851728046,2.8974291144457776,0.0009705171192825182,3.134954539284473e-05,0.0005773247608891197,3.643403696969706e-05,0.004068501790000401,-0.005390167236666521,0.0015708233947207282,-2.493964302777337e-05,0.007149251303333326,-0.00720799764000013,0.0025931954596414095,34.0,0.0020988015569607128,2.0965974035362516,59.0,0.07024216179225984,0.00035321041756702833,0.0014944118928892358,0.00024280593580169453,0,0.0005773247608891197,0.0009705171192825182,3.134954539284473e-05
SN 011,F02,72,1.9760294596333332,1.9813154220566664,0.001088795383917042,1.9809302775048887,0.0005449878735695738,-3.164200558335201e-05,0.00029162089177758865,1.2992039201100592e-05,0.004592641193333691,-0.009146753946666752,0.0014366775526343954,-2.8853946111147738e-06,0.01281661987333349,-0.01153971353999994,0.002327128896208013,27.0,0.001690405386419785,1.9631124798077826,46.0,0.12826600321301726,0.0003000735793366923,0.0012256198460001144,0.0006513041509184364,2,0.000874862675332766,0.0010899757471391476,-9.492601675005603e-05
SN 005,F01,103,1.3935993194566667,1.4313445409116667,0.015626713101221858,1.4465778689897777,0.0031691531118780833,0.0006390512558452378,0.004872478910222355,0.00039565556633608894,0.006770706176666641,-0.006115214030000038,0.0021181935766334133,5.727238125000089e-05,0.007712046303333331,-0.009400176999999843,0.0024196431304271274,6.0,0.008587307399444355,5.880604490620999,1.0,0.9907076326619304,0.013243974829311354,0.04570575290266654,0.0016496062879625749,1,0.00974495782044471,0.0047537296678171245,0.0012781025116904755
SN 001,F01,5,1.231119028726667,1.2543258031183333,0.009632976130120695,1.2389703284355558,0.005308765888123174,-0.0010078330266309514,-0.00785129970888887,-0.00017257038881542336,0.010006078083333758,-0.010497792560000274,0.0032384049727510822,-3.287527297222333e-05,0.01089197794999941,-0.013040415443333009,0.0033795687572659157,11.0,0.011621093750000007,4.754585624921808,12.0,0.9428959420433844,0.00668687518006089,0.026510713365110794,0.002755963109719076,1,-0.01570259941777774,0.007963148832184762,-0.002015666053261903
SN 032,N01,11,2.51417007446,2.522710164385,0.0025638478065847467,2.522697584362222,0.0025247039644078766,4.102161948808604e-05,-0.000886416965555803,-2.389702920112636e-06,0.006093851723333099,-0.004908243816666769,0.0018419298826146077,2.1771325000001045e-05,0.005685424803332673,-0.007793935140000485,0.002397180589835032,20.0,0.0036658477781666755,4.2705589999851234,24.0,0.7438287140486946,0.0011991179270171674,0.005024515787777517,0.000911533454752138,0,-0.000886416965555803,0.0025247039644078766,4.102161948808604e-05
SN 049,N01,400,1.7641610333333333,1.7661517333333334,0.0008354638038189481,1.7670461266666668,0.00048715277307863667,-4.034785714285996e-05,-0.0009324933333334506,4.406336088155427e-06,0.0021066000000000695,-0.002510699999999977,0.0007475733897989164,-5.479722222223593e-06,0.0033579333333331185,-0.0033518333333333317,0.0011262217547963439,26.0,0.0012347461538461198,2.1490411301469274,24.0,0.6021396464587024,0.0005500110973445517,0.0017207488888888456,0.000187459447049303,0,-0.0009324933333334506,0.00048715277307863667,-4.034785714285996e-05
SN 003,F01,53,1.1804500579833332,1.2889043807966667,0.05269267855463075,1.2252098168248888,0.014890860456957495,0.0021381210145833326,0.016594051785111086,-0.00021554615873278026,0.06416880289666627,-0.05857289632333318,0.01540044265147665,-3.3711327444448566e-05,0.05779062906666721,-0.03081601460666672,0.00944824271055938,4.0,0.10207974115999996,14.276430004987425,8.0,0.9575115900599988,0.034173928773426954,0.14656462775333323,0.03237052465320571,1,0.03318810357022217,0.022336290685436244,0.004276242029166665
SN 012,F02,84,1.6185710906966666,1.6211294174183333,0.0008233883291921425,1.620996924504889,0.0007445320012583925,-3.843988696427705e-05,-0.00019677903822223897,2.618794931130708e-06,0.002117792763333348,-0.002869033813333255,0.0012068591981111737,5.937152444440707e-06,0.004938888550000131,-0.0035970052066662817,0.0020672748339806337,36.0,0.0014960253679629622,2.9065205991263294,64.0,-0.06740069884270218,0.00019311053245402263,0.0007174597848889075,9.393860658811769e-05,2,-0.0005903371146667169,0.001489064002516785,-0.00011531966089283116
SN 057,N01,565,2.79144337972,2.822660827635,0.008364495594181716,2.8232729932982226,0.006661671793809747,-9.386970879762891e-05,-1.3054748895235946e-06,-2.305632451792006e-06,0.055338287353333016,-0.049598693849999265,0.010337508775824702,-7.73323908333697e-06,0.05290018717666545,-0.10493698120333228,0.015701787776791886,12.0,0.02020458645277771,2.2596711042827393,42.0,0.242564402206724,0.001354395777938727,0.007806447346666356,0.005840989048600628,0,-1.3054748895235946e-06,0.006661671793809747,-9.386970879762891e-05
SN 020,N01,271,3.0243255615233333,3.051004409788333,0.007233627689970253,3.0508212619339994,0.0008972170890789306,-2.836499976199835e-06,-0.0005687289773326221,-2.796814132231462e-05,0.017749277750000125,-0.017155710853333783,0.004820902487961906,2.4416181750005113e-05,0.01671956380666728,-0.025757344563333007,0.005945556469337026,10.0,0.012800038656333213,3.8049240946147065,43.0,0.7796114378243321,0.002827216204072643,0.014009941948444293,0.004853240775232701,0,-0.0005687289773326221,0.0008972170890789306,-2.836499976199835e-06
SN 049,N01,370,1.803942733333333,1.8064790499999999,0.0009811888055972465,1.8069816666666665,0.0009808241597666486,4.2452261904764504e-05,0.000547499999999923,8.865013774103303e-06,0.0030626999999998628,-0.0023662666666670606,0.0010108712439428735,1.3341666666610851e-06,0.004052833333333394,-0.003955100000000211,0.0015849532965014808,34.0,0.0012794745098039632,1.9337579852748699,34.0,0.47068714068841305,0.0006920361897684206,0.001973053333333308,0.00020611021166348748,0,0.000547499999999923,0.0009808241597666486,4.2452261904764504e-05
SN 040,N01,181,3.0858413696266664,3.087955347695,0.0009421559576033511,3.087226884628444,0.0008354812647585446,4.926499874998871e-05,0.00035347832488907827,7.511695867769733e-06,0.0030006408666669593,-0.003093210856666584,0.0012655969460460814,-3.8004981138894946e-05,0.005988566080000091,-0.0044105529733338145,0.002150693024963661,39.0,0.0015750265527350949,1.7531175519982123,60.0,0.09834239608158528,0.0002977327517478781,0.0016091918944445283,0.00015288235710203847,0,0.00035347832488907827,0.0008354812647585446,4.926499874998871e-05
SN 044,N01,250,2.5574,2.5630892333333337,0.0019846456525841956,2.56280872,0.0017969917525844285,2.4091547619042862e-05,0.0015879466666666175,1.929476584019411e-06,0.0062652333333330645,-0.00776036666666613,0.0027901307114547966,3.192305555556052e-05,0.0107267000000002,-0.011680099999999083,0.004469288499992692,34.0,0.003644501960784265,1.7284883309288819,58.0,0.01680219672808567,0.0003334069115937417,0.0013818422222224847,0.0004269550980392828,0,0.0015879466666666175,0.0017969917525844285,2.4091547619042862e-05
SN 035,N01,90,2.7694943745900003,2.7716514587383334,0.001022390696818423,2.7709151034868884,0.0008410667658784858,-5.508604509523015e-05,0.0004573737264443878,1.8012096969646486e-06,0.002818044026666744,-0.0031504313133328132,0.0011864842685728727,1.3037787555547631e-05,0.004178619380001081,-0.005537160236666061,0.0019673895784592887,34.0,0.001638980940098067,1.7016545910854233,38.0,0.3310398869121237,0.0005181158109605821,0.0020787217880005038,0.00010039423161848512,0,0.0004573737264443878,0.0008410667658784858,-5.508604509523015e-05
SN 014,F02,125,3.22853825887,3.234949493406667,0.002109114397917938,3.235739881725778,0.004440095702400977,8.192515833267092e-07,0.006508144800888793,7.126022630854214e-05,0.011714172363333386,-0.008319600423333906,0.002450043978638017,6.456375119444265e-05,0.012007904053334517,-0.015756479900000286,0.0037063342653447244,30.0,0.0030679406054444414,2.1462823971734957,49.0,0.29488645743900105,0.0007700995910128103,0.0033202955457780625,0.0007824654203646331,2,0.01952443440266638,0.008880191404801953,2.4577547499801277e-06
SN 016,F02,162,2.8189498901366665,2.821358362833333,0.001204587152139144,2.821609649656889,0.0010892273814620732,-8.586429409524079e-05,-0.0022795613602224485,-2.170699358126468e-05,0.003066762286666691,-0.004212188719999954,0.0013716994681384849,1.6051398388894356e-05,0.005311075843333235,-0.0060933430999994265,0.0022406826469402665,35.0,0.0018216015042856399,1.769601247943017,43.0,0.3484566104834749,0.0006071740577690312,0.002356465657999518,0.00020340965277621545,2,-0.0068386840806673455,0.0021784547629241464,-0.00025759288228572236
SN 057,N01,559,2.815206654863333,2.8228675842266666,0.0019498998984018576,2.822967325844444,0.0010627578110607306,4.9308595226189256e-05,-0.00016484578444408982,3.034733542699691e-05,0.006520843506666374,-0.006891123453333758,0.0019186727732301262,-1.036326083333113e-06,0.009183502196667526,-0.007117716470000701,0.002792659604732616,24.0,0.0031775792433332652,2.663336960225433,46.0,0.5122324573915538,0.0005951666712665709,0.003314751518444403,0.0008859305486678837,0,-0.00016484578444408982,0.0010627578110607306,4.9308595226189256e-05
SN 014,F02,134,3.21883977254,3.2342979431133334,0.00603512823561516,3.2341311306402223,0.005070999507493883,0.00039172127133332445,-0.003985358343555845,-6.082498008264287e-05,0.01934611002666653,-0.017985534666667302,0.008041380548285335,-0.0001101917690555602,0.030786895753333265,-0.03010304768666705,0.011649050171421892,31.0,0.012365985172903273,1.9206934872744896,57.0,0.11654558038383381,0.0007980833425453028,0.004459940592222544,0.0015197512188474106,2,-0.011956075030667535,0.010141999014987767,0.0011751638139999732
SN 010,F02,26,3.668913014726667,3.6913576761866667,0.003814602996498265,3.69151341756,0.0021488195630638557,-0.0001666650319166764,-0.004481608073333643,-2.2547698209370887e-05,0.016640726726665278,-0.0328750610366666,0.005297325666140734,-3.496170044444691e-05,0.04589258829999965,-0.03451665242666646,0.008545853298574256,28.0,0.006213242666785627,2.548028550858548,54.0,0.03800440225231196,0.0005284919093659858,0.0026769510904443017,0.0018758218173920338,2,-0.013444824220000928,0.004297639126127711,-0.0004999950957500291
SN 009,F02,1,3.058031972246667,3.0622699737533337,0.0008562423335653276,3.0622691175653336,0.0004007364425346013,2.948397683331581e-05,0.00014212714466621534,1.802169737997085e-05,0.0036097208666663327,-0.0023757934566668304,0.0008698271547878294,-1.1683692617080474e-05,0.004809061683332949,-0.004815673826666256,0.0013536758529546463,56.0,0.001334680829702379,2.489204543070882,83.0,0.4602657988485541,0.0002957889278815153,0.0015224541559990534,0.0002620667518079986,2,0.00042638143399864603,0.0008014728850692026,8.845193049994744e-05
SN 059,F03,157,2.21722793579,2.2524232228583334,0.02027435235871848,2.2477832539860003,0.004928769834290889,-0.0005763408115833376,-0.007819468179333544,-0.00044522456228650276,0.014952850340000268,-0.015082550050000254,0.005504385385128187,3.2848782027783406e-05,0.01705678303999969,-0.02273000081000065,0.0059406393148473515,11.0,0.017481647838181846,5.893127923427328,9.0,0.9628897659722321,0.01623885555245339,0.05581544664177729,0.005895432073051789,3,-0.031277872717334176,0.012321924585727223,-0.0023053632463333504
SN 029,F03,112,2.18321050008,2.2015462239566665,0.007751153918268974,2.206805674233111,0.0014108780644448888,0.0001756668091428445,0.0013776143402219887,2.2663295123964193e-05,0.006044006346666908,-0.011106618246666589,0.002391230294978116,1.9001430944439364e-05,0.00890070597666659,-0.005894215899999722,0.0022778140381564537,10.0,0.00703132629399974,4.6084954063791095,12.0,0.9526108136180935,0.005324435085158594,0.02532177395266677,0.0029868697353011,3,0.005510457360887955,0.003527195161112222,0.000702667236571378
SN 036,N01,96,2.8090812683100004,2.820097732541667,0.003525900123213662,2.819990743,0.0008306606448380029,2.397810357062419e-07,0.0014277648933336273,1.9687200716256844e-05,0.01232961018666634,-0.010698699949999835,0.0034413540470428815,-9.791056111096986e-07,0.016573079423333414,-0.01231740315333374,0.0045189619192031434,23.0,0.005325085183333377,4.3987714846897585,35.0,0.5271696848590413,0.0010322127696446935,0.004478149414222532,0.0018552498235861424,0,0.0014277648933336273,0.0008306606448380029,2.397810357062419e-07
SN 034,N01,63,4.270261128743333,4.280094146726666,0.003036432547635838,4.2790012953000005,0.0038993626848420515,-0.00010898045132141019,-0.003196648493333676,-1.0664338264461887e-05,0.012093098956666992,-0.009562683103333747,0.0039069607379740015,-4.202100966666696e-05,0.017917887366666996,-0.014852396646666932,0.006182447682962369,32.0,0.0054376920059374945,2.02647200697369,56.0,0.1697297370631763,0.0004970615612602233,0.0028166029182230545,0.0009730898484960892,0,-0.003196648493333676,0.0038993626848420515,-0.00010898045132141019
SN 003,F01,51,1.2289534250866665,1.2622326532983332,0.01962283560385884,1.269046537609778,0.0038730970232187106,-0.0007671714964047679,-0.0048946465397778915,-0.00024627181123966995,0.00766258239666695,-0.01754824320666648,0.004485692157569192,-1.90395779166667e-05,0.01141141256,-0.01733805338666694,0.004877637242102245,10.0,0.012252082823999921,4.324377100754359,15.0,0.9738844134072312,0.01515752159021405,0.06770429823155566,0.005760378982251781,1,-0.009789293079555783,0.005809645534828066,-0.0015343429928095357
SN 037,N01,125,1.94361661275,1.9602713267,0.0024360823742960603,1.9618468475326665,0.0006559165925487982,-4.723412653571917e-05,7.548014399993974e-05,-2.4477115344353236e-05,0.01784960428999982,-0.012709808349999907,0.0027537481950716,0.00011463695102777634,0.026407241823332983,-0.016252772016666528,0.0036849013615387937,14.0,0.0034924552554761296,2.8337939015073954,28.0,0.35553760156054576,0.000781225862378713,0.0028887430828887783,0.0010603101360683743,0,7.548014399993974e-05,0.0006559165925487982,-4.723412653571917e-05
SN 041,N01,198,2.5558550516733334,2.574679311115,0.005345554069856475,2.574220716686445,0.0014666730775340624,-2.0817347976197018e-05,0.0024038357202216254,1.1330596666666426e-05,0.013889312743333715,-0.019717152913333535,0.004120052630628621,3.64939371666669e-05,0.013561248779999868,-0.026143137616666756,0.0049764188198387505,17.0,0.00835900400196086,3.1383260917206703,40.0,0.7052798655846202,0.0012001074160092639,0.006768663195110491,0.0033104083885371486,0,0.0024038357202216254,0.0014666730775340624,-2.0817347976197018e-05
SN 016,F02,174,2.7964520772266668,2.8165616353333336,0.0034145626245866995,2.815312499998222,0.0009565182533433435,0.0001450484139761676,0.0006926981617780825,1.8012096694237774e-06,0.021935272216667023,-0.021142069500000193,0.0046444476156602185,-2.8364393444442934e-05,0.033205668133333255,-0.03656819661333355,0.007466256833835498,22.0,0.006086337927575655,2.0333441257775067,56.0,0.0822785612359945,0.0006348374144774246,0.0033087158202214084,0.0020443819673465436,2,0.0020780944853342476,0.001913036506686687,0.0004351452419285028
SN 045,F06,4,0.6058572000000001,0.6435429,0.011387194059609923,0.6367976577777779,0.021272751539676355,-0.003938361666666663,-0.030940457777777763,-0.00030926222222222113,0.04811910000000008,-0.030904299999999885,0.011051871540556485,-3.161176470588267e-05,0.05262476666666671,-0.0754204666666668,0.016280309999474073,22.0,0.018294971212121213,2.5387901665879173,28.0,0.5116542703753919,0.0026795507651845747,0.011831742222222164,0.005332672813403743,3,-0.12376183111111105,0.053181878849190886,-0.015753446666666653
SN 009,F02,19,3.0617668151833333,3.0647973378483337,0.0011690065738172407,3.064346686467333,0.0006983584123765401,-1.5896388464302953e-05,-0.0006539577906670146,-2.8680638512403124e-05,0.004417928060000076,-0.00502065023000009,0.0012398212257629675,1.179801094444155e-05,0.005308024090000085,-0.006192270920000187,0.001957177734774659,31.0,0.0016552258563440837,2.4985675296245113,39.0,0.4307535970527653,0.0005245238214756224,0.0022887335879997472,0.0003727055646920549,2,-0.001961873372001044,0.0013967168247530802,-4.768916539290886e-05
SN 024,F03,10,2.365109252926666,2.391080729165,0.007268882927074632,2.4015094672291113,0.009769024752122291,0.0010098066783452294,0.006369662814222021,0.000142419568099173,0.012357330323333304,-0.0186828613300003,0.003944097020291424,-1.9476148833330596e-05,0.02093505859000011,-0.031040191653333604,0.0050943781392985416,8.0,0.010449345906249907,3.7358362763546817,19.0,0.8508027636167501,0.004582106577098468,0.022604387071111454,0.0032418424584408976,3,0.025478651256888085,0.024422561880305727,0.004039226713380918
SN 033,N01,422,2.391140733333333,2.39335835,0.0008847614265160796,2.393024886666667,0.0008442448702370719,1.624285714304666e-06,0.00022841333333323277,-3.978787878788363e-06,0.003620900000000038,-0.002938833333333335,0.0012251436373158814,-5.6861111111102446e-06,0.005817666666666721,-0.0052070333333333885,0.00206613941328675,31.0,0.0017284838709677327,1.8645694634484462,47.0,0.04852492764171716,0.00036594826203455627,0.00124295999999946,0.00015371887852976796,0,0.00022841333333323277,0.0008442448702370719,1.624285714304666e-06
SN 018,F02,220,2.94228210449,2.9874481201150003,0.016949444167927773,2.987126210528889,0.01832588128669504,0.0015554409934523947,0.014010060627777765,8.901800991735384e-05,0.04456787109333371,-0.06635920206666679,0.020181102234055382,-8.942710030555024e-05,0.07452596028666703,-0.08628005981333331,0.02945421666903965,26.0,0.033061100885897504,2.0941768872368836,54.0,0.2950447130499429,0.0024956862124920123,0.01386440700911118,0.004934195777416287,2,0.042030181883333295,0.03665176257339008,0.004666322980357184
SN 045,N02,54,3.115924833333333,3.1501647833333335,0.009480876029844624,3.1322081688888885,0.013232915907703572,-0.0029027201190476174,-0.01582483555555525,-0.00019489008264462657,0.006830866666666768,-0.005868533333333481,0.0023987688964096595,-4.3119166666671924e-05,0.006922866666666749,-0.00818230000000053,0.0029295415056757135,11.0,0.008033566666666698,7.147583294800042,12.0,0.9675997012821481,0.005041832305661076,0.025361897777777642,0.003189744910678581,0,-0.01582483555555525,0.013232915907703572,-0.0029027201190476174
SN 046,N01,294,2.8662554423,2.9196993509916664,0.007358104779767209,2.9192551167786664,0.004546891796625866,0.0003848566327380953,0.0011558024080002838,6.765570523414499e-06,0.06101201375333343,-0.03603261312000017,0.008680849986203715,3.9647420222225596e-05,0.08812204996666662,-0.0488446553566666,0.012341160708962486,16.0,0.011863533656250036,2.2847598514800156,53.0,0.30979199727788553,0.0009224218530391694,0.0063839552139994815,0.005520447298824618,0,0.0011558024080002838,0.004546891796625866,0.0003848566327380953
SN 015,F02,141,2.9429840087866665,2.95078341166,0.0021217906969993572,2.9496782769084446,0.0014228416731630084,-8.3583650190479e-05,-0.0008636305084448459,-2.7238830082646464e-05,0.0063179016099996765,-0.005983988443333477,0.0017150930731889141,-3.708733444444482e-06,0.0057751973466664275,-0.007855987546666388,0.0024721643793730354,28.0,0.002258482433452264,1.8267578925177423,29.0,0.6743680330295119,0.0011037670100405331,0.004078725179110787,0.001269185965936466,2,-0.0025908915253345377,0.002845683346326017,-0.000250750950571437
SN 002,F01,20,2.14616165161,2.2088185628233337,0.02547406068373139,2.212883012558222,0.03949043981847786,0.008252484457880934,0.02788923475511096,0.0004968480301928346,0.02694218953333305,-0.027616119383333526,0.00804192348785413,-6.28513759999986e-05,0.03240814209333287,-0.033880106606666516,0.00978067434246608,12.0,0.01982784271194445,5.883886163927291,9.0,0.9499910255687118,0.017915771745217687,0.06513439602311122,0.011046855620683754,1,0.05577846951022192,0.059235659727716786,0.016504968915761867
SN 035,N01,83,2.7647748311333333,2.7684778849266665,0.001442055356585251,2.7680587599,0.001287720275275266,7.742382222617313e-05,-0.0015108574766671268,-2.8489378209369928e-05,0.003856913249999927,-0.0034070332833335826,0.0016828591423621452,-1.3037787527777253e-05,0.0065699259466667215,-0.006314849853333637,0.002664726291868026,33.0,0.0023698903095960046,1.8652127211021607,57.0,0.3160752893653262,0.0005523521094019045,0.0020717196991109077,0.00037719286777321894,0,-0.0015108574766671268,0.001287720275275266,7.742382222617313e-05
SN 002,F01,36,2.29478810628,2.3189470926899998,0.009275103004741547,2.3046459282753333,0.004738997000959688,-0.0009645789010476174,-0.00829964531866656,-0.00015909284272727113,0.016525014243333747,-0.013280232746666787,0.0034067879527141355,-9.996626111108408e-06,0.029805246990000533,-0.019101969403334085,0.005178569800909131,13.0,0.009571779691538594,5.809164308423098,20.0,0.9317390246958437,0.006934202396302168,0.029319932725333064,0.0017684211682992724,1,-0.01659929063733312,0.007108495501439532,-0.0019291578020952348
SN 042,N01,261,2.825849633333333,2.8317239,0.0018611944823913684,2.8332299288888887,0.0010109687324118659,0.0001235055952380905,0.001731504444444365,4.0471625344348074e-05,0.005787900000000068,-0.005343366666666238,0.0020777080194587716,3.08736111111115e-05,0.009301499999999407,-0.009688800000000608,0.0030998444376946297,31.0,0.0029228301075268155,2.2361261724919985,43.0,0.37142190973272105,0.000684376686871309,0.0035073644444443275,0.0005326616402632515,0,0.001731504444444365,0.0010109687324118659,0.0001235055952380905
SN 025,F03,138,2.7673441569,2.78599128723,0.004839500427974278,2.7733077494288887,0.005994272504097144,-0.0010851614815000122,-0.0046668497722222035,-0.00012226157280991842,0.0035832722999993294,-0.006110636393333202,0.0017722354622426487,-7.589128277777727e-06,0.008843485513333249,-0.009128061929998932,0.002675758489445422,20.0,0.0029783248898332727,3.761934992186691,18.0,0.9313961466674542,0.00252819243163836,0.01421230739977819,0.0016575577582952374,3,-0.018667399088888814,0.014985681260242861,-0.004340645926000049
SN 042,N01,264,2.8081268,2.8110082999999997,0.0012873155249725615,2.8115979822222226,0.0009954986367110578,-5.2320357142835285e-05,-0.000901348888889153,2.9947658402249943e-06,0.005934166666666574,-0.003768400000000227,0.0015563734747448261,4.170833333331606e-06,0.007302133333332961,-0.006397533333333261,0.002503241227619238,30.0,0.0023241911111112254,1.9741071890235595,46.0,0.2737782273789623,0.0006200493005770399,0.0022216777777770425,0.0002967356878467791,0,-0.000901348888889153,0.0009954986367110578,-5.2320357142835285e-05
SN 055,N01,522,3.1290033976233333,3.165118662515,0.01244455471455337,3.1714495680053334,0.008381989035314202,-0.001405158269988081,-0.004002414278666322,-0.00010469504953167711,0.03700892130333333,-0.033588918050000416,0.011072370477089042,5.855136449999983e-05,0.03831354777000051,-0.041250356036665714,0.014749091260119397,25.0,0.017381571451866636,2.409989448582122,42.0,0.6049423958757981,0.003511665940830928,0.01621846516977765,0.004407046140870786,0,-0.004002414278666322,0.008381989035314202,-0.001405158269988081
SN 019,F02,228,3.007106272376667,3.009998575845,0.0011221575559933858,3.009824506970445,0.00106810057617503,-2.2607530726185105e-05,0.0015684678828882248,6.6941106336036735e-06,0.004694620769999602,-0.004288228353332979,0.0016994889182903978,2.910190158333196e-05,0.008982849123332581,-0.006756846113333825,0.0028696552063679184,36.0,0.002140264158240831,1.705981203241919,64.0,-0.14431866205594626,0.00023658681822988015,0.0011898803717773632,0.00016155240258403723,2,0.004705403648664674,0.00213620115235006,-6.782259217855531e-05
SN 042,N01,229,2.671635933333333,2.7030246499999997,0.007281621127540094,2.7041592577777775,0.0014857607547141916,1.2777738095213842e-05,-0.0018846911111110032,-3.873746556474092e-05,0.031834433333333134,-0.05449320000000002,0.00870311438196394,-1.422666666666128e-05,0.05449930000000025,-0.08632763333333315,0.01336910702427324,11.0,0.013784975757575707,1.8606511678602409,25.0,0.2907630586685584,0.0025150209030942758,0.01042368222222212,0.00521178223202948,0,-0.0018846911111110032,0.0014857607547141916,1.2777738095213842e-05
SN 027,F03,70,2.7116989135733336,2.715053304035,0.0018686112506119742,2.714602728948,0.0016926656339357874,0.00036394845873809634,0.0024555799686667434,1.4397066804410275e-05,0.0017438252766663886,-0.0022832234700000953,0.0006461627058661435,-4.380544055559987e-06,0.0027870178233331266,-0.002583312986666808,0.0009958579933174716,21.0,0.0011684357173015667,2.8714379227702516,16.0,0.9403983292481041,0.0016727702495971455,0.005178324381555743,0.0004457864751693538,3,0.009822319874666974,0.004231664084839468,0.0014557938349523854
SN 039,N01,157,2.87386220296,2.893384424843333,0.005513361733063899,2.8931093682162223,0.0014687678737815926,-0.00017809459145235381,-0.0008532036662223241,3.959088286501828e-05,0.026084136963333115,-0.03512268066333357,0.00902798270550893,4.144244724999154e-05,0.04683558146000033,-0.04820327759333365,0.015286827149762242,29.0,0.01119264624609194,2.023342597687398,60.0,-0.3354416471550786,0.00046278559773841037,0.0023138427737783296,0.0037015409952858252,0,-0.0008532036662223241,0.0014687678737815926,-0.00017809459145235381
SN 055,N01,520,3.1341237386066667,3.165635045366667,0.00789704488660707,3.162298075356222,0.015036788224872987,-0.0007090732029880959,-0.015329233806221865,-0.0002102812459779588,0.03392588297666688,-0.02790018717333309,0.008233891956421002,7.530424330555544e-05,0.03411356607666649,-0.03688252767000044,0.011434615816189164,24.0,0.013037406073472183,3.4565339020001633,51.0,0.4467546423706397,0.0012578193680508917,0.0058415052622220465,0.0033122941002349904,0,-0.015329233806221865,0.015036788224872987,-0.0007090732029880959
SN 064,N01,584,3.17318827311,3.1861083984349996,0.00296782548239591,3.1853920152435555,0.0026988263553642147,-0.0003168832688571424,0.0008399793831110891,-1.393888278236679e-05,0.016649882000000282,-0.01190109253000049,0.002875908209019425,1.8588172027774372e-05,0.014790089926667083,-0.012482198080000728,0.003837484819178038,22.0,0.004169857140757551,2.622317086378015,32.0,0.5337072265350854,0.0008448007627452487,0.004132690429777153,0.0015527277007052651,0,0.0008399793831110891,0.0026988263553642147,-0.0003168832688571424
SN 002,F01,39,2.2670127868633334,2.3157648722316666,0.02171505462987467,2.3093369886593336,0.006585851741429925,0.0003823779877618933,0.004319373237333224,-0.0004929534659779608,0.027954610189999674,-0.029928843179999998,0.008056343490819694,2.17840406666688e-05,0.04520924886333244,-0.03892110188666642,0.010864826373262238,12.0,0.02005644904277774,3.5928810039900525,15.0,0.9302637367893932,0.017064929410677752,0.06931872897622204,0.004109402228586086,1,0.008638746474666448,0.009878777612144887,0.0007647559755237866
SN 010,F02,52,2.64515431722,2.6482295989966667,0.0011917575529176092,2.6475411648202227,0.0009594435602391517,-4.68054272380899e-05,-3.1144883556155634e-05,-2.0441733112948277e-05,0.003978983559999705,-0.0041893005366668845,0.0014413131032731854,-3.8125779722249693e-06,0.006211090083333648,-0.0048848470000000255,0.0023786835367873983,33.0,0.001950589575252461,2.336195562962553,47.0,0.26699614648035264,0.00044982825982683777,0.0017588975688891395,0.0001660932893501429,2,-9.34346506684669e-05,0.0019188871204783033,-0.0001404162817142697
SN 011,N01,216,1.8194126129133328,1.8217738469433333,0.0009514539826010312,1.8216938018779998,0.00033591878031802416,-3.479548863094697e-05,-0.00018513997466662602,-5.69272632506871e-05,0.002306365966666668,-0.003114827473333248,0.000955664940887795,1.925786336110513e-05,0.004965082803333187,-0.004799779256666525,0.0014296667054571977,28.0,0.0012257893882142792,1.7802155852172816,57.0,0.3872920769766549,0.00023284367724278658,0.000994483100222432,0.00030814327748918,0,-0.00018513997466662602,0.00033591878031802416,-3.479548863094697e-05
SN 041,N01,209,2.56674219767,2.5732392628966667,0.0017878860516818442,2.573558061386444,0.0009632661735049752,7.498604928593951e-06,0.0008359103735560147,1.690236661157168e-05,0.006390635173333159,-0.007389068603333548,0.002046879678762081,-1.918368866666483e-05,0.00801544189333292,-0.011584218343333674,0.0031970968218959324,30.0,0.00281377156566666,1.9063247783177313,53.0,0.34826331843371877,0.0005246671878699838,0.002599572075333789,0.0005571162828661835,0,0.0008359103735560147,0.0009632661735049752,7.498604928593951e-06
SN 059,F03,152,2.382300313313333,2.42074050903,0.012954089571079675,2.421969790987111,0.0032408652837422856,-0.0005840737479166658,-0.002555525037111206,3.191314782369409e-05,0.023263295490000058,-0.01469930012999976,0.004875737472269719,-1.9412570527780706e-05,0.024753570553333493,-0.019114176433332908,0.005705365569533571,8.0,0.01730744043958321,6.8307044880360275,11.0,0.9297334395138348,0.009993118630413043,0.03643914116733349,0.004824006890764875,3,-0.010222100148444824,0.008102163209355714,-0.0023362949916666633
SN 049,F05,33,1.86209742228,1.8688620249416665,0.002548410086864366,1.864965091280222,0.002115089157664876,-0.00042625200182141754,-0.0022121768535552366,-4.953011336088002e-05,0.0015272776266672672,-0.0021038055433326708,0.0007068835634483963,5.2293141388881635e-06,0.0020095825199999418,-0.002266057333332183,0.0008339856017918433,8.0,0.003089698154583209,5.646798193694502,16.0,0.9611693981524679,0.0016552218059024686,0.007848154703111287,0.0007281034011121818,3,-0.008848707414220947,0.00528772289416219,-0.0017050080072856702
SN 040,N01,183,3.0860593159966667,3.088617070513333,0.0010536725797789504,3.0880257839608887,0.0007192658225593949,1.7173403797643424e-05,0.0010201856824449962,1.1959023388434302e-05,0.003427124023333228,-0.0035491943366672274,0.0013765813020270978,-9.943644194439679e-06,0.005274709063333383,-0.006225077313334548,0.002323131290130544,34.0,0.0018744898778431237,2.136492105796551,49.0,0.14969209000782774,0.0005490008856919288,0.0016631910537774353,0.00014162712039048197,0,0.0010201856824449962,0.0007192658225593949,1.7173403797643424e-05
SN 045,F06,3,2.1693929,2.8064155333333334,0.4017700668874255,,,,,0.244288375,0.45048013333333303,0.031136300000000006,0.17839126062386598,-0.13978127777777768,0.12245206666666641,-0.2778582666666667,0.22720737490668988,0.0,,,1.0,0.9425091953184613,,,,3,,,
SN 025,F03,29,2.76061960856,2.77130902608,0.007083105267169109,2.7796149529335556,0.0019009564234901226,0.0003688803173690485,0.003889278836444632,3.624487842975434e-05,0.0053222656233336,-0.0049079895033337095,0.0015883224336298107,-2.4384392611113507e-05,0.0046933492066663085,-0.007501983640000542,0.00229899437950391,16.0,0.002761824926249906,2.0878483797464833,2.0,0.9747225916732617,0.0061195117748879665,0.01754133436422256,0.0017806391289780774,3,0.015557115345778527,0.004752391058725307,0.001475521269476194
SN 010,F02,31,3.68667780558,3.6913400014216666,0.0019488336457733862,3.691285536022667,0.0026816038757304125,-0.00025152842204761517,-0.0029506259493339293,-3.265296787879259e-05,0.006362660726665581,-0.007143147786666582,0.0026021506481592343,-1.4801025388892312e-05,0.010579935713332933,-0.010375976566666889,0.004251129962722806,30.0,0.0038927290179999,2.145210977211033,55.0,0.10681703762936377,0.0002669479536976772,0.0012173970535558354,0.00029946591083117985,2,-0.008851877848001788,0.005363207751460825,-0.0007545852661428455
SN 033,N01,330,2.312187433333333,2.3210358666666666,0.002536749124003278,2.322144777777778,0.0008103444546572852,-4.1245238095239626e-05,-0.0009732111111113717,5.3494214876033524e-05,0.011434166666666634,-0.008723200000000375,0.00217399515608031,-0.00010855333333333513,0.011359166666667697,-0.016656466666666425,0.003080665805100427,27.0,0.002977892592592554,1.9992148170849264,13.0,0.6279377454723709,0.001717076258261341,0.004718511111110768,0.0007494517560135395,0,-0.0009732111111113717,0.0008103444546572852,-4.1245238095239626e-05
SN 034,N01,61,4.270032246906666,4.278340911863333,0.0026060518448627994,4.277346225313111,0.0026084196885584983,5.5678231369065445e-05,0.003608771430222646,8.482709724521316e-06,0.009868876140000538,-0.010266113279999267,0.0035512285282884646,7.129669191667058e-05,0.015556844080001575,-0.01679331462000011,0.005920159810635306,35.0,0.004410749163333375,2.181846143901365,60.0,0.07235101798321435,0.0007616881688418951,0.002864481608222391,0.00078743760715565,0,0.003608771430222646,0.0026084196885584983,5.5678231369065445e-05
SN 044,N01,253,2.5603691,2.564068333333333,0.0015472947230239884,2.5633678377777778,0.0013318895751116611,1.249678571428246e-05,0.0004438955555552404,4.28650137739304e-07,0.005943033333333236,-0.006779733333333482,0.002157739522510899,-1.0055833333337075e-05,0.008515133333333313,-0.009982566666667303,0.0036167001575755156,38.0,0.0025088894736841703,1.8864909328594024,58.0,0.03540849582112126,0.00039520062810665963,0.0018418666666666361,0.00025421199410859504,0,0.0004438955555552404,0.0013318895751116611,1.249678571428246e-05
SN 013,F02,108,2.4711621602366667,2.4734338124583335,0.0008903369505946369,2.4734436713304446,0.0007747549124524827,4.617600249986633e-06,0.0006463962128884226,7.755500220384412e-06,0.0031888326000002465,-0.002799733480000288,0.0012984327429509952,1.436445447221916e-05,0.005206298826666345,-0.0052342732733334785,0.0022596656334000274,37.0,0.0016299479712612495,2.3800603372056943,71.0,-0.05765240790429005,0.0002913920737610949,0.0013725450302222164,0.00018229206176840796,2,0.001939188638665268,0.0015495098249049654,1.3852800749959899e-05
SN 033,N01,41,2.384008534746667,2.3860575358066667,0.0006751091323308168,2.385760972762889,0.0006149540113765912,-1.5595753952395747e-05,0.00015974256711137613,-5.109382396691833e-06,0.0026107788066669357,-0.0025011698399999283,0.000979335494059455,3.094143055585678e-07,0.004541524250000428,-0.004441070553333759,0.0017111123467773181,33.0,0.0012333263048484875,2.4071864024724077,53.0,-0.04666773246108466,0.00026170465704212885,0.0009413316515556325,8.942116529421198e-05,0,0.00015974256711137613,0.0006149540113765912,-1.5595753952395747e-05
SN 063,F05,2,2.692648061113333,2.699058024086667,0.0025064061030674457,2.6975070529495553,0.0034492217214138793,0.0007509722029047728,0.005648210313778268,4.025714129476736e-05,0.004414876303333148,-0.004416402183333279,0.0014272100989747576,1.5044742166666255e-05,0.007644144689999521,-0.005891164139999017,0.002351918634634835,29.0,0.0019735489767815687,3.1380958497446,29.0,0.8368736436931999,0.0020988551728023737,0.007201215956444962,0.0006391827301183502,3,0.022592841255113072,0.008623054303534699,0.003003888811619091
SN 035,N01,84,2.69737218221,2.7707139333066664,0.01203939634930618,2.7712278577999996,0.0013734415491898984,-1.3421376511923985e-05,0.00014004177666659956,-2.560155776860126e-05,0.11486892699999984,-0.1130200703933335,0.016559617077367392,1.4288160527775595e-05,0.12281138101999955,-0.1338284810400001,0.024430460152299254,3.0,0.04435958862444448,1.7348414907905105,48.0,0.06144944171301427,0.0012245164203828242,0.010813666449999815,0.011367431518479193,0,0.00014004177666659956,0.0013734415491898984,-1.3421376511923985e-05
SN 045,N02,28,3.3103314666666668,3.31997985,0.003520088529799025,3.3197994155555555,0.0031195862280797137,-2.9398452380959202e-05,-0.0002946155555556551,-2.2328925619835435e-05,0.014004266666666432,-0.009680433333334015,0.004543026243652716,-5.510000000004863e-06,0.016819233333332573,-0.018619799999999742,0.0068664298515194455,29.0,0.006993866666666643,2.2049329200915473,55.0,0.1726247272889519,0.0004954902068772403,0.0023651777777775607,0.0008807148510239994,0,-0.0002946155555556551,0.0031195862280797137,-2.9398452380959202e-05
SN 028,N01,393,3.3200609666666665,3.3272167,0.0023608973299680904,3.3289481444444444,0.0024403923914784738,0.00022078714285711984,-0.0005612111111110707,2.6677685950413294e-05,0.00916263333333367,-0.008409866666666765,0.002423973441534907,-3.494694444444354e-05,0.017572500000000435,-0.011107333333333802,0.003733143242510774,27.0,0.003813603703703703,2.220134799610666,31.0,0.47497888344850087,0.0012458854998854791,0.003588524444444907,0.0006054557192718342,0,-0.0005612111111110707,0.0024403923914784738,0.00022078714285711984
SN 064,F05,15,3.752548472083333,3.7952426910383332,0.009770180229021255,3.799728546140666,0.012310119945275158,0.00100810913815477,0.0002551778160002627,3.3701746914597054e-05,0.044634246826666946,-0.04755884806333377,0.009722147366029147,-8.733749388888749e-05,0.047393544516666886,-0.04548899332666734,0.014143773617552072,22.0,0.014386922663030129,2.992478028788236,34.0,0.5084683926973784,0.0037161544513702603,0.01427205403666676,0.005028982135436474,3,0.0010207112640010507,0.030775299863187895,0.00403243655261908
SN 037,N01,133,1.9526612599666668,1.959024683633333,0.0029621748322666533,1.9599764845093333,0.002726593954227502,7.992880690476021e-05,0.0010167100706668375,3.86072584572996e-05,0.011323165893333043,-0.009639739990000562,0.003364737963844451,-1.2998580916665874e-05,0.017163340249999326,-0.014932632443332983,0.004847763865815791,28.0,0.00522958664642853,2.398668485742014,45.0,0.35678403983661905,0.0006127698067946449,0.002642127142888917,0.0007165777791191383,0,0.0010167100706668375,0.002726593954227502,7.992880690476021e-05
SN 040,N01,191,3.0798512776666667,3.0891239166233335,0.0031131881137269795,3.088104943167333,0.00549868457177179,0.00016391481672620403,-0.003068983290666072,-2.2011749035808052e-05,0.014906311036666953,-0.016367085776666457,0.004713341135325913,-0.00010207706027777948,0.019635264076665937,-0.022235107426666456,0.007353373949953926,28.0,0.005818258013214196,2.100721432692512,50.0,-0.14445612439589267,0.0006386433253309575,0.002176191542222039,0.0019850550430972782,0,-0.003068983290666072,0.00549868457177179,0.00016391481672620403
SN 001,F01,18,1.1533964792866669,1.200419743855,0.018093065128863044,1.2087539757604446,0.006041316693819019,0.00042167481916667696,0.00859488593288904,0.0005285320860055106,0.00641199747666632,-0.01711222330666673,0.0025426930363533226,4.768371666722764e-07,0.014275614420000249,-0.02069231669000038,0.0029854390803896818,5.0,0.013258845011333254,6.986327818062705,3.0,0.9900252204333283,0.015628654992851772,0.05507096184666649,0.0016280565168283977,1,0.01718977186577808,0.009061975040728528,0.0008433496383333539
SN 009,F02,4,3.05914662679,3.063289388018333,0.0013568817395830828,3.0623680453815556,0.0013837327242967132,-8.366085238095439e-05,-0.0005534193248890595,-1.9430785785121347e-05,0.006741333006666572,-0.006268310546666989,0.001557730329805361,5.23037380555369e-06,0.009265645343333517,-0.010234832763333035,0.0024205322161144653,26.0,0.002235187628205165,2.135455954956024,39.0,0.3420214617103057,0.0006371856354311455,0.0024400160048885233,0.00037671762413580157,2,-0.0016602579746671786,0.0027674654485934265,-0.00025098255714286317
SN 015,F02,143,2.921419525143333,2.950794092811667,0.00507270982148525,2.950392812091111,0.0036541448877703553,0.0002018774123095241,0.0025122070322218804,3.3985484848454234e-06,0.03590647379666656,-0.037828063966666825,0.007027748352864172,2.049340144444356e-05,0.06180699666666678,-0.04924062093333337,0.011043061963727596,19.0,0.009857579281228032,2.579850806555648,48.0,0.047150152613610045,0.0007702970334788029,0.004416334364889085,0.003054151284607492,2,0.007536621096665641,0.007308289775540711,0.0006056322369285723
SN 011,N01,226,1.812113189696667,1.821911366778333,0.0031093761075986276,1.8211199018673334,0.0006463020425968352,3.949392407143759e-05,0.0005001491959997217,-2.505194713498522e-05,0.008673604330000417,-0.02161992390999945,0.002907186451757495,1.995404558332951e-05,0.023168818156665827,-0.020564142866665858,0.004034921975805277,17.0,0.004676407459019577,2.47345013693788,35.0,0.5652694531262966,0.0007697953023374114,0.0031881205242221267,0.0017936636323687303,0,0.0005001491959997217,0.0006463020425968352,3.949392407143759e-05
SN 047,N01,348,2.4584935333333333,2.46939925,0.0031874197871936843,2.4689692711111113,0.0009103751213491651,-2.3586547619044594e-05,-0.0006757711111111675,-2.18581267217648e-05,0.018739066666666915,-0.014843766666666536,0.003148902431372892,1.4307222222224395e-05,0.013143699999999647,-0.02036590000000027,0.003891762957121084,16.0,0.00466206874999997,2.8153087417412594,39.0,0.5153487547906203,0.0008145816991047638,0.004102671111111178,0.002262494909606794,0,-0.0006757711111111675,0.0009103751213491651,-2.3586547619044594e-05
SN 054,F06,7,0.0080065894099999,0.3665855725583333,0.676933154969381,0.009983946501555515,6.036210139497085e-05,3.807336285714675e-06,0.00012774624177778506,-0.022696562220578507,0.19476699829,-0.6364593505833334,0.09444952527800655,0.0001626050008333287,0.29324798584333334,-0.34076894124000034,0.059464242070277486,2.0,0.3758786042533334,6.858331274840842,3.0,0.9908662812265029,0.4086768318060244,1.9706491666904444,0.20902347330507348,3,0.0005109849671111402,0.00015090525348742713,1.52293451428587e-05
SN 011,F02,67,1.9855641682933332,1.9874940872166666,0.0006880472510712072,1.9875651635046667,0.00034784964216996543,3.7783667976267115e-06,-0.000481474134666815,-5.749368787877902e-06,0.00254453023333312,-0.0028366088866664807,0.0008852665451643069,-5.088382305555121e-06,0.004534022013332972,-0.003909556073333098,0.0015076736580358335,36.0,0.001073964437129587,1.7465962287642978,59.0,0.17737230158346312,0.00028602427236404344,0.001230790879999999,0.00017014813304303328,2,-0.001444422404000445,0.0006956992843399309,1.1335100392880135e-05
SN 006,F01,116,1.5101530710833333,1.5220164616883332,0.0054879137854993675,1.5194674004431112,0.005392137268851901,0.0011250518617738142,0.008977398343555265,6.8727603581252305e-06,0.006603749593333319,-0.004148991903333288,0.0014698217035372246,-2.319547833336729e-06,0.010752741496666607,-0.0071679433200002585,0.0019848617165000196,11.0,0.0038707501960605854,4.210218415589444,8.0,0.9639618723141031,0.004773173452331057,0.014613316853333336,0.001016256925565859,1,0.01795479668711053,0.008088205903277851,0.0022501037235476283
SN 045,F06,2,0.89203,0.89203,,,,,,,,,,,,,,0.0,,,0.0,,,,,3,,,
SN 045,N02,45,3.153921233333333,3.1644015999999997,0.003809664351217092,3.16494946,0.003423411682534066,-6.055630952380232e-05,0.003957440000000201,9.679256198347014e-05,0.005902633333333185,-0.006782800000000311,0.00263792937384218,1.3760555555560513e-05,0.009952333333334007,-0.00944469999999864,0.0035187931974080024,20.0,0.005811211666666627,3.1559591974345786,25.0,0.7572430605125089,0.0021898391973212516,0.0073910022222221095,0.000764199202920941,0,0.003957440000000201,0.003423411682534066,-6.055630952380232e-05
SN 031,N01,8,2.492828623453333,2.5224850972483335,0.0073719716676287775,2.522410803899333,0.0009527144086005298,-4.506792476187206e-06,0.0017532687706669492,-6.537109038567646e-05,0.020339965819999417,-0.014680735270000245,0.00487532616413663,3.686904905555825e-05,0.02059173583999918,-0.01384887695333381,0.005304994582803625,10.0,0.01199081420866661,4.175032178586219,32.0,0.7815152406111371,0.002034463413507459,0.011703915066000103,0.0044576284789040275,0,0.0017532687706669492,0.0009527144086005298,-4.506792476187206e-06
SN 010,F02,57,2.6433642069466665,2.64868253072,0.0018075620170398179,2.6479605441606666,0.0018436732476650975,-1.0850088964274386e-05,0.0010799323193335653,3.5015347933917254e-06,0.005987040203333294,-0.007916259763333322,0.0021124133331083482,1.4724731472222826e-05,0.007470957440000259,-0.011737569170000572,0.003246349342321663,29.0,0.003090720340919556,1.8677454196863643,47.0,0.32266735231938376,0.0006840979003583936,0.0028375413686663187,0.0005616021003129778,2,0.0032397969580006958,0.003687346495330195,-3.2550266892823155e-05
SN 014,F02,122,3.2280804951966666,3.235254033405,0.0021865219725650245,3.235119917125778,0.0019354209732214318,-7.230940326189586e-05,-0.0010091484924443783,-1.4514765482086714e-05,0.005385589599999907,-0.010032399496666677,0.002604542337463538,-2.2583007805558145e-05,0.010605621340000315,-0.01325225830333343,0.003988785910337871,28.0,0.003941962832738098,2.200747423066305,43.0,0.295275795980484,0.0007371670272375676,0.003688049316666664,0.0006875046980891553,2,-0.003027445477333135,0.0038708419464428636,-0.00021692820978568757
SN 025,F03,60,2.8571642557766666,2.878762563066667,0.011921039217426078,2.896524420842667,0.004682246834993611,-0.0010024197895595196,-0.008584204779333415,0.00023976896090909398,0.005227915443333231,-0.004105631513333208,0.0013933293627815672,-1.6034444166671917e-05,0.003955841063332688,-0.006792195633332998,0.0017565483787337001,5.0,0.00592137654600009,6.564476275178374,9.0,0.9931755414167128,0.010577759615229393,0.039798634846667014,0.0011702450748185581,3,-0.03433681911733366,0.011705617087484027,-0.004009679158238078
SN 016,F02,169,2.8103892008433333,2.8191307067849998,0.0017938140493370287,2.8178161112453335,0.001200868500389731,0.0001005263554642715,0.0010689290346665992,2.8247675482123012e-06,0.01275914509999998,-0.009192911786666702,0.002198767077077362,-2.7580261222226454e-05,0.011697133386666447,-0.019116973876666332,0.003328634132672557,25.0,0.002827901204400032,2.185405277316111,42.0,0.2548164230129291,0.0005340437390861369,0.0023182169591113855,0.0009366904030690998,2,0.0032067871039997975,0.002401737000779462,0.0003015790663928145
SN 053,N01,487,3.1182889302566665,3.1237369537333333,0.002384015318515519,3.1223102145706667,0.0021264577325954075,-3.820782616667596e-05,-0.0009685092506668269,-4.7836093663952075e-06,0.010710144043333258,-0.009296162923333462,0.0030934001460481498,-4.835552638888426e-05,0.011957550050000432,-0.012344614666666143,0.00481982114351992,29.0,0.004691086692068934,1.9846814044881356,56.0,0.16000655604864042,0.0009602124236429712,0.0031726074217774958,0.0004855075203967772,0,-0.0009685092506668269,0.0021264577325954075,-3.820782616667596e-05
SN 049,N01,385,1.820738966666667,1.8226316333333332,0.0006398143182537972,1.8225144444444443,0.001150521102823794,8.34821428570831e-06,-0.00035934444444429836,6.110743801653361e-06,0.0024899666666664544,-0.003344100000000072,0.0008875116185803317,-2.6127500000000525e-05,0.0032216333333325853,-0.005834066666666526,0.0014004120093668057,29.0,0.0013064494252873291,2.6381860137103943,56.0,0.030482044716860137,0.00013145240674443655,0.0005380999999999858,0.00019395058206010226,0,-0.00035934444444429836,0.001150521102823794,8.34821428570831e-06
SN 038,N01,143,2.5233942667633333,2.555514780678333,0.01033589265571962,2.5556729465039996,0.0007392000505510698,-3.4567515071393105e-05,-0.0004269748273326712,-1.9252136060605295e-05,0.050155893963332865,-0.040449778239999734,0.009686149745095338,-7.74574279999977e-05,0.05045700072999981,-0.06158396402999955,0.011959123825955823,13.0,0.017386725010256433,2.5381013334062796,41.0,0.5644568634710421,0.0025575756181034004,0.015981275770444725,0.008338406629285424,0,-0.0004269748273326712,0.0007392000505510698,-3.4567515071393105e-05
SN 057,N01,554,2.823384094236667,2.825576273598333,0.0008280240786805426,2.8257127719437776,0.0008172577725642462,1.7679305273806835e-05,-0.001382632783777371,-1.5788432975205787e-05,0.003223673503332858,-0.002856445313333289,0.0011185370662396,1.4343261750001298e-05,0.004943339029999105,-0.004428863526666493,0.0017763800630667748,32.0,0.001599653561562317,2.074975941207753,55.0,0.0841265057219515,0.00020416521443676662,0.0009892951111112325,0.00010904035163745594,0,-0.001382632783777371,0.0008172577725642462,1.7679305273806835e-05
SN 045,F06,3,2.1693929,2.8064155333333334,0.4017700668874255,,,,,0.244288375,0.45048013333333303,0.031136300000000006,0.17839126062386598,-0.13978127777777768,0.12245206666666641,-0.2778582666666667,0.22720737490668988,0.0,,,1.0,0.9425091953184613,,,,3,,,
SN 026,F03,37,2.88051249186,2.892882029215,0.007709825305825987,2.907397206622667,0.0031257790176722386,-0.00032154991508335227,-0.00047276814933372435,0.00013932997856749634,0.007790883380000224,-0.00603485107333368,0.002372357599394489,9.763505694437847e-06,0.007183329260000537,-0.012683614096666407,0.0031579561431365924,18.0,0.00431286847148149,2.17068338421454,5.0,0.9525284954096607,0.006554034433240204,0.02347323947466684,0.0016892642295792334,3,-0.0018910725973348974,0.007814447544180597,-0.001286199660333409
SN 017,F02,193,3.297366078693333,3.3186837514233334,0.00829570560038689,3.320919935436222,0.012417201653119353,0.00011350450063095334,0.009387580023777709,8.075178162534079e-05,0.03315353393333398,-0.031975301106666354,0.009700869414347476,9.615156383333546e-05,0.0388895670566658,-0.043538411453333925,0.014107115266963705,25.0,0.014768920898666825,2.029252933161625,50.0,0.3158199372066451,0.001904185197039772,0.008015492757555531,0.004213385859917194,2,0.028162740071333126,0.024834403306238706,0.00034051350189286003
SN 003,F01,46,1.2238769531233331,1.2473046620666666,0.012579951746440055,1.2411394331171113,0.0038285055266481945,0.0008303919293095104,0.006323666042888698,0.00017463957311294722,0.007209777833333542,-0.00493113200000006,0.002114439295121109,1.8898646027778095e-05,0.00590502420666672,-0.008270263673333611,0.0021241488404763554,5.0,0.014372482300000034,14.175082132554937,6.0,0.9858904725421221,0.011068777485024404,0.032503797743111074,0.00260594573829127,1,0.012647332085777396,0.0057427582899722916,0.0016607838586190208
SN 024,F03,16,2.3988067626933334,2.407370630898333,0.006022926298176136,2.405698971216889,0.0015087098621748031,-3.84939284166576e-05,0.0003763156464442474,-4.062494955923348e-05,0.011204274496667388,-0.013584645590000388,0.0037115580745065344,1.1927286777779766e-05,0.01684799194666553,-0.018472798666665735,0.005726503293659144,23.0,0.006057683972753573,2.751532383876079,23.0,0.8114326981374331,0.004495837385231808,0.016478220622222484,0.00262191184530937,3,0.0015052625857769897,0.003771774655437008,-0.0001539757136666304
SN 010,F02,34,3.677489471433333,3.6897694905583336,0.0028611039398728617,3.6892665778248883,0.002661447065216835,-0.0001646287099999731,-0.0006147935648881386,-3.3470553140495846e-05,0.011870320640000376,-0.013137817383333417,0.003632409422700101,-5.321502666662722e-06,0.025008138023333792,-0.017484792073334088,0.005542070294027201,28.0,0.005191612243452469,2.4316763555308882,51.0,0.19663055929133758,0.0006977293711367504,0.003274417453111411,0.0010802429163470257,2,-0.001844380694664416,0.00532289413043367,-0.0004938861299999193
SN 054,N01,498,2.716533660886667,2.7414695739733332,0.007081761349811065,2.7407601589611112,0.005845175489710918,0.00021872656678571282,0.002474093965555646,3.0198110358129534e-05,0.039173634846666694,-0.02179463704333351,0.0085423759885658,-5.8250427249998774e-05,0.049858347573333184,-0.04106114705333308,0.012484225098279888,26.0,0.011833552824999965,2.981413288791879,51.0,0.27805401961132875,0.000816198614312105,0.004451209173777837,0.0031904224163822642,0,0.002474093965555646,0.005845175489710918,0.00021872656678571282
SN 010,F02,48,2.6439854939766665,2.648056411741667,0.0013012120066254527,2.648924492728,0.0014174241040166566,3.5205114464303174e-05,0.0014653693320005878,1.4243638236921174e-05,0.0036127726233337043,-0.0036033630366669733,0.0014452258249146265,9.30150349999955e-06,0.005834197996667179,-0.0054382324233333,0.002324069417794594,28.0,0.0021502176919047894,2.433212059329302,44.0,0.37953234004213005,0.0004817998148271252,0.0018458387588888847,0.0002907964546246221,2,0.0043961079960017635,0.0028348482080333133,0.00010561534339290952
SN 001,F01,17,1.1881806691466668,1.2157582600883334,0.010328563185330377,1.214620174829778,0.004838396398550581,0.0007264078230952295,0.01126941257022196,-5.722045898071585e-05,0.00613225301000031,-0.005195490520000234,0.002190617188941248,5.920516119444589e-05,0.00486628214666629,-0.004775110880000044,0.001739473482395677,7.0,0.0074826921728572094,10.129351209659035,6.0,0.9772521023753361,0.008187572953822289,0.030677295260666648,0.003376907479236085,1,0.02253882514044392,0.007257594597825871,0.001452815646190459
SN 025,F03,144,2.844418843586667,2.8574509938533335,0.004621560297232899,2.862833133272,0.0018889579017990503,-0.00021840958376190899,-0.0027503797753327675,3.3445331983476234e-05,0.008488210043333222,-0.008446502686666246,0.0023495306781700117,-1.3012356222219523e-05,0.011298624676666424,-0.00871861775666627,0.003308148875936805,23.0,0.003849880936521818,2.9154665366438652,17.0,0.8715727528478189,0.0031948301798868078,0.014060770671111111,0.0013200982843014318,3,-0.01100151910133107,0.004722394754497625,-0.0008736383350476359
SN 003,F01,49,1.2533017476366666,1.2826283772766667,0.01695511680040189,1.2774482218411112,0.018359293230611574,-0.0037921505882738088,-0.02274749755777794,-0.000291214829944905,0.01594670613666671,-0.014147440593333283,0.005604155047181068,-3.304269577777778e-05,0.01920064290666712,-0.020507049559999713,0.0058473110521688534,11.0,0.02128657716757577,5.114251079293857,17.0,0.9451338435157548,0.011005050187526223,0.04544800652399994,0.0063206566145230896,1,-0.04549499511555588,0.027538939845917362,-0.0075843011765476176
SN 011,F02,68,1.9860572814933333,1.9871718088766666,0.0005530580723705068,1.9866874525266667,0.0003394809088958874,2.402350952401028e-06,-3.660413999995171e-05,-1.6582898870522616e-05,0.0015983581533336455,-0.0016880035400002047,0.0005825413327045165,4.469553638887976e-06,0.002824020386667181,-0.002582931520000331,0.001056501677291311,42.0,0.0006217199658730662,1.431334203957097,41.0,0.4317485914441571,0.00034091150827856133,0.0014516279433332002,7.684137335557624e-05,2,-0.00010981241999985514,0.0006789618177917748,7.207052857203085e-06
SN 028,F03,46,3.0458137512200003,3.0626239776600004,0.008499363736368677,3.070291612411778,0.003543143891574092,-0.0007469131833095292,-0.006989763048444786,-0.00011808327079889915,0.00647252400666698,-0.0054072062166672374,0.0022561228374653503,-5.93185424722272e-05,0.004739125566666669,-0.005784352620000099,0.002300999356890481,9.0,0.0077123853892591375,6.076944782132664,10.0,0.9647056986517455,0.006448807936610801,0.0256017557784447,0.0027345410318912132,3,-0.027959052193779144,0.008857859728935229,-0.002987652733238117
SN 026,F03,35,2.875295257566667,2.89637883504,0.03802322077132835,2.9091924370644446,0.0013413163557999567,-0.00018342517665476756,-0.0027936638711114625,-0.0008591223682369171,0.016093699136666917,-0.033982086180000426,0.006151179672564079,-2.2981431749998413e-05,0.05007578531666734,-0.03361587524333398,0.007561341446968393,5.0,0.013937581380000008,4.443603821720861,5.0,0.987065219429791,0.026294784629945046,0.1265789116755558,0.013469242787431043,3,-0.01117465548444585,0.003353290889499892,-0.0007337007066190702
SN 049,N01,380,1.7744496333333333,1.7838085666666665,0.0013937846816008174,1.783977808888889,0.0003980222597801649,1.065785714286346e-05,0.00034529111111125665,8.159889807162716e-05,0.008009466666666798,-0.003274033333333204,0.0015310480035894238,-6.307916666666672e-05,0.009324766666666928,-0.006269966666666571,0.0020912293209615234,22.0,0.002348587878787899,2.08824559726893,55.0,0.2723454884398596,0.00026654550800483934,0.0012370733333333384,0.0005074041894753394,0,0.00034529111111125665,0.0003980222597801649,1.065785714286346e-05
SN 046,N01,359,2.9112798,2.9174465,0.0017106169815254179,2.917780235555555,0.001503676479444937,-4.878023809526478e-05,-0.0029469355555549193,-2.838842975206675e-05,0.009933233333333291,-0.009056066666667029,0.0024149012146796964,-2.999638888888286e-05,0.014705633333333523,-0.017995199999999656,0.004043320276598961,34.0,0.0029043343137255574,1.8444874880307192,55.0,0.0004411192010174536,0.00043977313541113485,0.0017686333333331028,0.0005541508722936082,0,-0.0029469355555549193,0.001503676479444937,-4.878023809526478e-05
SN 042,N01,265,2.8623898666666667,2.8686293166666665,0.0026912092078176767,2.8688030488888887,0.0022791720993700034,-1.5702261904748658e-05,-0.000654782222222039,-0.00019154214876032868,0.005952700000000366,-0.026991800000000232,0.003252063808297204,0.0002409194444444466,0.02977476666666723,-0.010834233333333554,0.00431613138666102,22.0,0.0035761075757576185,2.3687985551325212,49.0,-0.025619222244736957,0.0005557973522721993,0.0029034400000003124,0.0007741171672050923,0,-0.000654782222222039,0.0022791720993700034,-1.5702261904748658e-05
SN 049,N01,408,1.7242503999999998,1.7270735833333335,0.0010989956382425176,1.7275721222222222,0.0006659338573232459,9.502357142855806e-05,0.0009457777777777121,2.723884297520768e-05,0.0036300666666666537,-0.0032755333333334136,0.001017644087753553,-1.8658333333328633e-06,0.004960733333333467,-0.0044508666666664976,0.0015136195258849945,28.0,0.001547636904761927,2.664378600238248,29.0,0.5667034430624874,0.0007008348266117997,0.002294242222222298,0.00021197092278639183,0,0.0009457777777777121,0.0006659338573232459,9.502357142855806e-05
SN 024,F03,20,2.332146199543333,2.39612935384,0.045518779186395054,2.3984966193286668,0.008092199846469797,-0.00022560210452382225,0.015414310031333311,4.495668016529006e-05,0.02567011515333295,-0.04915873209666621,0.009521542624338205,8.445315888889378e-05,0.018704477946665854,-0.02430496216,0.008224338378019955,8.0,0.030103174844999914,5.136992561921926,12.0,0.9782961127460098,0.04057200785107487,0.15485331217444465,0.018886732524262102,3,0.061657240125333246,0.020230499616174492,-0.000902408418095289
SN 045,F06,5,0.5362712666666667,0.6403943166666667,0.023477326291346273,0.64053102,0.01941770156670482,3.944916666666869e-05,0.005391513333333431,5.545151515151578e-05,0.1596230333333334,-0.09214023333333332,0.02719743172303291,0.00012497472222222267,0.24105353333333335,-0.1279625666666665,0.03897201951738474,17.0,0.047883299999999976,2.4739577105437447,41.0,0.33441266320092916,0.003650257417906079,0.018512871111111107,0.013177977999424328,3,0.021566053333333723,0.04854425391676205,0.00015779666666667475
SN 013,F02,104,2.4685699462866664,2.4737197875966666,0.0012849159704688344,2.473865644665111,0.0010819643713959022,-8.932204482143188e-05,-1.844618177804236e-05,-9.121645261712195e-06,0.00524012247666672,-0.0040191650399998835,0.0015789622719812224,2.098083472220254e-06,0.0073613484699994736,-0.00759429931333333,0.002587433962822901,27.0,0.002279945655925823,2.4475503131415373,52.0,0.24750766317458622,0.00040951741746367103,0.0016774834531112504,0.00037787835624734624,2,-5.5338545334127076e-05,0.0021639287427918045,-0.0002679661344642956
SN 053,N01,481,3.1182769775366665,3.122691980995,0.002094612304409976,3.1217184617764446,0.001524117861132023,1.0944548809439194e-06,-0.0021083746997780928,-1.1164557493111967e-05,0.010441589356666725,-0.008795420330000248,0.0028493493893397273,-5.148993597222651e-05,0.011504618329999605,-0.019237009686666973,0.004602853724327542,34.0,0.003916190652843086,1.7764911075632648,56.0,0.0712165509484494,0.0005038389929676466,0.0021599833171115357,0.0005883592523749547,0,-0.0021083746997780928,0.001524117861132023,1.0944548809439194e-06
SN 041,N01,196,2.558850860593333,2.57320607503,0.003218743193455309,2.5727685716404443,0.000954171098430715,6.08535046427835e-06,0.0002528720428887077,1.2820746555857243e-07,0.015863037109999922,-0.013672892253333568,0.003503068831549986,4.471672888887538e-06,0.020420074463333382,-0.018757120770000135,0.0049292564526987204,16.0,0.006580289204583423,2.6178688927267757,50.0,0.4126537395661507,0.000773803289748983,0.0040928141275560215,0.0020006297516558416,0,0.0002528720428887077,0.000954171098430715,6.08535046427835e-06
SN 046,N01,360,2.9108222666666665,2.9177059,0.0019926002043343777,2.917138313333333,0.002139144656045755,-9.583690476163856e-06,0.001600720000000333,-1.4771349862257363e-05,0.0072868333333335755,-0.010712966666666546,0.0025099380578099384,3.142444444444263e-05,0.013314600000000176,-0.012272133333333102,0.004003878531351057,32.0,0.0032808270833333125,1.9207642464161856,58.0,0.20607881126109234,0.0007190537283415384,0.0031416688888885602,0.0006074830860696589,0,0.001600720000000333,0.002139144656045755,-9.583690476163856e-06
SN 011,N01,16,1.85937830607,1.8612140019716663,0.0008510700946412312,1.8609134674053331,0.0005907172843491388,-0.00010348047532142372,-0.0011053721120002358,-2.6854207713502442e-05,0.003127161659999933,-0.0032910664866669936,0.0009341264582650782,2.357694861108521e-06,0.004942067459999588,-0.003951009109999903,0.0015771502725063402,32.0,0.001154049237395885,1.8527867335812236,51.0,0.38360418907705907,0.00039415149394950464,0.0017610083686667721,0.00021566867014938902,0,-0.0011053721120002358,0.0005907172843491388,-0.00010348047532142372
SN 002,F01,27,2.182153065996667,2.2506439208966666,0.035696116615591925,2.2222256808793333,0.020060585892280037,0.0042011433555476175,0.01688946194066654,-2.990806727272731e-05,0.049117279053333185,-0.05191802978666704,0.013132396285521462,-7.919735380555645e-05,0.07210235595666692,-0.08444824219000058,0.017473072320140136,11.0,0.037223076097575844,6.059671816479186,10.0,0.9328081021577567,0.0337986298248563,0.09957945081955577,0.005086611807052466,1,0.03377892388133308,0.030090878838420057,0.008402286711095235
SN 013,F02,103,2.46975097656,2.473426818846667,0.0011030399447661257,2.4734933302122224,0.000988827574918106,6.507964363097988e-05,0.0008719041611109368,3.813436209366501e-05,0.003952789306666649,-0.005368804929999804,0.0016029346056112407,-2.260631986111076e-05,0.009321594236666453,-0.007689158119999817,0.0027542667774335524,32.0,0.0021817843116667263,2.2247483402228303,55.0,-0.09962811649789424,0.0003446487706117945,0.0013236829968885644,0.00021306540580303787,2,0.0026157124833328105,0.001977655149836212,0.00019523893089293964
SN 064,F05,39,3.09140955607,3.098117574055,0.002724631269766932,3.0972222900373336,0.0022354253107618816,0.0004715992155714039,0.0031251017259994462,-3.5734150358129376e-05,0.005968475343333779,-0.004861450196667061,0.0018087276328944424,2.728356255555786e-05,0.008780415856667112,-0.007755533853333496,0.002777431707932977,27.0,0.002659465649259283,2.1101904769243025,22.0,0.7757488004999309,0.0017536472169031446,0.00686203002933361,0.0006701300915865641,3,0.012500406903997785,0.0055885632769047035,0.0018863968622856156
SN 020,F02,258,2.8280934651666665,2.8354878743466667,0.0019471319505077213,2.8353897433793334,0.0033330357541834564,-1.649765752383641e-05,-0.004022250706000374,-3.445627933884771e-05,0.005817159016666906,-0.009865570066666773,0.002254493094341117,-3.7627749972220696e-05,0.012499745683333785,-0.0150024414033334,0.0032471050568117325,22.0,0.0035594708989394068,2.7792405479557547,43.0,0.32308710114258055,0.00032079303304624314,0.0016056145564435909,0.0008890457267672027,2,-0.012066752118001123,0.006666071508366913,-4.949297257150923e-05
SN 054,F06,7,0.0080065894099999,0.3665855725583333,0.676933154969381,0.009983946501555515,6.036210139497085e-05,3.807336285714675e-06,0.00012774624177778506,-0.022696562220578507,0.19476699829,-0.6364593505833334,0.09444952527800655,0.0001626050008333287,0.29324798584333334,-0.34076894124000034,0.059464242070277486,2.0,0.3758786042533334,6.858331274840842,3.0,0.9908662812265029,0.4086768318060244,1.9706491666904444,0.20902347330507348,3,0.0005109849671111402,0.00015090525348742713,1.52293451428587e-05
SN 017,F02,185,3.3173520406066666,3.3224146525033333,0.0026518885393356233,3.321525302461333,0.001238467194338433,3.5441262404773645e-05,0.0008631557886671359,3.64109176033088e-05,0.013352711996666766,-0.01098302205333379,0.0032097925550484715,-0.00010134167144444002,0.018031819663333337,-0.022456105553333217,0.005016791035449788,26.0,0.004706505017564004,2.5043331325356037,46.0,0.2643279682871491,0.0007078567324952177,0.002773623996222163,0.0009259359204362505,2,0.002589467366001408,0.002476934388676866,0.00010632378721432093
SN 011,N01,20,1.8603646596266663,1.8617450078316666,0.000496910490007735,1.861833648680222,0.00044892092616685437,3.022784279761992e-05,0.00034426371311124804,-4.21403195592835e-07,0.0015566507966668919,-0.002467091876666494,0.0006416547902006444,-2.4371677777579316e-07,0.003998947140000153,-0.0036218007399992924,0.0011177870580739676,31.0,0.0008504149726881864,1.8841149747515884,42.0,0.16679392421107653,0.00022081052352135774,0.0007724083800000336,7.883907416697098e-05,0,0.00034426371311124804,0.00044892092616685437,3.022784279761992e-05
SN 002,F01,38,2.320623524983333,2.351943461098333,0.011871899333014618,2.3623819139255553,0.00844302114773579,0.0012857337224404866,0.011708662244444668,0.0002742630719559229,0.01540730794333367,-0.01459884643333309,0.005537734860207665,6.961398652777599e-05,0.022120920816667056,-0.023128763833331956,0.007226959770170942,14.0,0.014370800199523652,3.1674337953558904,17.0,0.8900335886736901,0.007233885305857034,0.03146258884066633,0.001966634509545602,1,0.023417324488889335,0.012664531721603686,0.0025714674448809732
SN 034,N01,68,4.26986541748,4.279369862873333,0.003205275169065864,4.279139811196444,0.00463025958845663,-3.6523001511909056e-05,0.006013895670222702,4.0076389779612626e-05,0.008840942383333328,-0.012077331543332903,0.004120318541844052,7.683224150000593e-05,0.01941223144666626,-0.017583211263332288,0.006623741591613368,31.0,0.00574460593634391,1.925942137399855,54.0,0.1709804466272243,0.0005859428098263995,0.0028561062282221883,0.0005965748493841581,0,0.006013895670222702,0.00463025958845663,-3.6523001511909056e-05
SN 038,N01,148,2.550322469073333,2.5556153615299997,0.0014760814623238886,2.5566354709184447,0.0008924703855551447,-7.418950397620432e-05,-0.0009953138551117569,-2.3352672892568013e-05,0.0053438822433338196,-0.009321339926666283,0.0018457064666024215,3.52859497222191e-05,0.012343343099999071,-0.00939865112666638,0.0028239479962236403,33.0,0.0021499017267676826,1.8108463974067421,49.0,0.2140821186194761,0.0004910632378313993,0.0018253241646664087,0.0005569557370549696,0,-0.0009953138551117569,0.0008924703855551447,-7.418950397620432e-05
SN 045,F06,5,0.5362712666666667,0.6403943166666667,0.023477326291346273,0.64053102,0.01941770156670482,3.944916666666869e-05,0.005391513333333431,5.545151515151578e-05,0.1596230333333334,-0.09214023333333332,0.02719743172303291,0.00012497472222222267,0.24105353333333335,-0.1279625666666665,0.03897201951738474,17.0,0.047883299999999976,2.4739577105437447,41.0,0.33441266320092916,0.003650257417906079,0.018512871111111107,0.013177977999424328,3,0.021566053333333723,0.04854425391676205,0.00015779666666667475
SN 017,F02,195,3.3019803365066664,3.31925493876,0.002774194834827757,3.3197493659106665,0.004717211044802304,-0.0001274508522142773,-0.0023090786406663177,-3.7810690909081476e-06,0.01459248860666662,-0.012267812093333053,0.0032292908279897116,-1.0871887222222801e-05,0.02183481851999991,-0.01852544148666624,0.0049522313076244,25.0,0.0038124898272000073,2.844152760497991,52.0,0.32671107882887596,0.000621307992623227,0.0031994798446666195,0.0017673926810956528,2,-0.006927235921998953,0.009434422089604608,-0.00038235255664283185
SN 024,F03,9,2.388537851966667,2.3965089162183335,0.002703995597063811,2.392820078530444,0.002014597465559077,0.0002814846947261687,0.0038148498528891572,-3.186060377410894e-05,0.004193878173333054,-0.0034362792966664557,0.0013433969397306821,2.6715596527782104e-05,0.006260681153333447,-0.005217234293332762,0.002172629269215829,24.0,0.0021273930869445587,2.464430901141814,26.0,0.8762105094145002,0.0022057453711610796,0.0073071967233335755,0.0004542692508652327,3,0.015259399411556629,0.005036493663897692,0.0011259387789046749
SN 045,N02,34,3.3751108666666667,3.3872830499999997,0.006837662122062295,3.386452091111111,0.01049804592743493,-0.0003854555952381076,-0.011341224444444187,-0.00010504600550964215,0.02585806666666679,-0.018002833333333523,0.007663074022210335,-3.421361111111132e-05,0.02139079999999982,-0.043860900000000314,0.010720249051500142,24.0,0.014027640277777772,1.9200407458785191,47.0,0.368471611972617,0.0013965935111977753,0.006230471111110969,0.0019615870762095845,0,-0.011341224444444187,0.01049804592743493,-0.0003854555952381076
SN 045,F06,4,0.6058572000000001,0.6435429,0.011387194059609923,0.6367976577777779,0.021272751539676355,-0.003938361666666663,-0.030940457777777763,-0.00030926222222222113,0.04811910000000008,-0.030904299999999885,0.011051871540556485,-3.161176470588267e-05,0.05262476666666671,-0.0754204666666668,0.016280309999474073,22.0,0.018294971212121213,2.5387901665879173,28.0,0.5116542703753919,0.0026795507651845747,0.011831742222222164,0.005332672813403743,3,-0.12376183111111105,0.053181878849190886,-0.015753446666666653
SN 035,N01,86,2.763464101153333,2.771295928955,0.001795964322347418,2.770486433239556,0.0029458589795986223,7.922581266666117e-05,0.00309348212377758,2.4119815895317464e-05,0.005371856690000065,-0.0052586873366662346,0.0021512332960219385,4.450903997222181e-05,0.009500630696666512,-0.008376820883333025,0.003284742392053361,27.0,0.0032796600722221963,2.5483681548063135,51.0,0.282938303083414,0.0004029894280123569,0.0019814893933336464,0.0006716356367637484,0,0.00309348212377758,0.0029458589795986223,7.922581266666117e-05
SN 002,F01,33,2.24516245524,2.286386617023333,0.025159704873980924,2.291152225069111,0.006801079106155482,-1.2365976976176045e-05,0.004149085150888965,0.00034798866460055474,0.020438893636666844,-0.026256052653333306,0.0068933955379469605,1.7958747027772374e-05,0.027523295083333288,-0.030188751219999865,0.009284839751161152,13.0,0.01954161815102566,5.087141190316762,11.0,0.9625193998283887,0.022534826801413912,0.06864869859511114,0.004686112438629581,1,0.00829817030177793,0.010201618659233223,-2.473195395235209e-05
SN 063,F05,8,2.6893755594866664,2.6942342122383334,0.0018801250547919063,2.694021979436889,0.0013084947098081611,-0.00011271249678569246,-0.0008312140568893511,-4.680833212121219e-05,0.0035972595233335625,-0.004431915283332533,0.001631918303402533,-6.686316583337515e-06,0.007086181643332079,-0.0066546122233330784,0.0026914764387030742,27.0,0.002649114161851709,2.2791930656774846,33.0,0.6169496062020166,0.0009443554163942,0.00386155870199989,0.0002831989425475938,3,-0.0033248562275574045,0.003271236774520403,-0.00045084998714276984
SN 053,N01,490,3.1054903666166664,3.12308769226,0.004371739319797163,3.122977820500666,0.004730683457547474,3.005618136903936e-05,0.0011407301160004657,-6.307386501374685e-06,0.017415110269999534,-0.015533192949999997,0.005017412849912683,-1.5394422722225797e-05,0.026189676920000515,-0.021875508623334206,0.007108322120196652,25.0,0.006844350178800021,2.4585238274089143,50.0,0.34647759340625456,0.0010160814032760116,0.003927425808000429,0.0028927450946219153,0,0.0011407301160004657,0.004730683457547474,3.005618136903936e-05
SN 011,F02,71,1.9842224121066667,1.9878681818616664,0.0012327277607635746,1.9869568210160002,0.0006678736298468812,5.016417733332992e-05,0.0010960557739998489,-5.851304214875297e-06,0.006393559773333557,-0.005209477743333135,0.0011488448759772402,-4.2491488888759165e-07,0.007133992513333576,-0.005813852946666698,0.0017741757133377838,26.0,0.0015926214365384029,2.0139326449264154,30.0,0.5683616466687348,0.0006463640515763944,0.00244230482311103,0.0005978868035540945,2,0.0032881673219995466,0.0013357472596937623,0.00015049253199998975
SN 058,F03,127,3.248,3.2666666666666666,0.0031967136495360655,3.2666444444444447,0.0015505588683563795,0.0001059523809523994,0.0020222222222221475,5.2341597796144826e-05,0.024333333333333318,-0.014333333333333087,0.00369659709995227,0.00013333333333332976,0.02033333333333287,-0.03299999999999992,0.005739017441613563,29.0,0.004195402298850557,2.178881715886518,47.0,0.33090686438998074,0.0009948886717102558,0.0045999999999999375,0.0009208200961376441,3,0.00808888888888859,0.0038763971708909487,0.0004238095238095976
SN 059,F03,150,2.27659988403,2.3603242238349997,0.038001005278998586,2.3950326707615557,0.005747516815634986,0.000811986469023789,0.00036095513177736294,0.0005352913512396683,0.016082763670000055,-0.013454691570000232,0.003508917124418984,-8.160485163889452e-05,0.021513112383333866,-0.01754480998000041,0.0038072202761537757,4.0,0.009518686930000131,3.897063437295092,1.0,0.9957579018770778,0.03632915714496588,0.10738081190333304,0.00421233466773466,3,0.0014438205271094517,0.014368792039087464,0.003247945876095156
SN 048,N01,356,2.7197573333333334,2.726194866666667,0.002365713222500913,2.726190053333333,0.0020253459314482037,-6.24498809523834e-05,0.0008075466666666031,-1.56393939393933e-05,0.007675199999999993,-0.009132633333333029,0.002844646802361436,6.899499999999393e-05,0.01166509999999965,-0.012354799999999777,0.004235529116641813,27.0,0.004460304938271629,2.3723566524087145,42.0,0.2778720119553198,0.0007682895816837337,0.003674028888889236,0.0004389945620503017,0,0.0008075466666666031,0.0020253459314482037,-6.24498809523834e-05
SN 025,F03,136,2.7854039510066664,2.79049275716,0.00178079563853584,2.7928402031775557,0.0009759703038341015,-0.0001251211620118986,-0.0006577894408894558,-4.3506462809966516e-07,0.002808888753333516,-0.0032012939433330168,0.0012976255234480412,1.5614827472217503e-05,0.004668426513333657,-0.004932657876667967,0.002197495562311552,31.0,0.0017921037572043066,1.921249185385076,36.0,0.7345506162519975,0.001280770108864377,0.005316450331111611,0.00036601727388271377,3,-0.002631157763557823,0.0024399257595852535,-0.0005004846480475944
SN 046,N01,289,2.9160822550433334,2.9188131968166666,0.0012659429552563156,2.918258344860222,0.0010587459812418417,7.979620077382636e-05,0.0009710354264447218,-7.185922837465767e-06,0.00391947428333328,-0.0038202921566665715,0.0015507951240074697,1.6754998083331104e-05,0.00510559081999995,-0.007367960613333224,0.0025122782007970727,35.0,0.0020507812503809523,1.637827996236577,50.0,0.25323386445135765,0.0005151245019600217,0.001966552735111371,0.00023102001007481416,0,0.0009710354264447218,0.0010587459812418417,7.979620077382636e-05
SN 049,N01,379,1.9235644,1.925737933333333,0.0008111063850275695,1.9257775088888889,0.0004932182018913908,-9.098333333335777e-06,-0.000655708888888773,-6.642699724514556e-06,0.0029861333333334183,-0.0023502333333331737,0.0010101252537499416,-1.778888888892549e-06,0.003100866666666091,-0.0039438666666669064,0.0014904897082691653,30.0,0.0016021977777777696,2.063639631459812,59.0,0.22888366557808112,0.00012450944198050208,0.0006038977777780286,0.000202113289214696,0,-0.000655708888888773,0.0004932182018913908,-9.098333333335777e-06
SN 045,F06,1,-3.6692008666666656,-1.8252473166666665,1.8344870309249628,0.0,0.0,0.0,0.0,0.015047486145404661,3.6602757666666665,-0.012661733333332759,0.23482380432056635,5.2321212121209747e-05,3.6605809333333332,-3.6602757666666665,0.3334849924310258,0.0,,,1.0,0.9918074303301954,1.7946428815148368,3.6630630466666667,0.38304597780725674,3,0.0,0.0,0.0
SN 057,N01,560,2.8173807779933333,2.824557367958333,0.0024550582792611194,2.8238946872273334,0.0012633956353470875,0.00015172050108334587,-0.0006980217840002467,3.9069645977959303e-05,0.01003214517999984,-0.008675384520000051,0.0024353281720363297,-1.8878512916668348e-05,0.009882354736666432,-0.018707529699999892,0.003632750925758319,24.0,0.003931607139999997,3.048805914092187,42.0,0.49907422876007296,0.0006383606958674261,0.0030883280435554106,0.000854509544659402,0,-0.0006980217840002467,0.0012633956353470875,0.00015172050108334587
SN 041,N01,199,2.569534047443333,2.575533294675,0.0017491934735962195,2.574136708575778,0.00190166595866313,5.143210991666353e-05,0.0020814514175553356,-1.378755592289376e-06,0.005125935869999765,-0.007585398356667383,0.0019414773283828017,3.182941016667273e-05,0.01269124349000128,-0.008169555666666106,0.0030049007452801076,30.0,0.0027068667940000363,2.6245048060640515,42.0,0.38796227239063635,0.0005369004006306219,0.0023703681095557094,0.0005553355321168693,0,0.0020814514175553356,0.00190166595866313,5.143210991666353e-05
SN 029,F03,117,2.253682963053333,2.273095575966667,0.005904565962428848,2.2581755065904447,0.003145332539195061,-0.0006559135799285877,-0.004492543537111704,-4.029497297521136e-05,0.004543050129999671,-0.003448740640000114,0.0013553667325189745,-5.2390628388887527e-05,0.004184468586666323,-0.0037717183433336743,0.001552888170058226,9.0,0.005336507161481485,12.232170510577324,2.0,0.9726614594060087,0.0042905812967590695,0.0175591362846661,0.0011211772123658392,3,-0.017970174148446816,0.007863331347987652,-0.002623654319714351
SN 010,F02,37,3.6837453206366666,3.689896901448333,0.0021572050590320025,3.6902002800817773,0.0017342394399379448,1.8590291428561516e-05,-0.003944634331777053,-2.584536214876048e-05,0.0055046081533336455,-0.013102467856666689,0.0027983731483947187,-3.994835749998593e-06,0.015829213463333325,-0.015663909913332663,0.004394666245412618,31.0,0.004022101946021502,2.0037403230089663,60.0,0.15450407893424398,0.0004740773798635691,0.001967773437333342,0.0006378070961669715,2,-0.011833902995331158,0.0034684788798758897,5.577087428568455e-05
SN 035,N01,79,2.78525390625,2.7889870961500005,0.0014998653661991983,2.7892993164044446,0.0010999217079466985,-1.31062098928563e-05,-0.0007017008477778752,-2.4489725922863042e-05,0.005109151206666773,-0.004482777913333624,0.0016799080078786681,-1.9259982666667655e-05,0.005334726973333481,-0.008913421633333751,0.0024143298778634796,26.0,0.002840325770897545,2.261810879619254,47.0,0.3706874707601973,0.0003984613642774431,0.0017761569553331746,0.0004075922042359543,0,-0.0007017008477778752,0.0010999217079466985,-1.31062098928563e-05
SN 063,F05,6,2.69722391764,2.70150121053,0.0020219220033003025,2.6998552449528885,0.0016374814792066877,-0.0002625165667618913,-0.0008335876462219893,-1.2301610523418008e-05,0.004942067463332922,-0.004605102540000239,0.0018419105114052872,8.101993166668524e-06,0.0076766967800003805,-0.007582346599999568,0.0029629588202350573,31.0,0.0027073439733333584,2.667560489131001,32.0,0.5852132294209414,0.0011737085677834015,0.004478149413777999,0.0004941173663113053,3,-0.0033343505848879573,0.004093703698016719,-0.0010500662670475652
SN 010,F02,39,2.64056472778,2.6468368530250004,0.0021364848445676117,2.6456573486308894,0.0015062284676785299,-1.7751057999983363e-05,0.001883697509110771,3.974431129476266e-06,0.007736714680000478,-0.00751113891666666,0.0024062986061608254,-1.0369618722224268e-05,0.012361907959999918,-0.00854365030666715,0.003614160201179148,28.0,0.0036199842180953323,2.445127803405796,48.0,0.37047828249599823,0.0004581065834916999,0.0022225782604436972,0.0006090482150055735,2,0.005651092527332313,0.0030124569353570598,-5.325317399995009e-05
SN 042,N01,258,2.836898533333333,2.8453744,0.002303228845528368,2.8429887244444445,0.0033180922548193353,-0.0006222173809523802,-0.003907424444444363,-4.1049586776857205e-05,0.01052933333333339,-0.007906833333332752,0.0025046758304445834,1.223249999999787e-05,0.011266566666666034,-0.018436166666666143,0.00425574050701331,31.0,0.003213106451612876,2.8344770671537316,34.0,0.39582746897774884,0.00095197735807246,0.004009306666666657,0.0008347140701745122,0,-0.003907424444444363,0.0033180922548193353,-0.0006222173809523802
SN 036,N01,104,2.811285654703333,2.8202531178766668,0.002209507780241425,2.819669325084445,0.004441080977647852,0.00029495965867856505,-0.00014595879444501136,-8.827398622573474e-07,0.007660929360000068,-0.007152557369999979,0.0021370464481980456,-2.022425333333781e-05,0.008588409420000165,-0.011459350580000027,0.0028901971601938622,19.0,0.00383745159964917,2.2019127509054677,40.0,0.5357657609212256,0.0006440402784099118,0.00335525512711099,0.0010242779312906688,0,-0.00014595879444501136,0.004441080977647852,0.00029495965867856505
SN 049,N01,426,1.7793544666666667,1.7831765833333333,0.0014472065050861235,1.7836547488888888,0.0005285409820071207,-7.78904761904136e-06,-6.22822222222652e-05,1.920798898071455e-05,0.00829556666666642,-0.0041477000000003095,0.001530046195605085,-1.6013055555556358e-05,0.008132299999999315,-0.008524166666666444,0.002239553694785227,29.0,0.002079456321839077,2.2873371829264264,45.0,0.4415827282954488,0.0005036752954794287,0.0021809577777778255,0.0006751269806562308,0,-6.22822222222652e-05,0.0005285409820071207,-7.78904761904136e-06
SN 045,N02,29,3.2729146,3.305751016666666,0.009329645634187271,3.3112370933333333,0.009724595355234051,-0.0008211982142857328,-0.0023168266666666604,-0.00013453168044077002,0.045113133333333,-0.04186909999999999,0.010540750676135007,0.00012023916666666541,0.06889243333333317,-0.04803673333333336,0.015281193204062267,25.0,0.015531119999999898,2.108824555568521,46.0,0.35487235808285045,0.002666699784874307,0.012666688888888444,0.004051658345651157,0,-0.0023168266666666604,0.009724595355234051,-0.0008211982142857328
SN 045,N02,47,2.8764544,2.912048583333333,0.017204044105626527,2.887946422222222,0.007010168578809776,0.00016005369047621874,0.013291544444444359,5.3296418732778675e-05,0.006852733333333028,-0.010833233333333414,0.003495603712439708,-2.4077222222222232e-05,0.008777566666666736,-0.010476933333333438,0.003347807367306266,9.0,0.013626207407407363,9.807674612870429,8.0,0.9794083670234293,0.015354937316658566,0.050071086666666265,0.003652543225198036,0,0.013291544444444359,0.007010168578809776,0.00016005369047621874
SN 045,N02,65,4.452114333333333,4.456447833333334,0.00212464104446074,4.454749433333333,0.0010598374811002207,-9.59117857142961e-05,-0.00022063333333299795,-2.9020936639112814e-05,0.006226100000001011,-0.004473866666666382,0.0019907522022079172,1.3983055555555346e-05,0.00715690000000091,-0.009633400000002013,0.00316845857553412,34.0,0.002702555882353111,1.9114065611772362,35.0,0.5620880101504796,0.0014104167161182448,0.004315862222222577,0.00033116703369779195,0,-0.00022063333333299795,0.0010598374811002207,-9.59117857142961e-05
SN 045,F06,3,2.1693929,2.8064155333333334,0.4017700668874255,,,,,0.244288375,0.45048013333333303,0.031136300000000006,0.17839126062386598,-0.13978127777777768,0.12245206666666641,-0.2778582666666667,0.22720737490668988,0.0,,,1.0,0.9425091953184613,,,,3,,,
SN 010,F02,29,3.68260599772,3.690910975136666,0.003116257050375935,3.6908992852086664,0.00296662553195189,0.00011154356453571941,-0.004437900118666516,-3.528437338842943e-05,0.01399434407333322,-0.01904449463000013,0.004309299106518824,-7.118648950000065e-05,0.018432617183333555,-0.023811848960000326,0.0066091802041051825,29.0,0.005913429698620666,2.195217536142205,56.0,0.04310317132409501,0.0005513013027369396,0.0026503499344445736,0.0013770705614605493,2,-0.013313700355999547,0.00593325106390378,0.00033463069360715824
SN 049,N01,381,1.7816056333333334,1.7925200000000001,0.001765900163596613,1.791217028888889,0.0046155675352054166,-0.00010945095238094852,0.003910837777777898,1.9233333333334805e-05,0.008109033333333127,-0.006078599999999934,0.0014409713901341516,1.5948611111110677e-05,0.007627099999999665,-0.011473333333333446,0.0019056355311275262,14.0,0.0018460190476190519,4.699547823572394,30.0,0.6660909978053203,0.0006066667731097843,0.0027015422222220753,0.0008715027805281491,0,0.003910837777777898,0.0046155675352054166,-0.00010945095238094852
SN 049,N01,412,1.7288707666666667,1.7313613166666664,0.0008306790572244736,1.7320393111111112,0.0008054651186777329,3.12633333333304e-05,0.0004894888888888893,2.0774931129477732e-05,0.00245003333333349,-0.002591599999999694,0.0008594564702449685,1.0571944444444833e-05,0.003032900000000227,-0.004698233333332746,0.0013349564606880344,29.0,0.0012993333333333344,1.9399388474908965,43.0,0.4587863649937755,0.00047899066631632784,0.0015996000000002564,0.00022224862691276167,0,0.0004894888888888893,0.0008054651186777329,3.12633333333304e-05
SN 025,F03,142,2.8054145812966667,2.8213026682533333,0.007274670905087745,2.835735015867556,0.003157552614693507,0.00037006650651187753,0.0002515665691107394,0.000203654391707985,0.010289255776666284,-0.014723968506666907,0.0034515262942194282,-4.64248657222166e-05,0.015666707353334086,-0.013937123620000325,0.004885263044758606,16.0,0.007725111643749977,4.102732861000391,13.0,0.8856035973110339,0.004713091833899633,0.0217390950526668,0.0014519284466883472,3,0.0010062662764429575,0.007893881536733767,0.0014802660260475101
SN 006,F01,112,1.46581573486,1.4941228230766666,0.007125198820716327,1.489509175617111,0.0022651271285806223,0.0002155608223214208,0.005388158162888956,2.2191449641874845e-05,0.00933519999333332,-0.00898755391333328,0.0028754720700682416,-4.045698361112201e-06,0.010460662843333468,-0.008185195923333666,0.0028730142586464395,11.0,0.00847551750545456,4.579210823357843,17.0,0.9192155866296076,0.004269874598840061,0.017089106242000218,0.003478875740905442,1,0.010776316325777913,0.0033976906928709335,0.0004311216446428416
SN 011,N01,17,1.8590413411433333,1.86076037089,0.0007261432944217572,1.8606473795557779,0.0005473765912281517,7.33956836785597e-05,0.0001315561942221155,-1.2238557658404347e-05,0.0018380483000000059,-0.003379185996666756,0.0007385211710900202,1.1857350555607067e-06,0.004581832890000248,-0.004246393843333696,0.0012841096963419531,35.0,0.0008436984114285284,1.9042958120440197,31.0,0.4793598228648092,0.0005067632147607473,0.001623340183111166,0.00018202209308483728,0,0.0001315561942221155,0.0005473765912281517,7.33956836785597e-05
SN 049,N01,388,1.7930740333333333,1.79666695,0.0008410079752179739,1.7971982666666666,0.00048802927101191686,-1.6009761904771975e-05,7.396666666670271e-05,2.1240495867766922e-05,0.002956399999999748,-0.0037209999999998633,0.0009432413045039437,-2.763333333333229e-05,0.00518723333333293,-0.006677399999999611,0.0015089448830472745,29.0,0.0012776022988505596,2.0196128317352087,47.0,0.3610944418331083,0.00030099893752809636,0.0015332644444445709,0.00020947809363358567,0,7.396666666670271e-05,0.00048802927101191686,-1.6009761904771975e-05
SN 044,N01,251,2.5391619333333333,2.5633659166666667,0.007014978510452459,2.561971908888889,0.0025267973675360063,3.1868809523822556e-05,0.0006348911111113686,8.673140495867829e-05,0.04479853333333317,-0.03061853333333353,0.008411922056353827,-0.0001811916666666617,0.04812493333333334,-0.05450949999999999,0.011455035419910135,23.0,0.011292472463768053,2.3644474986096244,52.0,0.27912797182468124,0.0009864189416947304,0.004950633333333343,0.004164269505128611,0,0.0006348911111113686,0.0025267973675360063,3.1868809523822556e-05
SN 006,F01,104,1.4613389333066666,1.4838678359966666,0.008940826371247167,1.4867098066524445,0.005037148115940709,-0.00036192303608334,-0.010584979585777754,-7.324113661157174e-05,0.010605875650000263,-0.009945805866666602,0.0027033894919293792,-3.534740869444164e-05,0.00999374389666663,-0.009451166786667242,0.002701750867304731,8.0,0.010300397872499978,4.699254231894013,13.0,0.9545056758419965,0.006751955161666791,0.02894387139199983,0.00393731753524078,1,-0.021169959171555508,0.0075557221739110635,-0.00072384607216668
SN 020,F02,242,2.82797902425,2.8346045176166665,0.002150225644337052,2.8342054409435558,0.0007010194177833997,-5.7229542618870376e-06,-0.0002765062135559049,-2.645907652892808e-05,0.007522074383333521,-0.012450154623333098,0.002641626324962197,2.9648674722215774e-06,0.01286137898666695,-0.01804453531999961,0.0040372883057808095,23.0,0.003869219793768149,2.320128965608854,47.0,0.24729918231458034,0.00031260169308214145,0.0018240865071113,0.001026109117987456,2,-0.0008295186406677146,0.0014020388355667993,-1.7168862785661114e-05
SN 020,F02,240,2.83208948771,2.834228769936667,0.0008355437666107621,2.833685624863111,0.0007254521868623073,7.700238952387409e-06,0.0010517713768889436,-6.950525537190958e-06,0.003949483236666662,-0.002912394203332891,0.0009559074976863111,7.447136805556938e-06,0.005022430416666168,-0.005257161460000326,0.0016536211434350328,33.0,0.0011788416389898774,2.0699876207605024,46.0,0.34453434834512,0.0004151963447792982,0.0016880628793329855,0.00027748587998109044,2,0.003155314130666831,0.0014509043737246147,2.3100716857162226e-05
SN 049,F05,30,1.86671180725,1.8705345789583332,0.0028366489244173675,1.8736473676875556,0.0026574326928956132,-0.000525296529095218,-0.00499553256422236,-4.0893975041321394e-05,0.0014391581199999504,-0.0022042592366668945,0.0007884157037244024,-1.4311472555557833e-05,0.0034053802500007,-0.0025754292799993195,0.0009060361960053173,11.0,0.0028689182166666926,5.4156864256601756,7.0,0.9614479377339277,0.0021371236261532004,0.00743634541777749,0.0008104809084378751,3,-0.01998213025688944,0.006643581732239033,-0.002101186116380872
SN 033,N01,40,2.383790588376667,2.38573989868,0.0007143508917218014,2.385326419404889,0.0006103086297040801,2.1154312821420566e-05,-0.0010582309315561034,-4.8424586776888865e-06,0.0025166829433334037,-0.0021486918133333255,0.0009525588802613396,-3.0271742111113533e-05,0.00413182576333293,-0.00334676106666576,0.0016080959059316812,38.0,0.00112290633333334,2.2835636149273997,54.0,0.09919159566716847,0.0003577401731332274,0.0014271206320000118,8.316995399859478e-05,0,-0.0010582309315561034,0.0006103086297040801,2.1154312821420566e-05
SN 029,F04,3,2.260036468503333,2.2696320851616667,0.004672229301903875,2.2620928446431114,0.002048993189212387,-0.00041820435292858613,-0.002056376139778493,-0.00010517845471074756,0.002204132080000143,-0.003096262616666401,0.0009706434860417926,4.1495429444426964e-06,0.004385375976665884,-0.0031936645566665867,0.0011957665485552741,5.0,0.0063218180339999815,9.03501840438437,11.0,0.97829392481131,0.0037717979058442467,0.014596727159554845,0.0008384985824540946,2,-0.006169128419335479,0.004097986378424774,-0.0012546130587857583
SN 055,N01,512,3.1361839294433334,3.16898536682,0.00932348086528337,3.167278544106667,0.004207732108219419,9.209678276189363e-05,-0.0019231160500003952,-0.00024231419418732704,0.055678812663333854,-0.02632420857666684,0.009431363827706055,-9.162478977778147e-05,0.047064971926667365,-0.062166595460000806,0.013533673876343046,24.0,0.013705656263611163,2.222029490150957,45.0,0.47677609243266383,0.0017832669082781499,0.00947821723088893,0.004010985220433733,0,-0.0019231160500003952,0.004207732108219419,9.209678276189363e-05
SN 046,N01,293,2.9089286804166665,2.9175905863433336,0.002581802844678406,2.917125735810889,0.0013229711275432718,-9.779521398809442e-05,-0.0014859856508890879,1.6225599173558442e-06,0.01244633992333366,-0.00875167846666658,0.0028295113095546235,-5.115509033333243e-05,0.01237564086999976,-0.0146685282366672,0.00415672006948504,26.0,0.0044163826185898295,2.507769722193157,44.0,0.4008680598067047,0.0008182119235342876,0.00387005276111152,0.0010217811905794997,0,-0.0014859856508890879,0.0013229711275432718,-9.779521398809442e-05
SN 034,N01,71,4.272527058916666,4.279478708899999,0.002155921526296809,4.279962972003555,0.0016317441470760986,-2.3422241261886585e-05,0.000368957519778057,-5.649535123972814e-06,0.008011881509999874,-0.007882181803333665,0.0028564262162003103,-1.5470716694439743e-05,0.01123097737333456,-0.013691711423335029,0.004730922371276691,36.0,0.003508504231851919,1.8887074830143469,58.0,0.12675605500510906,0.000589676111521306,0.0024478488497781115,0.0007254911388620344,0,0.000368957519778057,0.0016317441470760986,-2.3422241261886585e-05
SN 006,F01,120,1.5028041839566666,1.51762638092,0.004828546786219385,1.5225288391093332,0.002644743459376452,0.00045844259707142977,0.004365539550666764,5.018165944903616e-05,0.0035306294766666024,-0.0028675079333331244,0.0013840205108302634,2.5249057361111566e-05,0.004527791340000142,-0.003369903563333221,0.0015543113996747408,9.0,0.004298259594074125,4.964548411441222,14.0,0.9584433607271129,0.0037569569993056878,0.015114568074444446,0.0010605688134783877,1,0.008731079101333528,0.003967115189064678,0.0009168851941428595
SN 003,F01,54,1.1790340423566663,1.2333242416366668,0.03278492662930913,1.286559109156,0.004075587993583065,0.0007396884190714293,0.0033276197639999783,7.707369884297527e-05,0.047291437783333556,-0.04589716593666693,0.01052619878257984,-4.28708394444477e-05,0.056785964970000435,-0.060993576046666886,0.013223535451703393,7.0,0.030452982584761795,2.4763899783217895,4.0,0.9482002907530767,0.028111158951000997,0.09193420410177788,0.009724799006890104,1,0.0066552395279999566,0.006113381990374598,0.0014793768381428586
SN 010,F02,28,3.683641815183333,3.6906103769916667,0.0023330746806795007,3.6909348212328887,0.0013759308107517984,5.109877761898053e-06,-0.0002472601995551216,1.1906479338849148e-05,0.007472483316667056,-0.009350585936667155,0.0030081433971487926,-4.605187311110814e-05,0.013541158040001111,-0.010786692303333734,0.0047587306769426236,32.0,0.004415496190416729,1.7419175983290947,60.0,0.17392099827618776,0.0005319427615967929,0.002661522759999979,0.0004678852676044674,2,-0.0007417805986653647,0.002751861621503597,1.532963328569416e-05
SN 019,F02,224,3.007055409746667,3.009748967488333,0.0010506174038342824,3.0097634887682223,0.0010409344644372405,-7.046744935714142e-05,-0.00027964274155545255,-5.454071294762342e-06,0.004170735676666482,-0.003795115153333306,0.0014317789188181356,-1.3987222222307712e-07,0.005047098796666649,-0.006636301676666623,0.002400216728495957,35.0,0.0019430759973334004,1.647311148439592,57.0,0.07829915775377211,0.0002739429446819551,0.0012149386935558226,0.00019951436444913304,2,-0.0008389282246663576,0.002081868928874481,-0.00021140234807142427
SN 045,F06,4,0.6058572000000001,0.6435429,0.011387194059609923,0.6367976577777779,0.021272751539676355,-0.003938361666666663,-0.030940457777777763,-0.00030926222222222113,0.04811910000000008,-0.030904299999999885,0.011051871540556485,-3.161176470588267e-05,0.05262476666666671,-0.0754204666666668,0.016280309999474073,22.0,0.018294971212121213,2.5387901665879173,28.0,0.5116542703753919,0.0026795507651845747,0.011831742222222164,0.005332672813403743,3,-0.12376183111111105,0.053181878849190886,-0.015753446666666653
SN 011,F03,76,1.79410896301,1.825156847633333,0.01395068718980106,1.799417733084889,0.0048586490962344514,-0.000945836475940471,-0.0032605319548890677,-0.00031731555611570197,0.004196929933333093,-0.00601323445666635,0.0015001045660699033,8.038414833333452e-06,0.005288187663332833,-0.005824788413333337,0.001604569806230727,5.0,0.006947275796666652,7.029582553992013,3.0,0.9942506497801651,0.012121910461253603,0.03837287055111105,0.002117438903709283,3,-0.01304212781955627,0.012146622740586128,-0.003783345903761884
SN 063,N01,573,2.8508046468066666,2.8553602854383335,0.0015980828497503563,2.8547755432111113,0.00148351482984172,-2.2779193095298236e-06,0.00026468912888866214,-8.432267438015625e-06,0.005558776856666725,-0.005721028646667126,0.002019827568518895,-1.3025071861113199e-05,0.008746337893333678,-0.009570058186666675,0.0033048580843314233,33.0,0.0026326805656564914,2.2821224902314476,53.0,0.20684379560908966,0.0004266143322941529,0.0021001519093344356,0.0004825025080859735,0,0.00026468912888866214,0.00148351482984172,-2.2779193095298236e-06
SN 034,N01,57,4.271276855466667,4.278180440265,0.002813202187639025,4.277482571069999,0.0016262405387690007,7.175263903570325e-05,0.00204420301666719,-1.3594193884299951e-05,0.012814839679999857,-0.010153198240000272,0.00363304515325628,3.64939371666706e-05,0.017994689940000086,-0.014660644530000155,0.005704934612146557,29.0,0.005136985340689753,2.0477340429781568,54.0,0.16881007735063447,0.0006021563972871649,0.003008931477777921,0.0008024831956701732,0,0.00204420301666719,0.0016262405387690007,7.175263903570325e-05
SN 057,N01,569,2.8099573771133333,2.820647811888333,0.0034676565786513703,2.8215646192748887,0.0012170194604879528,-2.9588426738091917e-05,-1.56487348887957e-05,4.9763408925618076e-05,0.012056477866666526,-0.00878346761333404,0.0031383440831758793,2.2502475305556194e-05,0.015457153323333195,-0.01539255778333315,0.004817264581561177,25.0,0.00467908732120005,3.102092185895623,41.0,0.5900536567630188,0.0009275657587298914,0.0046528116868889136,0.0021418825106639737,0,-1.56487348887957e-05,0.0012170194604879528,-2.9588426738091917e-05
SN 011,N01,23,1.8485668182366664,1.8627807617166665,0.004088293414961338,1.8626210954437776,0.0006292337006234192,-3.563154315474683e-05,0.0008383009162222788,4.088977134983466e-06,0.017562230430000048,-0.0193768819200002,0.004154820817440663,8.888244638893816e-06,0.025648371376666868,-0.018048985796665917,0.005345209939411591,10.0,0.008220252990999998,2.5389728806958933,52.0,0.48781102543685184,0.0007797150247620568,0.005582826402444008,0.003554430063078013,0,0.0008383009162222788,0.0006292337006234192,-3.563154315474683e-05
SN 001,F01,9,1.1848061879466667,1.2133080800366667,0.010300832013777293,1.2069607289615556,0.004045198311615482,-0.0008406975155952623,-0.006294428508222483,-0.00033033386735537295,0.01039415995333326,-0.01979738871333314,0.003872670779488737,-1.9454956111127538e-06,0.018545277913333047,-0.01686197916333354,0.004558674696534626,11.0,0.00931556008181822,8.328484000360303,11.0,0.9275596286037842,0.0068957657151361785,0.03263981289333295,0.003794543848052816,1,-0.012588857016444965,0.006067797467423223,-0.0016813950311905246
SN 010,F02,36,3.68583679199,3.690087763466667,0.001965445084820566,3.689960869681556,0.0009607101445380912,-1.1084420190486466e-05,-0.0018301730682228623,-1.4806910330579412e-05,0.006792449949999835,-0.007016499836666412,0.0024735516045122337,-8.345074125000554e-05,0.010236612956666225,-0.011409759523333562,0.003930701623785102,34.0,0.0033587212657843514,2.038833751349398,52.0,0.21121444395150624,0.0006439681911763109,0.0028430006239998917,0.0004471845340281953,2,-0.005490519204668587,0.0019214202890761823,-3.32532605714594e-05
SN 002,F01,37,2.27950286865,2.3163995107,0.016811925796018853,2.308893992104889,0.008513460518277083,0.001556635357142853,0.02021621704177745,0.00016709004553719077,0.0168309529633337,-0.017866770426666623,0.0048101008397455555,9.778340638888494e-06,0.015062967936666727,-0.01564687093333328,0.005111737839668991,5.0,0.028657735188666676,8.949207790346907,9.0,0.9592701470780124,0.0153777380080895,0.05045834011555561,0.003189203100758611,1,0.0404324340835549,0.012770190777415626,0.003113270714285706
SN 020,N01,280,3.0412984212233334,3.046405919391667,0.0016034179131974012,3.0460669114839996,0.0007822118329708455,-1.3836451988109249e-05,0.0001598442926669108,-8.400741019283818e-06,0.005754343666667161,-0.005687205000000084,0.0022134162184388926,1.3732909999952803e-06,0.010617065433333295,-0.010077158610000136,0.0037372276061926075,36.0,0.0026934517755555897,1.665960278826264,57.0,0.05407196403056001,0.0003826584165368396,0.0014479573566665849,0.0005794672668206593,0,0.0001598442926669108,0.0007822118329708455,-1.3836451988109249e-05
SN 033,N01,416,2.388313033333333,2.392693433333333,0.001310304162456019,2.3924128577777775,0.0013789538118850763,-6.300249999999784e-05,-0.002197057777777456,-3.247630853994733e-05,0.008138499999999826,-0.010518133333333068,0.0019524726842516432,9.795277777779887e-06,0.01205649999999947,-0.018656633333332895,0.003227467275114995,26.0,0.00279920769230769,2.7783000647538634,53.0,-0.12310067958732271,0.0002572252451076443,0.001270157777777392,0.0006093493026300571,0,-0.002197057777777456,0.0013789538118850763,-6.300249999999784e-05
SN 011,N01,224,1.81172828674,1.822113863625,0.002087074320116414,1.823562605114889,0.0032015302354454376,-0.0004406434012976055,0.0001489173051110182,1.855014771349718e-05,0.011323165896666376,-0.006365712483333175,0.0018528974018036943,-6.891886388889675e-06,0.011228942873333203,-0.0151615142866659,0.0024167485014269484,16.0,0.0028302113214582203,2.574574996536388,35.0,0.6081900108387333,0.0006705791421681496,0.0041631062820002285,0.0014173873155170374,0,0.0001489173051110182,0.0032015302354454376,-0.0004406434012976055
SN 014,F02,124,3.2322990417466664,3.23529726664,0.0010868198841719268,3.2346372138115553,0.0011194247076183105,-4.8128763845221657e-05,-0.0020813157815551264,-2.340311517906269e-05,0.0045138041166667975,-0.0037053426099999953,0.0012865085102623075,-2.2504594583327987e-05,0.005282084146667199,-0.005963643389999884,0.0019461399775123644,27.0,0.0020436416437037666,2.5257751757777593,53.0,0.28682608943315413,0.0003910461777339378,0.001554565429333632,0.0002879013758677968,2,-0.006243947344665379,0.002238849415236621,-0.00014438629153566498
SN 045,N02,48,2.9365989666666668,2.9767366833333333,0.023320666626245067,2.9678533266666665,0.012510079728051685,-0.0027417039285714483,-0.022540826666666458,-0.00020641818181818194,0.010034966666666367,-0.017865233333333563,0.00440649576269701,-9.110749999999835e-05,0.010791766666666813,-0.010019933333333508,0.003754917961219613,7.0,0.022683780952380963,11.874776948605836,6.0,0.9821538250344567,0.021602980330704843,0.0654090844444446,0.00538594221535408,0,-0.022540826666666458,0.012510079728051685,-0.0027417039285714483
SN 054,N01,500,2.735721079506667,2.7386319478333334,0.0012963226013252302,2.738326026066889,0.0007767367923265609,-1.0540371964280165e-05,-0.0003410508902224052,-2.03849855647414e-05,0.0036809285500001288,-0.003588104246667001,0.0014263452641611965,-1.472896999995162e-06,0.006183115646666959,-0.005598449706667008,0.0022792704391416925,27.0,0.002278156045185154,2.057986822492779,41.0,0.39429094303920087,0.0006341562090094902,0.002116665310444077,0.0002766809248407805,0,-0.0003410508902224052,0.0007767367923265609,-1.0540371964280165e-05
SN 045,N02,32,3.207225033333333,3.260259733333333,0.047440824101274946,3.223395653333333,0.008786329246932048,-0.0013553144047619044,-0.008563119999999813,-0.0011555465564738248,0.0264124666666663,-0.022430699999999693,0.007625261083752984,0.0001370661111111134,0.038024933333333344,-0.03770703333333314,0.01234907017547719,13.0,0.015484951282051355,2.4211585861287395,3.0,0.9869608378236012,0.04361227342361962,0.12585519555555535,0.0024315931272256694,0,-0.008563119999999813,0.008786329246932048,-0.0013553144047619044
SN 028,N01,395,3.3193908666666667,3.3254580000000002,0.0020527827810234065,3.32575294,0.0014524959902244676,5.052976190476066e-05,0.0008797266666666914,2.110165289256366e-05,0.005786133333333332,-0.0043225666666666385,0.0016792268685312472,-6.709722222220105e-06,0.00889126666666673,-0.005728933333333686,0.002698322775747478,31.0,0.002306052688172067,2.4049272004662443,21.0,0.6670430080376145,0.0015979956164912572,0.004483166666666705,0.0003933129209508213,0,0.0008797266666666914,0.0014524959902244676,5.052976190476066e-05
SN 033,N01,39,2.38356170654,2.3850387573216665,0.0006311784875037765,2.384935201007556,0.0006177617187206821,1.8569401309522148e-05,0.0005681864424440519,-1.111831873275419e-06,0.0023900349933332343,-0.0020512898766669174,0.0009357964819145044,1.5792846694440143e-05,0.00390955607333332,-0.0034861246766664244,0.0015773696440022804,35.0,0.001220201764857062,1.8416072804741823,66.0,-0.09655675978340292,0.00017240640802394788,0.0006183200415557089,8.418053714450125e-05,0,0.0005681864424440519,0.0006177617187206821,1.8569401309522148e-05
SN 016,F02,166,2.810845184323333,2.821566899616667,0.0024291336884736192,2.819554409449111,0.0023118057949005743,-0.00011626289003571367,-0.0017051866324444553,-4.334673079889948e-05,0.01715240478666713,-0.010867055256667424,0.00291681486784996,-1.7327202694443026e-05,0.01795781453666745,-0.028019460043334554,0.004971739433362104,25.0,0.003714416503466733,2.3502535410969636,35.0,0.277591510000827,0.0011921046195113335,0.003856913248888816,0.0011584758228913277,2,-0.005115559897333366,0.004623611589801149,-0.00034878867010714105
SN 053,N01,482,3.1145136515266665,3.1230818430566667,0.0018234720039747832,3.122519717744667,0.0025603291230634133,-6.400516952385716e-06,-0.0013354322646668138,-3.163571528925713e-05,0.0073560078933336825,-0.011670939130000058,0.0024689214335972248,-2.220153808333662e-05,0.018789927170000276,-0.011269124346666715,0.0038706199483621684,29.0,0.0032757375431035187,2.334212932308768,53.0,0.08244050397321763,0.00038832408725370654,0.001690792507333505,0.0006341709733926576,0,-0.0013354322646668138,0.0025603291230634133,-6.400516952385716e-06
SN 053,N01,477,3.117651875813333,3.123107910155,0.0021876709877011223,3.122493625215111,0.0015911496696255946,4.967099144045044e-05,-0.0007216220417780583,-5.800441603305963e-05,0.0071998596200000264,-0.0073753356933332626,0.003124541436870484,4.172007244444738e-05,0.012753550210000242,-0.011486562096666653,0.005095816069047924,34.0,0.004186263738725562,1.9022621838890919,67.0,-0.04179482661355403,0.0003905548789317927,0.0017353820804442144,0.0003650612326363823,0,-0.0007216220417780583,0.0015911496696255946,4.967099144045044e-05
SN 012,F02,83,1.6180207570366667,1.6205064773533335,0.0008159204955101159,1.6203812662744446,0.0006799086268524838,-5.37872319046974e-06,0.0005317942288887156,-5.23338650136607e-07,0.0031705220566666803,-0.002686691283333209,0.0011507302967139004,1.1327531666623555e-06,0.005053329469999923,-0.00429878235000003,0.0019070583010316335,36.0,0.001422758456018537,2.4114364560059087,60.0,0.010695555795982118,0.00022743293875681327,0.0007771301271113362,0.00013019384118075498,2,0.001595382686666147,0.0013598172537049676,-1.613616957140922e-05
SN 032,F04,23,2.422634124753333,2.427881495156667,0.0021693027308091837,2.4259832933193337,0.0016495040812356818,-0.0003099223545476283,-0.0033491685660007597,-5.138176531680765e-05,0.0016108194966668599,-0.0017962137866667227,0.0006684998123780051,-7.665422250002774e-06,0.00328013101999991,-0.0031364440899999124,0.0009977638833479623,14.0,0.0017187391014285489,4.646567354073347,11.0,0.9519535192721126,0.0018851336871030498,0.006446990966666899,0.0003745177308106772,2,-0.01004750569800228,0.0032990081624713636,-0.000929767063642885
SN 013,F02,118,3.23171183268,3.235499827065,0.0013134642195930261,3.2350021023204443,0.0009210242844357017,1.5870957249970133e-05,0.000175509982888844,-5.7609284848516465e-06,0.004798126220000309,-0.007297770183333441,0.0015464965120443085,2.8080410277834626e-06,0.008033498126667205,-0.01045277913666709,0.0025006197085559166,28.0,0.0021717979794047787,2.664723571835304,45.0,0.31216012813917976,0.0007208267728584467,0.0026694403757780982,0.00038655521548283233,2,0.000526529948666532,0.0018420485688714033,4.7612871749910395e-05
SN 049,N01,386,1.964093766666667,1.9696177666666665,0.0011982765037290607,1.9694127044444445,0.00046309371105451527,9.307380952384385e-06,0.00027022888888872387,4.494628099173656e-05,0.0024224666666667893,-0.0026251666666663453,0.000882442150263914,5.533333333327765e-06,0.003300233333333402,-0.003951633333333593,0.0013123699977446155,26.0,0.0014433782051281618,2.14753208947832,55.0,0.7104907470838656,0.00027472028312320115,0.001966995555555684,0.00034724437590291104,0,0.00027022888888872387,0.00046309371105451527,9.307380952384385e-06
SN 019,F02,235,3.008046213783333,3.0106114705383336,0.0010288321872075625,3.010580274792,0.001010413246819701,1.8698374452374987e-05,-5.933973533300829e-05,-8.037136280987637e-06,0.0032414754233331955,-0.004130554196666747,0.0014026638752909473,-1.70177883333326e-06,0.006642659500000203,-0.0065373738566667505,0.0023708416771295563,33.0,0.0018636375965656812,2.349567134519419,53.0,0.07541259709445902,0.0003222323426264932,0.0013144599068883878,0.00016425776399313927,2,-0.00017801920599902488,0.002020826493639402,5.609512335712496e-05
SN 010,F02,27,3.6818300882966666,3.6914829254133332,0.0033571199639256103,3.6914871893973333,0.0063234499822712115,5.834397819047979e-05,0.00586134168933361,4.670744757576003e-05,0.0141845703133332,-0.015411885579999396,0.004708165707256014,6.931728788889628e-05,0.021008046466666208,-0.021595255536665636,0.007338486317271369,33.0,0.005637282554545343,2.1338000638825947,60.0,0.011860720185202029,0.00034023205913447427,0.0017613050673332964,0.001231275275598301,2,0.01758402506800083,0.012646899964542423,0.00017503193457143936
SN 047,N01,340,2.4634368666666666,2.469567083333333,0.002304035352568447,2.4698827422222225,0.004305181982298144,0.00036613357142856976,2.412444444432893e-05,2.3470523415979704e-05,0.010414633333332812,-0.009690366666666783,0.0024403486017112006,-8.142666666666927e-05,0.013325000000000031,-0.016001166666666844,0.0035560306309094314,27.0,0.0033479666666666277,2.959679428331709,47.0,0.44109157068931554,0.0004295188703257396,0.002238484444444744,0.000931496962207354,0,2.412444444432893e-05,0.004305181982298144,0.00036613357142856976
SN 024,F03,12,2.3764526367166665,2.394067255653333,0.008574353548421329,2.398501298690445,0.0015647561035794125,0.00012495676673809986,-0.0010207790804446226,-6.897350975206489e-05,0.00620346069333344,-0.00696690877333328,0.002002042787188942,-3.577338322222253e-05,0.007140096029999654,-0.007347615556667186,0.0024952631189744576,12.0,0.004184171887777828,2.6033767961567773,6.0,0.9727657767377781,0.007593451022771165,0.026246490478444517,0.002253098436732196,3,-0.0040831163217784905,0.003911890258948531,0.0004998270669523995
SN 048,N01,352,2.7089485,2.7249646333333333,0.00399518013060161,2.725140006666666,0.0017064611296527493,-6.347154761904759e-05,0.00018599333333435553,-1.071707988980261e-05,0.01204580000000055,-0.01854549999999966,0.005419552311839194,3.4823888888890765e-05,0.02366893333333353,-0.02924646666666675,0.007905959748448852,27.0,0.00796241728395061,1.8911837482514666,62.0,0.08685839074636362,0.0006572904277391704,0.002965948888889347,0.0022641582131687913,0,0.00018599333333435553,0.0017064611296527493,-6.347154761904759e-05
SN 049,N01,384,1.7257630333333334,1.7295796666666667,0.0008013287937483163,1.7300136311111112,0.0003568083758233636,1.079880952380509e-05,-0.0006018311111111174,1.9338842975120436e-07,0.0025014333333333028,-0.004098033333333362,0.0008479158079124271,-8.006944444440462e-06,0.005954266666666763,-0.0046157,0.001321163379831296,27.0,0.00118527160493826,2.0606355707495143,38.0,0.4447957249482172,0.0004886027458536392,0.0014093444444445158,0.00024978617556748465,0,-0.0006018311111111174,0.0003568083758233636,1.079880952380509e-05
SN 040,N01,177,3.0884368896466667,3.090541585285,0.001006848631959968,3.0896699523911115,0.0006258006576645107,-3.139859158333147e-05,-0.00034423828111140864,-2.1591396694212242e-05,0.003320312500000089,-0.0031224568700003452,0.0011624143724870866,8.053249777772998e-06,0.006223297123334248,-0.006099700930000118,0.0019947486228642235,36.0,0.0014778137209259246,1.7201436929168392,47.0,0.3296616840804288,0.0005119613650050409,0.0021130710175554235,0.00016748046265289892,0,-0.00034423828111140864,0.0006258006576645107,-3.139859158333147e-05
SN 033,N01,332,2.321283966666667,2.3257603666666666,0.0019426439902465677,2.3269162488888884,0.0010722749673145872,-7.839404761912835e-06,-0.0006154488888885368,1.1635261707990187e-05,0.0031547333333339367,-0.002842966666666058,0.001161949329147139,-7.035833333335351e-06,0.004202533333333758,-0.003427433333333063,0.0018052427542772224,28.0,0.001723026190476167,2.1891304032295613,7.0,0.822383488348709,0.001722054064836438,0.004296048888889015,0.0002660067037364916,0,-0.0006154488888885368,0.0010722749673145872,-7.839404761912835e-06
SN 054,F06,7,0.0080065894099999,0.3665855725583333,0.676933154969381,0.009983946501555515,6.036210139497085e-05,3.807336285714675e-06,0.00012774624177778506,-0.022696562220578507,0.19476699829,-0.6364593505833334,0.09444952527800655,0.0001626050008333287,0.29324798584333334,-0.34076894124000034,0.059464242070277486,2.0,0.3758786042533334,6.858331274840842,3.0,0.9908662812265029,0.4086768318060244,1.9706491666904444,0.20902347330507348,3,0.0005109849671111402,0.00015090525348742713,1.52293451428587e-05
SN 063,F05,5,2.6903264363600004,2.697747039793333,0.003858549312948429,2.693481157089556,0.0010568455007171204,2.059119088096655e-05,0.001354251437110765,-2.5500673250689973e-05,0.005518595376666546,-0.005529276530000349,0.002092984949936869,1.798205905555461e-05,0.008724466956667065,-0.008248392740000998,0.0032979008090699598,32.0,0.00287631352729166,2.633659038023021,26.0,0.8537067381231722,0.0032573372177121607,0.011290808783332995,0.0009823096615028278,3,0.00541700574844306,0.002642113751792801,8.23647635238662e-05
SN 028,F03,50,3.115889231363333,3.136908594765,0.010502125349781413,3.1333896213093335,0.0022205652069153315,0.0002678725833333411,0.0006629096139998403,-0.00028384500297520614,0.00688832600999989,-0.00631459553999969,0.0023086746510061935,-7.194730972222377e-05,0.005640665686666768,-0.008329010010000193,0.0023120355092722,7.0,0.009535326276666771,7.670635463729886,9.0,0.9757656956045726,0.006471162381996701,0.03250869750977792,0.002823805186924002,3,0.002651638455999361,0.005551413017288329,0.0010714903333333644
SN 033,N01,331,2.3909294,2.3943539833333336,0.001563351038084224,2.3940669422222225,0.0014744122658191447,3.238238095237505e-05,-0.002593308888889201,-2.2316528925622496e-05,0.006616700000000364,-0.0061024999999999,0.0016164032373642881,-3.293777777777507e-05,0.006585400000000519,-0.010209100000000415,0.0024705020025592357,26.0,0.002600074358974486,2.542132004479506,56.0,0.4618593220004409,0.000321003779051539,0.0018561111111110584,0.0006289635399667176,0,-0.002593308888889201,0.0014744122658191447,3.238238095237505e-05
SN 046,N01,309,2.909375508623333,2.9145699818899997,0.0016558854109950951,2.9141752794039997,0.0011978579925605141,8.059456234524864e-05,0.0001705254460002692,-1.4733348650137243e-05,0.008000691733333287,-0.006186421709999834,0.0020436131020300837,-3.6621093888911107e-06,0.01138636271333393,-0.011774444576666543,0.003063940152372042,27.0,0.003184923713456763,1.9142154266433915,49.0,0.24229905153587153,0.00042414727146386315,0.001761864555777759,0.0006334380519040753,0,0.0001705254460002692,0.0011978579925605141,8.059456234524864e-05
SN 046,N01,302,2.911714426673333,2.91666463216,0.002120094341656154,2.9160949707017774,0.0010507042070221231,6.489435833332915e-05,0.0023216247548893953,2.742168330578424e-05,0.012243652343333356,-0.01036046346000008,0.002431283973653277,-4.461076527776757e-06,0.01340103149333327,-0.022604115803333436,0.003922113294696876,26.0,0.003284307626538342,2.130648999407631,43.0,0.344490179872162,0.0006155236800123822,0.003107842338888389,0.0008929688554073859,0,0.0023216247548893953,0.0010507042070221231,6.489435833332915e-05
SN 025,F03,28,2.805005137123333,2.819905217486667,0.004957468902830534,2.8240488688131107,0.0009456254418716429,-9.69296410357193e-05,0.0003547668468892873,0.00010280346410467964,0.006183115643333625,-0.006725819903333097,0.0018205174715685796,1.5356275777781796e-05,0.008315277103333685,-0.004325358070000007,0.0022341790248176893,15.0,0.0041020372179999915,3.1393605315545785,15.0,0.9322196591532365,0.003358816517902009,0.011440107556666579,0.001680786364757487,3,0.0014190673875571491,0.002364063604679107,-0.0003877185641428772
SN 042,N01,256,2.809852333333333,2.8189633499999998,0.003093658544181768,2.8201299711111107,0.0014329157879020222,-7.640452380952249e-05,-0.001512471111110525,3.061652892561848e-05,0.00820540000000003,-0.009915666666666656,0.0031522763907394988,-2.418722222221244e-05,0.013255066666666426,-0.015148666666667143,0.005084894669333033,27.0,0.004873779012345779,2.103269529147991,35.0,0.48221156554859845,0.0019523639281823144,0.006016351111110652,0.0005570987724550094,0,-0.001512471111110525,0.0014329157879020222,-7.640452380952249e-05
SN 036,N01,109,2.8085357666,2.8185541788716666,0.0022935027404295625,2.818446841768222,0.001014322791241377,1.5983581595240588e-05,0.0006314765084445284,-1.079464746556639e-05,0.008124796549999758,-0.013522847493333767,0.0024563828586641793,2.847035725000261e-05,0.014080810546667433,-0.019183603923332626,0.0033730295992312775,21.0,0.0035573202465080007,2.8402199042324954,50.0,0.42962531334556286,0.0003980397643481787,0.003241068522221724,0.0016162618867629904,0,0.0006314765084445284,0.001014322791241377,1.5983581595240588e-05
SN 045,F06,5,0.5362712666666667,0.6403943166666667,0.023477326291346273,0.64053102,0.01941770156670482,3.944916666666869e-05,0.005391513333333431,5.545151515151578e-05,0.1596230333333334,-0.09214023333333332,0.02719743172303291,0.00012497472222222267,0.24105353333333335,-0.1279625666666665,0.03897201951738474,17.0,0.047883299999999976,2.4739577105437447,41.0,0.33441266320092916,0.003650257417906079,0.018512871111111107,0.013177977999424328,3,0.021566053333333723,0.04854425391676205,0.00015779666666667475
SN 010,F02,24,3.69535140991,3.7014372507699997,0.0026304308435206474,3.7006847805435554,0.0020163910820086652,-3.007253059531375e-06,0.0025874667697780573,-3.6267997796138936e-05,0.01799825032333313,-0.007664235433333388,0.0033091579560036674,5.202823222231571e-06,0.017214711503332758,-0.02227249145000032,0.005111570441028104,33.0,0.0041275563861617945,2.1447988436541907,58.0,0.19497981204994735,0.0005753836549928509,0.0029517957900000447,0.0007339807931208221,2,0.007762400309334172,0.0040327821640173305,-9.021759178594126e-06
SN 010,F02,23,3.69162902832,3.7005561828599993,0.0024073649023966864,3.7002760654006663,0.001916020224473271,0.00026454834704761225,0.0009865993926667649,-4.2823392176312915e-05,0.009005991616667153,-0.018319702146667005,0.0031931831374892514,5.958133275000277e-05,0.027325693763334158,-0.02415974934666698,0.005120376381017512,25.0,0.004521341959466642,2.8262613747078706,46.0,0.10245285461690454,0.00084183482566811,0.003592342800888826,0.0007647635435238372,2,0.0029597981780002947,0.003832040448946542,0.0007936450411428367
SN 019,F02,223,3.0052790323866665,3.009941355385,0.0012915765257759928,3.009324357773333,0.0006832978922956071,-4.999524072620989e-05,0.0003850640200000477,-1.4027156776861026e-05,0.007519022623333704,-0.0054412841799997835,0.0016552117706315084,1.364813944445172e-06,0.012402343750000266,-0.006834157306667699,0.002737202186763266,33.0,0.002016556865050541,2.0214369025642185,49.0,0.18132475849405819,0.0005994269704157633,0.0019249810108887822,0.0004346120046303902,2,0.001155192060000143,0.0013665957845912142,-0.00014998572217862966
SN 048,N01,354,2.7210016666666665,2.72736725,0.0022665819415772994,2.7269343533333332,0.002010978507292492,-5.4816071428568204e-05,-0.0011121866666665703,-1.6839393939392943e-05,0.0087170999999997,-0.00668846666666667,0.0029132516169444777,-2.8001944444444592e-05,0.00962403333333306,-0.012425200000000025,0.004474307107459619,33.0,0.003999397979797991,1.8303805513618474,57.0,0.1790492725145305,0.0005263190252926144,0.002003004444444567,0.0005401721971407402,0,-0.0011121866666665703,0.002010978507292492,-5.4816071428568204e-05
SN 045,F06,5,0.5362712666666667,0.6403943166666667,0.023477326291346273,0.64053102,0.01941770156670482,3.944916666666869e-05,0.005391513333333431,5.545151515151578e-05,0.1596230333333334,-0.09214023333333332,0.02719743172303291,0.00012497472222222267,0.24105353333333335,-0.1279625666666665,0.03897201951738474,17.0,0.047883299999999976,2.4739577105437447,41.0,0.33441266320092916,0.003650257417906079,0.018512871111111107,0.013177977999424328,3,0.021566053333333723,0.04854425391676205,0.00015779666666667475
SN 034,N01,58,4.270596313473334,4.27862472534,0.0027615543630025003,4.279131842716889,0.0017914932260479164,-5.877540220234741e-05,0.0017956882064451563,5.0236305261713624e-05,0.0135401407899991,-0.008330281576667709,0.003981361864229121,1.5809800916666285e-05,0.019317118329998273,-0.014018758136667309,0.006524735734515637,33.0,0.005497156008080802,1.7536156117172041,61.0,-0.04306314967413418,0.00042894635039015464,0.0019070773651117534,0.0005732398785147088,0,0.0017956882064451563,0.0017914932260479164,-5.877540220234741e-05
SN 024,F03,3,2.3996770222966664,2.40522104899,0.002121635684621579,2.4038613722037776,0.0015126715873392575,7.682800291667029e-05,-0.001214735243777465,-2.7478430881542997e-05,0.003295644126666275,-0.0034362792966664557,0.001428159278981414,-2.7968088805548538e-05,0.005177052813333027,-0.005683898929999209,0.002138504400236571,28.0,0.0023774919057142035,2.230346702012176,35.0,0.7739229866841559,0.0013347849779798881,0.005358479817777262,0.0005273704650022468,3,-0.00485894097510986,0.0037816789683481435,0.00030731201166668115
SN 011,F02,63,1.9858671824133332,1.9874446868883333,0.0007281958206137148,1.9872553846553334,0.0005215006165361064,3.837676278573803e-05,0.0004728613946667348,-4.088977162531678e-06,0.002286275226667245,-0.002923202513333667,0.0009663272512488293,1.976119144444325e-05,0.004748916623333654,-0.003906249999999556,0.0015798616965020929,33.0,0.0013028424193939415,1.9331368547994163,54.0,0.1229585128716799,0.0002839321649243889,0.0010204399957778332,0.00018672857638579233,2,0.0014185841840002045,0.0010430012330722128,0.00011513028835721409
SN 032,F04,21,2.43230336507,2.4392456054666667,0.007056197491056049,2.437700466578222,0.0016290000609382707,0.00033521470572617543,0.0015682813851114474,-9.688910702479435e-05,0.009944407146667,-0.008913167319999804,0.002709419315146954,2.8991699166665737e-06,0.010748036700000352,-0.011346435543333033,0.002917370710170177,8.0,0.010012690224583454,6.659555926461714,11.0,0.9263519915054278,0.005477170920242023,0.017175479465111554,0.003154191709766966,2,0.004704844155334342,0.0032580001218765415,0.0010056441171785264
SN 009,F02,20,3.063533528643333,3.0656984964999996,0.001031576694661397,3.0652076721171113,0.0011123270621361356,-6.432306130937133e-06,-6.942749044469565e-05,-1.4180585371902008e-05,0.0028661092100001895,-0.0022692362466667504,0.000944057542601884,-1.7250908888895762e-06,0.0045651753700002295,-0.004410298663334089,0.0015617896299756375,29.0,0.0013739136443678317,1.91617429965765,33.0,0.5821346396626867,0.0007263255712861817,0.002317301431777885,0.00014926160064140112,2,-0.00020828247133408695,0.0022246541242722712,-1.9296918392811398e-05
SN 038,N01,150,2.5522918701166666,2.5553478240949996,0.0010307146676415114,2.5551738484684443,0.0008710472294087079,4.168283372620556e-05,0.000597534178222503,2.8756301900828332e-05,0.003083801269999853,-0.0034317016599998418,0.0012332975300683975,-1.8240610777775502e-05,0.005787913006667367,-0.0056114196766663405,0.002069446780419474,36.0,0.0015784228290741048,1.8183066156557202,49.0,0.2617972775033721,0.0004984787646541302,0.0016631062826668597,0.00022325904500373407,0,0.000597534178222503,0.0008710472294087079,4.168283372620556e-05
SN 049,N01,378,1.7285738333333331,1.7351973666666667,0.001948189184637747,1.7359575244444445,0.0006068720937481987,1.1343571428575258e-05,2.7275555555483777e-05,-9.183939393939249e-05,0.005811166666666923,-0.008607999999999727,0.0018673263306525122,3.777805555555402e-05,0.00825820000000066,-0.007050200000000562,0.0025612851589327038,21.0,0.002796188888888868,2.2322188198220183,46.0,0.46743143485981004,0.0006958323250411899,0.0023133066666665147,0.0005788960821096382,0,2.7275555555483777e-05,0.0006068720937481987,1.1343571428575258e-05
SN 011,F02,74,1.97098859151,1.980200894671667,0.002739604091213165,1.978691397771333,0.0016112279934040524,5.898611890476833e-05,0.00039884779200027864,-1.9737642975206983e-05,0.009565480550000505,-0.00720965067333279,0.0024547736326044583,-3.967285166665372e-06,0.008596293133333655,-0.014765548706667353,0.0032469383099063363,22.0,0.004002495967121201,2.663429858537109,35.0,0.6012473731811664,0.0009123063246739048,0.004655617608666729,0.0012977722063173725,2,0.001196543376000836,0.003222455986808105,0.000176958356714305
SN 045,N02,35,3.2609647,3.291750566666667,0.011779710271605202,3.2900292977777776,0.008503465580231621,-0.0003535164285714416,-0.00477846444444463,0.00017024049586776568,0.04009879999999999,-0.04148406666666604,0.012115446718119646,-0.00015162777777777786,0.04710159999999908,-0.04606350000000026,0.017080317117052896,24.0,0.021847531944444498,2.854092107699861,38.0,0.46303451731820217,0.004123900157115779,0.016576182222222346,0.002529329008582459,0,-0.00477846444444463,0.008503465580231621,-0.0003535164285714416
SN 013,F02,100,2.4715377807600003,2.4739438374816665,0.0010855596214696002,2.473902570934889,0.000737627639742654,-3.306979357131645e-06,-0.00010013156488897224,-5.021108402204938e-06,0.0037175496433334843,-0.005671437579999772,0.0014133157212225756,-2.2788577611106605e-05,0.007684071859999975,-0.00863316853666607,0.0023659113611213577,33.0,0.0018642695265656186,2.2470167979383247,51.0,0.15887989519513737,0.0004424668540677135,0.0017244974777774758,0.00020858709801112042,2,-0.0003003946946669167,0.001475255279485308,-9.920938071394934e-06
SN 013,F02,114,2.4713663736966667,2.473428471881667,0.0008287767347169519,2.473273925779556,0.000945386037675816,-4.921867785699442e-06,0.0011454772937771196,1.4693415179058225e-05,0.003090159096666767,-0.0025136311866673644,0.001233591772513172,-1.6670227055555948e-05,0.0048339843733331556,-0.004037475586666783,0.0021321358959667815,35.0,0.001670633951619013,1.902063494561937,67.0,-0.10969300413418524,0.00018065744206440884,0.000766432020444352,0.00015480667674805157,2,0.003436431881331359,0.001890772075351632,-1.4765603357098328e-05
SN 057,N01,561,2.81396509806,2.8230842590316665,0.0022547993037818135,2.823123355439778,0.0029371680231004057,2.1905445059511307e-05,-0.0010347323931116925,-1.448534079890084e-05,0.007250722246666896,-0.011246744793333097,0.002769816819834291,3.2910241027772626e-05,0.018060048423333086,-0.016793060303333274,0.004414748897058474,28.0,0.0037636439003572004,2.239172927516632,45.0,0.25062534980344775,0.000777203621407174,0.0033781772188890002,0.0008288713886608893,0,-0.0010347323931116925,0.0029371680231004057,2.1905445059511307e-05
SN 018,F02,221,3.00581258138,3.0091228485099997,0.0013316398279042364,3.0091123962386663,0.001580048924832811,-0.0002791995093214277,-0.0001959228519994305,-6.925304407712218e-06,0.004336039226666699,-0.004490661619999781,0.0015894329719568267,1.9285413944447603e-05,0.00575968424666673,-0.007670338949999689,0.0025908927617731134,34.0,0.0021525513886274856,1.9610489067897248,49.0,0.292785046358265,0.0004886194602244142,0.001825985378666406,0.00026311966145806337,2,-0.0005877685559982915,0.003160097849665622,-0.0008375985279642831
SN 006,F01,123,1.5262265523266667,1.5320751825966665,0.003569615110854779,1.5384399244502223,0.0023787603392832813,-0.0003538676670595161,-0.00035996331022225547,1.794904388429668e-05,0.004875564576666935,-0.004051589966666658,0.0015356697012980738,3.1637615638890895e-05,0.004988352456666512,-0.004937362673333778,0.0020099097899054573,18.0,0.0031502829657407755,4.10965425404157,14.0,0.906911974655076,0.002394259764656575,0.010218819512222144,0.0010280024025478734,1,-0.0007199266204445109,0.003568140508924922,-0.0007077353341190322
SN 011,F03,52,1.2338134765600002,1.2913769404083333,0.053489490950497307,1.2959794701453333,0.008346998613149774,-0.0018261269160118982,-0.012673348322000066,-0.0014092700212121217,0.010918172199999798,-0.035526148476666686,0.007004821285322333,-3.305541147222331e-05,0.017333348589999797,-0.013108571369999877,0.005341722819250615,3.0,0.02859882778666667,11.585403708752617,5.0,0.991728810506218,0.03493487121869928,0.18243270873999995,0.0172265107289324,3,-0.050693393288000266,0.020867496532874435,-0.007304507664047593
SN 043,N01,235,1.657695,1.6622862333333335,0.0016152659213406922,1.6617253999999997,0.0015086347366317602,-7.712880952380523e-05,-0.0005586666666661522,-1.5121212121211722e-05,0.004957833333333328,-0.00787646666666686,0.0023982821964666444,4.1494444444475e-06,0.010323433333333298,-0.010459166666666908,0.004161325463398003,35.0,0.002971967619047598,1.8813816569726676,65.0,-0.0960862746199169,0.00037180493389107227,0.0015475133333333613,0.0002960019412265407,0,-0.0005586666666661522,0.0015086347366317602,-7.712880952380523e-05
SN 011,N01,217,1.7776227315266666,1.8214012781766664,0.0053065484467546675,1.8214382425926665,0.0005065138230440094,-2.6271456666694864e-06,4.043580666746038e-06,0.00036214507972451776,0.022261428830000263,-0.012641779580000012,0.0031842359604254545,-0.00017865816747222502,0.013229370116666805,-0.016934458413333298,0.003303178763670807,3.0,0.008527798123333449,7.7372160801965455,21.0,0.8139562482242472,0.00101359468845236,0.00849647521977781,0.002045204377748517,0,4.043580666746038e-06,0.0005065138230440094,-2.6271456666694864e-06
SN 064,F05,11,3.784743499753333,3.7955718994116667,0.003523559572381647,3.7951292928046665,0.0026643965099755525,0.0004968661354047578,0.004209747315333523,6.275229548209764e-05,0.0072855631533337295,-0.00912806192999982,0.003336293004593376,-2.1370781805555665e-05,0.014421081543332548,-0.01184565225999945,0.005291908046080784,29.0,0.00496577997298858,2.5544208141216367,31.0,0.5510543463524161,0.00201136037954391,0.007851867675555457,0.0006552652881439419,3,0.016838989261334092,0.006660991274938881,0.0019874645416190313
SN 018,F02,205,2.94679438273,2.986105473835,0.007272744518448159,2.9855223761653336,0.0010918955148261327,6.441388773817787e-06,0.0006193372946663445,-0.00010696915553718911,0.020192972816666988,-0.03780466715333386,0.006123703479870469,0.00014194276597221758,0.04487838745000072,-0.033009592690001366,0.008160498714553719,15.0,0.009824795192666642,2.671979404567848,41.0,0.6439833309463845,0.0016086585665263293,0.008332231309778226,0.005527168279633819,2,0.0018580118839990334,0.0021837910296522655,1.932416632145336e-05
SN 044,N01,254,2.5577618666666666,2.564226516666667,0.0018610115843509438,2.563998631111111,0.0017692878558614757,8.860404761904686e-05,0.00045320222222189344,-1.567713498622833e-05,0.005571766666666811,-0.006353733333333,0.002581149621443581,-2.9474722222226173e-05,0.011855333333333551,-0.009507699999999009,0.004297899722693645,36.0,0.0032649796296296088,1.6239673017670515,60.0,0.041216188480080664,0.00046816464905845333,0.0018927711111116352,0.0003371910891275344,0,0.00045320222222189344,0.0017692878558614757,8.860404761904686e-05
SN 011,F03,108,1.77645403544,1.7819842656433336,0.002811094868761492,1.7780582258422222,0.000737959349406553,-0.00011087735490475687,-0.0016041904022221498,-7.865842707988894e-05,0.001991017660000205,-0.0018426259366668418,0.000673367376532535,-3.5169389722256026e-06,0.002751541140000091,-0.003147252403333578,0.001039267734787699,16.0,0.0013636032743750415,3.255258461279173,5.0,0.9708584404778996,0.0025840975490047735,0.0071463521320001,0.00019264517532250198,3,-0.006416761608888599,0.0018448983735163825,-0.0004435094196190275
SN 033,N01,333,2.3105906,2.32448895,0.0027929097755619164,2.3255710333333335,0.0008411927387879197,6.610416666668061e-05,0.0006608333333333327,-3.4575757575716534e-06,0.014311466666666384,-0.016059633333333156,0.0028963285069523934,0.00013186777777777584,0.02546666666666697,-0.023606099999999852,0.004159060665746752,17.0,0.0036499764705881527,2.5641885868833065,10.0,0.4617010206618638,0.001863138824859677,0.004984133333333141,0.0008525868195486152,0,0.0006608333333333327,0.0008411927387879197,6.610416666668061e-05
SN 001,F01,2,1.2095671335833331,1.2364614486683334,0.0079064148020401,1.2372937350784445,0.003393180467371255,-0.00039038839802379505,0.003061692978222341,-8.440674501377165e-05,0.014148839316666884,-0.012861251829999976,0.0034780087031441496,2.4733013555555684e-05,0.011745198563333226,-0.013592274986667041,0.0036923545604906176,9.0,0.009597863091111028,4.6578060448765815,12.0,0.9027099987674471,0.005820818649941464,0.021190990871555737,0.0029335715762384695,1,0.006123385956444682,0.005089770701056882,-0.0007807767960475901
SN 006,F01,113,1.4990292867,1.5067050933816666,0.007358343732858488,1.5179236263684444,0.004541693955434364,-0.0009726111093809553,-0.008252860175111065,3.72789451239677e-05,0.005532582600000113,-0.004399363199999895,0.001853841758368448,-2.4320814361117326e-05,0.005849456786667373,-0.005676396683333529,0.002302477450157941,15.0,0.005146984524666642,4.281434740410928,9.0,0.9684943938601398,0.006809825388762425,0.020126436021555616,0.0015098433035474967,1,-0.01650572035022213,0.006812540933151546,-0.0019452222187619106
SN 036,N01,97,2.8112981160466664,2.820422236123333,0.0016646064123809715,2.82024388631,0.0011316355808296806,7.65337262619086e-05,0.001661631266666408,1.8306343360880663e-05,0.006834157310000144,-0.005833943686667009,0.0017990028654717594,1.259909736111379e-05,0.00977274576666698,-0.006817118329999872,0.002655367856321128,27.0,0.002331467616666747,2.2801625573394606,47.0,0.41828210998804005,0.000509345673533589,0.002173512776666442,0.0010022866198747013,0,0.001661631266666408,0.0011316355808296806,7.65337262619086e-05
SN 048,N01,351,2.7135019666666667,2.7267503,0.0039489715726934525,2.7262219266666667,0.001541214663479093,5.817380952388706e-06,0.0008507066666663121,-0.0002192537190082662,0.015382133333333048,-0.02306773333333334,0.004242522077535596,0.0001832727777777728,0.022951000000000388,-0.021551999999999794,0.005919596403733854,21.0,0.006032160317460223,2.4735873152608527,47.0,0.3050082214065476,0.000923049719354679,0.004701686666666927,0.0013190880664338375,0,0.0008507066666663121,0.001541214663479093,5.817380952388706e-06
SN 055,N01,530,3.147301737466667,3.1659230550116666,0.00370696555423464,3.1648251173215556,0.008201423568588797,-0.000350844973571407,-0.015152926974888903,-0.00016616947393938934,0.013468933106666636,-0.02336908975999963,0.004253196055039131,5.3564707416660824e-05,0.025739542639999335,-0.025661722823333122,0.006376228005499848,24.0,0.0063720279273611164,2.378251735204957,55.0,0.2891443419712903,0.00047541067822526615,0.0026541646319997447,0.0009712658517092422,0,-0.015152926974888903,0.008201423568588797,-0.000350844973571407
SN 020,N01,269,3.048535664873333,3.0513223012266666,0.0009480210219145243,3.050789879691555,0.001177828911395324,-9.138833901190603e-05,0.0010505845817778692,1.2627383581262845e-05,0.004375203453333754,-0.003532409670000014,0.0012959229685768339,6.985134555551979e-06,0.006318155926666513,-0.007561238610000132,0.002374047293234984,38.0,0.0014675608851753591,1.9457763491243352,61.0,0.06772236679012777,0.00042201186091590315,0.0014358181422222671,0.00023073119863964664,0,0.0010505845817778692,0.001177828911395324,-9.138833901190603e-05
SN 034,N01,62,4.269033813473333,4.277858225501667,0.002551647053038565,4.277933824326222,0.001826551357798516,4.493350072621384e-05,-0.0014740668395560874,1.5637106170792477e-05,0.009744771319999401,-0.010918172199999354,0.00345378502681398,-7.01565212777829e-05,0.017363993323331606,-0.01623280842999897,0.0057877219793448535,37.0,0.0041478200000899705,1.8247885129027375,60.0,0.08440102260451499,0.00045901848061996955,0.0027383083762222427,0.0009929097555450592,0,-0.0014740668395560874,0.001826551357798516,4.493350072621384e-05
SN 057,N01,568,2.81800435384,2.822075144448333,0.0011390993795516635,2.821587778725111,0.0014727136234322037,-6.111962449999295e-05,-0.001025288898444554,2.1141619724515967e-05,0.0041638692233330055,-0.003533935546667255,0.0014448218245671036,-2.646340261110991e-05,0.007286834716667467,-0.005927022303333196,0.002297577525983827,33.0,0.0019549360178787857,2.1823638851421574,60.0,0.1518294905081859,0.0003538483324208015,0.0012107510039998104,0.00024550203720892126,0,-0.001025288898444554,0.0014727136234322037,-6.111962449999295e-05
SN 014,F02,138,3.2216809590633333,3.2347648620600005,0.003486692309574674,3.2352247789155557,0.008580930952979144,-0.0002578580947619107,-0.006612514918888923,-5.106439931129168e-05,0.02122421264666663,-0.01742782592666625,0.004051064183447594,-9.82369316944435e-05,0.02196502685333268,-0.033920033773333635,0.005451205885125289,20.0,0.006617113749833359,2.4223657216767025,41.0,0.32234915404320164,0.0007105315814874142,0.0030600992835556617,0.001692441072152693,2,-0.01983754475666677,0.017161861905958288,-0.0007735742842857321
SN 033,N01,413,2.376654033333333,2.3915194,0.003941713700776422,2.391292833333333,0.0009958455959402607,-2.1332023809523497e-05,0.00016580000000043782,-0.00012238980716253523,0.02969920000000048,-0.031417600000000157,0.005175303109609232,-2.4002777777776264e-05,0.031242133333333033,-0.04653853333333391,0.008119221422143027,21.0,0.005610787301587351,2.15790337503586,53.0,0.09496589086264909,0.0006102853278744623,0.0026445688888889762,0.0019406571743673673,0,0.00016580000000043782,0.0009958455959402607,-2.1332023809523497e-05
SN 036,N01,108,2.8119951883933334,2.8177997589099997,0.0012762368331819926,2.817944081622889,0.0014393897764723462,-1.59527006666644e-05,-0.0008893330895558549,4.181454661156912e-05,0.004669952393333343,-0.006531270343332896,0.00165021891951287,-5.109151205555662e-05,0.008267466223332853,-0.009179433183332808,0.002671711259913131,29.0,0.0023703914949425166,2.3504290326285813,54.0,0.09432763877882544,0.0003478803736662179,0.0014136081268891765,0.0003356049546316403,0,-0.0008893330895558549,0.0014393897764723462,-1.59527006666644e-05
SN 049,N01,365,1.7807926,1.7831649666666667,0.0008404867724092257,1.7839096155555556,0.0005937175431868344,-2.7071190476203795e-05,0.00018195111111118933,2.0982093663912225e-05,0.003011299999999828,-0.0016914333333331033,0.0008213245329957919,-9.379722222222868e-06,0.004677799999999621,-0.003068933333333579,0.0012888257219410145,30.0,0.00122682555555557,2.275313917443988,39.0,0.5164972233500605,0.0005768279586763668,0.0017853466666666318,0.00015350404705733307,0,0.00018195111111118933,0.0005937175431868344,-2.7071190476203795e-05
SN 033,N01,43,2.384144592283333,2.3862205505349996,0.0007667033469298635,2.3859463331417774,0.0006292171784329484,2.9776436988103246e-05,0.00043977525488880786,-6.628956033060597e-06,0.0024564107266669133,-0.0030530293766672933,0.0010662031389923336,3.888871944438913e-06,0.00449498494333378,-0.00444437662333419,0.0018066172568343307,34.0,0.0013600517720588248,1.9253835484442936,56.0,0.03249808564856618,0.0003190795680328783,0.001163092719555614,0.0001063401806051278,0,0.00043977525488880786,0.0006292171784329484,2.9776436988103246e-05
SN 033,N01,48,2.3853009541800003,2.3868582407616667,0.0006815144979634932,2.386569976805111,0.000542792657636216,-2.2797357143008616e-06,4.170735822217608e-05,-1.967248815430023e-06,0.0023358662933334884,-0.0022740681966668674,0.0009144866226010611,7.078382777840157e-07,0.0041163126633327884,-0.003274281823333336,0.0015501159398480927,36.0,0.001142374674351755,2.1096804776800813,50.0,0.10653179233183475,0.00035551380030633765,0.0011365254722224272,8.625034872087849e-05,0,4.170735822217608e-05,0.000542792657636216,-2.2797357143008616e-06
SN 054,F06,7,0.0080065894099999,0.3665855725583333,0.676933154969381,0.009983946501555515,6.036210139497085e-05,3.807336285714675e-06,0.00012774624177778506,-0.022696562220578507,0.19476699829,-0.6364593505833334,0.09444952527800655,0.0001626050008333287,0.29324798584333334,-0.34076894124000034,0.059464242070277486,2.0,0.3758786042533334,6.858331274840842,3.0,0.9908662812265029,0.4086768318060244,1.9706491666904444,0.20902347330507348,3,0.0005109849671111402,0.00015090525348742713,1.52293451428587e-05
SN 058,F03,128,3.280666666666667,3.2888333333333333,0.0033299852218327294,3.287511111111111,0.0013793641660681164,-0.00013928571428570053,-0.00017777777777716608,-8.264462809916446e-06,0.005666666666666487,-0.003666666666666707,0.0018259765575537928,3.055555555556699e-05,0.00833333333333286,-0.008666666666667044,0.0026687652223479842,21.0,0.0035079365079365658,2.9834046672282266,20.0,0.8506274551230925,0.002303063978338387,0.008977777777777973,0.0008855150270803051,3,-0.0007111111111086643,0.0034484104151702912,-0.0005571428571428021
SN 040,N01,194,3.0777025858533333,3.087872695921667,0.0036579466551678224,3.0874731953926666,0.0006866648353482374,2.183096746429326e-05,0.0004057312006664482,7.652513911841782e-06,0.012522888183333247,-0.016272989910000035,0.005743839780873354,4.405975333328834e-06,0.026906840009999655,-0.02265853881666713,0.0094452299077289,33.0,0.007506268434040523,1.7396268879515309,64.0,-0.223028458109993,0.000693153378643395,0.0029762946233331533,0.0016579657364796186,0,0.0004057312006664482,0.0006866648353482374,2.183096746429326e-05
SN 033,N01,337,2.381537366666667,2.3921948666666664,0.0033261600632460116,2.3919677066666667,0.0009290760434281478,6.19736904761898e-05,0.001718959999999825,6.724793388429435e-05,0.013228866666666672,-0.0135510666666665,0.003276979084978541,-8.034138888888265e-05,0.012948366666666988,-0.017437533333332755,0.00465068551149551,23.0,0.004954288405797051,2.0406228864157248,43.0,0.5097102369747276,0.000985350690909175,0.003724855555556239,0.0018012879889337016,0,0.001718959999999825,0.0009290760434281478,6.19736904761898e-05
SN 049,N01,420,1.6516316666666666,1.6637159166666666,0.00878641539333026,1.6673871,0.0058576771386352235,0.0012400855952380844,0.006479033333333106,0.00011334710743801588,0.006484466666666577,-0.009545400000000148,0.002290697387493138,3.814166666666156e-05,0.004583233333333325,-0.004733800000000343,0.0018961564453771544,9.0,0.00893917777777764,5.619422211219395,7.0,0.966109928639675,0.007540721821835413,0.024450937777777737,0.0022778273736187835,0,0.006479033333333106,0.0058576771386352235,0.0012400855952380844
SN 028,F03,81,3.348194376626666,3.3549605051649998,0.0026731719991861134,3.354108903671778,0.0016327510946697937,2.04267954762979e-06,0.0022117953815552482,3.3815242038566355e-05,0.005592854816666382,-0.0054954528799995295,0.0017522152891639847,2.8635660777776018e-05,0.006198883056666826,-0.011088307696665911,0.002665465672206673,23.0,0.003127487845942006,2.7970041551121274,33.0,0.7858904153814192,0.001792663685533091,0.00724361843511101,0.0006987759036050081,3,0.008847181526220993,0.004081877736674485,8.17071819051916e-06
SN 035,N01,80,2.7639849344866665,2.767863464353333,0.0019980093769986313,2.7683253478993333,0.0013998835250133037,3.432319276192348e-05,-0.0003011576326668042,1.2391986280988036e-05,0.007194264729999844,-0.004858652749999859,0.0019929835326209875,-6.788041833335109e-06,0.0062141418466663545,-0.012052917479999703,0.002921671470750694,26.0,0.003350517077179414,2.1723027739017997,37.0,0.5055212489931796,0.0007799587745274221,0.003761817084444452,0.000677086999067896,0,-0.0003011576326668042,0.0013998835250133037,3.432319276192348e-05
SN 029,F03,115,2.2213752746566664,2.231906127928333,0.00573227337800208,2.2349549357077776,0.0022576498007724423,-0.00017853146501192025,-0.0006363932277775319,6.801720823691726e-05,0.0073796590166668175,-0.007240804033333159,0.002376458571479744,9.91821288888565e-06,0.008375040686666946,-0.008494059243333574,0.0029484437482096898,14.0,0.006687691098571464,4.748782400881895,17.0,0.9143319051904227,0.004108728591457386,0.014511193169555625,0.0013918285660888905,3,-0.0025455729111101277,0.0056441245019311055,-0.000714125860047681
SN 026,F03,91,2.7926862080866663,2.807765070595,0.0046485394961752425,2.810499911836222,0.0012076429623320622,-0.00014029094148808912,0.00013342963377782624,0.00014832341639118716,0.005461374919999873,-0.005198669433333691,0.001605722272644177,-1.0036892361113085e-05,0.006909942623333887,-0.005280558266667068,0.002183308491413789,14.0,0.0040582202728571505,4.021197340919497,11.0,0.9389362107935224,0.003402473071332166,0.01355266994866744,0.0006061023418227803,3,0.000533718535111305,0.0030191074058301555,-0.0005611637659523565
SN 054,N01,509,2.7292378743466665,2.737161127725,0.0020635947670359055,2.7368060302719996,0.0008331680483727888,3.522872926187613e-05,-0.000860137938666572,-1.8587979393943018e-05,0.006843058266666979,-0.015301005043333316,0.0025346863054310567,-2.0266638861114274e-05,0.011668141679999522,-0.022144063310000295,0.003888613023856343,26.0,0.003417587279615403,2.450546440722585,51.0,0.25003294539988014,0.00048561352970696864,0.002171393500444374,0.0009453509579531019,0,-0.000860137938666572,0.0008331680483727888,3.522872926187613e-05
SN 027,F03,97,2.629607899983333,2.6371692657450003,0.0035711570054600935,2.6406813897011108,0.0008852694402448801,0.0001472627548690613,0.0005664232055559992,8.715374741047011e-05,0.0022260030100000883,-0.002782440183333179,0.0008782864020833219,-6.660885277779786e-06,0.0037162780766664127,-0.002975463863334138,0.00131426991841456,13.0,0.0021705627435897154,3.851628915853133,7.0,0.9694536625936577,0.0029721891414860673,0.009793938530888724,0.0004333626044556114,3,0.002265692822223997,0.0022131736006122003,0.0005890510194762452
SN 038,N01,147,2.55180791219,2.556010309853333,0.0016626221418494353,2.5561695692257778,0.0009255733703644799,-8.524940071443141e-06,0.0003207567008889356,1.0502502617081034e-05,0.006478627523332836,-0.005807749430000175,0.002108722269641659,2.2428300638891822e-05,0.009289042153332705,-0.007684326173333922,0.0033031215459200375,31.0,0.0031040232672043594,2.069057549997457,57.0,0.20132213404556765,0.0003529440928167649,0.0019546000168890743,0.0004941752508548317,0,0.0003207567008889356,0.0009255733703644799,-8.524940071443141e-06
SN 059,F03,146,2.5357683817533334,2.5421094258616668,0.007089508419078504,2.5607687208373333,0.003953159854527121,0.0007509049914642914,0.0027086045993334196,0.00012024177991735503,0.0039573669433332626,-0.004031626383333542,0.0014952813180184668,4.23664516944422e-05,0.0058181762699995865,-0.0052945454933333025,0.0022790266606941647,16.0,0.0027282714845832945,3.136273413157803,10.0,0.9776375900342673,0.005241297994173296,0.022730458577778112,0.0011341022446934228,3,0.010834418397333678,0.009882899636317803,0.0030036199658571654
SN 025,F03,24,2.907394409176667,2.911302947996667,0.002305278234772234,2.911122521292667,0.0016954194009936917,0.00034422102421429097,0.001972825790666377,-1.227428787876068e-06,0.0029586791966664805,-0.0028460184733334337,0.0010586294800710098,-1.1412302638891258e-05,0.004791768389999174,-0.003827412919999773,0.0016947611548510226,28.0,0.001501601082619018,2.440223292268866,6.0,0.8950370840492667,0.0019060676465931933,0.007441711426444897,0.000510434359023893,3,0.007891303162665508,0.0042385485024842295,0.0013768840968571639
SN 005,F01,96,1.0334883371966666,1.0531944910666668,0.008866090117325436,1.0413172022484445,0.001990626199854976,0.0002442232766428615,0.0005216344182223942,-0.00022746629953167893,0.008766365050000058,-0.014856910706666726,0.0022976523412554023,1.406616636111339e-05,0.018764750163333455,-0.018474133806666737,0.0030727247890273432,8.0,0.005435506502499909,3.792888890305014,3.0,0.9660193034977663,0.007441746766931917,0.029171994526888678,0.001698886120095717,1,0.0010432688364447884,0.002985939299782464,0.000488446553285723
SN 049,N01,582,1.97090352376,1.9838985443100001,0.0032179871826449324,1.9832629224973333,0.0033823843033108673,3.3318201738109984e-05,-0.0006420474573332058,-1.6313873360882818e-05,0.014758046466666341,-0.009377034506666382,0.0029409893535191803,-6.196763777775264e-06,0.016752115883332808,-0.01778640746666671,0.0038613674955833336,18.0,0.0053594447950000195,3.3647565800663455,41.0,0.585490724389899,0.0008291038129976036,0.004360360039333155,0.0016587711883556393,0,-0.0006420474573332058,0.0033823843033108673,3.3318201738109984e-05
SN 028,F03,103,3.325543467203333,3.3375854492166668,0.0044642302608941115,3.340595821802889,0.0010712221310806315,-1.2734730964276369e-05,-0.0019221666128887982,7.248765509642188e-05,0.006963857016665909,-0.004475148520000083,0.0017478384888935216,-1.1683570027776202e-05,0.011318461103332123,-0.0074043273933321885,0.002631755857233456,21.0,0.0030846732007935146,3.254837089511031,13.0,0.92324398730723,0.0035532743931779467,0.013203887939777559,0.00043160377180292774,3,-0.007688666451555193,0.002678055327701579,-5.0938923857105474e-05
SN 038,N01,141,2.5265660603833333,2.55585110982,0.00529248452633262,2.555789404973111,0.0009978572055567346,3.976095284525646e-05,0.0024895053435556314,-1.2251168236915987e-05,0.03444569905666617,-0.03887736002333364,0.0062982387795037665,5.9401194250000934e-05,0.035188802080000414,-0.05622634887999922,0.008592113613076179,13.0,0.008817721636153849,2.958516745311324,46.0,0.2956748745422658,0.0006546098183376654,0.004033169216666632,0.004016503196922299,0,0.0024895053435556314,0.0009978572055567346,3.976095284525646e-05
SN 045,N02,15,3.264948,3.3294729833333334,0.010836669983816829,3.3295763333333332,0.003444298946223491,0.00019432142857143118,-6.126666666705916e-05,-5.031404958677763e-05,0.05912499999999987,-0.11042709999999989,0.013897012598005536,2.64127777777697e-05,0.1285672666666664,-0.09555079999999982,0.020430584855954132,18.0,0.014675533333333293,2.326583997307374,50.0,0.1833998939291984,0.0010738472440736777,0.009100268888888596,0.008285383386167864,0,-6.126666666705916e-05,0.003444298946223491,0.00019432142857143118
SN 045,N02,43,2.8155156333333333,2.8604745000000005,0.030427476075425414,2.907692091111111,0.0030810211668143963,-8.097119047619624e-05,-0.005299791111110785,0.000543580716253443,0.017865266666666102,-0.008115133333333358,0.004856083917193857,4.065388888889372e-05,0.011969500000000188,-0.014836633333333626,0.004044662798221855,9.0,0.016103785185185168,7.092571066302757,5.0,0.9872496682080468,0.026733736870668687,0.08971381555555569,0.0057462953654683815,0,-0.005299791111110785,0.0030810211668143963,-8.097119047619624e-05
SN 053,N01,488,3.11738789876,3.1211723327633334,0.001579699997652225,3.121224568682889,0.001705470695242598,-9.609403928658087e-07,0.0023047383637777585,3.174710865013963e-05,0.006948089599999818,-0.005079905190000122,0.002287363419205695,2.3227267805555248e-05,0.01188379923666627,-0.0096906026200001,0.003827569983181704,36.0,0.0029286631830555626,2.1540439519738017,63.0,-0.05317873758184059,0.0004070631403899407,0.0016945393886662607,0.0002410526097811897,0,0.0023047383637777585,0.001705470695242598,-9.609403928658087e-07
SN 011,F03,56,2.95617599487,2.959194946288333,0.0013415557662982596,2.9608793131495554,0.0010766523318359806,0.00014033181322621008,0.0010779825837778922,3.2449096997245916e-05,0.0026758829766664327,-0.0025227864566668146,0.001033842596639095,-6.455315472223925e-06,0.003971354169999497,-0.004010009763333766,0.001672637128820117,32.0,0.0014470895130209022,2.0292533783441087,27.0,0.6994092795210217,0.0007821623901592792,0.0028614976671113013,0.00020004027407271707,3,0.004311930335111569,0.0026916308295899514,0.0005613272529048403
SN 018,F02,213,2.936832936603333,2.9856370290099994,0.013158585916705653,2.9810408698171114,0.024803357559231055,-0.002555435725678588,-0.02594545152377803,-0.00028688415022038447,0.045468902586666804,-0.03758061726666728,0.012483928815181995,-2.2197299527778232e-05,0.053211975096667086,-0.0464998881000005,0.016728002432003886,21.0,0.019998435368730267,2.2244600684112084,49.0,0.5434632548543379,0.0015839741933986475,0.010766703287555135,0.008491564672936368,2,-0.07783635457133409,0.04960671511846211,-0.0076663071770357635
SN 040,N01,193,3.084430185953333,3.087109756468333,0.0012388637206117922,3.086614939370222,0.0006937011644017941,-5.450112473810917e-05,-0.001152242023555683,-4.206885975206593e-05,0.0035443623866666663,-0.005677795410000019,0.0015268200823361172,4.043579102777454e-05,0.008723195393333771,-0.00728836059333382,0.0025135033005014777,37.0,0.0017751814006306888,1.9448230893942207,55.0,0.21655637932778984,0.0006451416297717388,0.002257724338000422,0.0002872632642736433,0,-0.001152242023555683,0.0006937011644017941,-5.450112473810917e-05
SN 045,N02,22,3.3339472333333333,3.34540555,0.0047276057484633635,3.345399491111111,0.005169691582299917,7.718535714284254e-05,-0.005619324444444462,2.5093112947655726e-05,0.014917533333333566,-0.022184733333333373,0.006277568208811152,-0.0001877636111111099,0.0341684666666664,-0.024468000000000156,0.010063368784052742,36.0,0.007940258333333375,1.9766511967810132,58.0,0.10963300980200921,0.000948589634031298,0.0041699355555553375,0.001153993343250312,0,-0.005619324444444462,0.005169691582299917,7.718535714284254e-05
SN 018,F02,218,2.9776954650866667,2.986022059121667,0.0026347105974229884,2.986174892847555,0.0011836985090890287,-6.501061580954172e-05,0.0008525933157779164,9.094322341594771e-06,0.01147155761999974,-0.011851755779999973,0.003106780524327174,2.1512773305550532e-05,0.01641972859999985,-0.014753214516666446,0.004742482345156631,26.0,0.004666861508974423,2.4080198131367156,45.0,0.3100822059201735,0.0005378202234959329,0.0032031589086662926,0.0012888444054559509,2,0.0025577799473337492,0.0023673970181780574,-0.00019503184742862518
SN 039,N01,165,2.8784533182766667,2.896074930825,0.0047927269336433135,2.8960089959019997,0.005354247264644476,-7.57580720238206e-06,0.0024658881280004152,6.757163471074628e-06,0.022513580323333393,-0.02966435750333396,0.007266661223198223,-2.4551815472221663e-05,0.03402074178000003,-0.043570454913334,0.011618547714059306,31.0,0.009399742208279624,1.8535209663610697,66.0,-0.14181865713044148,0.00044908485542864826,0.00215120103622235,0.0021838222947741454,0,0.0024658881280004152,0.005354247264644476,-7.57580720238206e-06
SN 057,N01,572,2.815092722573333,2.8208802541066667,0.0024218757698713524,2.8212026807977777,0.0008538593582780499,-1.0946364666645066e-05,-0.0007917616111114967,1.8276918677683777e-05,0.005603281656667125,-0.006943511963333204,0.0019062485007317594,-2.5513966888894105e-05,0.007609049483333852,-0.007386016846667509,0.002577226215417028,22.0,0.0035449056913636552,3.3705227549729484,38.0,0.6910696317595917,0.0009176259590855247,0.004689839680444674,0.0011771440118157164,0,-0.0007917616111114967,0.0008538593582780499,-1.0946364666645066e-05
SN 053,N01,478,3.1062385559066663,3.1232271830216662,0.0034394289162020617,3.122322014700889,0.0027342769077303756,-0.00010162626001190158,0.0031578742124440673,-3.8041884573037544e-06,0.013111877439999642,-0.033443450926666785,0.005016431087873009,6.05858696666628e-05,0.04105733235666742,-0.04362716674666656,0.008373873419842706,30.0,0.005763066609333345,1.6686612710713504,58.0,-0.0593907611285231,0.00095126793829595,0.0041245863175563,0.0018796982995801254,0,0.0031578742124440673,0.0027342769077303756,-0.00010162626001190158
SN 033,N01,334,2.3910837666666667,2.3937293833333335,0.0011627970160437877,2.3931402377777777,0.0010775229714243039,3.6789642857163305e-05,-0.00032613777777745767,-3.0011019283742773e-05,0.004156266666667019,-0.003782633333333063,0.0014859594569539615,7.24722222226563e-07,0.007079533333332222,-0.004476933333333655,0.0024072898552790776,28.0,0.0022342559523809307,2.8144089885706167,57.0,0.1688793051717331,0.0004159168247783226,0.00184051111111172,0.00021127510927016738,0,-0.00032613777777745767,0.0010775229714243039,3.6789642857163305e-05
SN 032,F04,25,2.41115163167,2.419517008461667,0.0029264478782655983,2.4175149197028887,0.0020542975339305964,-0.00044826870880952457,-0.002651587592888749,-6.486036234159604e-05,0.0018379211400003648,-0.001963297526665908,0.0008199628452881066,-1.1295742444446718e-05,0.002712758380000402,-0.002782440183333179,0.0011127920381331735,10.0,0.0027315775549999087,4.833149999996012,15.0,0.960478575136976,0.002291954706053229,0.009025166829554898,0.0007781988073849278,2,-0.007954762778666247,0.004108595067861193,-0.0013448061264285738
SN 048,N01,364,2.7212926,2.7276738166666665,0.002509954296000024,2.7273091955555557,0.0011845966235190812,3.2109523809577464e-06,-0.0008496955555559182,1.888457300275269e-05,0.010453566666666969,-0.009753433333333561,0.0032819961819133235,-7.611805555555925e-05,0.012519800000000192,-0.014082100000000874,0.00496722951219439,32.0,0.004599703125000076,2.001779401166417,58.0,0.14391788284070342,0.00045247265053694185,0.0024567199999996348,0.000754674311603088,0,-0.0008496955555559182,0.0011845966235190812,3.2109523809577464e-06
SN 037,N01,124,1.9481876373266669,1.9585910797100001,0.002999904453344423,1.9588923729775554,0.0011431653976955113,-7.087162654788116e-06,0.0005272589791114335,1.1447244435262264e-05,0.013291041053333563,-0.012097676593333162,0.0029930641635148017,-1.3782713138882353e-05,0.014040629073332589,-0.025388717646666725,0.004158933616088858,19.0,0.004735685649473704,3.6163623618517673,39.0,0.5061656688493196,0.0010472029333713623,0.004574084811555412,0.001994715645652695,0,0.0005272589791114335,0.0011431653976955113,-7.087162654788116e-06
SN 035,N01,82,2.7610323588033334,2.7658337910966666,0.0024515938323290153,2.765914866127778,0.001534081958798068,-1.4749254511884198e-05,0.001169382732222335,2.0618281101929407e-05,0.008849843343333497,-0.014179738363333971,0.002867353049464247,1.9838545083339375e-05,0.015983581543334235,-0.018820190430000938,0.004274399670192387,23.0,0.004767608641884133,2.473510254065658,43.0,0.3201795775243134,0.0005676271635681986,0.0026440768775555235,0.0010190587772700612,0,0.001169382732222335,0.001534081958798068,-1.4749254511884198e-05
SN 005,F01,99,1.1145622253399998,1.2790211359633332,0.05938156237570876,1.1600901031484445,0.01451341294376397,5.379949302381582e-05,-0.015982538858444473,-0.0011915128093112949,0.02298177083333308,-0.025323613483333673,0.007452498381229492,-1.7494625499999326e-05,0.02616933187000048,-0.018477249146667374,0.006185529149086833,6.0,0.026576635571666635,12.769544896385328,3.0,0.9921600272096082,0.05346504327553837,0.16142663743688868,0.0168212949394823,1,-0.031965077716888946,0.021770119415645953,0.00010759898604763164
SN 041,N01,203,2.566431427,2.57473335266,0.0025230136210594866,2.5747900899235554,0.0009557285470131152,-1.904533026190044e-05,-0.00044087728022201844,-2.4149240771322468e-06,0.008044687906667125,-0.011670939129999613,0.0025238212613564255,1.3415018611036741e-06,0.010625966393332575,-0.014359283449999705,0.00363564768522671,23.0,0.0039488972094202995,2.6971861721183505,44.0,0.5037620123704791,0.0005106817801729296,0.003157128228222561,0.0015345799819477181,0,-0.00044087728022201844,0.0009557285470131152,-1.904533026190044e-05
SN 019,F02,227,3.006124623613333,3.0097473144516664,0.001421774364866083,3.0094937811944447,0.0008687008098535828,-2.5720142297609122e-05,-0.0011230638311112706,-2.4733530275477722e-05,0.004220072429999888,-0.007529703776666619,0.0019208717097119292,1.8626319027773933e-05,0.008152770993333114,-0.008824920656666624,0.00314603771426037,33.0,0.002538600112727171,1.7072287881708272,63.0,0.08642410015125153,0.00030055774160639946,0.0014607747393329262,0.00041783226049687405,2,-0.003369191493333812,0.0017374016197071655,-7.716042689282736e-05
SN 025,F03,135,2.7922009785966666,2.7969226837133334,0.002719991840138347,2.8019096544037776,0.0015291595476940464,0.0002195167541309519,-0.0009300401471108444,-4.420004600550815e-06,0.003444163003333056,-0.005534108479999578,0.001711290822222554,-5.8364868055549305e-06,0.008233133949999694,-0.007406107586665822,0.0029543069873509058,36.0,0.002043851216573997,1.7911817774122776,14.0,0.8005225698182601,0.0017556823422665345,0.006886138915999762,0.0005200200239804197,3,-0.0037201605884433775,0.003822898869235116,0.0008780670165238076
SN 055,N01,521,3.1342946370433333,3.1672529856350002,0.008198722563974449,3.1664635043655562,0.005173763087674874,-8.52639334166984e-05,-0.0019162835022230595,6.058117573002452e-05,0.03271001179999988,-0.021842702230000288,0.008009039796217967,0.00015493392944444518,0.035552724203332886,-0.038383738200000295,0.011340375587065432,26.0,0.01151602329358977,2.2323649428773633,48.0,0.523720034975534,0.0017725649609380294,0.010834469265333269,0.0041676210323251285,0,-0.0019162835022230595,0.005173763087674874,-8.52639334166984e-05
SN 054,N01,506,2.7311238606766666,2.7386463165266663,0.0023125149508438215,2.7384874471011114,0.002341622354855221,-0.0003456251961547593,-0.001773783364444892,-2.8932849889809462e-05,0.008214823406667016,-0.013483683266667157,0.002939281416566043,1.9490983777777545e-05,0.018085225420001017,-0.017810821530000354,0.004594027353500442,22.0,0.004907469315757604,2.518156304718317,49.0,0.19502265530909077,0.000424686599381961,0.002177649603555487,0.0008766078433461512,0,-0.001773783364444892,0.002341622354855221,-0.0003456251961547593
SN 046,N01,303,2.912696584063333,2.9166519165016664,0.0014700504042866906,2.9160858662904445,0.0014118481259731955,-3.9175124333350775e-05,-0.0020576985671114656,-3.6181825564742516e-05,0.005703481039999847,-0.005085754393333808,0.001895403518933542,1.8692016583336338e-05,0.007669067386666839,-0.00756429035999906,0.0030170810830570916,32.0,0.0026829163234375064,1.9491266176622661,57.0,0.15951181867336844,0.0004620166785369717,0.00201836480044415,0.0003747094654947258,0,-0.0020576985671114656,0.0014118481259731955,-3.9175124333350775e-05
SN 040,N01,178,3.0758059183733333,3.0882436116516665,0.0024696301704235984,3.087850036619778,0.0008769874868144953,6.720134185712283e-05,0.0009670511868886678,2.934479515151352e-05,0.009981536866666918,-0.006288401286666634,0.002179302229179945,-2.3625691749999216e-05,0.009574890133333014,-0.012226104740000743,0.0031096790179678565,26.0,0.003001941778205145,1.911568935946813,51.0,0.611692998241573,0.00045307610333950103,0.0028217739531108954,0.0013692385370441989,0,0.0009670511868886678,0.0008769874868144953,6.720134185712283e-05
SN 011,F02,77,1.97601254781,1.9808926900216668,0.0017375131887664111,1.980727361041778,0.0006419264240980063,-3.68835812619079e-05,0.00015299479155483908,-6.463967741051376e-06,0.005197016400000365,-0.008517456056666761,0.0017782069476035796,1.0640886111109212e-05,0.006643931070000386,-0.013714472456667126,0.0025099503859908035,20.0,0.003052628835333293,2.518682397856528,47.0,0.4803958168512198,0.0005937181466948363,0.0023690626355554745,0.0009366603673623472,2,0.00045898437466451725,0.0012838528481960126,-0.0001106507437857237
SN 009,F02,11,3.06451212565,3.066257349648333,0.0008490166151034033,3.0656917148148892,0.0007038999023076099,6.527764465477568e-05,3.5519071777567746e-05,-1.839671909090615e-05,0.0023450215666667162,-0.0032463073733333125,0.00087641675573937,-3.0136108333356225e-06,0.003555552163333253,-0.005591328940000029,0.001486570052553877,34.0,0.0010978175143137952,1.6998201552346694,31.0,0.46227745898692646,0.0005406711910940275,0.0018575202097781407,0.00012005443269804627,2,0.00010655721533270324,0.0014077998046152199,0.00019583293396432705
SN 054,N01,501,2.7256497701,2.7392573038716668,0.004045714040653895,2.738783315021111,0.0011132876273468977,1.4955429916653692e-05,6.988525555540193e-05,1.0384803966941793e-05,0.01770731608000009,-0.026775614419999982,0.005061126979385028,3.5222371666643324e-06,0.02384134928333337,-0.032966359456666705,0.007548522926370712,23.0,0.007874972578405777,2.253167443907286,52.0,0.22337012418906313,0.0005662695097311105,0.004019961886888801,0.0020439606137448254,0,6.988525555540193e-05,0.0011132876273468977,1.4955429916653692e-05
SN 002,F01,41,1.2471725463866667,1.263344128925,0.00818740282036417,1.2561473592104444,0.00324020455650867,-0.0007136553810000056,-0.005295791627111246,-0.00027663911341598046,0.012666447956666937,-0.009468205769999738,0.002852076603737171,1.6669167388890423e-05,0.011624526980000605,-0.020710881550000337,0.0036883017423258416,8.0,0.010102701187500035,5.19603814918082,9.0,0.9376631738596483,0.006239113293989328,0.020985200669777715,0.0014594858438647116,1,-0.010591583254222492,0.004860306834763005,-0.0014273107620000113
SN 049,N01,431,1.7804148333333332,1.782043316666667,0.0006895764843531698,1.7823953822222223,0.0006592050269814549,-4.242023809505494e-06,-0.0009685155555556602,-5.511845730027617e-06,0.0019104999999999261,-0.0026413000000000686,0.0008070264954673457,-1.1167222222224771e-05,0.0035958666666664474,-0.0032118666666669515,0.0012834090337670507,33.0,0.0010735494949494823,2.1326809106171893,43.0,0.318588554911695,0.0003651554842055988,0.00117769111111099,0.00014373330203316064,0,-0.0009685155555556602,0.0006592050269814549,-4.242023809505494e-06
SN 011,N01,21,1.86111895243,1.86236108144,0.0006393280248235995,1.861919284395111,0.0005050988020141668,3.953888299999066e-05,0.0008692338715554637,-5.045278677690323e-06,0.0022800445566666383,-0.0015642801933335448,0.0007302928429677957,1.5277862527777557e-05,0.002788670856666231,-0.0036758422866665086,0.0012389332708251132,33.0,0.0009402381049495565,1.6298801461657053,40.0,0.3447948862364727,0.0003418252420716817,0.0011986372208889762,0.00016042848328614063,0,0.0008692338715554637,0.0005050988020141668,3.953888299999066e-05
SN 017,F02,199,3.28409194946,3.31984087626,0.008750610525053267,3.3195790608711113,0.0014506837033652787,-0.00018107550486904219,-0.003191630044444782,-3.275595418732788e-05,0.04562352498333322,-0.03569615681666649,0.010628481467375831,-2.4026234916666814e-05,0.05319798787666663,-0.08131968179999971,0.015445610448089828,20.0,0.01591031392433322,2.7944337038931812,51.0,0.2680626869696689,0.0013052104116323146,0.007503916423333479,0.005797026638477904,2,-0.009574890133334346,0.0029013674067305574,-0.0005432265146071266
SN 013,F02,109,2.4718053181933333,2.4745994567849996,0.0011194813230956937,2.474104207354889,0.0007667552456595919,3.890991166669418e-06,0.00032129923511137193,2.2993271625389385e-06,0.004054514566667056,-0.004522959393332915,0.001608335345502868,2.5918748611131194e-06,0.0072728474933341225,-0.005496724449999046,0.002787199421524419,35.0,0.0020616803846667483,2.35952022867473,61.0,-0.023721115401989384,0.0003804366438819168,0.0015888298879995766,0.00012354951996754618,2,0.0009638977053341158,0.0015335104913191838,1.1672973500008253e-05
SN 019,F02,239,2.83235982259,2.834405771888333,0.0007388435050466554,2.8342769707555555,0.000592989761502118,1.78536914880805e-05,-8.533053888903908e-05,-6.069887438020413e-06,0.002239990233332989,-0.0020774841300004177,0.000872124136936228,-7.807413750001342e-06,0.003382364906665991,-0.0038599650033326327,0.0014931503718795909,40.0,0.0010227139788334227,1.5850664583065552,57.0,0.30734601006273543,0.0002905372717453863,0.0013435533308889802,0.0001468904647300886,2,-0.00025599161666711723,0.001185979523004236,5.35610744642415e-05
SN 018,F02,212,2.9683802286766667,2.98618659973,0.005294649182654934,2.9810138617611113,0.007518457966586527,-0.0005136825925357025,-0.001278042264444501,3.867031129476505e-05,0.021825663246666238,-0.016442871093333533,0.005317478576391253,-3.6351945694442404e-05,0.01793492634666638,-0.024768829343333465,0.00740806939526412,27.0,0.007595872290123468,2.318302479170239,52.0,0.48797335279907234,0.0011803357786402554,0.007923516167333222,0.002378773624888852,2,-0.0038341267933335033,0.015036915933173054,-0.0015410477776071074
SN 029,F04,9,2.9340428670233334,2.9475147247299995,0.004929418429906349,2.936675703258889,0.0010575880140287128,-1.2337820845236586e-05,-0.0005739169655556431,-0.00013915132884297294,0.0023818969733331308,-0.006212615966666668,0.0012754189133802592,-3.284878222220566e-06,0.005626678466666757,-0.004890696209999934,0.0017350828340740902,11.0,0.0033692099836361918,5.01189726401879,11.0,0.9659890803844349,0.003982353211068837,0.01407462226044398,0.0009350884742324228,2,-0.0017217508966669293,0.0021151760280574256,-3.701346253570976e-05
SN 057,N01,557,2.81508509318,2.82336387634,0.0026457129912110635,2.823103383380889,0.0007751871061757054,-5.0544738797616714e-05,-0.00047485351755582883,-9.081711790636848e-06,0.009807332356666532,-0.009390513100000053,0.002650143609619394,-3.494686552777774e-05,0.010771179196666925,-0.013792673746666484,0.003797783273196236,28.0,0.0035262244090476275,2.360322709684251,41.0,0.5022107867296016,0.0009031606380788872,0.005126715766444523,0.0013193692788684957,0,-0.00047485351755582883,0.0007751871061757054,-5.0544738797616714e-05
SN 033,N01,339,2.389323666666667,2.3944536666666667,0.0012495777659006428,2.3936742866666667,0.0006044165852643391,-4.787726190474009e-05,-0.000693853333333383,-3.7809917355371867e-06,0.0035804999999999865,-0.00439326666666684,0.0014332852041326828,-2.4939722222220664e-05,0.007277966666666025,-0.0055865333333331435,0.002238199322611049,30.0,0.002037459999999965,2.355819085982085,40.0,0.34314329092790063,0.0006252965138300414,0.0022636422222221952,0.00039901765135189244,0,-0.000693853333333383,0.0006044165852643391,-4.787726190474009e-05
SN 026,F03,63,2.6927439371733333,2.725083414711667,0.00738900369309613,2.7239417690684444,0.0011973811999930956,3.507069183333401e-05,-0.0007481553817778597,1.6730022314060761e-06,0.011510213216666454,-0.015476989746666892,0.003447853087015543,-3.2257503944447634e-05,0.01890411377000012,-0.015288289389999488,0.003833559576025988,10.0,0.008076299032000068,4.865052347063658,20.0,0.8920137120355341,0.00529550160140167,0.021401621500221957,0.002909136329653774,3,-0.0029926215271114387,0.002993452999982739,0.00014028276733333604
SN 004,F01,65,0.9954919179266668,1.0583220163966667,0.024402517519809444,1.0558789825424444,0.0033701809297270744,-0.0006397606077261934,-0.002267100015777679,-0.0004505125944352607,0.014187622070000128,-0.024068514506666805,0.0047252827997349605,3.6945343027779595e-05,0.024773406983333635,-0.022174898783333452,0.005297969087826301,4.0,0.0198592344916666,9.81829416901178,11.0,0.9812248889264837,0.019453406751093333,0.08656862470822202,0.007301304029924061,1,-0.004534200031555358,0.005055271394590612,-0.0012795212154523869
SN 001,F01,15,1.20049781799,1.2196042378716667,0.009026430238212927,1.2308201260020002,0.0037540454835145636,0.000217227481666693,0.00501679314466652,-3.399599355371559e-05,0.008737055459999699,-0.005908203126666622,0.001862458270119346,1.547177633332934e-05,0.007352066043333494,-0.006177266439999496,0.0020143589476079625,10.0,0.004161071777999914,3.9455144900586347,4.0,0.9780746189024918,0.007436670099596938,0.02850183275044471,0.0019866937697943497,1,0.01003358628933304,0.005631068225271846,0.000434454963333386
SN 055,N01,514,3.148337809243333,3.1692995707183336,0.004195165496769672,3.1674885559064445,0.0017350125902640715,-7.11059571190569e-05,-0.0006352233897777282,-8.79797396694315e-06,0.020900980630000454,-0.009493764243333036,0.004687032061263537,4.448360833338624e-06,0.025763448076667306,-0.026225280760000302,0.00728754087619838,29.0,0.0063058436602299196,2.1856597499532526,48.0,0.3802994111800228,0.0010442431544724743,0.004312557644444048,0.0021911154111521973,0,-0.0006352233897777282,0.0017350125902640715,-7.11059571190569e-05
SN 025,F03,32,2.92042719523,2.929311116535,0.002897257822512667,2.930933346217111,0.001111992021865444,1.0820116238094026e-05,0.0014569939495556739,9.438380721763295e-05,0.003983561196666763,-0.002702077229999933,0.0013832748202982287,-6.220075833337132e-06,0.005249532063333451,-0.005074818926666946,0.0022508939068456514,27.0,0.002175780872963045,2.048619640236773,19.0,0.8829740080896716,0.002165743027911868,0.009013994005110604,0.0003601916272697445,3,0.005827975798222695,0.00277998005466361,4.3280464952376105e-05
SN 017,F02,200,3.3138862609833333,3.318424860635,0.0013767839658128055,3.318648918998,0.0007935898642549681,6.719316738100302e-06,0.00036963568866621443,2.520642661156593e-05,0.0056671142599995505,-0.003910827636666614,0.001619540022623459,-1.9965701611116918e-05,0.005360666910000145,-0.005933125816666163,0.0025194685356803087,31.0,0.0023840299215054516,1.9954476359207942,57.0,0.30429541398278354,0.0004230373911549569,0.0016519843202225104,0.0003750890303709,2,0.0011089070659986433,0.0015871797285099362,2.0157950214300907e-05
SN 011,F02,64,1.9855734507233331,1.9870156606033331,0.0006005094960345116,1.9870581393755555,0.0004668508787561994,1.9214266904752998e-05,-0.0004520501022222678,-1.2531753415979482e-05,0.0014639536533331832,-0.0019523620600001568,0.0006787743193233287,1.3012356388878803e-06,0.0031921386733337886,-0.00263404846000026,0.001151850849672127,36.0,0.0008512673554629565,1.650266471425474,45.0,0.3568452234673775,0.00030830042411969825,0.0011953141953329194,8.885052986971927e-05,2,-0.0013561503066668035,0.0009337017575123988,5.764280071425899e-05
SN 039,N01,162,2.8540402730300003,2.892916870115,0.008291262704018606,2.892111358640889,0.006160482920160303,-7.619494489285845e-05,0.0008062744124441856,-6.414576363639133e-06,0.049372100829999876,-0.0378138224266662,0.01050343052655211,5.0150553388887224e-05,0.06935806274333256,-0.05161794026333233,0.01550902543934814,22.0,0.016550561153333258,3.202336586945083,60.0,0.20417355123878905,0.0012189785110202813,0.009184163411333657,0.005152674651243029,0,0.0008062744124441856,0.006160482920160303,-7.619494489285845e-05
SN 011,F03,90,2.660263061523333,2.6890279134100004,0.013233430536183186,2.7059273613804447,0.0021046517715500625,0.00017253512429762363,-0.0006852044004448388,0.0003717280616253444,0.010893503823333539,-0.013943227129999958,0.003034186418087625,-3.132926091666821e-05,0.012417348223332958,-0.014996337890000433,0.003944158238056244,12.0,0.006748178270555516,3.8244599999529263,3.0,0.9733728622110077,0.011188908675441393,0.03479254828599965,0.003021524767676743,3,-0.002740817601779355,0.005261629428875156,0.0006901404971904945
SN 040,N01,190,3.0849309285466666,3.0875534057599996,0.0010846646831041368,3.0872529093406667,0.0005549179791094876,3.481183738093411e-05,0.00021631876600025635,1.1370530027541586e-06,0.002923075360000027,-0.0032694498699998853,0.0013138485420173239,-9.663899722123226e-07,0.004555511476666219,-0.005277506513333474,0.0023051431706656656,40.0,0.0015077972413333196,1.5175713364899832,42.0,0.27239239009495786,0.0006610664912934318,0.0022375318733334204,0.0001821219834209659,0,0.00021631876600025635,0.0005549179791094876,3.481183738093411e-05
SN 055,N01,526,3.1397509256966667,3.1675384521466663,0.00989240675515106,3.1662408108162223,0.004594825241742169,-0.0003045454478452249,-0.00913784450955557,-0.00012217960410468458,0.03642985026333312,-0.033686065673333765,0.01439397663414865,-0.00010521782769444081,0.06514104207666671,-0.0448788960766664,0.02304237288809215,33.0,0.02004744404454556,1.7347967823125663,65.0,-0.05524129324787661,0.0010751274813676688,0.006281043158666844,0.0028832554946600667,0,-0.00913784450955557,0.004594825241742169,-0.0003045454478452249
SN 045,N02,30,3.3545130333333333,3.3887669666666667,0.007321956446128588,3.388108211111111,0.004431925876365636,-8.279523809523616e-05,0.0006587555555555014,-1.611845730027501e-05,0.02974040000000011,-0.020527666666666722,0.008412909100818128,0.0002019161111111075,0.034174133333333856,-0.03764746666666596,0.01316544977100607,27.0,0.012243509876543155,2.363278695066809,54.0,0.3448730186374199,0.0022169118892349958,0.010954133333333171,0.002048043352909345,0,0.0006587555555555014,0.004431925876365636,-8.279523809523616e-05
SN 015,F02,158,2.946823628743333,2.951091766355,0.0012149561279133172,2.9509382968464446,0.002353409001745735,2.2490365166671908e-05,0.0040180121535557944,2.9714705206614652e-05,0.006520334880000256,-0.003325144450000206,0.0014381322802861259,3.750059341666908e-05,0.006632995606666636,-0.00707066854000038,0.0021624314523206877,31.0,0.00171123217505376,1.7924908369968926,52.0,0.27194964580957964,0.0004552973115916891,0.0016443718804444174,0.0004687307246784841,2,0.012054036460667383,0.00470681800349147,6.747109550001572e-05
SN 037,N01,118,1.9570126851366667,1.962138684588333,0.0010916022144830833,1.961592398748,0.0006539987933766325,-5.695751732142016e-05,-0.0006285773379999249,-5.953239669420904e-06,0.002958679199999592,-0.005988566083333202,0.001139137887155463,-2.0747714444435685e-06,0.007826614383333208,-0.005452092493333005,0.0016681053866863815,27.0,0.0017415176207406739,3.29581033482754,48.0,0.4577981449190281,0.00043158527780283917,0.0018597412108889433,0.0004058370835031133,0,-0.0006285773379999249,0.0006539987933766325,-5.695751732142016e-05
SN 013,F02,116,2.4686981201166662,2.472517140705,0.0011278518978280086,2.4731338500957776,0.001194952619944632,0.00015133449007141816,0.0021664937342222856,8.52054143250619e-06,0.003740946453333116,-0.006640879313333237,0.001492924325132718,4.363165963888749e-05,0.006256103516665945,-0.008367665610000241,0.0024285907813722126,32.0,0.0019232829409375207,1.8985291899983818,58.0,0.10089291112428536,0.00024093873917035058,0.0012506612139997486,0.00041327923770912843,2,0.006499481202666857,0.002389905239889264,0.0004540034702142545
SN 049,N01,430,1.7306710333333333,1.7336893500000001,0.001109034403333259,1.7344998955555555,0.0006558285135527349,-1.6138928571425766e-05,-0.0008734955555556034,1.4261432506886857e-05,0.002855933333333338,-0.0035819000000001378,0.0011187383393144598,-2.9672222222239717e-06,0.004119800000000007,-0.004292533333333237,0.0016741805393275632,30.0,0.0016411366666667278,2.202566538345911,31.0,0.49032994834649635,0.0006777796847536522,0.0020720244444445424,0.0001929767898850821,0,-0.0008734955555556034,0.0006558285135527349,-1.6138928571425766e-05
SN 020,N01,283,3.045889282223333,3.047995122271667,0.0007609917084900259,3.0476998562271107,0.00030740384580729495,5.103520035708099e-06,0.0004909600162226191,6.683601928358837e-07,0.00322825114000036,-0.0025805155466671614,0.0009365552033608183,5.022684722229739e-06,0.005808766686667521,-0.004781595866667487,0.0016485715199564476,36.0,0.0011271794634259732,1.6013280331360749,52.0,0.24877679106864056,0.0004666486542574281,0.0017721896695555017,0.00016402692194895314,0,0.0004909600162226191,0.00030740384580729495,5.103520035708099e-06
SN 041,N01,214,2.5402158101366665,2.5751722971583333,0.00794287289257013,2.573507893878667,0.004867514160368851,0.00020767393564286504,0.0004346720379997393,-1.9945717355401067e-06,0.016727193196667045,-0.025512441000000052,0.007015506375703471,1.2482537166669249e-05,0.035013071696666564,-0.022966257733333606,0.009321354848791102,16.0,0.015088208516458368,3.656437364983888,38.0,0.6130890690461533,0.002030889985067743,0.013468017577777935,0.004478043302411428,0,0.0004346720379997393,0.004867514160368851,0.00020767393564286504
SN 012,F02,90,1.6188632965066667,1.6212902069083333,0.0008857516333652517,1.6211076015875556,0.0011638808349884692,2.445039226193054e-06,0.0007190789124442709,7.545323966932697e-07,0.0021703084333333234,-0.004484430950000284,0.0011447834779499868,6.969240000000617e-06,0.004833857220000404,-0.006011708579999997,0.0018843444789738892,35.0,0.0014134579614285326,1.9224663186524038,46.0,0.1688574646853487,0.0003878410182767666,0.0014580281577778464,0.0001661590513676541,2,0.0021572367373328127,0.0023277616699769383,7.3351176785791624e-06
SN 049,N01,399,1.7637972333333332,1.7656596999999998,0.000679373826332519,1.7659143644444446,0.0002799308201024248,8.11059523809459e-06,1.1202222222284064e-05,1.0664187327824959e-05,0.0012125666666669144,-0.0011379333333332298,0.0004965636413869943,7.522222222241156e-07,0.0017505666666666198,-0.0022571666666664214,0.0007892993635842618,31.0,0.000707877419354827,1.7972171234091605,19.0,0.7329266555129033,0.0005241225352566989,0.0014908955555554826,0.00013098343154589414,0,1.1202222222284064e-05,0.0002799308201024248,8.11059523809459e-06
SN 011,F02,78,1.61692784627,1.6192775726300002,0.0009180984461597878,1.6195784844273333,0.0009566328631636632,-3.132320585714697e-05,-0.001314985487333331,-1.3043532369147848e-05,0.004082616170000053,-0.003994369506666429,0.0013080763226001341,1.3022952611109935e-05,0.004422760010000415,-0.007778676350000069,0.0021699260301243153,36.0,0.0015366766187037324,2.338077481599297,51.0,-0.013098973527393159,0.00024101796843642347,0.0009309132893333683,0.00028811836373009847,2,-0.003944956461999993,0.0019132657263273263,-9.396961757144091e-05
SN 010,F02,38,3.679208374023333,3.690444183348333,0.004114494840396503,3.690030008950222,0.005569164397126824,-0.0003048024859523538,-0.004384969076888456,-3.9527830027536316e-05,0.018362935383333223,-0.01987787882333336,0.005471397565722793,3.0131869833327497e-05,0.02241134643666598,-0.038240814206666585,0.00864836756840594,28.0,0.007811292012619082,2.760486171759765,47.0,0.11833955995201467,0.0007931341304465726,0.0037021382648885215,0.0015166211307323435,2,-0.01315490723066537,0.011138328794253648,-0.0009144074578570614
SN 037,N01,128,1.9574811299633332,1.960265159605,0.0010219256988936135,1.9597502899151111,0.0009507907442714161,-0.00015701929726190587,-0.0010665130617779628,-2.9383677768595516e-05,0.002729924519999871,-0.0022893269866663957,0.0009233229512759302,1.0035832722221638e-05,0.004014587400000602,-0.003436406453332763,0.0013844289329558873,27.0,0.0014543886540741096,2.849212352224291,37.0,0.5844371834346567,0.00048827360245754826,0.0018796284995554746,0.00021864143921194974,0,-0.0010665130617779628,0.0009507907442714161,-0.00015701929726190587
SN 019,F02,222,3.0037829081200003,3.009994633991666,0.001611763541394528,3.010184156628,0.0011686452264289388,8.753731135714425e-05,-0.0012646314846667117,-1.3848507052341304e-05,0.01036300659333289,-0.0074246724433328914,0.002038145817825289,-3.75005933888876e-05,0.013061777753332837,-0.010208384199999365,0.003177667147968669,30.0,0.0025264485682222246,2.4022019023749066,53.0,0.20507727919015611,0.0006369615154156141,0.0024113125268887536,0.0007366652531933879,2,-0.003793894454000135,0.0023372904528578776,0.0002626119340714328
SN 036,N01,101,2.7996996561666667,2.8178493499733337,0.007169489215192542,2.818734910751556,0.00938761551341048,0.00036233084539285686,4.6624084437674185e-06,-3.028638429755304e-06,0.01932754516333368,-0.023315684003333725,0.007260976493896775,-1.831902397222418e-05,0.029718526200000817,-0.03225835164000079,0.009737558396150118,23.0,0.012432916613188363,2.049652104852901,46.0,0.4912948021199528,0.0010711642247651985,0.006950649685554922,0.00379898251833343,0,4.6624084437674185e-06,0.00938761551341048,0.00036233084539285686
SN 063,F05,3,2.693199920653333,2.6977579752583334,0.002577025813884217,2.7025464375795556,0.004141702670197584,0.00024232591907142248,-0.00934651692622257,-3.104512027548514e-05,0.005691782633333364,-0.014422607420000677,0.0020921516475405346,-0.00013295491536111648,0.007593027749999592,-0.010788218176667641,0.002826200792756353,26.0,0.0028633704552563258,2.2480431569652737,34.0,0.6675190626938418,0.0012723906472141193,0.006606784396222309,0.0006300100828789472,3,-0.03738606770489028,0.010354256675493959,0.0009693036762856899
SN 028,F03,105,1.7651788075733337,1.790108299255,0.008587862667200444,1.7668076917839999,0.000919169627785298,-0.0001418091000952193,-0.0010677422406661918,-0.00021028334771349555,0.0012969970700000832,-0.0038167317699999703,0.0008560635034464275,1.5625423861107915e-05,0.0027221679666666887,-0.0022754669199998023,0.001008573309900881,4.0,0.0032605489108335495,9.702791130737868,1.0,0.99519989490047,0.007183671657904696,0.026435809665777743,0.0014051892861403,3,-0.004270968962664767,0.002297924069463245,-0.0005672364003808771
SN 049,N01,583,1.97966995239,1.9838197072316666,0.0012116260359054333,1.9837319268102223,0.00025320340335876134,-8.233388214287254e-06,-0.00012482537022218132,-8.905163801652047e-06,0.005520121256666677,-0.002958679200000036,0.0009944296057868415,7.072024888889657e-06,0.005099741616666709,-0.006579081220000171,0.001369010316863778,19.0,0.0014873303870176198,1.9117607290997847,35.0,0.6653552974579648,0.0003869725673573409,0.002009353637999922,0.0009219718918585356,0,-0.00012482537022218132,0.00025320340335876134,-8.233388214287254e-06
SN 053,N01,475,3.104587809243333,3.1237810770666665,0.004918645836480661,3.124015197752444,0.00473941246854154,-0.00030367351705952965,-0.003588002522444178,-1.7284887217630732e-05,0.013615926109999954,-0.018756866453333743,0.005542601703225706,-3.8469102666664294e-05,0.02496719360000066,-0.02456817626666652,0.008537713570271178,27.0,0.008548227946172842,2.3130303136870953,42.0,0.36918938455924244,0.001633979361983528,0.0077496676975554735,0.0017740804040548715,0,-0.003588002522444178,0.00473941246854154,-0.00030367351705952965
SN 058,F03,124,3.256,3.281333333333333,0.004103360015105846,3.2832000000000003,0.0016368766231351212,-0.00023928571428569266,-0.0025333333333334984,0.000203856749311298,0.0076666666666667105,-0.0039999999999995595,0.001967500718069596,-4.999999999999819e-05,0.004999999999999005,-0.01100000000000012,0.0025222261298027122,18.0,0.003907407407407273,2.750950847327648,27.0,0.8795304671851265,0.0019190673534146673,0.009977777777777419,0.0008823288979291528,3,-0.010133333333333994,0.004092191557837803,-0.0009571428571427706
SN 011,F03,55,1.67993583679,1.6860595703116665,0.0029791729874091098,1.6849672444642223,0.0020454634118184105,-0.0003522064572380967,-9.87497975559748e-05,-5.660043939397653e-06,0.0018488566066663381,-0.002547454833333296,0.0009322954474184586,1.6940434749997586e-05,0.002805836993333255,-0.002934010823333555,0.0011527291309974812,13.0,0.0025833325507692486,6.360150170276138,10.0,0.9513909413863846,0.0025433868284068747,0.008925823635777652,0.0007015167325876594,3,-0.0003949991902238992,0.005113658529546026,-0.0014088258289523868
SN 002,F01,35,2.2425684611,2.3026363372783334,0.025011027954691907,2.326993713377111,0.00656377707804561,-0.0012406294686547602,-0.0044023132337778215,6.293304694215228e-05,0.04342371622666663,-0.03526941935333294,0.0070463716829812515,1.789304944443959e-05,0.03691151936666692,-0.07869313557999957,0.010500542453742873,10.0,0.013986816405666814,4.844287574461768,2.0,0.9605268664871109,0.024162426909867977,0.07262334187800024,0.004126039037486453,1,-0.008804626467555643,0.009845665617068414,-0.0024812589373095204
SN 039,N01,174,2.8942873636866664,2.8971880594883332,0.0010484692952961046,2.897362145316667,0.0010739436252804426,7.520857311904865e-05,-0.00038974338000041797,-3.2703409917386394e-06,0.004617563883333897,-0.00505498250333325,0.001598081784728847,-1.159244111111531e-06,0.00870590210000044,-0.009672546386667147,0.0027915929317520417,38.0,0.0018317239322808096,2.305515223982417,67.0,-0.1523621210774632,0.00026219933391670826,0.001204003228222561,0.0002352717143096353,0,-0.00038974338000041797,0.0010739436252804426,7.520857311904865e-05
SN 025,F03,141,2.8106427510566667,2.826238377888333,0.013957814394053128,2.853785824244222,0.00347840284142664,0.0007255490620595416,0.0017490471724443957,0.0003623605102754826,0.00512898763000047,-0.005122884116666171,0.0018326721072707234,-4.0113661027785244e-05,0.007722981773332638,-0.006241861983333319,0.002638885817592708,9.0,0.004836386221851698,4.429397637702533,1.0,0.9913000704009499,0.012070055405324359,0.040989617241555365,0.0010776625409790487,3,0.006996188689777583,0.0086960071035666,0.0029021962482381662
SN 045,F06,1,-3.6692008666666656,-1.8252473166666665,1.8344870309249628,0.0,0.0,0.0,0.0,0.015047486145404661,3.6602757666666665,-0.012661733333332759,0.23482380432056635,5.2321212121209747e-05,3.6605809333333332,-3.6602757666666665,0.3334849924310258,0.0,,,1.0,0.9918074303301954,1.7946428815148368,3.6630630466666667,0.38304597780725674,3,0.0,0.0,0.0
SN 005,F01,92,1.03232892354,1.0451878865533333,0.005925590124661368,1.0467970530175554,0.0024976551491881606,0.00042755308604761777,-0.001013247170888798,6.1833825619823775e-06,0.02447814941333326,-0.017637825009999997,0.004356626522938335,-5.382061002777716e-05,0.035918807983333245,-0.031074206033332885,0.006707532985004734,14.0,0.009059542700714265,3.243746882235324,19.0,0.7319481370479533,0.0037241459226661825,0.017279654608888917,0.0028053097019039804,1,-0.002026494341777596,0.003746482723782241,0.0008551061720952355
SN 045,N02,49,2.8014211,2.87421085,0.02780969041625104,2.8306012266666665,0.024358316711133,0.0049450867857142805,0.017108173333333365,-0.0006216716253443524,0.014759833333333194,-0.021655299999999933,0.007040144077121109,1.1524999999993716e-05,0.012920866666666253,-0.011846133333333064,0.004117173823338396,9.0,0.028510537037037025,6.477987208610113,13.0,0.9677248784202374,0.019020458219811066,0.08089128888888864,0.007891729341378531,0,0.017108173333333365,0.024358316711133,0.0049450867857142805
SN 028,F03,104,3.3445818583166664,3.3500292460116663,0.0041838120382564365,3.353448842364444,0.0010114667556666568,2.5162469702365097e-05,-3.417968777741365e-05,-0.00010303255611570505,0.0041720072400002195,-0.00508728027333305,0.0016001852091566376,-1.3603634305547896e-05,0.006669871006666828,-0.008205413813334062,0.002382827830712829,20.0,0.0026911417640000266,2.476709211245395,14.0,0.9246646883363501,0.0024219217974681953,0.010785386827999677,0.0011050936476321384,3,-0.0001367187511096546,0.002528666889166642,0.00010064987880946039
SN 040,N01,175,3.087787628173333,3.090894699095,0.0014135832120780079,3.0905397033675555,0.0008196873438767886,-2.1035330595117354e-06,0.000563659669110983,-7.410811322317574e-06,0.007446289063333111,-0.005724080403333609,0.0017604923022027225,-1.6487969166608293e-06,0.007657877603334029,-0.011684926350000069,0.002828687001798173,26.0,0.002597955556666608,2.1577319721388077,50.0,0.22895136410562286,0.0005647351599747044,0.002123057047111132,0.000439187774010406,0,0.000563659669110983,0.0008196873438767886,-2.1035330595117354e-06
SN 011,N01,32,1.85716934204,1.8619112014766666,0.0019835267791121457,1.8612372673864443,0.0005411445628838568,-2.8297787607124106e-05,-0.00037186516644438505,-1.943183666666842e-05,0.011706542969999623,-0.00946350097666726,0.0019767895094829806,-5.938212083332154e-06,0.010377120973332765,-0.01708297729666608,0.0028344982605175506,23.0,0.0027976713314493166,2.495544316671753,35.0,0.50604877446379,0.0008209801559701318,0.0033968098957779524,0.0011812335203424873,0,-0.00037186516644438505,0.0005411445628838568,-2.8297787607124106e-05
SN 001,F01,14,1.2153764088933334,1.2256754557266665,0.006874009353893626,1.2295471869557777,0.003048871435031357,0.0005302451906428632,0.004120949640888938,3.097996567492922e-05,0.00441958109333318,-0.0068819681800000865,0.0018850395749920275,-9.674496111108006e-06,0.0040854136199997,-0.004433314006667022,0.0015724048656548264,10.0,0.00684059143000002,4.983461724493866,12.0,0.9624717421356347,0.004912490599213553,0.01994487338600015,0.0021538347352827608,1,0.008241899281777876,0.004573307152547036,0.0010604903812857264
SN 014,F02,136,3.20526885986,3.2355847676583336,0.0053864339156483665,3.235034756129333,0.0015935127687060474,0.00011032104498807727,0.0014088270406666936,7.040901377376259e-07,0.01731948852666676,-0.020493062339999923,0.0054808789269200145,2.947913277780619e-06,0.03140792847000062,-0.02560984293666735,0.007908626669212713,18.0,0.009412016692222172,3.1536318027544166,34.0,0.48618311108832096,0.0019240663571315796,0.007380625407555463,0.003162342465763015,2,0.004226481122000081,0.003187025537412095,0.00033096313496423183
SN 031,F04,17,2.8088124593066666,2.82147801717,0.019634267651524116,2.822650248208,0.005036702747441384,0.0010784467061071088,0.008860931395333171,0.00015776242763085245,0.008477274576667249,-0.00609512329333306,0.0023875733876548904,1.6025967055547745e-05,0.009750874839999923,-0.0066502888999995236,0.002336374174128611,4.0,0.01971314748166675,11.424278900356564,3.0,0.9926472361425772,0.019151145814947552,0.057288445366888485,0.004204012375462266,2,0.026582794185999514,0.010073405494882767,0.0032353401183213264
SN 018,F02,208,2.97989501953,2.9858257293683335,0.001659165728872423,2.9849555291053336,0.0014267122923985883,3.11542692500079e-05,0.0006251695413328484,-1.1803493030302847e-05,0.005793762206666386,-0.00665003458666602,0.0021742867661974407,-1.3012356388952817e-06,0.010477447510000015,-0.007323964436666053,0.003564523376107927,35.0,0.00272532145199997,2.113351988459784,57.0,0.1461995899011189,0.0005699613297926405,0.002514970567111252,0.0003417996636385575,2,0.0018755086239985452,0.0028534245847971766,9.346280775002371e-05
SN 010,F02,43,2.63695373535,2.6470400492333335,0.0026139059660108786,2.6468348693826664,0.0025822036220199706,0.00020857674730951267,0.006011403400666637,7.662812539944526e-05,0.010916392009999942,-0.012119293213333382,0.0032270828263071464,-3.098169963889156e-05,0.017685699463333204,-0.01704406737999964,0.0048548261327673505,27.0,0.0047800228927160505,2.7438367003914776,49.0,0.22213952959749422,0.0005580084363655934,0.0022938537595558195,0.0008056870076883756,2,0.018034210201999912,0.005164407244039941,0.000625730241928538
SN 044,N01,240,2.5797556333333334,2.5876413666666664,0.0026228552926030255,2.585886588888889,0.00358403769191888,2.497773809522842e-05,-0.0024301888888889067,-2.2987777777775757e-05,0.008629599999999904,-0.009744533333333472,0.0033253821215580587,-3.113753501400363e-05,0.013805899999999482,-0.0104823000000005,0.004802741855772962,31.0,0.004891458064516239,2.567469140995347,56.0,0.19547489424593714,0.0006987694373098544,0.0029429444444444286,0.000575559845768162,0,-0.0024301888888889067,0.00358403769191888,2.497773809522842e-05
SN 002,F01,21,2.1576703389466667,2.213014729816667,0.033446082245555335,2.2199774169904445,0.008179179492975697,-0.0010467910767023676,-3.824869711088752e-05,0.0003027902818732777,0.07649815877000021,-0.06263224283666702,0.011661494844430732,-0.00011207368638888419,0.0716875712033338,-0.08015111287333365,0.014475423889285636,8.0,0.03959341049208337,7.149582544305718,8.0,0.9394088366242392,0.030216249903601555,0.09786454942577816,0.007406481873057852,1,-7.649739422177504e-05,0.012268769239463545,-0.002093582153404735
SN 033,N01,338,2.3921152666666665,2.3943171000000003,0.0007431769953846564,2.3939208133333327,0.0007531289293705102,3.394714285714282e-05,-0.0004274466666660537,-1.498154269972515e-05,0.0027064000000001087,-0.0027664000000000577,0.0010682712277489323,-6.270833333332781e-06,0.005408200000000196,-0.003970366666667058,0.0017751336381016901,33.0,0.0014207333333334019,2.309222425823988,57.0,-0.03819502246753608,0.00019656620368283613,0.0008557977777776671,8.71584949513679e-05,0,-0.0004274466666660537,0.0007531289293705102,3.394714285714282e-05
SN 064,N01,578,3.9263750712066665,3.947644933063333,0.005650794055540731,3.9473871188677774,0.003164063359539821,-0.0003128378732142698,-0.003213433161111112,-7.113412063360757e-05,0.017923736569999793,-0.03501612345666727,0.006792044467814124,3.989537555555793e-05,0.029118601476666228,-0.04657897949666756,0.010445544830768478,28.0,0.009343946547499926,2.002311572893112,57.0,0.28001047037422144,0.0010488484630465794,0.007135026720666904,0.002975845454668903,0,-0.003213433161111112,0.003164063359539821,-0.0003128378732142698
SN 043,N01,231,1.652294266666667,1.65804785,0.0022032305397077187,1.657960088888889,0.002225353735735615,-0.00011586833333334259,-0.0006972888888889806,-7.207988980714478e-06,0.010356899999999891,-0.008264399999999839,0.0035935676653339305,5.460555555553137e-06,0.014671699999999399,-0.01812183333333328,0.006446802058195433,41.0,0.004075293495934934,1.4059286994755569,76.0,-0.3202214333825379,0.0003398125384799099,0.0015481200000002637,0.0005286654123463991,0,-0.0006972888888889806,0.002225353735735615,-0.00011586833333334259
SN 028,F03,102,3.3139605204233336,3.3211470286033333,0.002141010554600356,3.323206719290889,0.0016794745700372776,0.00010357175550001563,-0.0007317945708891216,-2.8731080798897805e-05,0.004921976723332833,-0.008458709716666402,0.0017291681298643407,6.0852898472218973e-05,0.008324178059999632,-0.006297810869998699,0.002425278355080329,23.0,0.0026646821391304466,2.8695581414049944,32.0,0.6683917067499193,0.001220258593421074,0.004917890760666843,0.000593623899341722,3,-0.0029271782835564863,0.004198686425093194,0.0004142870220000625
SN 045,F06,4,0.6058572000000001,0.6435429,0.011387194059609923,0.6367976577777779,0.021272751539676355,-0.003938361666666663,-0.030940457777777763,-0.00030926222222222113,0.04811910000000008,-0.030904299999999885,0.011051871540556485,-3.161176470588267e-05,0.05262476666666671,-0.0754204666666668,0.016280309999474073,22.0,0.018294971212121213,2.5387901665879173,28.0,0.5116542703753919,0.0026795507651845747,0.011831742222222164,0.005332672813403743,3,-0.12376183111111105,0.053181878849190886,-0.015753446666666653
SN 035,N01,85,2.7653391520166664,2.771093368528333,0.002097338083536567,2.7710330200177773,0.0006448266516266822,-8.237928928741692e-07,-0.00029429117777723945,-7.473864159781188e-06,0.005356343586667034,-0.007314809163333713,0.0021464965384786453,1.3050503194452408e-05,0.009128061930000708,-0.007343037920000128,0.0032037445425000927,27.0,0.0034758673774075216,2.1804593051741477,49.0,0.4803971837297131,0.0008133455021021193,0.0034554205999999255,0.0007332680752863181,0,-0.00029429117777723945,0.0006448266516266822,-8.237928928741692e-07
SN 048,N01,361,2.7162546666666665,2.7277225333333335,0.003015627358867991,2.7273124555555555,0.004549006307830477,-7.235880952379179e-05,0.0012461444444444858,7.095344352617249e-05,0.008868633333333431,-0.012773133333333409,0.003642630322454433,2.7114166666660407e-05,0.01733576666666714,-0.014840733333333134,0.005570821195174219,29.0,0.00552751149425289,2.2716061971131056,53.0,0.2565006370105438,0.0006069755625691353,0.002990446666666813,0.0008207303022719131,0,0.0012461444444444858,0.004549006307830477,-7.235880952379179e-05
SN 011,F02,66,1.984384663896667,1.9872807820616667,0.0009219723784002769,1.9871088239864443,0.0005400542639951604,8.011772630951114e-06,0.001386176216888968,-2.4916383471063614e-06,0.002853647866666531,-0.004288101196666894,0.0010484674882035318,1.1361440027779501e-05,0.003595479326666373,-0.007141749063333425,0.0017111282135314745,32.0,0.001374657948645816,1.9178072611650596,46.0,0.3473210634846877,0.0004475572936598772,0.0018726179331107762,0.0002840358446699744,2,0.004158528650666904,0.0010801085279903207,2.403531789285334e-05
SN 049,N01,368,1.7857533666666667,1.7886365,0.0008590082719538754,1.7892045066666666,0.0005959770961026478,2.8705595238111476e-05,-6.660666666657988e-05,2.3563911845731244e-05,0.004508466666666822,-0.003185533333333268,0.001065207298557264,-4.067944444444693e-05,0.005436699999999739,-0.005043300000000306,0.001599896421134762,30.0,0.0015058644444444047,2.7039096667806217,47.0,0.21223302253252713,0.0003146986126102654,0.0012863088888888097,0.000224282654010201,0,-6.660666666657988e-05,0.0005959770961026478,2.8705595238111476e-05
SN 036,N01,98,2.8112780253066663,2.81552429199,0.002148116849051448,2.8154898071273333,0.0013903146288732834,2.620333666661764e-06,0.0008058166493332131,-5.148475165289482e-05,0.0057846069333336025,-0.0050781250000002665,0.00200126846813554,1.1077457000000882e-05,0.00797932942999946,-0.007929992679999831,0.002987778350540896,28.0,0.002957543872857214,2.323827574298957,48.0,0.5509131357925559,0.0005581709853347392,0.0033381313751110753,0.000718832085536826,0,0.0008058166493332131,0.0013903146288732834,2.620333666661764e-06
SN 025,F03,143,2.840201822916667,2.850090662636667,0.004437283811804622,2.853443569605111,0.0015246637792797853,6.837299892857227e-05,-0.001618618435111241,-8.323186027548625e-05,0.004550933840000049,-0.008840433756666766,0.0022497793632999807,2.2169748944445013e-05,0.007143402099999641,-0.0073827107766670785,0.003222692941958325,21.0,0.003749484107777846,3.2768645137726016,18.0,0.868833383853673,0.0027486493217703657,0.009307640923111205,0.0011916573360351772,3,-0.006474473740444964,0.0038116594481994634,0.00027349199571428907
SN 057,N01,553,2.8227409362766664,2.8252187093083334,0.0009425425525423788,2.8246326192197775,0.0010286915488755598,0.00010311126711906989,0.00014434814355590575,1.64673019559238e-05,0.002490488686667014,-0.0037905375166671362,0.0010787125548190608,-6.936391222223115e-06,0.004091898600000032,-0.004000600180000369,0.0016741875099130054,29.0,0.0017230943703448445,2.1811051951851463,44.0,0.33159916399633216,0.0003083340587860536,0.001290859646222664,0.00018928080485791844,0,0.00014434814355590575,0.0010286915488755598,0.00010311126711906989
SN 024,F03,14,2.357924397783333,2.39516092936,0.01058832106393096,2.3900319247757773,0.009976021632720726,0.00148267655145239,0.010925055610889522,4.763852796143626e-05,0.01740290323666649,-0.021317036946666867,0.006042077679385493,7.41492377499949e-05,0.023201243079999934,-0.03311945597333299,0.00796846673303544,19.0,0.011995362398596502,2.9276608095454457,24.0,0.8381382967083889,0.0063353835962488714,0.022733239068222222,0.004190308084406573,3,0.04370022244355809,0.024940054081801815,0.00593070620580956
SN 045,N02,8,3.307160666666667,3.3303184333333333,0.005222738887342068,3.3318093511111115,0.0018344345472719183,-0.00012707083333332827,0.0018126155555551193,1.9525000000001718e-05,0.015722400000000025,-0.026334366666666664,0.005508789327160722,0.00014427450980391364,0.026065833333332566,-0.04205676666666669,0.008768787081017162,24.0,0.008185244444444203,2.7804749345606887,40.0,0.4469282199968121,0.0019562434268599626,0.009504093333332797,0.0017674048558435694,0,0.0018126155555551193,0.0018344345472719183,-0.00012707083333332827
SN 038,N01,146,2.5512268066400003,2.555147043861667,0.0014487133734080685,2.5540615505622224,0.0010676429319133299,-7.75019328571285e-06,3.111097444419286e-05,-5.479502614324969e-05,0.003999074300000238,-0.004363759359999886,0.0016974875929779462,2.8688642722222527e-05,0.007675170900000694,-0.007515716553333274,0.0027911934885784446,33.0,0.0020920570451515145,2.6551129737660304,49.0,0.2718283797983262,0.0005724377583698789,0.0022250366213332207,0.0002878846540198606,0,3.111097444419286e-05,0.0010676429319133299,-7.75019328571285e-06
SN 011,N01,223,1.8114144643133332,1.8214816411316668,0.001973539838555326,1.821721632214222,0.0003638578144711004,-4.459608173809002e-05,-0.0003026156942220748,7.051410110194998e-06,0.009958267213333594,-0.0051151275633332105,0.0018719474832860062,-1.5841589722194923e-06,0.007670338946666355,-0.01169726053666742,0.002450475248349279,19.0,0.0029829594126316613,2.8299695715964273,40.0,0.5534804194176995,0.0005604757451060673,0.003079613579777707,0.0012290025531046262,0,-0.0003026156942220748,0.0003638578144711004,-4.459608173809002e-05
SN 002,F01,22,2.1490043640133334,2.2482695261633334,0.0232539694064227,2.261528015135333,0.00887435197658077,-0.0008574013481666626,-0.012683359782000192,5.99674613774088e-05,0.05869649251333264,-0.04873835245666669,0.010884662533964825,-4.6024322527782326e-05,0.04223353067666702,-0.06672083536666706,0.01365894862754563,11.0,0.023249516342424226,4.421264810017757,13.0,0.8913344777244432,0.01807098793336482,0.06663277520133315,0.009486141976164587,1,-0.025366719564000384,0.013311527964871155,-0.0017148026963333253
SN 020,N01,287,3.044467926023333,3.0471015930166665,0.001004813311574618,3.046654646130444,0.0009092906569122387,2.863656914286234e-05,-0.00015806410044394426,-1.68897560330582e-05,0.0038340250666668574,-0.003382619223333716,0.0012422301307106775,3.098381888892258e-06,0.006783294680000385,-0.005334726970000592,0.0021708196785316125,34.0,0.001510874429999995,2.1584131451558513,47.0,0.2349702414160465,0.000473385580916049,0.001649017334444114,0.0001383948424648552,0,-0.00015806410044394426,0.0009092906569122387,2.863656914286234e-05
SN 012,F02,97,1.61606229146,1.6219757715850003,0.0012572146271649877,1.6225185394273334,0.0007980492600012739,3.492582414285786e-05,-0.0006315867106665429,7.5757996143267955e-06,0.0041381835966667335,-0.009882481893333406,0.0016392841647787785,-2.1781921388891457e-05,0.011344909670000236,-0.01215629577666677,0.002681267130500877,32.0,0.001970406373020893,2.3609295549432456,60.0,0.1546775137673478,0.0002363760166349534,0.0014865705702220566,0.0006831069468152502,2,-0.0018947601319996288,0.0015960985200025478,0.00010477747242857359
SN 048,N01,355,2.7111554333333334,2.731300833333333,0.002768586868245498,2.730174353333333,0.0030795567843800243,-0.00022110380952382756,0.001796846666666685,0.00017203112947658183,0.0203882666666666,-0.006561299999999548,0.00318690017266209,-0.0001367652777777802,0.010305299999999296,-0.016293566666666592,0.004333129244975071,27.0,0.0043571320987654755,2.2036635427998523,57.0,0.16822970067837856,0.000552722808639206,0.0020459711111113776,0.0005974122811529814,0,0.001796846666666685,0.0030795567843800243,-0.00022110380952382756
SN 018,F02,206,2.97664744059,2.985575230915,0.0022450464219232616,2.985473598902,0.0013083869964828812,-5.056472051188563e-05,-0.0010599433053330998,6.418359509642028e-05,0.014966583253333443,-0.006701151530000171,0.0024165382123104745,-0.00014499664308333568,0.006815592446666852,-0.010978444420000066,0.0032921541258616968,29.0,0.003108311795287355,2.3130778780548336,50.0,0.3843229551690666,0.0005538616154736231,0.0032807413731115176,0.0008064092504840826,2,-0.0031798299159992993,0.0026167739929657623,-0.00015169416153565688
SN 041,N01,204,2.558723958333333,2.5746746063216666,0.0037308520780142402,2.5737733120375554,0.007228609058111153,-0.0002718416849285897,-0.013038245307555485,-0.00010516794589531721,0.013086954753333213,-0.026183319089999824,0.003983152828483593,6.351470944443438e-06,0.028194427486666562,-0.024167633053332693,0.005606579716621302,22.0,0.005960244843333432,2.719659747742865,34.0,0.3989099016750509,0.001058915053815747,0.0042060173882223495,0.0015535889605718378,0,-0.013038245307555485,0.007228609058111153,-0.0002718416849285897
SN 016,F02,164,2.8131932576466667,2.8208798726383333,0.0018099773872984198,2.820365990531333,0.0005829916149314576,5.7429359762019485e-06,-5.425347133281022e-05,5.174537024794131e-06,0.007854461670000035,-0.01197713216333307,0.0024323643770465145,-2.387152777777457e-05,0.019831593833333105,-0.013924916583333946,0.004135744404638393,29.0,0.003131217517930934,2.013855040792549,50.0,0.10182480753234142,0.0005257076150139709,0.0021087816026663653,0.0006502689648146987,2,-0.00016276041399843066,0.0011659832298629152,1.7228807928605845e-05
SN 039,N01,168,2.8446461995433334,2.8984987894683334,0.008933805126415893,2.898544379338667,0.0030682307658062755,5.8889843178558785e-05,-0.002550574408667128,0.0004243603750964164,0.033583068850000064,-0.024948120116666583,0.007680052952601075,-5.286746552777647e-05,0.03387222290333325,-0.039230092366667524,0.011565726313525357,20.0,0.011337865193333397,1.3822582413708546,50.0,0.5798403546065978,0.0013397772247018128,0.01263103908955543,0.0036789778640432015,0,-0.002550574408667128,0.0030682307658062755,5.8889843178558785e-05
SN 009,F02,7,3.0531379699700003,3.0634447733533334,0.003115756302058446,3.0625432162802224,0.00485429386204243,1.9412267702401116e-05,-0.000391625300222298,-1.4947728347106918e-05,0.014523061116666902,-0.018633270263332946,0.004448469164057075,-1.7789204944444284e-05,0.03187510172333363,-0.02446289062333351,0.007495826885719387,26.0,0.005570631761153859,2.0898556880717023,47.0,-0.011566335359765239,0.0009086867742556971,0.0039883422848894234,0.0018701312789174732,2,-0.001174875900666894,0.00970858772408486,5.823680310720335e-05
SN 045,N02,23,3.3310653666666665,3.3465624333333333,0.006138501401824559,3.344772664444444,0.0065312703409874705,-0.00037729107142856486,0.006316035555555821,6.692424242424173e-05,0.026661166666666514,-0.029185999999999712,0.007862874341115177,0.00015379166666666574,0.022981766666666736,-0.055847166666666226,0.012215155804443241,27.0,0.012372559259259348,2.614311393236605,51.0,0.18338206441521102,0.0009198209127586659,0.005030448888888817,0.002037762536249844,0,0.006316035555555821,0.0065312703409874705,-0.00037729107142856486
SN 059,F03,158,2.37160644531,2.4047032674133337,0.017053127002580305,2.405642072888222,0.004029326144613145,-0.0008707128252380893,-0.007090386284888783,2.349349093663639e-05,0.019938151043333185,-0.009295145670000338,0.003923271088891837,-2.389695911110638e-05,0.013728332516667052,-0.025844828289999455,0.003946937949033527,5.0,0.02251775105933316,15.0748887580984,6.0,0.9737062436868915,0.015727818674039485,0.051944563124888266,0.004410205200541015,3,-0.028361545139555133,0.010073315361532862,-0.003482851300952357
SN 005,F01,88,1.1191874186166666,1.1501487096133332,0.016538114609678363,1.1299965074311111,0.007247354204861845,-0.0011476430439761813,-0.01067621019111109,-0.0004244759719834725,0.013768641153333538,-0.013542938233333413,0.003426978376977016,-0.00010979334513888847,0.016631444296666853,-0.023386764526666992,0.005238666630038264,12.0,0.008427588144722331,3.309263471898588,3.0,0.9783174785979522,0.014336392134119313,0.04897207472022225,0.0018176711484374976,1,-0.02135242038222218,0.010871031307292767,-0.0022952860879523625
SN 015,F02,151,2.9433100382466666,2.95117441813,0.0029312144708503207,2.9509077962224444,0.0007061276938124887,-5.472183235715982e-05,-0.00022878011244431562,8.060255647383245e-06,0.014150492350000654,-0.013935597739999306,0.0036959085989060818,-4.1889614555553255e-05,0.015659332276666493,-0.023083750406667658,0.0056924313554292455,24.0,0.005587281120972121,1.976817092243526,44.0,0.21104517823066074,0.001064637331738567,0.004473317463999926,0.0015046364453504975,2,-0.0006863403373329469,0.0014122553876249773,-0.00016416549707147946
SN 024,F03,6,2.38961537679,2.395011011758333,0.0019933921881460054,2.3964705742715555,0.0008539935604881648,-5.6175957857277195e-06,-0.001225467258222146,-2.0338746804409316e-05,0.003187561033333619,-0.003420766196666314,0.0014722770478895564,-1.0384455555086566e-07,0.004586283366667221,-0.004894256590000534,0.0022832532838116706,28.0,0.002185412815476145,2.0809396010078447,40.0,0.7272737521192871,0.0010730485021463948,0.004740397135777563,0.0007936102544528,3,-0.004901869032888584,0.002134983901220412,-2.2470383142910878e-05
SN 006,F01,122,1.5041737874333334,1.5189256032283334,0.0045086507938134415,1.521136771306222,0.002576650162701413,-0.0003820623671190562,-0.004301113552888758,-2.9537106363636498e-05,0.003992970783333272,-0.0033280690533334933,0.0013373720874250246,-7.496939749997619e-06,0.004629898069999694,-0.006186548866666364,0.001753394231166731,13.0,0.003599655933846172,4.203889812927868,9.0,0.956302780410412,0.003936722943840211,0.012815814548222226,0.0008643143375661782,1,-0.008602227105777516,0.0038649752440521193,-0.0007641247342381124
SN 054,N01,494,2.735280100503333,2.739452107745,0.0012409303589424445,2.739354163274222,0.001949461879832022,-5.1970708809467855e-06,-0.004074062770889064,-4.1648507438018334e-05,0.004979451496665899,-0.005478668213333648,0.0017619689938249265,-2.7351379388892057e-05,0.009996287030000772,-0.007861328123331734,0.002901069675654705,30.0,0.002474043105000027,2.515411427304324,57.0,-0.04927753265984701,0.00030484611079862294,0.0012821282284440905,0.00029139759441822334,0,-0.004074062770889064,0.001949461879832022,-5.1970708809467855e-06
SN 057,N01,566,2.804739634193333,2.820778274535,0.0059177007451739925,2.8205324639197773,0.0006795799432233228,-1.5411376928582092e-05,-0.0005879550497773778,-3.653071798898296e-05,0.015999603273333385,-0.017001342773333317,0.0059628660602709035,1.4991760250001225e-05,0.028760274250000606,-0.021358489986667006,0.008238247247947866,20.0,0.011679725646333261,2.760501726370573,51.0,0.495687604968715,0.0013712047703498835,0.006939917670444551,0.002534805380445739,0,-0.0005879550497773778,0.0006795799432233228,-1.5411376928582092e-05
SN 063,F05,4,2.6907190958633334,2.696540578205,0.002791126906020637,2.7022054375526667,0.0017234062110698652,0.0002760423932619041,0.0005988735606665685,5.451339005509825e-05,0.004173787436666743,-0.005104319253334211,0.0015833747988856133,-1.5871259916670304e-05,0.006300862629999848,-0.006885019936667902,0.002594752313229067,27.0,0.0023329934958026305,2.225491148848017,27.0,0.8374283200009336,0.001768957246055672,0.008842366536666812,0.0006618013082940163,3,0.002395494242666274,0.004308515527674663,0.0011041695730476164
SN 045,N02,12,3.3147532,3.327550733333333,0.003387797544825833,3.3266092777777776,0.0021557368029156173,-0.000144333928571421,0.0006451888888889812,-2.1765000000003218e-05,0.015514866666666016,-0.016321299999999983,0.00456529709191809,6.839747899160284e-05,0.031836166666666,-0.02403283333333306,0.0073934463514348835,32.0,0.006077972916666577,2.04452091340651,61.0,0.09760608765937014,0.0007168596048866956,0.0036859000000002418,0.0010500417546744649,0,0.0006451888888889812,0.0021557368029156173,-0.000144333928571421
SN 059,F03,161,2.360561370846667,2.4059570312483336,0.017159340028192183,2.409995524086667,0.0102803252506086,0.0021397699629523725,0.010148366293333044,-1.1496635812676341e-06,0.00912348429333365,-0.015039316813333148,0.003985587277588496,-3.2448238777778764e-05,0.01533304850333339,-0.016703033446666904,0.004675580924182484,9.0,0.010834022804444466,3.841164776931187,8.0,0.9729990325913581,0.015062533959633372,0.0544688924151111,0.00464687128725998,3,0.04059346517333218,0.025700813126521498,0.00855907985180949
