id,system,subsystem,timestamp,y_axis,is_anomaly_if
21e47cf8-9608-47a4-8f03-d750f31492c3,System3,System3_3,2023-02-09 16:47:16+00:00,30260.6304,True
20329f23-5afa-4f1b-84ec-acfe59fb4d93,System1,System1_3,2023-02-09 16:51:46+00:00,364.20384,True
7d5fb91f-6027-48ba-9605-4703d1ed2ba6,System8,System8_4,2023-02-09 17:10:57+00:00,3.6036,True
7b68033d-fa17-4d5a-8b67-5f8ee02cfd5b,System6,System6_2,2023-02-09 17:11:29+00:00,344.74440000000004,True
c27bca9d-4309-4fac-b118-5b1961578a1c,System6,System6_1,2023-02-09 17:11:44+00:00,306.30600000000004,True
7d119054-131a-4c0c-a9db-b5434493d5f1,System8,System8_4,2023-02-09 19:09:32+00:00,3.6036,True
5bfd6193-112d-4cd5-9305-a520bb612a95,System1,System1_3,2023-02-09 22:59:52+00:00,369.00864,True
d012c741-f14b-4502-8d40-b2f3f06d59ea,System6,System6_1,2023-02-10 00:42:30+00:00,306.30600000000004,True
4fd72cf1-f697-4931-9595-f66e1c8fb5fa,System6,System6_2,2023-02-10 02:03:51+00:00,306.30600000000004,True
40764736-cc51-4963-9ec1-4fcfff176146,System8,System8_4,2023-02-10 14:26:36+00:00,3.6036,True
341e097a-a87e-4373-a5c9-44244257faf7,System1,System1_3,2023-02-10 16:47:05+00:00,369.9696,True
bb218d46-5111-46c0-9862-96d4c7015339,System8,System8_4,2023-02-10 18:48:57+00:00,3.6036,True
49b87f67-1f5b-4207-8996-570a7ba77b88,System1,System1_3,2023-02-10 20:51:58+00:00,359.39904,True
77219182-aca2-4566-9a50-3f82c67bc9df,System6,System6_1,2023-02-10 21:20:44+00:00,306.30600000000004,True
da76ab23-7126-44b5-9126-213818144f42,System8,System8_4,2023-02-11 00:53:56.750000+00:00,3.0078048,True
3ed26b47-599b-4de2-aac8-49edd2486fb1,System8,System8_4,2023-02-11 03:30:16+00:00,3.6036,True
afd242e1-a36c-4753-9d15-4bf91c8c423c,System13,System13_1,2023-02-11 14:04:31+00:00,28.8288,True
ec4fe17e-217b-4a1f-98a3-0681d23ca8a5,System8,System8_2,2023-02-11 14:35:14+00:00,24.629404800000003,True
9f866b38-4ac2-4e75-83bc-892bbf9851c6,System9,System9_1,2023-02-11 19:12:29+00:00,5823.417600000001,True
e76b3066-d93c-499e-8b29-c190d76f2d91,System8,System8_4,2023-02-11 20:54:18+00:00,3.6036,True
b4962b78-3260-42f8-ace7-a698ecbab53a,System11,System11_2,2023-02-11 21:02:18.875000+00:00,10.2534432,True
0cdaef8e-d831-4b78-b3ed-1647fae32762,System8,System8_4,2023-02-12 02:05:20+00:00,3.6036,True
eb2ee245-f3b0-4a45-bdb0-a3e79355e75b,System6,System6_2,2023-02-12 02:05:56+00:00,306.30600000000004,True
d204f927-6d4b-4c74-91a1-bf0b568a9157,System1,System1_3,2023-02-12 04:34:01+00:00,377.65728,True
1fcac9b9-e9b5-439a-afb9-36efc61e702e,System13,System13_1,2023-02-12 14:36:13+00:00,28.8288,True
aea211db-c2b4-4e91-a764-c5eb36dad73e,System1,System1_3,2023-02-12 15:36:36+00:00,377.65728,True
34c59c0f-2e87-4642-9c00-401cce7f2150,System6,System6_1,2023-02-12 15:55:10+00:00,306.30600000000004,True
f21b1fc8-1513-4d89-a95e-707b51a1b450,System8,System8_4,2023-02-12 16:47:50.750000+00:00,3.6036,True
da3b0be8-cdbc-4821-82fc-ca5fb8cada5e,System11,System11_1,2023-02-12 17:00:40.875000+00:00,76.47319680000001,True
4a991c65-20de-4021-8247-3484f2ca9383,System11,System11_1,2023-02-12 18:55:04.875000+00:00,11.29128,True
c49069cb-94fb-4576-8ea2-9a5462ac8906,System8,System8_4,2023-02-12 19:06:08+00:00,3.6036,True
c40bb4b6-5ced-48a8-a09f-b7c17ded4d90,System8,System8_4,2023-02-12 21:38:00+00:00,3.6036,True
1b57cad6-1050-4b06-a07e-483fbd18ba9a,System8,System8_2,2023-02-12 22:48:01+00:00,19.824604800000003,True
43b5a687-b5e3-4208-95ba-19a110eeec5c,System6,System6_1,2023-02-12 23:47:18+00:00,344.74440000000004,True
b6a28518-1d10-4f8f-96df-2a119fdc0f88,System8,System8_2,2023-02-13 00:04:59+00:00,21.6216,True
8dc31459-205e-4c0f-b6c4-722e5c72ec64,System1,System1_3,2023-02-13 01:00:24+00:00,369.00864,True
54f35270-777c-4a62-85e1-1bc713c93219,System6,System6_1,2023-02-13 01:03:18+00:00,344.74440000000004,True
b75101c6-4b67-4d40-a7af-35aad74fd7c5,System12,System12_3,2023-03-14 19:20:02+00:00,28.8288,True
29eb116a-531d-422f-9a20-dc157532dfd4,System5,System5_1,2023-03-14 19:33:12+00:00,26.4264,True
cc21415e-1e2e-4d29-a9cc-38adfcee08fc,System11,System11_1,2023-03-15 00:24:53.875000+00:00,74.63776320000001,True
135fb22c-3b16-4d85-9e6c-924dda631a99,System1,System1_3,2023-03-15 01:08:17+00:00,359.39904,True
72f614dd-b38f-41db-97fc-886c46994430,System8,System8_2,2023-03-15 06:01:24+00:00,23.428204800000003,True
dace731e-c696-4735-a5ba-ad64aefe8c24,System8,System8_2,2023-03-15 20:48:49+00:00,29.434204800000003,True
a407bde2-0b46-4799-be75-e0be4a785ce1,System1,System1_3,2023-03-15 21:31:28+00:00,365.1648,True
fd6369f8-4fc9-4458-b68d-76ccc5d1cb0f,System3,System3_3,2023-03-16 00:12:54+00:00,30308.6784,True
c45d0a99-0701-4e32-956b-d8a9cfbf65b2,System1,System1_3,2023-03-16 00:14:24+00:00,351.71136,True
f6fa9137-d2e1-4d51-832b-126acd808e3f,System8,System8_4,2023-03-16 02:11:09+00:00,3.6036,True
9af6053b-6103-48ee-b892-f07197f80449,System1,System1_3,2023-03-16 02:44:17+00:00,375.73536,True
b3e00b6c-f320-401c-ac86-2bf56ccbaa44,System1,System1_3,2023-03-16 14:09:17+00:00,369.9696,True
0e9e2bb8-5c63-4bb8-bdd6-04e4ed121031,System8,System8_2,2023-03-16 16:04:05+00:00,38.4384,True
8ea6aa87-4fc4-499d-a794-aef6e64916a2,System1,System1_3,2023-03-16 16:27:38+00:00,375.73536,True
efa014c3-7a80-4b8b-b597-86b727fcd4c3,System8,System8_4,2023-03-16 23:29:48+00:00,3.6036,True
8de26488-faf1-4e33-8807-cfffc34ec088,System8,System8_4,2023-03-17 02:40:18.750000+00:00,3.0078048,True
807cb2a7-1402-40a3-ba15-92d06f1e9359,System1,System1_3,2023-03-17 03:27:11+00:00,370.93056,True
9022e0ff-98a2-4519-87f2-9d2c805bfd80,System8,System8_2,2023-03-17 03:45:47+00:00,19.2192,True
c1cc2423-afdc-450a-92d7-58d850e9bbe2,System1,System1_3,2023-03-17 05:11:47+00:00,367.08672,True
dfd41e6d-8d92-4ec7-b872-4fcb7e287a78,System1,System1_3,2023-03-17 07:24:23+00:00,366.12576,True
a4494ea4-60d7-4df4-b227-ba6aaf737b55,System6,System6_2,2023-03-17 13:25:52+00:00,354.35400000000004,True
ff2c19af-f30a-42f9-8232-954166e71837,System6,System6_2,2023-03-17 13:30:32+00:00,306.30600000000004,True
e3ba2a5d-aa59-4915-8707-c4bac94fe26a,System1,System1_3,2023-03-17 14:11:45+00:00,359.39904,True
371739b8-f5b1-4aa4-8a4b-a71702b00e6f,System8,System8_2,2023-03-17 17:31:32+00:00,32.4324,True
5a065902-24ff-4c19-962a-3d62ac28bab8,System1,System1_3,2023-03-17 18:03:16+00:00,360.36,True
ccebedfd-30f4-4500-8626-42e97ee5693c,System6,System6_1,2023-03-17 18:18:42+00:00,306.30600000000004,True
e937fa60-9a08-4c40-bb5e-e37408fe993b,System6,System6_2,2023-03-17 18:18:43+00:00,344.74440000000004,True
9a951730-c4fc-43f7-b1dd-6ddaf91d12b3,System8,System8_4,2023-03-17 19:53:47+00:00,3.6036,True
67fa7781-2564-45a8-8d5a-b012b6cfc126,System1,System1_3,2023-03-17 21:21:56+00:00,355.5552,True
6a71ac6b-20d3-47d7-80f4-4789b6713687,System1,System1_3,2023-03-18 00:26:44+00:00,371.89152,True
cfae3410-d0bb-47fa-a529-0a8ab083d69e,System1,System1_3,2023-03-18 02:41:32+00:00,373.81344,True
cebf2b57-bd16-4ee0-a978-69240e2a1aa3,System8,System8_4,2023-03-18 06:24:36+00:00,3.6036,True
bb2a93b1-bc1f-4700-a6b3-fe6a458ab867,System8,System8_2,2023-03-18 06:27:11+00:00,25.2252,True
ca783679-ccf2-4fe9-9ffe-befb2a9f3ebb,System1,System1_3,2023-03-18 07:03:48+00:00,362.28192,True
d335957e-852b-4176-a989-5c13fe22991b,System1,System1_3,2023-03-18 14:08:26+00:00,359.39904,True
4d50026a-14dd-492d-9e3f-29bb91ef1418,System1,System1_3,2023-03-18 16:36:15+00:00,352.67232,True
044e3968-b5d5-4fa4-81c0-c9443e10d24c,System1,System1_3,2023-03-18 18:49:39+00:00,363.24288,True
15d8c6cc-7a27-4782-b043-278fb634fcae,System13,System13_1,2023-03-19 13:26:32+00:00,48.048,True
6ef69a71-e30f-436e-9511-2a3290a10245,System8,System8_4,2023-03-19 13:52:33+00:00,3.6036,True
ec7eee89-7aa7-4e31-a556-ab28be4616be,System1,System1_3,2023-03-19 14:12:15+00:00,365.1648,True
1bdceef6-bf56-4837-8155-562619398be7,System1,System1_3,2023-03-19 16:25:29+00:00,375.73536,True
7a114b79-ff6e-484c-96e7-62080d195138,System11,System11_2,2023-03-19 16:36:22.375000+00:00,130.1043744,True
28dacb42-0123-4083-ab54-5b8661a173ea,System11,System11_1,2023-03-19 16:36:22.875000+00:00,113.0761632,True
2126c8f0-d1e2-47e2-82c9-dc12f7d619ba,System1,System1_3,2023-03-19 18:26:46+00:00,376.69632,True
357b6ec7-a951-46ca-87ba-12e2bd17f5f1,System1,System1_3,2023-03-19 23:11:20+00:00,352.67232,True
8eb9a45f-601d-46a6-a3d3-4e7dd3ff19fc,System11,System11_1,2023-03-19 23:15:32.875000+00:00,92.3290368,True
b2b79bf4-3b66-407d-a086-1c4cacfab8f2,System8,System8_2,2023-03-19 23:39:55+00:00,19.824604800000003,True
0d10797f-84fd-4c23-9019-188fae312c9e,System1,System1_3,2023-03-20 02:38:14+00:00,345.9456,True
041a097d-35df-47a3-9143-887043f003c1,System6,System6_1,2023-03-20 04:46:28+00:00,306.30600000000004,True
0d1369fc-5a29-4487-8b06-b345c9499ffd,System6,System6_2,2023-03-20 04:46:29+00:00,306.30600000000004,True
d408e317-3de8-46db-902d-dd2090e8690b,System8,System8_2,2023-03-20 04:56:37+00:00,20.4204,True
c240462c-e5e4-4112-8220-9a4f8cb32a9e,System1,System1_3,2023-03-20 15:27:41+00:00,375.73536,True
81efba89-879e-4506-a84f-d21d761599b7,System8,System8_4,2023-03-20 18:29:55+00:00,3.6036,True
10f0da28-a7d4-4636-af4f-08ce68b725b4,System8,System8_2,2023-03-20 18:42:42+00:00,19.2192,True
59995730-aaa0-4b91-901d-9ca0296a31d1,System6,System6_1,2023-03-20 18:48:19+00:00,383.1828,True
86afa307-9a92-43f3-a8d3-e870a80a3b9f,System8,System8_2,2023-03-20 20:30:44+00:00,37.8426048,True
09ca1a5e-c51e-4398-82d1-0466443929c0,System1,System1_3,2023-03-20 21:48:54+00:00,352.67232,True
1c0c875d-bc1f-411f-b5ab-402c58d8bc2f,System8,System8_4,2023-03-21 00:41:44+00:00,3.6036,True
de6eff6a-1f3f-49b7-b1eb-bfd1f468665d,System1,System1_3,2023-03-21 01:25:08+00:00,344.98464,True
94ff0d74-bdfe-4d70-a749-6017fb8e7aed,System8,System8_4,2023-03-21 12:03:24.750000+00:00,3.6036,True
06b42775-3905-415f-8ef4-5f94d5777eff,System6,System6_2,2023-03-21 12:04:28+00:00,421.6212,True
4ff4f293-e9c1-4c8f-980f-4d106c5a484f,System6,System6_1,2023-03-21 12:04:47+00:00,344.74440000000004,True
b7e396da-5c0e-4770-9a85-f8988e8d5ab9,System8,System8_2,2023-03-21 12:18:30+00:00,21.6216,True
59cc36b1-a171-4bb8-90e5-5e70493cfcb0,System3,System3_3,2023-03-21 12:46:01+00:00,30289.4592,True
cd94d0fb-5555-4688-9518-5625dcd01ef4,System1,System1_3,2023-03-21 13:01:41+00:00,337.29696,True
cd31ad1d-1e87-4911-9014-4063dfeef55d,System1,System1_3,2023-03-21 16:06:34+00:00,344.02368,True
5d9ce0c3-8ff6-4f11-9c23-686de4648d9e,System8,System8_4,2023-03-21 18:21:49.750000+00:00,3.6036,True
2e09ab51-52b2-4195-9f0b-aaaf34f7305e,System1,System1_3,2023-03-21 19:54:42+00:00,343.06272,True
adf25d44-1c05-481d-a36a-61d5f36f2bd8,System8,System8_4,2023-03-21 21:51:46+00:00,3.6036,True
b8a8334a-6d03-4482-848c-fdab3c90e3fa,System8,System8_2,2023-03-21 22:13:45+00:00,19.2192,True
54515524-99b8-4259-8ddd-dd04159273e2,System1,System1_3,2023-03-21 22:34:11+00:00,361.32096,True
1b9860f5-4e58-40c9-88ee-064674f133ed,System6,System6_2,2023-03-21 22:36:10+00:00,383.1828,True
db5c13ca-63ce-4fb5-9390-b417b531c722,System6,System6_2,2023-03-22 17:27:19+00:00,383.1828,True
d1025faf-f86c-471e-97c8-8c09daf2b3bc,System6,System6_1,2023-03-22 17:27:26+00:00,421.6212,True
48aad552-4f46-4a2c-8872-0c67aee8bb16,System6,System6_2,2023-03-23 01:51:03+00:00,344.74440000000004,True
646146d4-0ef8-4051-8715-f33bc8643f42,System3,System3_3,2023-03-23 01:51:16+00:00,30222.192000000003,True
044c16a6-e9cf-422b-9211-c22a1d114914,System6,System6_2,2023-03-23 14:29:55+00:00,344.74440000000004,True
ec2ff3af-2c0c-4cd6-b992-19fccfdad5ee,System6,System6_1,2023-03-25 10:46:26+00:00,421.6212,True
fc02c106-a46c-4cd1-ba99-7441505fa5ca,System11,System11_1,2023-03-25 20:57:10.875000+00:00,114.6713568,True
e561dca6-d037-4025-8e98-22de9fdfbaf2,System8,System8_4,2023-03-26 14:16:46.500000+00:00,3.6036,True
9008d1d5-6289-422e-841f-b930165b26fd,System8,System8_4,2023-03-26 19:47:26+00:00,3.6036,True
2ab4577c-2e33-4aa6-aab5-bbbac598af15,System6,System6_1,2023-03-26 19:47:30+00:00,306.30600000000004,True
6cb14cd8-4d14-4723-8b4f-912c8067db69,System3,System3_3,2023-03-27 02:41:55+00:00,30318.288,True
3e0398c4-5acb-4498-97be-119dc3660cf0,System3,System3_3,2023-03-27 04:58:41+00:00,30212.5824,True
c578bff4-ee8f-413a-b650-ef640ea22efa,System3,System3_3,2023-03-27 14:45:49+00:00,30251.0208,True
e8c4f806-e686-4c37-8809-70b7758662a0,System8,System8_4,2023-03-27 16:14:27+00:00,3.6036,True
6ab61331-b13c-4a6d-a6d8-89696506da5e,System6,System6_2,2023-03-27 18:01:36+00:00,344.74440000000004,True
e089ac20-91ff-4851-8d86-e444833ec8b1,System8,System8_4,2023-03-27 23:31:43+00:00,3.6036,True
8dd297c7-987f-4da2-910f-9da5f8d56613,System6,System6_2,2023-03-28 23:35:27+00:00,383.1828,True
69f02f5f-9633-41fb-b3dc-599ccaee60a1,System6,System6_1,2023-03-28 23:36:09.250000+00:00,1.2012,True
0d391e33-3f1c-440f-8a1d-683323ee37be,System13,System13_2,2023-03-29 13:05:59+00:00,28.8288,True
8af5454b-f1a8-4818-8a90-619d40baa604,System8,System8_4,2023-03-29 13:23:48+00:00,3.6036,True
012a6461-dc2f-4839-9217-f55be73708c6,System6,System6_2,2023-03-29 13:24:25+00:00,344.74440000000004,True
7e6f9704-8fc3-47ac-961a-c3664f3e8ba0,System6,System6_1,2023-03-29 14:44:24+00:00,306.30600000000004,True
d20734d0-8795-4301-99b1-753d68dc807c,System8,System8_4,2023-03-29 16:25:00+00:00,3.6036,True
ef1a6a57-f344-47e6-8a0d-3ca844a3e324,System3,System3_3,2023-03-29 17:35:16+00:00,30241.4112,True
3e20b40d-aee5-4080-bd5e-42901426411b,System12,System12_3,2023-03-30 13:17:05+00:00,28.8288,True
9c0da808-fbcf-47e3-bf3c-eae6119b1868,System8,System8_2,2023-03-30 22:24:55+00:00,20.4204,True
83e727e4-d8d3-4490-96ed-50472b82219e,System11,System11_1,2023-03-30 22:25:38.875000+00:00,10.9741632,True
1a6ed402-00c3-4a2e-a040-5f1bd8302d7c,System8,System8_4,2023-03-31 00:02:37+00:00,3.6036,True
4f7da87f-2ff8-4701-80cf-e624c9c1d7f3,System11,System11_1,2023-03-31 00:29:06.875000+00:00,9.2924832,True
37979bd8-2e5e-4b90-816f-bcd2b5273537,System8,System8_4,2023-03-31 01:44:51+00:00,3.6036,True
c44ce9a6-ddb2-4476-bb78-f77cac1fe49b,System8,System8_4,2023-03-31 13:33:31.500000+00:00,3.6036,True
a7ae754e-96d5-406e-a5eb-081db59c6db5,System4,System4_1,2023-03-31 13:33:43+00:00,2.88288,True
77ed8c96-8384-451b-b305-c32d84caca58,System8,System8_4,2023-03-31 15:54:16+00:00,3.6036,True
23d34ce0-4ded-44bc-93b8-3c816e2b63c2,System6,System6_1,2023-03-31 18:45:36+00:00,306.30600000000004,True
a1474438-6e89-4d62-b26a-9be9c3681f3d,System6,System6_2,2023-03-31 18:45:37+00:00,306.30600000000004,True
b1f34775-22ab-4a94-9c5d-8d4b861dc19d,System6,System6_2,2023-03-31 23:52:17+00:00,383.1828,True
9b33b1a3-8b5c-422e-8188-3ea79a531751,System6,System6_1,2023-03-31 23:52:24+00:00,383.1828,True
f00b4eb1-d736-44d7-9211-4d12c6b620d1,System3,System3_3,2023-04-01 03:43:09+00:00,30289.4592,True
e93d0342-387d-47c6-a89c-e2f628f608c7,System12,System12_3,2023-04-02 14:15:03+00:00,28.8288,True
4ada5392-1e36-4c25-8fe7-f93f557054cd,System8,System8_4,2023-04-02 18:41:01.500000+00:00,3.6036,True
1306287f-88fd-4a74-9ccf-758d09030c64,System4,System4_1,2023-04-02 18:41:13+00:00,2.88288,True
e5b790a9-7933-4441-9435-4012177b3b95,System13,System13_1,2023-04-03 14:14:42+00:00,28.8288,True
f8d26dbc-393a-459b-8eda-15bf6a56eefb,System12,System12_3,2023-04-03 14:15:45+00:00,28.8288,True
75be4596-dfdb-4afd-b800-157d7343ddc9,System8,System8_4,2023-04-03 14:28:05.250000+00:00,3.6036,True
0f03314f-e898-422a-b517-dfc222bd55ad,System11,System11_1,2023-04-03 18:57:29.875000+00:00,11.8486368,True
6ef402df-d301-4d5b-9260-a71c4f55ada2,System8,System8_4,2023-04-04 00:02:53+00:00,3.0078048,True
4aa5f86e-b0ca-4b36-a3bd-8f3d49ce214c,System8,System8_2,2023-04-04 00:27:29+00:00,28.233004800000003,True
3b1e664f-0f51-422f-a9f0-77131d58d3a7,System8,System8_2,2023-04-04 15:46:48+00:00,21.025804800000003,True
c3e49845-27d3-4355-8553-aea055bcf2c4,System11,System11_2,2023-04-04 19:14:40.875000+00:00,78.3951168,True
d5867fcc-7781-4452-be8b-c03e0367a56d,System12,System12_3,2023-04-05 12:14:56+00:00,28.8288,True
0b23c3b0-9497-4861-b4d2-d3dff9ea7e8e,System4,System4_2,2023-04-05 12:28:02+00:00,4.372368000000001,True
5f72714b-e97c-4453-83dd-4c3b8adce6f4,System4,System4_1,2023-04-05 12:28:02+00:00,4.8048,True
c6935d14-7a44-4726-93dc-1f202ffcf647,System6,System6_2,2023-04-05 22:12:53+00:00,344.74440000000004,True
afd4a6f7-4276-407a-9a01-a21486a187d0,System9,System9_1,2023-04-05 23:42:40+00:00,5660.0544,True
3df1db4d-6278-4e6b-8e96-ff4e0325e2f5,System11,System11_1,2023-04-06 01:15:26.875000+00:00,11.8486368,True
b95dd545-f83e-46f6-8e8a-511f0b0d8273,System6,System6_2,2023-04-06 01:18:05+00:00,306.30600000000004,True
e063b1a0-2715-4a4b-983d-3190cebf0107,System5,System5_1,2023-04-06 04:31:48+00:00,2.4024,True
a4cd54a1-954a-49f8-adca-998f0834bfdf,System4,System4_1,2023-04-06 04:31:53+00:00,2.88288,True
078d1596-285d-40d4-a2fd-efc6a3f7df29,System8,System8_4,2023-04-06 18:46:57+00:00,3.6036,True
6cc71477-bbd5-4a18-9ebc-8d8112ab3937,System4,System4_1,2023-04-07 01:45:17+00:00,2.88288,True
b1fdaff4-efab-4aa5-a842-7067f757ea6f,System6,System6_2,2023-04-07 01:58:14+00:00,306.30600000000004,True
9504696c-986e-4fea-a46b-ecc035a0845a,System6,System6_2,2023-04-07 15:32:11+00:00,306.30600000000004,True
234ed622-bd55-4aab-a8ef-8aa28cf57421,System6,System6_2,2023-04-07 15:35:11+00:00,306.30600000000004,True
5a6cec8b-cdde-43c5-9cf5-afb353e41783,System6,System6_1,2023-04-07 16:11:30+00:00,344.74440000000004,True
9cbf7b75-5259-4979-afe2-c8e309aa397b,System6,System6_2,2023-04-07 16:11:31+00:00,306.30600000000004,True
3d4a54a8-39d4-4d9e-8da7-a119000a349b,System6,System6_1,2023-04-07 20:53:58+00:00,344.74440000000004,True
16c372e4-bb45-4d2e-8566-86f9a552139c,System4,System4_1,2023-04-08 20:42:35+00:00,2.88288,True
c6e95086-2761-4787-9c82-25bd9c96946e,System11,System11_2,2023-04-08 22:55:36.875000+00:00,87.6876,True
13e989b0-9687-4e02-a052-aad0d619e04a,System3,System3_3,2023-04-08 22:57:13+00:00,30231.801600000003,True
489bd40d-7613-4703-b97d-43ebca49a6be,System9,System9_1,2023-04-08 23:23:51+00:00,5909.904,True
cb28cae5-f18b-4b32-8966-e40416ebc8d6,System8,System8_4,2023-04-09 01:56:25.250000+00:00,3.6036,True
5571c33a-6c3b-4408-b3b6-e6830e3e1b0f,System13,System13_1,2023-04-09 14:05:33+00:00,28.8288,True
25ecde06-9107-429c-bcb8-14f14522f6e3,System8,System8_4,2023-04-09 14:25:27+00:00,3.6036,True
2ae795b2-89f6-4649-b981-aae6dabd8790,System8,System8_4,2023-04-09 16:10:13+00:00,3.6036,True
32541a57-061d-4022-b850-3467cf0348c0,System3,System3_3,2023-04-09 17:29:23+00:00,30327.8976,True
93561fd3-a0a4-48e8-b265-ac409a9944bc,System3,System3_3,2023-04-09 22:55:51+00:00,30375.945600000003,True
4c8faf78-cbd0-463b-bf42-a2352012eb72,System13,System13_1,2023-04-10 13:00:00+00:00,28.8288,True
501fd1d4-3d50-4aa8-a116-6d679fe4652a,System12,System12_3,2023-04-10 14:01:10+00:00,38.4384,True
e79cf782-32d3-4b48-b180-dce0c592fe32,System8,System8_2,2023-04-11 03:31:31+00:00,19.824604800000003,True
1748557e-e040-46af-9c4f-143034d6db13,System9,System9_1,2023-04-11 14:51:27+00:00,5833.0272,True
e65013f2-942d-4720-b7b8-f11878be4cab,System4,System4_1,2023-04-11 16:10:47+00:00,2.88288,True
bd42c014-d5a6-4125-9990-b520552fcd91,System3,System3_3,2023-04-11 18:14:43+00:00,30212.5824,True
7972deed-2408-4672-92c8-9afba4a03d7e,System6,System6_1,2023-04-11 22:44:00+00:00,306.30600000000004,True
8a8a456e-c88d-4a6c-8098-87f3e67cc450,System6,System6_2,2023-04-11 22:44:57+00:00,306.30600000000004,True
387974c0-9d6e-4569-8064-ecc6ead3b052,System4,System4_1,2023-04-12 01:38:49+00:00,2.88288,True
526fabd9-ec97-4d94-b8d4-422deb324e8d,System6,System6_2,2023-04-12 02:08:38+00:00,306.30600000000004,True
4f878dc7-8e11-46f8-9ef0-e5e20d2498d5,System6,System6_1,2023-04-12 02:08:41+00:00,344.74440000000004,True
7490159d-4608-4665-9e8a-b1619d6187c9,System13,System13_1,2023-04-12 13:38:35+00:00,28.8288,True
7f043d46-b417-4f08-9d36-f3865451f391,System12,System12_3,2023-04-12 14:05:15+00:00,28.8288,True
b27f6d58-0ae9-4eee-8fd1-fb578882f08b,System11,System11_2,2023-04-12 14:34:09.875000+00:00,73.59031680000001,True
e7f01dc9-da4d-4f37-aeaf-118bb7e63a8c,System8,System8_2,2023-04-12 14:52:13+00:00,19.824604800000003,True
f28df7ff-88fe-483e-85cf-ec4f5da33c01,System4,System4_1,2023-04-12 16:49:17+00:00,2.88288,True
b052e052-2cbc-4068-b53c-46354a8d619c,System11,System11_2,2023-04-12 19:03:18.875000+00:00,91.2143232,True
8201d074-cbde-4501-9aac-416a35a4e2d2,System6,System6_2,2023-04-12 20:57:38+00:00,306.30600000000004,True
f1a84051-8421-4c79-a692-9b72a4c1499b,System6,System6_2,2023-04-12 22:19:30+00:00,306.30600000000004,True
8e9c29ae-86ba-49b0-b86d-3210df3f22e4,System4,System4_1,2023-04-13 00:57:46+00:00,2.88288,True
c97bc272-8400-4675-8f41-a94728b85496,System13,System13_1,2023-04-13 13:57:50+00:00,28.8288,True
8a27b78a-d8b2-4dd1-a261-886ac236dccd,System6,System6_2,2023-04-13 15:50:08+00:00,344.74440000000004,True
00c1a5c7-aed3-475c-a932-eb7a6ed7249a,System6,System6_1,2023-04-13 20:14:29+00:00,344.74440000000004,True
de6859ca-9fce-494a-bbcb-ccc3257022dd,System4,System4_1,2023-04-13 23:57:14+00:00,2.88288,True
2f4d8827-e9c4-40f9-a45c-76b733abed0f,System8,System8_4,2023-04-16 13:02:43+00:00,3.6036,True
d0061822-78bf-48bb-b174-a7c3ac081968,System4,System4_1,2023-04-16 18:12:28+00:00,2.88288,True
dc9360ff-1448-4761-97bd-206478546cda,System6,System6_2,2023-04-16 18:41:57+00:00,306.30600000000004,True
635d9d4a-72ab-45a0-a2b2-e98cc0bc165c,System8,System8_4,2023-04-16 19:51:07+00:00,3.6036,True
b96feadc-2240-49f7-8a31-a6ea82d00b30,System11,System11_2,2023-04-16 20:14:22.875000+00:00,10.4552448,True
f2217ce2-f0d2-47e4-8a02-d758b82ebf62,System6,System6_2,2023-04-16 23:39:42+00:00,306.30600000000004,True
bdd0577f-2eba-4dc6-900b-20de3a852f30,System4,System4_1,2023-04-18 13:39:09+00:00,2.88288,True
1197b18a-2c14-467f-9e2d-7bf2052730a9,System6,System6_1,2023-04-19 03:12:15+00:00,306.30600000000004,True
ac5a9d8a-e83b-4528-9f12-88f4647230ea,System4,System4_1,2023-04-19 10:10:40+00:00,2.88288,True
350dfc21-52fb-4178-9042-4fc1a650876c,System6,System6_1,2023-04-19 10:11:16+00:00,421.6212,True
e22a9316-4fc2-40cb-aa29-485a7c59c6e8,System4,System4_2,2023-04-19 15:11:29+00:00,3.0174144000000003,True
1f81f073-c8e1-4753-8f12-bd02840f79ae,System4,System4_1,2023-04-19 15:11:29+00:00,3.84384,True
25aaec4b-b477-4cd6-9218-03ede8cbd0d5,System6,System6_2,2023-04-19 15:11:54+00:00,306.30600000000004,True
3d151a42-9bfd-4670-b2a7-7cbea5b21200,System10,System10_1,2023-04-19 20:34:37+00:00,124.9248,True
3791f6d3-6472-4b08-ae81-4c27da1434b9,System4,System4_1,2023-04-19 22:48:52+00:00,2.88288,True
794fa700-fe22-4c95-ba53-030587696e86,System5,System5_1,2023-04-19 23:33:42+00:00,16.8168,True
831335e7-5656-4eab-9510-2a429e5747ee,System9,System9_1,2023-04-19 23:47:40+00:00,5640.8352,True
fb3a3e23-4ba3-4d39-a92e-41ae4f9ed5c6,System8,System8_4,2023-04-20 12:31:47+00:00,3.6036,True
2a242baf-d0cd-4102-b29e-54fcc8094f7e,System8,System8_2,2023-04-20 15:03:12+00:00,19.2192,True
23b11726-83c8-4d68-8cd4-648482668ec2,System11,System11_1,2023-04-20 15:43:55.875000+00:00,79.5002208,True
2c32ceb3-77b8-45ba-81aa-57c75c8940ef,System6,System6_2,2023-04-20 15:57:03+00:00,306.30600000000004,True
dd328e1c-2f49-4f25-97cc-e68744054786,System6,System6_1,2023-04-20 15:57:06+00:00,306.30600000000004,True
17a4aed8-be50-4446-9f18-68dace38ae40,System9,System9_1,2023-04-20 16:04:50+00:00,5756.1504,True
9315956b-b9cf-4282-8f37-84afc91204ab,System4,System4_1,2023-04-20 23:24:33+00:00,2.88288,True
ece79f08-0ec1-41eb-9b8a-334bde6ee67a,System12,System12_3,2023-04-21 11:39:21+00:00,28.8288,True
3efc7860-274c-474e-923b-167a67cceaeb,System6,System6_2,2023-04-21 11:59:12+00:00,421.6212,True
5f8fa117-1887-48f9-9228-f6da8dccdf04,System8,System8_2,2023-04-21 12:10:30+00:00,20.4204,True
fb8421f7-71f6-433c-afe8-f390172d7a19,System11,System11_1,2023-04-21 21:20:53.875000+00:00,83.68039680000001,True
a62f8aaf-0b41-462f-a74f-a5fe1c0471c2,System4,System4_1,2023-04-22 01:19:12+00:00,2.88288,True
69e732c5-4562-454b-b668-22bcc7b49857,System13,System13_1,2023-04-22 11:53:34+00:00,28.8288,True
08839325-1501-46a1-b205-07d91236f193,System4,System4_1,2023-04-22 12:04:22+00:00,2.88288,True
fcfd1bbf-1bbb-4a11-aae4-75fa1e6a9fb8,System4,System4_1,2023-04-22 14:16:11+00:00,2.88288,True
e33325cb-fba7-4322-83d5-03372cfa3653,System12,System12_3,2023-04-22 17:49:58+00:00,28.8288,True
5d2ce626-9ec0-4018-a31f-ce6731885899,System8,System8_4,2023-04-22 17:54:35.500000+00:00,3.6036,True
10f4adba-fbf5-4f12-8a77-10e6290c36dc,System4,System4_1,2023-04-22 17:54:47+00:00,2.88288,True
7f9b6f2d-703e-4b23-93bd-1e54b0d769e4,System4,System4_1,2023-04-22 23:41:08+00:00,2.88288,True
3f7cf999-c480-4def-b679-e6751149a8e7,System13,System13_1,2023-04-23 12:32:53+00:00,28.8288,True
a02463ab-a0da-4974-ad24-f82ff8279bb5,System4,System4_1,2023-04-23 12:41:14+00:00,2.88288,True
aa8ad307-b182-4d12-b19a-c764ea48c7b5,System4,System4_1,2023-04-23 15:44:30+00:00,2.88288,True
c589a02c-f1b9-4dfd-8a16-458ec7604a83,System6,System6_2,2023-04-23 15:48:31+00:00,8.4084,True
c401c811-8d99-48ce-96d2-d65064334ab3,System4,System4_1,2023-04-23 18:06:01+00:00,2.88288,True
5ef23e9e-1a69-4a0a-b575-712ceeb43d5c,System6,System6_1,2023-04-23 18:06:17+00:00,306.30600000000004,True
85ba2c53-18a7-4808-a822-31ccc9ab4032,System4,System4_1,2023-04-23 20:14:22+00:00,2.88288,True
3ab013d0-9cff-43cf-b7b5-1ce0abaa4e6b,System4,System4_1,2023-04-23 22:40:26+00:00,2.88288,True
d450425b-3e99-4d6b-aca3-2343a37df795,System4,System4_1,2023-04-24 12:25:47+00:00,2.88288,True
0329137f-5ad9-434c-addc-e00509cb2c0e,System8,System8_2,2023-04-24 12:50:03+00:00,19.824604800000003,True
bd9d5645-3480-4619-a381-43140c737201,System6,System6_2,2023-04-24 13:59:52+00:00,344.74440000000004,True
5ea71a1d-2ff0-4fc5-a6f9-b3631e5606db,System6,System6_1,2023-04-24 14:00:03+00:00,306.30600000000004,True
5ebf17c3-ded8-45b6-a4da-19f48a7b286e,System4,System4_1,2023-04-24 19:32:19+00:00,2.88288,True
0fb915ac-ec3d-4cf7-a0cd-50c4ecea4440,System3,System3_3,2023-04-25 02:17:05+00:00,30231.801600000003,True
5b485d88-4710-44ed-9e0f-cfe29fdcace6,System4,System4_1,2023-04-25 11:07:09+00:00,3.84384,True
f2c4578e-d1e3-4b26-a200-8a7595836a2f,System11,System11_1,2023-04-25 11:11:47.875000+00:00,74.95488,True
a6259891-3fe7-432f-aa7c-c54cb82b80d6,System3,System3_3,2023-04-25 12:03:25+00:00,30337.5072,True
fa88174c-f5e4-4ac5-8a62-9299ab221dd8,System4,System4_1,2023-04-25 14:11:37+00:00,2.88288,True
9693df4d-9ef5-4728-a37f-7dcc87db224e,System4,System4_1,2023-04-25 17:12:13+00:00,2.88288,True
690c23a4-7188-4e8a-ac8e-7137ed9565aa,System8,System8_2,2023-04-25 19:06:16+00:00,22.227004800000003,True
07d2f78b-3976-4650-a520-e6a3abb8de96,System8,System8_4,2023-04-25 22:06:12.750000+00:00,3.6036,True
343ce510-e491-4e42-a7f8-dc2090ef2ca3,System4,System4_1,2023-04-25 22:06:25+00:00,2.88288,True
8a85c0d9-6010-44ac-bc9b-19d5653b3a32,System4,System4_1,2023-04-25 23:49:25+00:00,2.88288,True
26f7f3ea-31e4-412b-8047-d2daec0b1128,System8,System8_4,2023-04-25 23:50:06+00:00,3.0078048,True
ac485fc9-88bf-40f2-8a99-19e96dab2748,System8,System8_2,2023-04-26 00:02:28+00:00,31.836604800000003,True
ad127933-b621-4ddd-9065-c0354015b65c,System4,System4_1,2023-04-26 02:35:49+00:00,2.88288,True
0e6d49e0-9abe-4b2e-9b0e-7dc88774f0bd,System6,System6_1,2023-04-26 02:36:13+00:00,383.1828,True
68b8f9ae-0857-4283-9b86-74620f97bc14,System4,System4_1,2023-04-26 10:29:43+00:00,3.84384,True
47580f6f-b3a0-4963-ad12-fb4656847914,System6,System6_2,2023-04-26 10:30:16+00:00,383.1828,True
62f286a5-2b9b-4032-824b-d466b92bd160,System6,System6_1,2023-04-26 10:30:23+00:00,383.1828,True
4b77781a-da3a-4ff0-80df-7dacd0f9e151,System4,System4_1,2023-04-26 12:33:59+00:00,2.88288,True
f2d8e4cd-6e0f-4856-9caf-9175d4e2c31d,System8,System8_4,2023-04-26 12:34:36+00:00,3.6036,True
da3511ed-cd63-41ff-b2c8-19ee7850676c,System4,System4_1,2023-04-26 15:09:47+00:00,2.88288,True
8ea46b38-faa3-41d3-953e-b0eca49c7915,System6,System6_1,2023-04-26 15:10:03+00:00,306.30600000000004,True
8947a187-2d01-4a7f-8304-0e977290e589,System6,System6_2,2023-04-26 16:00:28+00:00,306.30600000000004,True
c52f0ed3-f92c-475a-9324-dcac1fc1f5dd,System4,System4_1,2023-04-26 21:43:35+00:00,2.88288,True
95db3344-d976-4279-8fee-539ebc8e1db9,System11,System11_1,2023-04-26 23:01:02.875000+00:00,71.99512320000001,True
190007e8-5d8f-4357-a459-f060ec3b719f,System4,System4_1,2023-04-27 01:05:34+00:00,2.88288,True
8cdbc428-b829-411c-8eeb-5e50b5184aea,System3,System3_3,2023-04-27 02:15:52+00:00,30251.0208,True
82542f0e-b80c-40f7-ac27-96c4c07ced48,System6,System6_1,2023-04-27 03:11:14+00:00,383.1828,True
adbde0d4-f2f2-45f1-bcd7-a795706eb9bb,System6,System6_2,2023-04-27 03:11:19+00:00,306.30600000000004,True
130c1e3b-2c5d-4134-9ade-f8882a06eb6a,System12,System12_3,2023-04-27 10:34:52+00:00,28.8288,True
1b0f2e3b-cb02-43c9-a1f7-a608fcb7af01,System3,System3_3,2023-04-27 13:55:27+00:00,30231.801600000003,True
939f8a87-b72e-4349-8d28-26d63d858b3c,System6,System6_2,2023-04-27 17:37:54+00:00,306.30600000000004,True
09f679b3-2929-4ed2-9cdb-cfbcaaf41303,System8,System8_4,2023-04-28 00:01:32+00:00,3.6036,True
0a861d89-b04b-424d-9aff-7b85257178fb,System8,System8_2,2023-04-28 01:37:27+00:00,20.4204,True
5b190a78-67ca-43d9-acab-8f20a55fe440,System8,System8_4,2023-04-28 16:38:59+00:00,3.6036,True
c2bef3f5-dcae-44a5-a162-1457f78fd2fc,System8,System8_2,2023-04-28 21:35:16+00:00,19.2192,True
55778bcb-98f0-454e-aeeb-70470871a763,System11,System11_1,2023-04-28 23:59:28.875000+00:00,10.8108,True
ecb6df31-b8cc-4a90-b8fa-9a4787c8af3c,System8,System8_4,2023-04-29 10:12:05.500000+00:00,3.6036,True
5e291e82-6997-422f-826b-932d6931f4d3,System8,System8_2,2023-04-29 14:54:26+00:00,21.025804800000003,True
4acf1c1d-7492-4be0-b953-0e25cc677daa,System11,System11_1,2023-04-30 02:22:26.875000+00:00,73.43656320000001,True
7a017de0-7a6e-426c-8a42-dba4bf3f799d,System6,System6_2,2023-04-30 02:37:09+00:00,344.74440000000004,True
8b4b8237-a668-4348-850b-91adfedd47fd,System8,System8_2,2023-04-30 18:25:42+00:00,23.428204800000003,True
3d098f48-a95a-4616-8601-adf0eebb9b6f,System6,System6_2,2023-05-01 00:31:27+00:00,306.30600000000004,True
ea35c9a0-2235-4b21-bd58-54a25a56e1a8,System6,System6_2,2023-05-01 00:34:35+00:00,306.30600000000004,True
20e83a4f-5dbe-4d6c-a2a6-a7e06d22f197,System6,System6_2,2023-05-01 00:41:19+00:00,306.30600000000004,True
f7f66416-2f37-490a-8daf-58b39f2a1641,System6,System6_2,2023-05-01 00:47:43+00:00,306.30600000000004,True
1654f7d2-94d4-466d-af24-de8eeca282a9,System8,System8_4,2023-05-01 03:11:01+00:00,3.6036,True
1e1b60c4-8158-43d9-988a-476b337badcd,System8,System8_2,2023-05-01 03:28:19+00:00,21.6216,True
32371fc8-6189-4524-aca5-4a5337d8749f,System5,System5_1,2023-05-01 10:09:58+00:00,2.4024,True
c1c03f75-b0db-4cb5-abd6-ad9c8e1ef8c6,System8,System8_2,2023-05-01 10:49:59+00:00,19.824604800000003,True
9a4049f4-98b0-44a7-8269-d1724d81a30c,System4,System4_1,2023-05-01 19:37:54+00:00,2.88288,True
51e966a6-0e91-4288-a8f6-62fb52ae13f0,System4,System4_2,2023-05-01 19:37:54+00:00,2.5369344000000003,True
d04cbb0e-16a3-4b1e-b1e3-e0210647e027,System8,System8_2,2023-05-01 22:16:18+00:00,38.4384,True
ba5934e4-9c9a-4f37-a1e6-b3c8353379fc,System8,System8_4,2023-05-02 01:02:23+00:00,3.6036,True
d9a7fc32-8795-40d5-bff2-533ab1d7ee73,System6,System6_1,2023-05-02 02:29:44+00:00,344.74440000000004,True
7a5f3b6b-b3da-4b1c-b353-65aedd33be3e,System6,System6_2,2023-05-02 02:29:45+00:00,306.30600000000004,True
05252d61-770b-46a5-98ad-cb57c368c162,System8,System8_2,2023-05-02 19:43:46+00:00,19.2192,True
dc3f8d04-7ba1-4e96-8b7f-8d57415788ee,System4,System4_1,2023-05-02 22:59:55+00:00,5.76576,True
fb82dbc5-a673-433b-8864-be0e1a8c8a54,System4,System4_2,2023-05-02 22:59:55+00:00,4.843238400000001,True
050bbf83-a2cc-4145-afa4-2af2cb7d5dad,System6,System6_2,2023-05-02 23:04:16+00:00,8.4084,True
3491b325-1b5a-4fa0-be40-5dfcdfccd263,System13,System13_1,2023-05-03 11:30:01+00:00,38.4384,True
c45981df-4121-4a08-99cd-94e317b7278e,System6,System6_1,2023-05-03 12:03:37+00:00,306.30600000000004,True
dc4d8040-9a1a-4877-a0a6-ddae3fa10f0f,System8,System8_2,2023-05-04 02:55:14+00:00,19.824604800000003,True
08b91907-ed2d-4da3-a3ac-18434901482f,System8,System8_4,2023-05-04 11:08:34+00:00,3.6036,True
de77015c-b60e-49ee-b7d0-72c85d5611bd,System8,System8_2,2023-05-04 11:28:20+00:00,22.227004800000003,True
e97fd1ed-665a-47ea-ad28-8fe9a24363cf,System6,System6_1,2023-05-04 15:44:02+00:00,344.74440000000004,True
1abd1973-76e4-4f53-a2a3-c93aa173e826,System6,System6_2,2023-05-04 15:44:03+00:00,306.30600000000004,True
15d38520-589a-4c82-b411-b13dc3a973ce,System6,System6_1,2023-05-04 18:17:43+00:00,344.74440000000004,True
eeca5793-7be4-4c7d-a971-4e146778111f,System6,System6_2,2023-05-04 23:25:22+00:00,306.30600000000004,True
88a9617a-9c65-4992-ad81-373f3b2308f4,System6,System6_1,2023-05-04 23:25:25+00:00,344.74440000000004,True
d3c71ad5-55b6-4a99-a6ab-afe75e531cd5,System6,System6_2,2023-05-05 01:45:06+00:00,383.1828,True
a51bbc74-ba24-4fb4-a7fe-956e3c4ca1ed,System6,System6_1,2023-05-05 01:45:21+00:00,344.74440000000004,True
533a20b8-68a2-4cb7-967b-42567f94279c,System6,System6_2,2023-05-05 16:36:41+00:00,421.6212,True
6b426e9f-d7d9-45a2-8b12-1bb846f69cec,System5,System5_1,2023-05-06 02:07:50+00:00,2.4024,True
9600a65b-b5f3-407f-8b14-6361b1c1f566,System8,System8_4,2023-05-06 02:13:20+00:00,3.6036,True
6ca8d8d8-7123-4594-92c6-263b974febe6,System8,System8_2,2023-05-06 15:59:19+00:00,19.2192,True
e0e12b1a-79b6-4517-9639-aa70e74a4e22,System6,System6_1,2023-05-06 16:34:51+00:00,344.74440000000004,True
cfe295e7-1e84-4b41-ba42-86ec5f4f0320,System6,System6_2,2023-05-06 16:35:20+00:00,306.30600000000004,True
3d93ffd4-335a-4d94-a667-454a0f31ec0d,System8,System8_2,2023-05-07 01:34:14+00:00,30.03,True
f1570802-42fb-4645-b98f-745cbe3cae83,System8,System8_4,2023-05-07 02:10:55+00:00,3.6036,True
61d22ae3-ee78-4324-b9a4-0b87811361e3,System5,System5_1,2023-05-07 03:07:50.750000+00:00,50.4504,True
34dfd98c-9a2a-417b-b366-e8dac8626ee6,System8,System8_2,2023-05-07 04:13:49+00:00,19.2192,True
502688d4-2729-4289-a801-9cd17fce5692,System11,System11_1,2023-05-07 06:25:42.875000+00:00,9.6864768,True
55adacd6-eb59-4be5-8fed-477e73804898,System11,System11_2,2023-05-07 06:30:01.875000+00:00,11.4546432,True
2ce97ca7-ecc3-421b-80ef-295349f96503,System6,System6_2,2023-05-07 08:43:53+00:00,306.30600000000004,True
19604f45-678a-40f7-9da3-5985c34b4cf6,System8,System8_4,2023-05-07 20:20:05+00:00,3.6036,True
603d778a-9ef0-48fc-b9ad-6b0a7a9c14ba,System8,System8_2,2023-05-07 20:34:53+00:00,24.024,True
272075d2-3092-4a06-9295-df37068d1ae3,System8,System8_2,2023-05-08 03:19:20+00:00,21.025804800000003,True
c4e4fc9d-a7e1-4630-8a85-d3684524b055,System12,System12_3,2023-05-08 10:44:31+00:00,38.4384,True
d9e70e5f-a3d6-45ea-97bb-956f90287096,System13,System13_1,2023-05-08 10:46:11+00:00,28.8288,True
ab80318d-c3be-4e57-b128-dbcafc704042,System8,System8_2,2023-05-09 11:59:36+00:00,35.440204800000004,True
912a7900-f416-4953-8ef0-789cb6b588e0,System11,System11_1,2023-05-09 12:45:25.875000+00:00,72.23536320000001,True
7f0642f0-5e3d-4c76-a7b1-3f3e045311d5,System8,System8_2,2023-05-09 15:03:42+00:00,38.4384,True
75b7588d-e5ef-4b6b-9a57-e3aab43cf9e4,System6,System6_2,2023-05-10 13:39:57+00:00,306.30600000000004,True
02231861-6a0b-4415-937a-ab292f4d8371,System8,System8_2,2023-05-10 19:13:43+00:00,19.2192,True
ed49a087-6bfa-4477-9260-b838a8e2bb77,System6,System6_2,2023-05-11 01:43:50+00:00,421.6212,True
ce4cd925-43bb-45a5-b18c-3ee4e3d70c02,System6,System6_2,2023-05-11 01:47:38+00:00,306.30600000000004,True
ca246ad8-e29b-4c5b-a2a9-a24bf9acfa47,System3,System3_3,2023-05-11 03:04:27+00:00,30337.5072,True
edd51186-cabe-493d-928b-f709414fb98e,System12,System12_3,2023-05-11 12:00:59+00:00,38.4384,True
98b84988-662c-461e-bfa8-aad1eeb327fb,System8,System8_4,2023-05-12 00:25:16+00:00,3.6036,True
9c034987-fd18-419c-8ec0-4a96e22c22f7,System12,System12_3,2023-05-12 10:22:03+00:00,28.8288,True
b18da802-eea4-49e5-843f-96b52f50c575,System8,System8_2,2023-05-12 10:56:09+00:00,19.2192,True
2ccd7fa8-ef75-4def-b745-f1ad1262988d,System8,System8_2,2023-05-12 16:50:34+00:00,21.6216,True
71e44c55-1cf7-4dae-8dc9-10171090d0b2,System8,System8_2,2023-05-13 02:48:57+00:00,27.031804800000003,True
3efc859a-8b16-410f-adb5-c66ced20b254,System12,System12_3,2023-05-13 13:45:34+00:00,28.8288,True
d1667f36-59b7-426b-8371-6bf22b2a207e,System11,System11_1,2023-05-13 14:00:32.875000+00:00,9.6864768,True
f545fc4c-13d1-4211-9f7a-ade24b06d17b,System8,System8_2,2023-05-13 14:14:07+00:00,28.233004800000003,True
bd5cc4a3-2ee8-4546-8280-3331aec207a3,System8,System8_4,2023-05-13 15:14:41+00:00,3.6036,True
34439e59-5891-40ce-a7d1-dfcbc0460e55,System8,System8_2,2023-05-13 17:11:18+00:00,35.440204800000004,True
d68f1bfb-6ecc-4bce-81b5-b15a2035109a,System8,System8_2,2023-05-13 20:28:55+00:00,23.428204800000003,True
3c43a40f-8531-42fa-a1af-eb36b5b4f4b6,System6,System6_2,2023-05-13 21:31:04+00:00,344.74440000000004,True
35016adb-36b7-4ac8-bca1-82579a89eff1,System6,System6_2,2023-05-13 21:34:16+00:00,344.74440000000004,True
bd5e1c87-df91-4e1e-a127-cc7fcda4116b,System9,System9_1,2023-05-13 22:00:59+00:00,5727.3216,True
20ba5cce-f37f-4d0d-8c27-ddc58305fb9a,System11,System11_2,2023-05-13 23:24:24.875000+00:00,11.6083968,True
8bb243a1-c8f3-4dd1-bf3b-d78232f7496f,System6,System6_2,2023-05-14 00:34:36+00:00,383.1828,True
38e1ebf0-6a29-40d1-b189-8dacd7e54356,System6,System6_1,2023-05-14 00:34:47+00:00,306.30600000000004,True
619671df-fd88-4242-be83-6b7aef0f93f5,System12,System12_3,2023-05-14 10:15:07+00:00,28.8288,True
837062d2-7081-45e4-ae61-67949e336399,System6,System6_2,2023-05-14 10:34:38+00:00,306.30600000000004,True
e48e5fd4-a7f3-4ac3-ab2f-349153c50f6a,System8,System8_2,2023-05-14 15:14:47+00:00,22.8228,True
bab74d82-925c-4421-9865-6e00e78d9e8f,System4,System4_2,2023-05-14 21:49:26+00:00,4.2186144,True
c727eb50-cf0d-4114-a01a-caadb9a78bbe,System4,System4_1,2023-05-14 21:49:26+00:00,4.8048,True
0890274b-759c-4e41-b358-92c76d1d4d08,System6,System6_2,2023-05-15 02:32:52+00:00,306.30600000000004,True
cc2ace38-e99f-4ec2-b680-a5baa2f80730,System6,System6_2,2023-05-15 02:43:08+00:00,1.2012,True
87074b85-6dd4-4f1b-8448-66aac6ca621a,System9,System9_1,2023-05-15 02:45:51+00:00,5775.3696,True
ec624d50-0ed3-49bc-afba-2e91bf797e1b,System8,System8_2,2023-05-15 12:40:47+00:00,19.824604800000003,True
220bec68-d3c2-41f7-aeb3-0c0a42ef2e74,System11,System11_1,2023-05-15 12:59:47.875000+00:00,90.6473568,True
3a4f8a88-f658-4577-bf44-c064b02c54fe,System9,System9_1,2023-05-15 17:15:57+00:00,5775.3696,True
1043d6c3-c288-4804-86f7-1d9a03d6d738,System9,System9_1,2023-05-15 21:38:01+00:00,5842.6368,True
1df64c1d-8575-4935-8894-ec943082efab,System6,System6_2,2023-05-16 02:01:46+00:00,306.30600000000004,True
a8cbe965-15cb-4494-9740-8beefb05aa39,System6,System6_2,2023-05-16 02:53:30+00:00,344.74440000000004,True
9197b118-5c8f-4405-b603-d7cc91ef7f44,System6,System6_1,2023-05-16 03:12:57+00:00,306.30600000000004,True
7c5401ac-01d0-4fcb-8a3b-9c70aa236c9d,System8,System8_2,2023-05-16 03:21:55+00:00,21.025804800000003,True
3d590d5a-f86d-4dec-b749-32e2c5eaa91c,System5,System5_1,2023-05-17 10:41:59+00:00,2.4024,True
35be5ff7-562b-423c-a797-4d483ff41e02,System6,System6_2,2023-05-18 00:48:23+00:00,344.74440000000004,True
71a0dcb1-018b-47dc-b9e4-f97de6d6d680,System6,System6_2,2023-05-18 00:57:11+00:00,421.6212,True
9aa290b8-08b2-49c0-bd83-a8f522bda740,System6,System6_1,2023-05-18 00:57:14+00:00,383.1828,True
70c79ce6-4729-41bc-a2d8-d255d813c63a,System5,System5_1,2023-05-18 05:57:28+00:00,24.024,True
7f64bebc-24f3-4b62-80d7-b1b633b7171d,System5,System5_1,2023-05-18 15:43:29+00:00,16.8168,True
2dd89727-1b1b-48b0-9eef-b9040211bd17,System11,System11_1,2023-05-18 18:50:33.875000+00:00,11.6948832,True
24bacd8e-70af-4484-9a5a-5c4c6fa5ba51,System8,System8_4,2023-05-18 21:01:08+00:00,3.6036,True
0615f84c-0364-4d86-b6d0-5004e37f679b,System10,System10_1,2023-05-18 21:33:46+00:00,163.3632,True
29a109f1-994e-4c30-af1a-3b0132d94018,System5,System5_1,2023-05-19 01:43:15+00:00,16.8168,True
8f82d086-1688-4d9b-ada5-4696568e18e5,System12,System12_3,2023-05-19 15:23:35+00:00,28.8288,True
56feebaa-c6a8-4901-a387-721389c1ba00,System6,System6_2,2023-05-19 15:43:25+00:00,306.30600000000004,True
eadabdc7-729d-4336-874b-b6cd7307256f,System8,System8_4,2023-05-19 18:41:24.750000+00:00,3.6036,True
eacf6ad4-178e-4476-b6c4-9d30480c2f4b,System5,System5_1,2023-05-19 18:42:28+00:00,24.024,True
b322e223-7742-4167-8303-abf3f9c795dd,System7,System7_1,2023-05-19 19:04:35.875000+00:00,766.9710048000001,True
c4ac38bf-4bcb-4512-9f13-67fd9ecf67a9,System11,System11_2,2023-05-20 17:54:09.875000+00:00,10.551340800000002,True
8a1154c9-7c31-499c-8fce-524dea39ff4d,System5,System5_1,2023-05-20 19:26:04+00:00,2.4024,True
97f02449-5089-4eba-9363-ac066b238bfc,System9,System9_1,2023-05-20 20:03:38+00:00,5804.1984,True
49a92c25-02eb-4ae3-8c98-5412eb5e6036,System6,System6_2,2023-05-21 00:04:03+00:00,306.30600000000004,True
9074cd97-81d1-4e97-86a7-1b956d3a017d,System6,System6_2,2023-05-21 00:07:03+00:00,306.30600000000004,True
fd19d691-920f-44a1-b125-ff38b3d1dc11,System6,System6_2,2023-05-21 00:10:07+00:00,344.74440000000004,True
4caa9714-4cfb-4752-8070-e1c5d01c5492,System6,System6_2,2023-05-21 00:13:31+00:00,306.30600000000004,True
cdfcbaad-23f0-426b-a373-3c130f47133f,System6,System6_2,2023-05-21 00:16:35+00:00,306.30600000000004,True
1f2d648c-12ce-43a9-8fa1-56d475011f2f,System6,System6_2,2023-05-21 00:41:11+00:00,306.30600000000004,True
45086b8c-3022-4445-b240-ed4ad3afb236,System6,System6_2,2023-05-21 00:44:51+00:00,344.74440000000004,True
94dfe24a-95f8-4155-b5e6-cd8b7a09a593,System6,System6_2,2023-05-21 00:48:35+00:00,344.74440000000004,True
5828cf6d-2284-4ec8-8165-1c2f798b9f52,System6,System6_2,2023-05-21 00:51:47+00:00,344.74440000000004,True
233ec6b2-6f8b-4c21-b5bb-1e4f5fd3d079,System6,System6_2,2023-05-21 00:54:47+00:00,306.30600000000004,True
dbaece46-b1dc-4a36-bb69-d7db75d961fd,System6,System6_2,2023-05-21 01:04:35+00:00,344.74440000000004,True
e4411a8a-ca3b-4d2b-957b-beb2d3c4debd,System6,System6_2,2023-05-21 01:08:15+00:00,306.30600000000004,True
a9c686af-e5cb-4826-beba-cfd4cc881f30,System6,System6_2,2023-05-21 01:11:27+00:00,306.30600000000004,True
e716d6b1-66d9-4f50-996a-aa8ad7b548fd,System9,System9_1,2023-05-21 01:40:02+00:00,5842.6368,True
5444e1d8-926b-4d01-883f-4358bb287801,System13,System13_2,2023-05-22 12:45:43+00:00,28.8288,True
c99629db-7c6d-45e9-8ae3-993995ab653b,System12,System12_3,2023-05-22 18:00:37+00:00,28.8288,True
33a39c21-ae82-44f2-a154-a10d7b2de3bf,System8,System8_4,2023-05-22 18:51:04+00:00,3.6036,True
ceccd149-09eb-4d78-9d46-e0fab654c8b2,System9,System9_1,2023-05-22 19:18:24+00:00,5784.9792,True
ee2a53b2-6579-4370-b2cb-406d8a6c0359,System8,System8_4,2023-05-22 20:46:43+00:00,3.0078048,True
e72c7a4f-7b75-4cf3-80b0-3ea96bf6a2c0,System13,System13_2,2023-05-23 13:01:34+00:00,28.8288,True
c3221b6e-4581-4dd9-b217-776c1de609da,System12,System12_3,2023-05-23 13:02:36+00:00,28.8288,True
e9e1eff2-c24f-43f9-a7cf-8b2ebe92e10b,System9,System9_1,2023-05-23 14:25:24+00:00,5660.0544,True
8b781358-a70c-4765-b213-1f5bfd4e50e7,System6,System6_1,2023-05-24 19:51:18+00:00,306.30600000000004,True
66dcd709-0470-4161-8c0c-d6a1dd9306ce,System8,System8_2,2023-05-24 21:28:18+00:00,19.2192,True
04da7b94-4c42-4502-ac61-fd5616643800,System6,System6_2,2023-05-24 22:32:35+00:00,306.30600000000004,True
63e0226a-4843-4de0-a85f-52bd9b63eb0b,System6,System6_2,2023-05-24 22:36:15+00:00,344.74440000000004,True
dafc67f8-b083-4783-9b8a-897526c3749a,System6,System6_2,2023-05-25 17:21:06+00:00,306.30600000000004,True
1d3cf37f-3053-4fd3-a043-baa36161ec5c,System8,System8_2,2023-05-25 17:37:00+00:00,24.024,True
2fd53fdd-3b0a-48ae-a7ec-1da2a0444de9,System11,System11_1,2023-05-25 21:05:24.875000+00:00,7.3705632,True
15685d3b-36e7-450e-aaac-ac8baf025063,System8,System8_4,2023-05-26 23:20:39+00:00,3.6036,True
0f414984-53d6-414c-996f-dd740faa3432,System8,System8_2,2023-05-27 17:34:26+00:00,20.4204,True
cd885e9c-6962-4cad-b869-cee15f6c1631,System8,System8_2,2023-05-27 21:21:07+00:00,19.824604800000003,True
c1aa3b75-9bb8-46a7-a0b0-b1184f521647,System5,System5_1,2023-05-27 23:48:29+00:00,2.4024,True
dad51c5f-9a9a-4f35-ab20-e443b186f536,System8,System8_4,2023-05-28 00:37:59+00:00,3.6036,True
50b12b45-b370-4c1c-8167-de1d02d4a3a6,System8,System8_2,2023-05-28 02:44:33+00:00,28.8288,True
5242d201-b42c-47cd-84be-e85cc6bb197d,System5,System5_1,2023-05-28 15:02:27.500000+00:00,2.4024,True
b6b36d28-db8a-406e-bd9b-8873f88d2510,System9,System9_1,2023-05-29 03:15:51+00:00,5736.9312,True
945e0028-e925-4412-a2f0-688416f20337,System13,System13_1,2023-05-29 13:38:28+00:00,38.4384,True
4831ff0c-ccc4-430f-b528-049a92f883ff,System12,System12_3,2023-05-29 13:39:30+00:00,28.8288,True
b0b21fd7-b0e1-4a06-8b2c-469c958d74e6,System4,System4_2,2023-05-29 17:36:14+00:00,4.5549504,True
1682cdf4-58b2-477c-8218-9d8413fa886e,System4,System4_1,2023-05-29 17:36:14+00:00,5.76576,True
42142ebe-2884-408a-b962-a9dd3840f3d6,System6,System6_1,2023-05-29 19:44:55+00:00,306.30600000000004,True
6ba7393d-09cb-41ec-bc9e-b2273deec134,System6,System6_2,2023-05-29 19:44:56+00:00,306.30600000000004,True
94d86b66-08e9-4236-b094-787332562546,System8,System8_4,2023-05-29 21:06:15+00:00,3.6036,True
4c7d2c1c-ef1e-4a0b-b394-476155398df0,System8,System8_4,2023-05-30 02:12:46.500000+00:00,3.6036,True
da9c2251-b510-48ce-9d43-85df3307b992,System8,System8_4,2023-05-30 05:54:06+00:00,3.6036,True
f4f5d05c-adc4-405d-b746-54a419273b61,System8,System8_2,2023-05-30 12:36:56+00:00,19.2192,True
d0b91d1d-cb10-4c48-83a4-e1c9d6c450e9,System6,System6_2,2023-05-30 13:55:47+00:00,306.30600000000004,True
c71176ff-9102-4e3f-a651-73a152162a3d,System9,System9_1,2023-05-30 14:05:50+00:00,5823.417600000001,True
1f8f5ca6-393a-4cc5-9ca0-bce020fc49b8,System11,System11_1,2023-05-30 21:24:12.875000+00:00,75.91584,True
f3d20d12-4a90-4e29-996e-a96ee3983265,System5,System5_1,2023-06-01 11:05:13.250000+00:00,2.4024,True
6ae1fb71-b979-4efe-b4ed-8f72392a4528,System4,System4_1,2023-06-01 14:08:58+00:00,2.88288,True
84a9f19c-b35f-417c-8632-0ac5fce01373,System6,System6_1,2023-06-01 15:49:38+00:00,383.1828,True
9134c19b-2308-428c-b9fc-0148955856e6,System6,System6_2,2023-06-01 15:49:39+00:00,306.30600000000004,True
e8acc016-0623-46f3-a345-ae9e17e56728,System8,System8_2,2023-06-01 17:34:52+00:00,19.824604800000003,True
76bf6939-e091-4cac-908b-5f18cf2b6082,System5,System5_1,2023-06-01 21:53:30.750000+00:00,2.4024,True
63ffcf30-54cf-4c21-b8d9-3ed83d55fb78,System6,System6_1,2023-06-02 00:02:22+00:00,306.30600000000004,True
069f99cb-5a24-407a-a7c1-26e637a861df,System8,System8_2,2023-06-02 00:13:30+00:00,20.4204,True
dbfa6443-c021-4c5a-b720-0e43f7fba178,System8,System8_2,2023-06-02 13:16:41+00:00,34.239004800000004,True
6caa7e27-1858-4f82-bd41-6744ea8cb146,System9,System9_1,2023-06-02 17:08:28+00:00,5775.3696,True
65ae42ca-49cb-4b4a-a448-62e960cb4899,System4,System4_1,2023-06-02 22:40:57+00:00,2.88288,True
a763dc10-da03-467f-88ac-edb5cdf0ed71,System13,System13_1,2023-06-03 12:56:48+00:00,38.4384,True
bdffb89b-30c7-4416-9a39-99774681685f,System12,System12_4,2023-06-03 12:57:57+00:00,28.8288,True
b6cad0c9-f811-44e5-a1d1-41afd7073f25,System4,System4_1,2023-06-03 16:19:17+00:00,2.88288,True
8670a4d4-499f-49da-beff-2357a1de4b2f,System4,System4_1,2023-06-03 20:28:02+00:00,2.88288,True
4e63bb4b-48c6-4ee3-bc37-1c0ca957547a,System6,System6_2,2023-06-03 23:35:11+00:00,306.30600000000004,True
96898ac3-e712-48eb-8e2a-40b7343a9ceb,System6,System6_2,2023-06-03 23:40:43+00:00,306.30600000000004,True
94c82cb6-5fb5-47f9-a878-c7e99729efb0,System6,System6_2,2023-06-03 23:44:11+00:00,306.30600000000004,True
e806148b-1f7c-46ae-806b-9815375d1b87,System6,System6_2,2023-06-03 23:49:55+00:00,306.30600000000004,True
622bed76-a7a1-409c-8bff-0b197e0216fc,System6,System6_2,2023-06-03 23:58:19+00:00,344.74440000000004,True
1540f9cf-3491-4cc3-ad35-1b0a4fc0e18f,System6,System6_1,2023-06-04 00:13:50+00:00,306.30600000000004,True
fd1332db-d6a2-47ed-986e-254790d8842e,System8,System8_2,2023-06-04 02:01:39+00:00,20.4204,True
7572deab-876e-4b77-9e70-817e93e6ab09,System12,System12_3,2023-06-04 14:34:40+00:00,38.4384,True
73a04e74-0527-44a6-a5e4-edd23d75014a,System8,System8_4,2023-06-04 17:55:00+00:00,3.6036,True
2776d3d7-d778-469c-af83-55fe8e798739,System8,System8_2,2023-06-04 18:08:11+00:00,19.2192,True
4964033b-8920-408f-80cc-321545eded9c,System11,System11_1,2023-06-05 02:33:09.875000+00:00,7.5243168,True
2fa12797-d972-4546-bdff-1af9cae8a3a0,System9,System9_1,2023-06-05 17:17:31+00:00,5813.808,True
60f5e5be-24a5-4707-b93f-385a5f30dfa2,System4,System4_1,2023-06-05 19:27:28+00:00,2.88288,True
ed9963eb-049c-4d41-b067-48609820c090,System8,System8_2,2023-06-05 19:48:17+00:00,21.6216,True
cfa6f599-f3e8-44cf-94bf-662172541847,System6,System6_2,2023-06-05 20:21:53+00:00,421.6212,True
5bd8e95b-21a3-4133-9c03-b0e47e7c3ce7,System4,System4_1,2023-06-06 02:53:05+00:00,2.88288,True
23241188-f231-4921-a7ff-0ebc4a43bc11,System6,System6_2,2023-06-06 03:22:22+00:00,306.30600000000004,True
c180185c-e122-42dd-9a16-bab2b65edf0b,System13,System13_1,2023-06-06 15:19:52+00:00,38.4384,True
2ac31338-c57c-4b97-abd2-d54d1facdc8e,System8,System8_4,2023-06-06 15:48:03+00:00,3.6036,True
7a38ef79-75bc-43af-8d6f-c4884b078095,System6,System6_1,2023-06-06 19:59:45+00:00,344.74440000000004,True
d1b7abed-3742-488b-a974-65973ee81aaf,System8,System8_2,2023-06-06 21:32:25+00:00,19.824604800000003,True
608f4f62-6569-4a6e-9bb1-0954dbda859e,System8,System8_2,2023-06-07 01:22:14+00:00,19.824604800000003,True
6925c9dd-31e9-4a05-a5e1-02344b1566d1,System13,System13_1,2023-06-07 15:47:07+00:00,28.8288,True
67447650-2cb6-4c56-a0de-eedfca4341df,System6,System6_1,2023-06-07 22:17:46+00:00,344.74440000000004,True
1a0aadef-8882-4471-836a-0df0187b103a,System6,System6_2,2023-06-07 22:17:47+00:00,306.30600000000004,True
7061ec57-984b-4a77-9c69-5a9b517af1f1,System8,System8_2,2023-06-07 23:39:50+00:00,24.629404800000003,True
3b4b9873-5f29-4e4b-99f5-887315003f85,System9,System9_1,2023-06-08 01:06:54+00:00,5794.5888,True
3db84379-0aa7-4a98-a934-ee2b75e4e31c,System13,System13_1,2023-06-08 14:16:17+00:00,28.8288,True
27a4a4fa-e64c-400b-a2d0-04c7f0526bb2,System11,System11_1,2023-06-08 15:08:03.875000+00:00,85.3620768,True
dafc6c99-e340-4a12-8056-f183eb9e9e88,System8,System8_4,2023-06-08 19:31:02+00:00,3.6036,True
c21ce577-3e27-44d7-ab26-6318a244051a,System8,System8_2,2023-06-08 21:52:23+00:00,20.4204,True
0be8b37c-5deb-4e6e-9501-1107e831f698,System8,System8_4,2023-06-09 01:12:45+00:00,3.6036,True
cd4f689d-980b-4c1d-9c18-4f0d5d6efc0c,System8,System8_2,2023-06-09 01:14:08+00:00,19.824604800000003,True
8bcf73a2-bbbb-4ecf-a586-c8d851a9bdc1,System4,System4_1,2023-06-09 13:11:23+00:00,2.88288,True
4204d8f2-3db8-4df4-a9c5-e598f86f224f,System11,System11_2,2023-06-09 13:25:52.875000+00:00,11.05104,True
4e9077e2-0186-4949-9356-5319acdb9b03,System5,System5_1,2023-06-09 15:39:35+00:00,16.8168,True
7818595e-ea64-45bb-9f60-760dea55d863,System10,System10_1,2023-06-09 17:35:42+00:00,168.168,True
ff317ead-7398-45c8-a96d-21dd7e308e6e,System8,System8_2,2023-06-09 20:04:03+00:00,21.025804800000003,True
4c0de3d1-3d8e-4b58-9d8f-0df9e6375f50,System8,System8_2,2023-06-10 01:03:29+00:00,19.2192,True
6d776433-cccf-45d6-a0a6-8d9712a3efea,System11,System11_1,2023-06-10 01:23:32.875000+00:00,10.1669568,True
b5c8fc11-d527-49b6-8811-767b486bc060,System4,System4_1,2023-06-10 03:19:26+00:00,2.88288,True
f1739d90-af10-4113-ae4a-091abc845285,System6,System6_2,2023-06-10 04:16:55+00:00,344.74440000000004,True
f01091d6-f726-4857-926a-6edef381500b,System6,System6_1,2023-06-10 04:16:58+00:00,344.74440000000004,True
3f358db1-3a0c-413c-8d2d-648e800d5c04,System5,System5_1,2023-06-10 05:41:47+00:00,16.8168,True
23ef195c-e180-4eb9-8ab3-7cef75e71df7,System8,System8_4,2023-06-10 13:08:06+00:00,3.6036,True
c04e57d7-4899-40c3-b11b-98a6923b5f83,System6,System6_2,2023-06-11 16:18:21+00:00,306.30600000000004,True
c76d376e-ba65-4ab9-9896-1418e7835ba6,System11,System11_1,2023-06-11 18:18:52.875000+00:00,9.36936,True
9cef061f-d99b-422e-9ed8-11dc9fa6672d,System4,System4_1,2023-06-11 21:38:40+00:00,2.88288,True
fe6c7c31-1e7b-4638-b67d-cef091f53103,System3,System3_2,2023-06-12 02:50:37+00:00,29001.7728,True
e79b5abe-5bca-4fbd-b45d-c39df4e739e5,System13,System13_2,2023-06-12 11:37:14+00:00,28.8288,True
9771ba27-a6b9-411d-a371-9f4c4a17f040,System4,System4_1,2023-06-12 16:03:41+00:00,5.76576,True
e862464d-bdaa-4169-ac8b-498dedd53634,System4,System4_2,2023-06-12 16:03:41+00:00,5.448643199999999,True
ec216ebc-0908-47a4-ad85-f02b9045b968,System8,System8_2,2023-06-12 16:38:29+00:00,21.025804800000003,True
320d26ca-a284-430e-a702-96129b00afb9,System8,System8_2,2023-06-12 23:02:00+00:00,19.824604800000003,True
680af16c-1ad3-4b6a-99ec-a107922196d5,System8,System8_2,2023-06-13 04:03:48+00:00,25.2252,True
ea2b851a-a67d-4450-b3f4-ff2a04595026,System6,System6_1,2023-06-13 23:09:46+00:00,306.30600000000004,True
9599f047-38df-4118-8966-620394717a5d,System6,System6_2,2023-06-13 23:09:47+00:00,306.30600000000004,True
d2ead80c-ce80-4f92-b54c-40dbbc051919,System6,System6_2,2023-06-14 14:30:57+00:00,306.30600000000004,True
f7efb813-f5df-493f-8088-cf10d729f77d,System8,System8_2,2023-06-14 23:29:30+00:00,22.227004800000003,True
b7f27cc8-72f9-4c7d-800b-4851e57c773c,System8,System8_2,2023-06-15 10:47:29+00:00,21.6216,True
9d3e5aaf-b70d-45c0-ae5b-0f23ef5f54e5,System8,System8_2,2023-06-15 14:20:27+00:00,38.4384,True
48e4e6a3-8507-4f49-8efa-757cd720831b,System8,System8_2,2023-06-15 19:32:11+00:00,21.6216,True
bbd39393-142b-43b8-be70-57e63a3650af,System6,System6_2,2023-06-15 20:16:57+00:00,344.74440000000004,True
8c4aac3f-3cb8-4acb-a854-387b60414006,System13,System13_1,2023-06-17 16:05:23+00:00,28.8288,True
deab1bdc-6f90-425d-bad8-ed80098be22f,System12,System12_3,2023-06-17 16:06:30+00:00,28.8288,True
d7fb9a32-372b-4c8a-b489-26fab6c64541,System11,System11_2,2023-06-17 20:36:42.875000+00:00,74.63776320000001,True
be807acf-76a3-4184-8391-0401dfb3bd71,System11,System11_1,2023-06-18 12:23:35.875000+00:00,76.6942176,True
12b37c39-ef8e-4784-8540-2995e4bfdaf8,System11,System11_2,2023-06-18 12:23:36.875000+00:00,77.2804032,True
3e5b554b-6b10-4711-8e22-a6af04bbfc67,System8,System8_2,2023-06-18 15:44:16+00:00,22.227004800000003,True
857c4111-29ad-4a6e-b322-bb309cec3efc,System8,System8_2,2023-06-18 21:40:49+00:00,19.2192,True
0569cfeb-7c14-4d29-baa0-0b651e1fe709,System6,System6_2,2023-06-19 00:45:53+00:00,344.74440000000004,True
859a3b84-8f1c-48b1-a1bd-4c57a4b81fe1,System11,System11_1,2023-06-19 12:09:17.875000+00:00,71.99512320000001,True
3eb89fd1-5cc5-4c4a-9109-b2a85beede25,System6,System6_2,2023-06-19 17:36:06+00:00,306.30600000000004,True
1bf7f883-a09a-4f05-9820-50759b53e69b,System6,System6_1,2023-06-19 17:36:17+00:00,306.30600000000004,True
d01b7f4c-005b-4774-be97-70dcf8c129ee,System8,System8_2,2023-06-19 20:07:28+00:00,34.239004800000004,True
97938a24-b9ff-490a-a145-c768aa6b2e46,System6,System6_2,2023-06-19 20:34:26+00:00,306.30600000000004,True
a8f12b45-f7e3-4e4a-abb1-bbf5339942e4,System6,System6_1,2023-06-19 20:34:29+00:00,306.30600000000004,True
e7b471a2-2eb0-4566-abd3-a63eefc077e4,System10,System10_1,2023-06-20 02:00:50.875000+00:00,144.144,True
04c21532-3f2b-441a-aa61-ebd0c8daffd0,System8,System8_2,2023-06-20 17:10:21+00:00,21.6216,True
cfe6f6a5-4d17-482b-ae2f-4bcb9794cf6f,System8,System8_4,2023-06-20 19:45:53+00:00,3.6036,True
1feac0f9-458f-4ca0-9b17-89c050bc6aa8,System9,System9_1,2023-06-20 20:39:09+00:00,5650.4448,True
0989d411-b9bd-4674-99bc-2683738e7ca5,System8,System8_2,2023-06-21 01:25:55+00:00,30.635404800000003,True
2e7e3ae4-3d2c-4efd-bf72-b0a20ca37d12,System6,System6_2,2023-06-21 02:04:47+00:00,344.74440000000004,True
67ac4006-1a98-4bdb-8a66-3fbf7f2f275a,System6,System6_1,2023-06-21 02:09:50+00:00,383.1828,True
9143f648-844e-4b36-9c73-69d2c542951e,System6,System6_2,2023-06-21 02:09:51+00:00,421.6212,True
94853855-31ae-4632-9d97-ed6ad1f2f443,System8,System8_2,2023-06-21 14:29:19+00:00,21.6216,True
35393ee0-51e7-4f80-bff3-0fc67eb6a2cc,System6,System6_1,2023-06-22 02:08:21+00:00,344.74440000000004,True
151d973e-5f03-4982-90bc-b7dc0ee0aba5,System6,System6_2,2023-06-22 02:08:22+00:00,306.30600000000004,True
246ae731-5793-4aa5-8ae3-50ee91d797c2,System6,System6_2,2023-06-22 14:03:47+00:00,306.30600000000004,True
c37b01a0-fa3a-430c-b824-224d0c6c77a9,System11,System11_1,2023-06-23 19:44:35.875000+00:00,102.58248,True
e3e01ef5-6b56-4646-8773-a2dcc3961e5d,System11,System11_2,2023-06-23 19:44:35.875000+00:00,85.621536,True
f606fdda-5f45-4ebc-8152-f8b0880f4358,System11,System11_1,2023-06-23 22:21:47.875000+00:00,82.0852032,True
7e6d6b0c-5678-4f84-b389-66dc157723ed,System9,System9_1,2023-06-23 22:45:57+00:00,5765.76,True
7697da7f-f67b-4ba3-98fe-8e589dd335b3,System6,System6_2,2023-06-24 17:29:49+00:00,306.30600000000004,True
66d71a44-e10c-40e7-9694-7f3e58265a78,System6,System6_2,2023-06-24 19:44:13+00:00,306.30600000000004,True
00a7ea70-9f4f-4865-afef-113a7064ec84,System9,System9_1,2023-06-25 01:04:31+00:00,5813.808,True
e851fda2-1838-4a1f-a86e-575345d2d118,System13,System13_2,2023-06-25 11:10:06+00:00,28.8288,True
ce833bff-3985-452f-8013-95f3f1041fb4,System12,System12_4,2023-06-26 11:34:45+00:00,28.8288,True
2f09c917-0047-4aef-9413-a03e4536a57f,System6,System6_2,2023-06-26 21:36:32+00:00,306.30600000000004,True
7a12e551-e375-4d03-a34c-0c5c86fcbe54,System11,System11_2,2023-06-26 21:53:12.875000+00:00,76.7134368,True
472656ec-cac4-4f17-93b2-02b8ef6ea1f4,System6,System6_2,2023-06-26 23:48:00+00:00,306.30600000000004,True
ad336c44-d720-4e41-b187-82d435bc54c5,System6,System6_1,2023-06-27 17:09:30+00:00,575.3748,True
e734ceb0-0a18-4b45-b4f2-9819a162dccf,System6,System6_2,2023-06-27 17:09:31+00:00,498.4980000000001,True
0fac1f6d-6b89-4899-88a2-f65f4cb93f63,System6,System6_2,2023-06-27 21:29:25+00:00,306.30600000000004,True
6251259e-b8ac-43fd-b2f9-9a2f3ccf4595,System6,System6_1,2023-06-28 11:33:12+00:00,306.30600000000004,True
6c6132e3-53f8-49e5-b507-7d96417194e5,System8,System8_2,2023-06-28 15:08:46+00:00,24.629404800000003,True
5b47f7ce-5036-4a87-8423-4aa59cb79f7d,System6,System6_1,2023-06-28 22:19:08+00:00,306.30600000000004,True
d45f557e-e259-4c1d-9c2a-6f6490b4603f,System6,System6_2,2023-06-28 22:19:13+00:00,306.30600000000004,True
6a91c900-8bd2-4d23-b2c4-997a4b64b17f,System5,System5_1,2023-06-28 23:41:56+00:00,2.4024,True
84eec10a-4bcf-4d53-8c3d-a4b7ef21ce8b,System12,System12_3,2023-06-29 12:14:56+00:00,28.8288,True
5f93e6db-f502-42e0-a8c8-f828e24bf1fa,System13,System13_1,2023-06-29 12:15:58+00:00,28.8288,True
1db2acb3-803b-4a57-bb95-4ddc817cb63a,System11,System11_1,2023-06-29 14:15:32+00:00,79.48100160000001,True
6647fcbd-b167-481f-a64d-5691a2ce39e7,System6,System6_2,2023-06-30 16:57:25+00:00,306.30600000000004,True
4520ef78-3745-4aef-a888-5b6e6ff65418,System11,System11_1,2023-06-30 18:12:57.875000+00:00,76.252176,True
da1a9472-fd49-4be3-8367-7942008176a8,System9,System9_1,2023-06-30 18:19:44+00:00,5823.417600000001,True
85d93555-1b0d-4f8f-9286-b851452f61c1,System6,System6_2,2023-07-01 14:14:34+00:00,306.30600000000004,True
9d4b6a8f-c4d9-44ea-9644-364e54be9e78,System6,System6_2,2023-07-01 16:49:11+00:00,306.30600000000004,True
9f287f81-505a-4ecd-ab00-b86e0e838b19,System6,System6_2,2023-07-02 04:09:46+00:00,306.30600000000004,True
13fec73a-3038-4ef3-bb92-1d923153912f,System3,System3_2,2023-07-02 10:23:32.500000+00:00,29059.4304,True
dd8caad5-b9ef-45c8-a2c0-5905c93f0d80,System9,System9_1,2023-07-02 20:40:05+00:00,5804.1984,True
cb8bb747-ac06-476a-b928-bf366666bcb2,System5,System5_1,2023-07-02 21:48:17+00:00,2.4024,True
81c24513-30b5-469b-9b81-fe42381519e6,System9,System9_1,2023-07-03 00:18:33+00:00,5669.664000000001,True
61279766-ea2f-4723-9f67-733177d90c68,System8,System8_2,2023-07-03 13:30:35+00:00,28.8288,True
0de5fdb3-55ff-4a88-872e-ab12f464ebda,System9,System9_1,2023-07-03 18:58:00+00:00,5688.8832,True
e382cb55-3eea-4be8-82bf-adc6614d7979,System5,System5_1,2023-07-03 22:14:18.250000+00:00,2.4024,True
c19216dd-9aa5-4478-a565-d3846e8cde7d,System9,System9_1,2023-07-03 22:52:32+00:00,5717.712,True
0e37ceb9-e5ae-443e-8617-7f92acfa7a27,System4,System4_1,2023-07-04 14:58:24+00:00,2.88288,True
ef4a19f7-2b2a-4599-b8c6-e58faba57078,System6,System6_1,2023-07-04 16:03:48+00:00,306.30600000000004,True
08df516e-c27e-49ea-82d0-9be1cc77a960,System8,System8_2,2023-07-04 18:16:21+00:00,22.227004800000003,True
6eed56b6-f130-4cca-adb5-2b6ec6e1512c,System10,System10_1,2023-07-05 01:13:15+00:00,168.168,True
cec03087-58e0-470a-8ebd-06c402291eb4,System11,System11_2,2023-07-05 03:38:58.875000+00:00,10.57056,True
ae4444a2-b4cb-4c3e-8034-b5acd15cfab2,System5,System5_1,2023-07-05 14:20:44+00:00,16.8168,True
40b45be1-4512-41c5-b9e1-346588d8e774,System8,System8_4,2023-07-05 15:41:42+00:00,3.6036,True
000918a5-484e-4e9b-a082-13037241eba5,System5,System5_1,2023-07-05 15:42:16+00:00,21.6216,True
047cedc6-73f9-4ac9-8dfb-638ea0581967,System6,System6_2,2023-07-05 16:17:37+00:00,306.30600000000004,True
d5d4da59-3e5c-4424-9be6-1016a38a9143,System8,System8_2,2023-07-05 16:29:36+00:00,19.2192,True
f72ae449-87cb-4861-849b-55fe47f2eec0,System11,System11_2,2023-07-05 18:14:50.875000+00:00,11.627616,True
0bb7c249-0505-48e3-8617-024e8be6d707,System5,System5_1,2023-07-05 18:29:44+00:00,21.6216,True
a96ecb42-3317-4ab9-95fb-9c4db48be7f4,System8,System8_2,2023-07-05 22:42:43+00:00,19.2192,True
0a0dcd02-24c7-41c4-a0cf-1bb2eaa5f7e1,System11,System11_1,2023-07-06 18:15:31.875000+00:00,11.05104,True
23f1a9ce-b09c-484a-b924-3b2a0562bb8d,System11,System11_2,2023-07-06 19:34:43.875000+00:00,9.3117024,True
d448131f-492e-4e99-bd0b-655c0cbdb694,System8,System8_2,2023-07-07 18:45:39+00:00,22.227004800000003,True
3faaeae7-d80b-4ac8-8046-778b6f550f4a,System5,System5_1,2023-07-07 20:23:52+00:00,16.8168,True
007b1c4e-30ff-4e40-819c-74f58a41457d,System12,System12_3,2023-07-08 17:32:04+00:00,28.8288,True
ea6e9582-0571-4fe2-9305-d7bf122cc0c3,System5,System5_1,2023-07-08 22:12:50+00:00,21.6216,True
a64c2ce2-b1c6-4a1c-b1a6-21199a213d70,System6,System6_2,2023-07-09 19:58:16+00:00,306.30600000000004,True
4498091a-3bc0-429b-8d57-4d45022621b7,System8,System8_2,2023-07-10 00:41:12+00:00,29.434204800000003,True
231abba2-1a45-4680-b245-e32526c89069,System9,System9_1,2023-07-10 01:15:03+00:00,5679.2736,True
fadd304f-9f7f-40fa-ac73-1167c1e84137,System12,System12_3,2023-07-10 16:38:27+00:00,28.8288,True
a21468a8-a6ce-4f2d-b913-e469138f3880,System8,System8_2,2023-07-10 19:25:18+00:00,25.2252,True
7fb4ae9b-5612-4513-bdc5-b5af58ee9880,System5,System5_1,2023-07-11 00:13:33+00:00,2.4024,True
c17c2948-8fde-4494-8acd-4ea335d1bb38,System3,System3_3,2023-07-11 00:27:54+00:00,29011.3824,True
925e9130-b31e-470e-9a66-33a650e855d5,System6,System6_2,2023-07-11 14:09:01+00:00,306.30600000000004,True
1d7ac301-e306-419e-acc5-58feb8444c4e,System6,System6_1,2023-07-11 14:09:08+00:00,344.74440000000004,True
5e63fd51-6a52-43e5-88c3-11d1027b430e,System9,System9_1,2023-07-11 14:40:08+00:00,5717.712,True
664728e3-5851-4b48-8f51-4bb6593c6a14,System6,System6_1,2023-07-11 16:42:33+00:00,344.74440000000004,True
fc23bf62-cd77-48d1-a0e2-e9786cab1205,System6,System6_2,2023-07-11 16:42:38+00:00,344.74440000000004,True
3e2642e0-7dde-40d9-8290-d0aa0212a018,System9,System9_1,2023-07-11 17:06:01+00:00,5650.4448,True
64273a5c-0318-4ef8-acf2-9ded84d459b8,System11,System11_1,2023-07-11 19:32:35.875000+00:00,76.7134368,True
4c2e8be3-b4f4-4c08-b344-b6857407adc9,System6,System6_2,2023-07-12 00:06:18+00:00,306.30600000000004,True
47bc4f9b-c220-4da7-8858-9a7df543c3bb,System8,System8_2,2023-07-12 00:45:27+00:00,19.824604800000003,True
8e21308f-e6c2-482d-b4a4-30f78dd71d90,System8,System8_2,2023-07-12 20:03:57+00:00,25.830604800000003,True
fa6572c6-8669-4634-bbb8-244a39cb1b1c,System11,System11_1,2023-07-12 23:20:59.875000+00:00,90.33024,True
6db1d42c-41b0-445d-96ee-e1fe86e070fb,System11,System11_2,2023-07-12 23:25:10.875000+00:00,74.5512768,True
d53eb7d8-dbc1-4ec5-a2ee-3ddb5ff32029,System5,System5_1,2023-07-12 23:39:41+00:00,16.8168,True
b7487dad-94d5-4787-87a6-852f6210f1c5,System8,System8_2,2023-07-13 02:25:46+00:00,19.824604800000003,True
e0067ff7-985e-41e6-a88d-5940f4647f7d,System12,System12_3,2023-07-13 15:52:57+00:00,38.4384,True
e48ed47c-6e8e-4145-bab1-c4613493d10c,System3,System3_2,2023-07-13 17:22:06+00:00,29040.2112,True
64b9626f-f1e6-43e2-82f7-b6fb5327eabb,System5,System5_1,2023-07-13 17:22:27+00:00,2.4024,True
b7f7882b-70d4-4a67-951b-ede19ea4a42b,System6,System6_2,2023-07-13 23:56:12.500000+00:00,3.6036,True
ec2e1af9-f7b6-4264-bf97-c9515cb32f63,System8,System8_2,2023-07-14 03:13:07+00:00,22.8228,True
091ef9cd-e6d8-427f-a6d6-c81bf5486008,System8,System8_2,2023-07-14 13:06:06+00:00,21.025804800000003,True
dd7a5674-2ffd-4fac-bac1-fbdc5747f0dc,System6,System6_2,2023-07-14 14:29:38+00:00,344.74440000000004,True
f99c67f4-fc74-4c3a-81e6-8540bd4868b0,System6,System6_1,2023-07-14 14:29:41+00:00,306.30600000000004,True
b5975a86-3e10-4f75-aca4-62f0def61f37,System11,System11_1,2023-07-14 16:44:39.875000+00:00,93.1362432,True
a9407fa1-ec00-4f2f-b4e4-a7cbcb2a10fa,System9,System9_1,2023-07-14 18:49:37+00:00,5775.3696,True
0a6e7291-9f5a-4955-8519-0dd35188419b,System6,System6_2,2023-07-15 23:14:02+00:00,306.30600000000004,True
101ec115-c009-4b7e-a67b-d8ef7f8209a8,System13,System13_1,2023-07-16 14:00:31+00:00,28.8288,True
fbde7774-3eeb-4c8f-83ae-1ca4a77a061b,System12,System12_3,2023-07-16 14:01:57+00:00,48.048,True
14b29509-04e3-40ad-9942-1bf771ba2aeb,System5,System5_1,2023-07-16 14:14:56.250000+00:00,2.4024,True
c22631ef-3624-45fa-80b3-4f06b6a60b70,System6,System6_2,2023-07-16 14:38:45+00:00,344.74440000000004,True
47e52550-940e-4904-94d3-8e77a075bf27,System8,System8_2,2023-07-16 16:54:28+00:00,19.824604800000003,True
58ca3bd2-b735-4e9c-a971-053c642993cb,System13,System13_1,2023-07-17 10:59:55+00:00,28.8288,True
194d3e7f-be57-4ffa-8f8b-41f954b9f569,System8,System8_2,2023-07-17 14:57:31+00:00,21.6216,True
0a219cdb-d76e-4fc9-8a31-adc696562691,System6,System6_1,2023-07-18 03:13:31+00:00,306.30600000000004,True
dee7890b-5fcf-414a-9f1f-0cbda4a1f41d,System6,System6_2,2023-07-18 03:16:20+00:00,306.30600000000004,True
242ea583-7616-469d-8041-397209afe71c,System8,System8_4,2023-07-18 17:28:59.750000+00:00,3.6036,True
e90bde49-d20e-4fbb-baa2-609619d533b5,System8,System8_2,2023-07-18 17:29:48+00:00,30.635404800000003,True
34446ab1-61ad-45b1-ac48-1c978befed50,System8,System8_2,2023-07-19 12:08:30+00:00,24.629404800000003,True
11e2327d-de46-4772-ad37-aa56c32377c7,System6,System6_2,2023-07-19 12:15:57+00:00,306.30600000000004,True
4fffe9f9-32c6-43d5-a732-10ee2c8dc3c3,System6,System6_2,2023-07-19 17:44:10+00:00,344.74440000000004,True
d3f1a065-05d7-43a4-b37d-d4ccced876b9,System6,System6_1,2023-07-19 17:44:13+00:00,306.30600000000004,True
af64ba94-6f38-498a-b38e-55dac27f9fa1,System8,System8_2,2023-07-19 20:21:32+00:00,30.03,True
b20ea5aa-e087-45dd-a1b7-714ccc886657,System8,System8_2,2023-07-19 23:46:34+00:00,19.2192,True
53fc22be-da0f-4f16-8efd-416f90794dc9,System12,System12_3,2023-07-20 07:30:29+00:00,28.8288,True
76bee37f-eeb8-4642-8d6a-42ccd75b728d,System3,System3_3,2023-07-20 14:41:41+00:00,29049.8208,True
7725b506-ebe5-4ac1-bf4d-6091c2e69588,System4,System4_2,2023-07-20 15:34:25+00:00,4.6222176,True
e945d5e7-8fec-47f1-8bc7-5469dcd1bfa3,System4,System4_1,2023-07-20 15:34:25+00:00,5.76576,True
0cd4f5d3-1126-43f8-b4e5-3068d22c5f37,System8,System8_2,2023-07-20 15:56:27+00:00,21.6216,True
e3a75b31-57cc-4e8b-a6df-a30257ff4572,System8,System8_2,2023-07-20 20:43:24+00:00,27.031804800000003,True
5a1547dd-2cf9-48e5-a93c-4a7cfc87bc1c,System5,System5_1,2023-07-21 00:34:53.750000+00:00,2.4024,True
0232a8b8-d202-41aa-93ca-e2c361e69a77,System11,System11_1,2023-07-21 01:20:40.875000+00:00,122.04192,True
c55a8680-2e22-4259-8938-e2ed05e76443,System4,System4_1,2023-07-21 13:04:25+00:00,2.88288,True
27f77324-ce70-4768-8480-e9e930c35547,System8,System8_2,2023-07-21 13:24:38+00:00,22.8228,True
b270c340-5f93-48a7-ac2f-f045e8bbd148,System6,System6_2,2023-07-21 14:16:34+00:00,344.74440000000004,True
b039efc2-9d4f-4e5b-adb1-3cc80ba5a5b0,System8,System8_2,2023-07-21 16:22:05+00:00,29.434204800000003,True
eae25773-9b68-47a2-b6bb-206b03d42af5,System4,System4_1,2023-07-21 18:12:10+00:00,4.8048,True
a87eeddf-2cfe-4343-bb76-4ce752fae0b4,System4,System4_2,2023-07-21 18:12:10+00:00,2.4888864,True
5e528621-eaec-4f1c-ae72-e80ae3719535,System8,System8_2,2023-07-21 21:05:33+00:00,24.629404800000003,True
c3b9276f-76dc-40ab-8c3d-b03b162dd084,System8,System8_2,2023-07-21 23:44:31+00:00,22.8228,True
cb41624a-2a87-4c85-87de-d3791a4d6e82,System13,System13_2,2023-07-22 12:15:10+00:00,28.8288,True
cf168989-c903-4b26-8d36-88d8d2ca7c32,System9,System9_1,2023-07-22 14:27:36+00:00,5852.2464,True
4ee4dcbf-38ef-438a-b55e-131d840aa44e,System8,System8_2,2023-07-22 16:07:08+00:00,21.025804800000003,True
1283ca79-28ba-497f-b763-b95ab81acbda,System9,System9_1,2023-07-22 17:58:48+00:00,5688.8832,True
6573eeed-2bbf-4ba7-ad5a-1a769b0191c8,System8,System8_2,2023-07-22 20:11:40+00:00,21.6216,True
60f23c0d-5cda-4822-a956-8e119c9e0265,System11,System11_2,2023-07-22 20:55:11+00:00,75.11824320000001,True
cc414e61-d68d-4461-b803-33914c6ffbb8,System8,System8_2,2023-07-22 23:09:56+00:00,23.428204800000003,True
225ba11a-e7a4-456d-8441-118047a867ad,System9,System9_1,2023-07-23 00:13:57+00:00,5727.3216,True
cac54aa2-1c93-4587-af5c-8d1774245851,System8,System8_2,2023-07-23 14:30:09+00:00,25.2252,True
00d87290-7d10-40cf-9f4d-ee2c8c24dcb3,System1,System1_3,2023-07-23 15:50:05+00:00,373.81344,True
d835f35e-956f-466a-a0e4-daafe768166a,System1,System1_3,2023-07-23 19:13:08+00:00,373.81344,True
0bb95f3d-ca61-40cc-ab07-e6ed72303b64,System4,System4_1,2023-07-23 20:41:50+00:00,2.88288,True
40511db8-0806-4dc7-8bed-e93020585302,System8,System8_2,2023-07-23 21:04:40+00:00,33.6336,True
5e8773ec-929d-48d7-96b1-29194dd99ac8,System6,System6_1,2023-07-23 22:06:58+00:00,306.30600000000004,True
86129873-2857-4a88-88cb-f1bbc24722e0,System6,System6_2,2023-07-23 22:07:03+00:00,306.30600000000004,True
2437c162-c1b0-431f-9117-e321b85b622b,System5,System5_1,2023-07-24 02:17:05+00:00,21.6216,True
a1510a39-dde6-4ef7-8dad-977bb684a801,System8,System8_2,2023-07-24 03:06:21+00:00,19.824604800000003,True
a6baf5e4-19e4-456a-bb28-55b60ee6a337,System13,System13_1,2023-07-24 13:57:00+00:00,28.8288,True
289ae4ce-f4f1-4cfc-a8af-e2001840d57c,System8,System8_2,2023-07-24 14:36:52+00:00,28.233004800000003,True
4947d168-5698-4561-a58c-698696844771,System11,System11_2,2023-07-24 14:57:33.875000+00:00,78.3566784,True
71b60afe-ba41-47b9-92c8-0b0219b61f79,System5,System5_1,2023-07-24 16:18:26+00:00,16.8168,True
dc59a953-2c4b-40b1-b46a-08e16aaf6a60,System10,System10_1,2023-07-24 17:21:58+00:00,148.9488,True
4104d763-683f-461d-b903-27ec3f44b79d,System4,System4_1,2023-07-24 20:49:18+00:00,2.88288,True
d54f6a4c-20a1-4828-9578-6e9c1426c300,System10,System10_1,2023-07-24 21:17:56+00:00,148.9488,True
e5678b1e-9707-4293-8200-30b394929545,System9,System9_1,2023-07-24 21:27:54+00:00,5640.8352,True
ffd13df9-bdeb-4349-83ec-b8343dfd8b9e,System11,System11_2,2023-07-25 02:39:01.875000+00:00,11.6948832,True
0912475a-f7db-4406-b7f7-ce5ab1ffbaef,System12,System12_3,2023-07-25 14:00:59+00:00,28.8288,True
80c04edb-de2f-492d-865d-e6f7e9ca4282,System8,System8_2,2023-07-25 14:35:26+00:00,31.2312,True
d047d017-93d7-482b-b325-57ad8ea5ef98,System8,System8_2,2023-07-25 19:15:11+00:00,19.2192,True
358b0a1f-572e-416f-9379-ba43af107417,System11,System11_2,2023-07-25 19:28:36.875000+00:00,11.1759648,True
7c4ad69e-3966-4256-90bc-6a98afc6f1aa,System4,System4_1,2023-07-25 20:56:22+00:00,2.88288,True
32be9928-aa3e-4cfc-b989-6e01ad225273,System11,System11_2,2023-07-25 21:01:51.875000+00:00,9.12912,True
cc59b567-eb4f-4a8f-901a-0b3d2b792101,System11,System11_1,2023-07-25 21:13:40.875000+00:00,11.77176,True
b063787d-30c6-4014-939d-ee76c28d511c,System4,System4_1,2023-07-26 01:36:18+00:00,2.88288,True
cadcb337-5300-4f44-b4bb-ec408595d0c9,System5,System5_1,2023-07-26 01:36:32+00:00,24.024,True
8bba6abd-56a9-4213-92ea-aad7f999be77,System6,System6_2,2023-07-26 02:48:16+00:00,306.30600000000004,True
a639d4d8-4c1a-425c-b2c7-a8ef2c9d12ea,System6,System6_2,2023-07-26 02:53:36+00:00,344.74440000000004,True
e4c65b50-d514-4ec7-bd71-fd3151a807b9,System13,System13_1,2023-07-26 14:50:28+00:00,28.8288,True
0b222382-1d58-42f8-ae81-38bf83442578,System1,System1_3,2023-07-26 16:21:12+00:00,369.9696,True
20a320d0-68be-42bc-98e0-9bf1b6a950f1,System8,System8_2,2023-07-26 21:54:53+00:00,19.824604800000003,True
80ab1990-9a63-408c-a2eb-386b94d65b62,System6,System6_1,2023-07-27 00:54:27+00:00,306.30600000000004,True
2f29f357-fba8-4276-a320-49a3377a0d50,System6,System6_2,2023-07-27 00:54:28+00:00,306.30600000000004,True
af4576d1-08bd-4cf3-84e6-b8ad60e649eb,System4,System4_1,2023-07-28 00:08:47+00:00,2.88288,True
08eb7bf4-d12f-4307-a4ed-f9a2911bced9,System5,System5_1,2023-07-28 00:09:17+00:00,16.8168,True
22cbe867-0c7d-4b1d-ade6-3c3bf73c1266,System9,System9_1,2023-07-28 01:15:07+00:00,5842.6368,True
ec61fd7b-773a-493b-808d-2e6c01cd12e9,System4,System4_1,2023-07-28 03:17:59+00:00,2.88288,True
c2a268c0-4292-409f-af27-ea586fc00eeb,System8,System8_2,2023-07-28 03:41:35+00:00,22.227004800000003,True
f22739be-bd96-460a-b51b-9a83ea11873e,System6,System6_2,2023-07-28 04:04:28+00:00,498.4980000000001,True
89194e77-d91a-47f6-9769-090e065eb228,System5,System5_1,2023-07-28 05:51:18+00:00,19.2192,True
a950e6b8-e07d-4c3a-bbf1-27952db19638,System4,System4_1,2023-07-28 13:12:42+00:00,2.88288,True
7c98e089-d6bc-4f1c-82e4-f7695427d860,System10,System10_1,2023-07-28 16:22:29+00:00,139.3392,True
94a7ab4c-5bfe-41c3-8bb9-5ceebfa4a6f9,System4,System4_1,2023-07-28 17:38:59+00:00,2.88288,True
280f598b-cdd4-4eea-8bae-0914ef117ce3,System8,System8_4,2023-07-28 18:21:36+00:00,3.6036,True
1130f201-0f36-49b0-9d75-c8ac7a9364d5,System8,System8_2,2023-07-28 18:25:07+00:00,20.4204,True
aec761aa-71fc-4419-91bd-a05930371599,System4,System4_1,2023-07-28 20:27:11+00:00,2.88288,True
ccb672f6-3239-43d5-8b55-2ba7482eb235,System8,System8_2,2023-07-28 20:49:34+00:00,33.6336,True
248d6fa2-438c-4ed3-8f35-827f3042c96b,System8,System8_2,2023-07-28 23:46:42+00:00,21.6216,True
844fab81-0b25-4bb3-bf44-654ba94d4f67,System8,System8_2,2023-07-29 02:03:13+00:00,32.4324,True
29d30360-d1b3-4290-be49-08f8c67e6c06,System6,System6_1,2023-07-29 02:44:08+00:00,344.74440000000004,True
034a0074-95bb-4b55-874d-bd1eef1ab7b4,System6,System6_2,2023-07-29 02:44:13+00:00,306.30600000000004,True
7c56cb4d-724f-4842-86fa-4a82c486aa90,System8,System8_2,2023-07-29 15:12:17+00:00,36.036,True
80f72690-1e9b-4ee1-8395-db57c762645d,System1,System1_3,2023-07-29 16:13:57+00:00,371.89152,True
9a9ce735-e30c-4f8f-9c74-28afc3ae800c,System8,System8_2,2023-07-29 21:21:55+00:00,23.428204800000003,True
b9f303ce-8355-4497-9c5a-1517209d9a06,System1,System1_3,2023-07-30 00:40:06+00:00,369.00864,True
d4a0c076-dad2-4530-8923-aa2cd58f982d,System4,System4_1,2023-07-30 17:40:41+00:00,2.88288,True
4b4cd175-cfca-4de7-be9a-f36e7f028e5f,System6,System6_2,2023-07-30 17:52:58+00:00,344.74440000000004,True
42a455a4-da93-47e9-ab2e-f7c07d754c25,System1,System1_3,2023-07-30 19:07:51+00:00,357.47712,True
61c27a13-813e-4ed6-b96e-80f5b1da0b9b,System4,System4_1,2023-07-30 22:13:56+00:00,2.88288,True
61452323-2c6d-4127-841f-15a376336478,System5,System5_1,2023-07-30 22:14:14+00:00,19.2192,True
af47582c-f722-4846-8bca-ee38f14d1b45,System11,System11_1,2023-07-30 23:11:50.875000+00:00,81.51823680000001,True
323f1a25-26ed-4108-8862-feaf71e68468,System6,System6_2,2023-07-30 23:18:21+00:00,306.30600000000004,True
b2bf8b98-a387-4076-8cea-4adf23bd3cbe,System1,System1_3,2023-07-30 23:35:30+00:00,363.24288,True
870b7696-344f-4884-bbd9-ac89ded6f5c3,System13,System13_1,2023-07-31 17:28:31+00:00,28.8288,True
5304aafc-a6f2-4677-bb10-9408c16703b7,System8,System8_2,2023-07-31 18:05:48+00:00,22.227004800000003,True
57d76b9e-4a7a-4a69-a78f-2c3f4a5db1ff,System1,System1_3,2023-07-31 19:16:10+00:00,351.71136,True
f7943e35-a8d8-49ed-80ad-d61b3eecbf37,System4,System4_1,2023-07-31 22:23:49+00:00,2.88288,True
d384df17-9dc9-4c26-8186-97bb6e6c627e,System8,System8_2,2023-07-31 22:48:24+00:00,22.227004800000003,True
aad31f17-7467-4105-a7b3-31e87e24d49a,System1,System1_3,2023-07-31 23:49:11+00:00,350.7504,True
13e75b89-e727-425c-b6ee-ed5cce7ae0e3,System9,System9_1,2023-08-01 00:18:13+00:00,5746.540800000001,True
7c562135-4138-4cd0-8c79-742c619dfcac,System13,System13_1,2023-08-01 17:30:02+00:00,28.8288,True
6aee91d6-1068-41ea-83c2-1389422b9ff2,System1,System1_3,2023-08-01 19:28:00+00:00,352.67232,True
0d72e414-879b-4286-979d-58c52919d391,System8,System8_2,2023-08-01 19:47:29+00:00,21.6216,True
7fd38f3d-f9b5-447c-81ee-ee771187e606,System4,System4_1,2023-08-01 21:00:22+00:00,2.88288,True
20476dc0-1778-43b4-b7c5-c9b45ca299e0,System8,System8_2,2023-08-01 21:10:28+00:00,19.824604800000003,True
17188e75-35a3-4682-bf92-ff6d4e31a821,System9,System9_1,2023-08-01 21:38:50+00:00,5640.8352,True
2294a7cf-8da8-4199-a3b8-6ada9e03609b,System3,System3_2,2023-08-01 23:34:31+00:00,29059.4304,True
813da1d4-9bff-4197-97ed-18c6b5dc4a5b,System10,System10_1,2023-08-01 23:56:56.375000+00:00,96.096,True
fb124ee2-c14f-4913-aa86-32d8ac523533,System12,System12_3,2023-08-02 14:10:12+00:00,28.8288,True
23a84090-b3b8-4904-9c23-131ba3b79be4,System8,System8_2,2023-08-02 14:39:16+00:00,27.031804800000003,True
5aed6c0f-2fc9-4ab9-b18f-92227d6ae3d1,System8,System8_2,2023-08-02 17:11:01+00:00,31.836604800000003,True
85fa0c99-f3e3-424f-a57d-97f4825ebd5c,System6,System6_1,2023-08-02 19:58:35+00:00,306.30600000000004,True
ef904645-832b-4757-b959-10006a0516de,System1,System1_3,2023-08-02 23:37:42+00:00,345.9456,True
ccd68ee8-79ca-4bd9-8b4f-4f32218f4494,System1,System1_3,2023-08-03 19:35:50+00:00,345.9456,True
d255127b-a43f-4ca8-89cf-33739e964623,System11,System11_1,2023-08-03 21:37:46.875000+00:00,11.53152,True
521df867-b585-4e72-a337-247b8d6bff24,System10,System10_1,2023-08-03 21:50:07.375000+00:00,129.7296,True
dd0a1e2a-799d-41ec-981f-04f0bdb96ebd,System9,System9_1,2023-08-03 21:59:24+00:00,5746.540800000001,True
5c355d6d-c3df-4b59-a01e-c068511059d3,System11,System11_2,2023-08-04 14:17:00.875000+00:00,10.09008,True
b074de99-fa61-47de-bf53-90d5ba8dc9f2,System6,System6_2,2023-08-04 16:24:58+00:00,344.74440000000004,True
f6498af1-08c2-4447-93a4-77d0cb25c740,System8,System8_2,2023-08-04 16:32:43+00:00,19.824604800000003,True
4f45ae49-1bc7-46de-85e1-86a99fbb7170,System9,System9_1,2023-08-04 16:35:57+00:00,5823.417600000001,True
eeeb1548-6dd0-4b92-99c9-0855c04d445f,System8,System8_2,2023-08-04 17:46:40+00:00,26.4264,True
186a52ce-6c10-49c1-871c-77b045aade1e,System5,System5_1,2023-08-05 01:54:03+00:00,21.6216,True
dc3eebbf-07b0-44f5-a389-4ea3978eb300,System1,System1_3,2023-08-05 04:06:18+00:00,344.02368,True
241e991b-74f9-421b-acca-e50b0e841e4d,System6,System6_2,2023-08-05 04:25:13+00:00,306.30600000000004,True
44b31a05-54a0-4c54-95ad-821420a8bac6,System6,System6_2,2023-08-05 04:45:09+00:00,306.30600000000004,True
732696a1-062a-43f8-91d8-67f4d51b7120,System1,System1_3,2023-08-05 14:22:22+00:00,342.10176,True
4717357b-90ee-478c-9885-7bae9cb44e6c,System6,System6_1,2023-08-05 14:38:28+00:00,306.30600000000004,True
cf02fd93-5857-43ee-add5-e078845e3fb8,System6,System6_2,2023-08-05 14:38:29+00:00,306.30600000000004,True
865b10b5-5faa-4164-9fa9-012a2982ac61,System8,System8_2,2023-08-05 16:46:56+00:00,24.024,True
d4d27065-ec42-494d-b3f9-ea580bb5911d,System1,System1_3,2023-08-05 17:46:58+00:00,353.63328,True
8b8a0fb0-8d93-49b4-bba6-f14cc2e1db62,System9,System9_1,2023-08-05 18:08:48+00:00,5746.540800000001,True
11fee12f-cb6b-4c7f-bc90-b6ad0d523953,System1,System1_3,2023-08-05 21:49:36+00:00,364.20384,True
14d91a65-4762-4181-8b44-12364759d845,System5,System5_1,2023-08-06 00:28:41+00:00,26.4264,True
7f36925b-03f4-4d0b-80a8-8717e936dfca,System11,System11_2,2023-08-06 00:34:08.875000+00:00,9.9267168,True
105e4f35-9722-459f-a0d1-293c4ffb1299,System6,System6_1,2023-08-06 01:12:31+00:00,344.74440000000004,True
1147678c-2011-4d04-95eb-a63cdf6852f4,System6,System6_2,2023-08-06 01:12:32+00:00,344.74440000000004,True
6f6bea67-fc84-413b-800d-750d926164d9,System1,System1_3,2023-08-06 01:13:53+00:00,376.69632,True
86cb56fc-925d-4827-a790-beaacd192f28,System8,System8_2,2023-08-06 03:49:14+00:00,19.2192,True
8e93ca6c-a68a-4471-9cae-48357e25f718,System1,System1_3,2023-08-06 06:35:50+00:00,372.85248,True
a5ec060a-bb9c-42c6-8df5-4a868b3ec07b,System6,System6_2,2023-08-06 06:40:29+00:00,344.74440000000004,True
8147280c-09d5-457f-8dd4-308909a18cfc,System6,System6_1,2023-08-06 06:40:36+00:00,306.30600000000004,True
afe101e8-0101-4a1c-9713-ea0c16f1989d,System9,System9_1,2023-08-06 06:54:16+00:00,5669.664000000001,True
b63ff73c-9411-44b6-bca4-cbd28b044ea3,System12,System12_3,2023-08-06 13:14:03+00:00,28.8288,True
6881fde5-2fe1-4f99-8eea-f7c70c3abb6c,System1,System1_3,2023-08-06 13:55:54+00:00,371.89152,True
e60e92a5-db0e-4cee-a8fc-5c8fed37e115,System8,System8_2,2023-08-06 16:06:28+00:00,25.830604800000003,True
a2b1b2f5-fc9d-4cc5-87c4-26edb7f61a7b,System6,System6_1,2023-08-06 16:25:12+00:00,306.30600000000004,True
eaa75940-0622-48e4-afc3-92db63da9dca,System8,System8_2,2023-08-06 18:30:23+00:00,28.233004800000003,True
8d921448-531e-4776-b4be-dcb893087947,System1,System1_3,2023-08-06 19:32:34+00:00,358.43808,True
8f1dfd4a-9d5d-4fba-b1c0-d26889259289,System1,System1_3,2023-08-06 22:10:02+00:00,347.86752,True
49c11c40-8d74-470f-a6ad-350ca000ce65,System8,System8_2,2023-08-07 00:10:05+00:00,19.2192,True
80250634-a5de-4313-ba79-0cc2c15a5d97,System1,System1_3,2023-08-07 00:59:27+00:00,344.98464,True
accb399e-69ca-46e7-8c49-ea82c0f3e111,System8,System8_2,2023-08-07 04:35:32+00:00,24.024,True
c617cf68-8483-473a-a55f-0a40badcd43b,System1,System1_3,2023-08-07 05:36:58+00:00,334.41408,True
39bae2e8-2954-4f74-80dd-d417073572c3,System12,System12_3,2023-08-07 10:17:01+00:00,28.8288,True
a1ad8706-618e-40f2-add4-0c7446852984,System1,System1_3,2023-08-07 17:12:47+00:00,336.336,True
bdc9059c-5fc6-49fb-ba79-b23e8ca976fe,System6,System6_2,2023-08-07 17:30:50+00:00,306.30600000000004,True
22fc0698-430f-4eee-81e8-441dc7c0312b,System11,System11_2,2023-08-07 22:23:22.875000+00:00,73.59031680000001,True
ce9f5a55-e38e-4a10-94e0-fc80e4ce671c,System8,System8_2,2023-08-07 22:44:27+00:00,21.025804800000003,True
4f1da98a-c66a-440f-b69e-1972ddc9aeaa,System1,System1_3,2023-08-08 02:00:12+00:00,328.64832,True
06fb8621-f8bd-4d0a-a009-7446feffb7b1,System6,System6_1,2023-08-08 02:16:18+00:00,383.1828,True
8dfeab6e-f2d8-4be3-b028-38f5d00354b3,System6,System6_2,2023-08-08 02:16:23+00:00,383.1828,True
49ab6f2b-f8a6-468c-b231-1f64a3d3f334,System12,System12_4,2023-08-08 13:13:16+00:00,28.8288,True
7ce79bde-c357-40a4-b346-0c7a44ea68f5,System1,System1_3,2023-08-08 14:26:01+00:00,342.10176,True
b3072e2e-4ed5-4e54-99f7-68fd2efb6c4e,System11,System11_1,2023-08-08 16:50:53.875000+00:00,74.5512768,True
3424c63d-3422-4ae5-be17-90ded06d3d10,System1,System1_3,2023-08-08 17:31:09+00:00,352.67232,True
9e1dd334-6a6f-42ad-8cba-b6fc7367c596,System1,System1_3,2023-08-08 20:52:49+00:00,359.39904,True
e577514c-c5aa-48fa-9baf-84af5376731c,System11,System11_1,2023-08-08 23:49:33.875000+00:00,87.8509632,True
6b991985-d56e-4174-bfdf-485469c7ed69,System1,System1_3,2023-08-09 00:47:50+00:00,345.9456,True
25b92b3e-dc69-4ecd-b2e9-990203bd259f,System8,System8_2,2023-08-09 01:13:54+00:00,20.4204,True
d6cbced1-0423-4ab0-8264-5b61d050a28d,System8,System8_2,2023-08-09 11:52:04+00:00,22.8228,True
6eb1d5f6-747d-4456-a68b-0d4b3d6608b7,System1,System1_3,2023-08-09 12:37:10+00:00,353.63328,True
bf5d4c18-c2cc-4349-a0b9-9d07b9465eef,System8,System8_2,2023-08-09 14:51:28+00:00,30.635404800000003,True
42c14cd0-c42d-436a-bd21-4a03e94ced79,System1,System1_3,2023-08-09 15:39:42+00:00,339.21888,True
e42b9492-d931-408f-9bae-586fbe116941,System6,System6_2,2023-08-09 15:52:25+00:00,344.74440000000004,True
eb5ceeed-8f04-4215-8f0a-25fc647a59fa,System6,System6_2,2023-08-09 18:38:12+00:00,306.30600000000004,True
ddf54fca-b5b5-4aec-bda3-f63fa676c89f,System1,System1_3,2023-08-09 18:38:17+00:00,331.5312,True
5a56ab02-691b-488f-b0c6-4365ff7190c3,System6,System6_2,2023-08-09 18:41:32+00:00,306.30600000000004,True
1b21a60c-fafd-42df-aa41-22d289322e87,System6,System6_2,2023-08-09 18:44:52+00:00,344.74440000000004,True
b3c4dc5c-1ba2-4ef3-afec-5046d6815bae,System13,System13_2,2023-08-10 18:38:33+00:00,28.8288,True
418b961e-e62f-45ca-bfaf-8b9097eaea43,System12,System12_3,2023-08-10 18:39:37+00:00,28.8288,True
55a99e56-1864-48aa-9bda-3ccf364413b9,System1,System1_3,2023-08-10 20:09:03+00:00,345.9456,True
5c0fb073-9022-4480-9bb9-dae485b268f3,System9,System9_1,2023-08-10 20:35:25+00:00,5996.3904,True
a28dc307-1095-4b1a-a901-f7c311d95177,System1,System1_3,2023-08-10 22:34:23+00:00,352.67232,True
440376fc-85ea-4591-a9b2-23e4da2fb25b,System1,System1_3,2023-08-11 02:48:43+00:00,332.49216,True
e0678949-4794-4c62-99c2-05fc901b806f,System13,System13_1,2023-08-11 12:49:44+00:00,28.8288,True
cb4bddb5-a54b-44a1-8407-0b038f318e9d,System1,System1_3,2023-08-11 14:02:54+00:00,334.41408,True
a8d1fb49-e2c8-4219-a2d0-01c000357fc8,System5,System5_1,2023-08-11 16:02:18+00:00,2.4024,True
2ac5d1e0-0880-4a31-a15e-5f6544662b1a,System8,System8_2,2023-08-11 16:16:22+00:00,26.4264,True
75becafd-118e-4af1-86f8-73c3889a5da1,System1,System1_3,2023-08-11 20:11:02+00:00,355.5552,True
fd8ced5c-9dd1-482d-a94b-d056ca7b2829,System8,System8_2,2023-08-11 22:19:44+00:00,24.024,True
322f1ab5-b1b8-45b4-953c-cde53f2d5a81,System6,System6_2,2023-08-11 22:48:25+00:00,306.30600000000004,True
420299b0-ffcc-4a46-a5b6-3112e872a958,System1,System1_3,2023-08-11 22:56:26+00:00,342.10176,True
3dcd7026-6a4f-44d9-93e4-4d426f4819b9,System5,System5_1,2023-08-12 01:48:17+00:00,2.4024,True
038e8fb0-f34b-4eb5-9c0a-498fadcc3240,System12,System12_3,2023-08-12 09:51:56+00:00,28.8288,True
116ae833-8778-4a72-a7d1-8dfa2af57bb0,System5,System5_1,2023-08-12 12:08:03.750000+00:00,2.4024,True
7222540c-cb44-4f7a-a703-5a51ed1f48da,System2,System2_1,2023-08-12 12:30:37.875000+00:00,648.648,True
8706ad65-0747-4878-a1e1-aebe638e440b,System1,System1_3,2023-08-12 14:46:20+00:00,363.24288,True
296ca6b2-ba72-4287-bde0-a2731e67bd1c,System1,System1_3,2023-08-12 16:49:33+00:00,372.85248,True
0189e535-6a8d-4521-94bb-72169c59ab40,System1,System1_3,2023-08-12 20:25:49+00:00,353.63328,True
19be8c56-f36a-4340-a9bf-926ec3d31ca5,System6,System6_1,2023-08-12 22:51:12+00:00,306.30600000000004,True
733435b5-64f2-45a9-b842-babccacbc88d,System1,System1_3,2023-08-12 23:05:22+00:00,353.63328,True
d69df49c-2c40-4059-836a-e093604a57b9,System1,System1_3,2023-08-13 02:39:02+00:00,366.12576,True
bf533d17-1ef0-430e-a32a-36bebc20dccf,System12,System12_4,2023-08-13 12:57:41+00:00,28.8288,True
56d4cb93-2161-42a2-a401-342e7daaaa50,System1,System1_3,2023-08-13 13:54:06+00:00,346.90656,True
789ea817-a614-43ea-96a0-c13c4160764b,System8,System8_4,2023-08-13 16:10:56+00:00,3.6036,True
5522a933-cafe-4c6f-a38e-d7b140de2e70,System2,System2_1,2023-08-13 21:22:47.875000+00:00,649.2534048,True
65c3b969-38be-45a8-ae57-99e2687df1f7,System2,System2_1,2023-08-13 22:55:59.875000+00:00,650.4546048000001,True
cfa5cc75-83b1-4aee-a44f-f4b3d36b293f,System2,System2_1,2023-08-14 01:43:42.875000+00:00,649.2534048,True
46bcb5fd-ebb1-438e-89cb-dad26165b3fd,System5,System5_1,2023-08-14 01:54:37+00:00,16.8168,True
d9a113e6-b3c4-4648-b47b-ca5a84679872,System1,System1_3,2023-08-14 02:02:26+00:00,377.65728,True
12335238-9bbd-4a05-80f3-cb2e39f9d445,System9,System9_1,2023-08-14 02:15:52+00:00,5688.8832,True
3b829980-4d29-440b-a740-0e6f02e7ed1f,System12,System12_3,2023-08-14 11:03:49+00:00,28.8288,True
97811930-77f1-45de-96dd-c30cecbc2af7,System2,System2_1,2023-08-14 11:32:05.875000+00:00,648.648,True
e893af9b-ee6b-40e4-9400-56253f474f34,System1,System1_3,2023-08-14 11:40:41+00:00,373.81344,True
2c98f5fd-e259-46ef-830b-e0a978bdfb9c,System1,System1_3,2023-08-14 15:34:56+00:00,347.86752,True
6743a6f0-b060-4573-a588-d542b0f53c47,System4,System4_1,2023-08-14 18:27:59+00:00,2.88288,True
833dda99-4f5f-4887-a7db-a54515b4ae97,System6,System6_2,2023-08-14 19:34:28+00:00,421.6212,True
f0e37f1b-3e5d-4757-959e-df0596d82660,System6,System6_1,2023-08-14 19:34:35+00:00,421.6212,True
312d535b-902d-4483-aa67-7c3804a942b3,System1,System1_3,2023-08-14 19:41:17+00:00,348.82848,True
9c6f3159-895f-49bf-92d4-ef2935dfc272,System1,System1_3,2023-08-14 21:53:13+00:00,345.9456,True
5eb6bb86-53db-4685-a684-878753d36df5,System9,System9_1,2023-08-14 22:17:07+00:00,5698.4928,True
6dd96e90-c983-4164-93bb-0dc3ca9ae363,System1,System1_3,2023-08-15 04:27:11+00:00,344.98464,True
d37a16a3-8cdf-4189-a5bc-1e06a3ca06ca,System11,System11_1,2023-08-15 19:57:17.875000+00:00,76.79992320000001,True
ff438f22-289e-4b71-b3e2-d40f574b699f,System1,System1_3,2023-08-15 20:06:05+00:00,332.49216,True
f320c657-fe1f-4747-a0be-ac35f18984d5,System5,System5_1,2023-08-15 20:10:33+00:00,31.2312,True
fc4e0e28-6488-4d2e-8a80-a16bcaf3d40a,System9,System9_1,2023-08-15 20:30:35+00:00,5708.1024,True
21adeed0-5466-4a97-a16b-1ef8a4496210,System1,System1_3,2023-08-15 23:02:33+00:00,341.1408,True
152a97ba-05ca-4511-a8a4-e25ae48a49bf,System2,System2_1,2023-08-16 01:46:27.875000+00:00,653.4528,True
eafd584e-03e6-460f-a27b-e1092d95372f,System2,System2_1,2023-08-16 12:28:05.875000+00:00,654.0582048,True
0483f4eb-9999-4fd1-a29a-4311f48e241c,System11,System11_2,2023-08-16 12:34:29.875000+00:00,8.706297600000001,True
dda03272-9bdf-4d10-9400-ffcff5adb831,System11,System11_1,2023-08-16 12:35:33.875000+00:00,10.9741632,True
69dd8112-3580-4447-8eb1-e9fc0805ac68,System6,System6_1,2023-08-16 15:41:15+00:00,306.30600000000004,True
7e0d8f7a-523e-4c15-a36d-e5f4a2abecd8,System6,System6_2,2023-08-16 23:13:24+00:00,344.74440000000004,True
4cfedc41-0192-4d5c-8722-1f0c5a50ff2f,System6,System6_1,2023-08-16 23:13:27+00:00,306.30600000000004,True
355992e8-7a92-4c9f-95ea-3c34d3762912,System8,System8_2,2023-08-17 20:27:35+00:00,22.8228,True
e1b85a63-b52c-4202-a964-d21f539d5329,System2,System2_1,2023-08-18 12:25:21.875000+00:00,650.4546048000001,True
fa996070-a781-4601-a78e-aad471074754,System5,System5_1,2023-08-18 14:18:05+00:00,2.4024,True
eec4d1ff-6ce3-443b-8bbc-cf9bbe8a010a,System9,System9_1,2023-08-18 17:00:43+00:00,5650.4448,True
713e5bc2-d448-4319-b8d6-c23010c1027c,System9,System9_1,2023-08-19 16:36:53+00:00,5746.540800000001,True
9b7328f4-db7b-4447-85c6-35b7881d068d,System13,System13_1,2023-08-20 13:29:39+00:00,28.8288,True
29206c81-52d1-434a-91ef-2e63edf92a37,System2,System2_1,2023-08-20 13:52:46.875000+00:00,651.0504000000001,True
6190897e-1a35-4df8-b8d6-6755c1636384,System9,System9_1,2023-08-20 14:30:08+00:00,5698.4928,True
e4430035-856e-4d19-875b-42098e8d4920,System2,System2_1,2023-08-20 16:24:18.875000+00:00,649.2534048,True
851c2e7a-e225-4139-90d3-ec5897b903e9,System11,System11_2,2023-08-20 21:00:26.875000+00:00,10.4936832,True
d11cd9ba-1ee1-4055-8220-a5074022d883,System11,System11_1,2023-08-20 21:06:15.875000+00:00,11.05104,True
44acb1a3-7f7c-4b76-89f2-a6788274f3cb,System10,System10_1,2023-08-20 21:18:17+00:00,163.3632,True
4ba713cf-92dd-4207-a2b9-033a7998ea58,System2,System2_1,2023-08-20 22:54:55.875000+00:00,650.4546048000001,True
857e9964-1924-4d9b-a4ef-2ffe94bce20d,System2,System2_1,2023-08-21 01:42:15.875000+00:00,649.8492,True
74f1cdea-d2e1-49b0-b501-eab6b0be0d39,System2,System2_1,2023-08-21 12:14:21.875000+00:00,652.2516,True
67238cfb-1262-45d7-8258-dc7b0ed932e2,System8,System8_2,2023-08-21 14:21:15+00:00,21.025804800000003,True
cd3ddcca-3c1a-475a-afb2-eac08aecc540,System11,System11_2,2023-08-21 17:33:37.875000+00:00,76.6942176,True
6d60660f-8d1b-4c78-980d-cd2e3d75059f,System11,System11_1,2023-08-21 20:27:05.875000+00:00,75.43536,True
c499ce01-e6b3-4b57-b09d-bc5bcb86cce8,System6,System6_2,2023-08-22 02:58:32+00:00,306.30600000000004,True
af62482e-73b3-47bc-95b6-9a19039dcf2a,System12,System12_4,2023-08-22 14:29:15+00:00,28.8288,True
c74b085d-3a08-4f0c-9ce4-f2b1f564dcc8,System6,System6_2,2023-08-22 15:57:15+00:00,344.74440000000004,True
a9766973-2e36-4ee7-a503-58c0d79142de,System6,System6_1,2023-08-22 15:57:22+00:00,344.74440000000004,True
c6eaa02f-8d8b-41b5-b3c0-b10f44749569,System6,System6_2,2023-08-22 16:04:27+00:00,306.30600000000004,True
c85f09c9-106d-4752-ba0f-207c24615d4a,System6,System6_1,2023-08-22 16:04:30+00:00,306.30600000000004,True
db1cce70-d053-4400-a736-d48b2bbbbe4a,System6,System6_2,2023-08-22 18:00:46.750000+00:00,1.2012,True
914b179c-18b9-4ed8-8efb-a4dfd23fb0b7,System7,System7_1,2023-08-22 20:12:45.875000+00:00,1147.7514048,True
ddf60b58-5c2d-4040-94e5-56367ddcaabb,System7,System7_1,2023-08-22 21:19:31.875000+00:00,1145.9448,True
6efd2cd0-85c2-4517-922a-44b040805629,System9,System9_1,2023-08-22 23:50:24+00:00,5861.856,True
2f509d75-96ef-4854-9b97-f3f3879ce43b,System6,System6_2,2023-08-23 04:04:04+00:00,1.2012,True
ede12548-544a-43bb-ab3c-3577a4b052b3,System6,System6_2,2023-08-23 17:51:49.250000+00:00,6.006,True
c830b245-4b63-4835-90c1-d654cd5ff1ba,System8,System8_2,2023-08-23 21:47:15+00:00,19.2192,True
bcf24689-e7ea-4756-8088-16ba6822e704,System1,System1_3,2023-08-23 23:27:20+00:00,376.69632,True
f37b3916-6f6f-4d2d-9a7c-377bdf40d38b,System7,System7_1,2023-08-24 03:00:28.875000+00:00,1148.3472000000002,True
26cf4340-97aa-4403-aca4-3d0bb795b1f6,System13,System13_1,2023-08-24 13:26:28+00:00,28.8288,True
6ea861b9-f1cb-4cb5-bf0d-27f515356b7f,System7,System7_1,2023-08-24 14:33:02.875000+00:00,1153.152,True
b2786288-118a-4d6a-9898-ffdc2b5c687f,System7,System7_1,2023-08-24 23:02:06.875000+00:00,1153.152,True
e2869bb0-5c50-4ba9-b046-5cdfb0f2e1c1,System3,System3_2,2023-08-24 23:02:38+00:00,29011.3824,True
30fdd2f9-591c-4906-a13d-e49a407be6e1,System2,System2_1,2023-08-24 23:08:09.875000+00:00,649.2534048,True
95d2e39b-5944-4728-bc39-7d75503dd335,System3,System3_3,2023-08-24 23:10:23+00:00,28896.0672,True
03ee38a7-ab61-4f55-a48d-7db86b74f04b,System3,System3_2,2023-08-25 00:31:40+00:00,29040.2112,True
e1a926f8-27cb-45b1-9638-db0a1b8923f7,System10,System10_1,2023-08-25 00:41:28.375000+00:00,153.7536,True
23aa2603-f27a-46ca-91d2-ea35c5f6710f,System11,System11_1,2023-08-25 16:37:41.875000+00:00,85.3620768,True
d0f789df-d484-462c-9fd8-fdd46e28b17e,System6,System6_1,2023-08-25 18:02:27+00:00,306.30600000000004,True
f2f0a101-c792-4215-8d57-60ad8596e60b,System6,System6_2,2023-08-25 18:02:28+00:00,344.74440000000004,True
e0ef66a1-3cf9-436a-adce-08aa222c1666,System9,System9_1,2023-08-25 20:56:42+00:00,5823.417600000001,True
aa840413-b9e0-4010-8405-38512c6c07ba,System13,System13_1,2023-08-26 11:57:04+00:00,28.8288,True
f194226b-08f3-4919-b045-fd7698569af9,System12,System12_4,2023-08-26 11:58:09+00:00,28.8288,True
ddd1bdeb-a928-4d33-b771-664fea8939b6,System1,System1_3,2023-08-26 13:07:31+00:00,377.65728,True
a86ae018-8b7a-4998-a443-82251aace330,System1,System1_3,2023-08-26 21:13:55+00:00,372.85248,True
e16c5897-da05-442e-b9c5-aafbf552e52e,System1,System1_3,2023-08-27 01:09:07+00:00,366.12576,True
40d3b02c-4053-42e0-b22d-0bef8203b04c,System9,System9_1,2023-08-27 01:35:13+00:00,5794.5888,True
babca259-636e-4c80-8f0a-9a7924778ed6,System13,System13_1,2023-08-27 13:40:38+00:00,28.8288,True
7e70e96d-98e7-4f5f-a919-1fe5dcfbff08,System12,System12_4,2023-08-27 13:41:49+00:00,28.8288,True
41996eb2-4bf5-4912-99fd-3f4b04f9d775,System1,System1_3,2023-08-27 15:44:26+00:00,363.24288,True
0e7796f7-4cdc-4cc0-8d49-e9984c4c3dc5,System2,System2_1,2023-08-27 18:37:14.875000+00:00,649.8492,True
26902b73-ff70-4afd-9422-7cc68a7d2571,System1,System1_3,2023-08-27 18:38:18+00:00,374.7744,True
c5402732-4449-4341-9261-eeb4fb96df34,System9,System9_1,2023-08-27 18:53:12+00:00,5669.664000000001,True
abf9cc00-daaf-4be9-9bf4-b5b089c3063a,System6,System6_2,2023-08-27 22:39:29+00:00,306.30600000000004,True
6b02fe9e-fb3c-4ace-a59c-ba91de7b889d,System1,System1_3,2023-08-27 22:43:22+00:00,375.73536,True
5313befb-bb71-4d10-a442-3e4a639f668c,System6,System6_2,2023-08-27 22:45:45+00:00,306.30600000000004,True
166665a1-5066-431b-b143-5e91447088c9,System8,System8_2,2023-08-28 01:04:29+00:00,25.830604800000003,True
d0ca7a3b-3c04-4ef0-8537-57b107b6b808,System7,System7_1,2023-08-28 01:46:55.875000+00:00,1160.9646048,True
531ea9e3-35e7-4f2c-a64a-3e275f59028a,System1,System1_3,2023-08-28 02:32:26+00:00,353.63328,True
818e2d44-1d0c-4df6-8c0a-c2383b729bda,System6,System6_2,2023-08-28 02:37:01+00:00,306.30600000000004,True
2ab13389-aac4-4040-96b0-3f76d8cc34c4,System3,System3_3,2023-08-28 02:38:24+00:00,30222.192000000003,True
05ea8b5b-dc48-4e7b-abe8-8d4871662a75,System9,System9_1,2023-08-28 03:10:40+00:00,5698.4928,True
563a251a-4fec-416a-b4cd-49f5fb3a83bf,System8,System8_2,2023-08-28 15:09:34+00:00,21.025804800000003,True
8b78a4ed-5493-428c-a4f5-d15dbeb0297e,System2,System2_1,2023-08-28 17:28:58.875000+00:00,658.2576,True
475bded8-ed93-42f0-82da-e41de6ac401b,System1,System1_3,2023-08-28 18:33:26+00:00,375.73536,True
898eddda-66da-44fb-9c30-1fe64aad3f85,System2,System2_1,2023-08-29 02:38:55.875000+00:00,649.8492,True
9e0b184d-1c55-4a17-87c3-52fdfdaae10d,System2,System2_1,2023-08-29 10:30:39.875000+00:00,649.2534048,True
4690b9a2-81c0-45af-91e6-bf49e0cf098b,System11,System11_1,2023-08-29 14:45:34.875000+00:00,88.9656768,True
cc40198a-f5e9-4c85-adc5-866efaf64d74,System1,System1_3,2023-08-29 14:49:46+00:00,376.69632,True
5c28329c-e912-4947-80dc-fc89481f7508,System11,System11_1,2023-08-29 16:29:26.875000+00:00,136.7734368,True
d1aae253-bbf6-4563-8ab0-044a62b4a7df,System2,System2_1,2023-08-29 19:13:38.875000+00:00,650.4546048000001,True
f3c1b640-546f-416a-8200-371ef7899023,System2,System2_1,2023-08-29 20:53:43.875000+00:00,650.4546048000001,True
899a7422-274d-49b9-91e7-8d2019500c9e,System1,System1_3,2023-08-30 00:37:31+00:00,368.04768,True
0b25dd92-45b3-4c29-8c39-9646c4f138c1,System1,System1_3,2023-08-30 15:46:17+00:00,376.69632,True
4b475b56-f1e7-44bc-883f-02de9325af68,System6,System6_2,2023-08-30 19:29:15+00:00,306.30600000000004,True
722403d5-28e1-413b-869d-fac64331f944,System2,System2_1,2023-08-30 19:38:52.875000+00:00,648.648,True
dedafc25-3568-4ab0-8d31-997364d982d5,System2,System2_1,2023-08-30 21:36:36.875000+00:00,649.8492,True
7ef1d884-36f9-473c-a887-8008b0a60f2c,System2,System2_1,2023-08-30 23:41:56.875000+00:00,648.648,True
ca943dc2-a499-44a3-905a-151fbb437f6f,System13,System13_2,2023-08-31 14:20:01+00:00,28.8288,True
1848c4d3-8590-4087-a89e-258ec0f1c342,System2,System2_1,2023-08-31 14:44:42.875000+00:00,648.648,True
2e02405e-7964-4a92-92c8-310e1dda6df5,System1,System1_3,2023-08-31 17:35:22+00:00,372.85248,True
9de60510-7b34-4a6f-93e0-f6bc02e6cf4f,System11,System11_2,2023-08-31 21:07:42.875000+00:00,86.822736,True
65759d59-8606-4a0a-8b9f-cb0f20b289b2,System2,System2_1,2023-08-31 23:17:14.875000+00:00,648.648,True
2de58f3f-80c6-46e4-a118-7aa16b275860,System1,System1_3,2023-09-01 18:11:40+00:00,342.10176,True
caa4e9d5-2b89-4f04-9c69-409d440e1b6a,System1,System1_3,2023-09-01 21:57:52+00:00,346.90656,True
9dc4b10e-38f4-4902-90d4-ff8461549ac0,System13,System13_2,2023-09-02 11:05:55+00:00,28.8288,True
c3810df7-3a0d-4d4a-8dba-9993c52605fe,System2,System2_1,2023-09-02 11:40:17.875000+00:00,649.2534048,True
4a655322-33f2-4981-8317-0f730775379b,System1,System1_3,2023-09-02 20:41:01+00:00,377.65728,True
74860802-0c5a-4149-97e9-1fd0dedca29d,System1,System1_3,2023-09-02 23:17:13+00:00,360.36,True
ce8e3663-dc36-4d80-86f8-3ca1d43895b8,System8,System8_2,2023-09-03 01:37:31+00:00,22.8228,True
41528f49-990f-479e-8b74-620a40f052c1,System1,System1_3,2023-09-03 02:15:53+00:00,364.20384,True
700df16a-e2ec-4819-be58-eee686f98e26,System13,System13_2,2023-09-03 14:25:34+00:00,28.8288,True
292050c6-2bae-49f7-b37e-877af019120c,System1,System1_3,2023-09-03 15:39:02+00:00,356.51616,True
5cfcb5f1-73bd-4bde-97bb-603962436bf5,System6,System6_2,2023-09-03 15:54:41+00:00,306.30600000000004,True
6c80df5a-5e1b-47bb-b97f-3d0246cbc388,System6,System6_1,2023-09-03 16:00:16+00:00,344.74440000000004,True
91bcc447-2bec-48d0-bc28-6d6fca98e7df,System6,System6_2,2023-09-03 16:00:17+00:00,306.30600000000004,True
142654c2-f4c8-46a5-b1a7-af459e6fd40d,System11,System11_1,2023-09-03 17:33:39.875000+00:00,154.7914368,True
191784bd-55bb-437b-8b8a-8c9967acbc06,System7,System7_1,2023-09-03 17:37:36.875000+00:00,1154.9586048,True
de4ed2e9-f39a-4d70-b8c2-582396880479,System11,System11_2,2023-09-03 18:02:16+00:00,83.5458624,True
26881624-a58e-47cf-a921-3bcce9b47d91,System9,System9_1,2023-09-03 20:26:21+00:00,5881.0752,True
013d09d7-7c0d-40a0-a6c4-b636648d0777,System1,System1_3,2023-09-04 01:37:17+00:00,347.86752,True
51cfb1cd-379a-4a92-b4a4-5f37acee63da,System12,System12_3,2023-09-04 13:59:22+00:00,28.8288,True
0969db60-b72d-4573-87d8-258d61c128a5,System6,System6_2,2023-09-04 15:39:44+00:00,306.30600000000004,True
8c869ad7-079a-42f1-b25b-2625545ebdc9,System1,System1_3,2023-09-04 15:52:25+00:00,353.63328,True
567129c5-48d1-435a-ae95-3eeeb2513609,System1,System1_3,2023-09-04 19:48:07+00:00,344.02368,True
0b320209-986e-4187-98e0-4263645706c9,System7,System7_1,2023-09-04 20:01:24.875000+00:00,1144.7436,True
a29b900e-0a6c-4e04-9106-16ddefcf7a16,System7,System7_1,2023-09-04 21:30:08.875000+00:00,1145.3490048,True
a0f96739-4d08-4f73-8267-a903ecdcde03,System1,System1_3,2023-09-04 23:11:47+00:00,333.45312,True
e60b50b2-6cbf-4aa8-8cf1-39df56d2bee8,System6,System6_2,2023-09-04 23:38:22+00:00,306.30600000000004,True
014380b1-d84f-4b1f-971c-7dde069573d9,System1,System1_3,2023-09-05 02:34:03+00:00,336.336,True
23bd7d88-b7b9-464e-a9c2-8ab5e5794415,System6,System6_2,2023-09-05 02:41:22+00:00,306.30600000000004,True
1b0f3511-df80-4d29-9170-922736571601,System6,System6_2,2023-09-05 02:44:30+00:00,344.74440000000004,True
4a301e70-fd38-4940-ae14-48f4a97f42b7,System6,System6_2,2023-09-05 02:47:34+00:00,306.30600000000004,True
32b9d46b-93af-4f21-9f12-27997cca0a6e,System6,System6_2,2023-09-05 02:50:34+00:00,306.30600000000004,True
851463b2-a91a-466f-9e98-546ca3ea7bc2,System1,System1_3,2023-09-05 14:07:29+00:00,332.49216,True
2a9da536-c313-41e6-8e5b-b0a2a4b2ed53,System8,System8_2,2023-09-05 16:51:27+00:00,22.227004800000003,True
035e24b8-793f-4283-ba43-32ca29499f9a,System1,System1_3,2023-09-05 17:23:37+00:00,353.63328,True
1e2e01b2-af75-4476-83c9-f20239367e37,System1,System1_3,2023-09-05 20:17:21+00:00,355.5552,True
9b426860-c92c-4a97-b549-1459f7c99484,System1,System1_3,2023-09-05 23:59:42+00:00,344.98464,True
766dd19c-093d-46d3-b508-4f8a0f89fda5,System2,System2_1,2023-09-06 15:15:12.875000+00:00,653.4528,True
61bf7772-9032-4053-9488-4ae67ed4bda4,System6,System6_2,2023-09-06 18:30:52+00:00,344.74440000000004,True
26076028-50e0-4f0a-a081-67ebb6f20935,System6,System6_1,2023-09-06 18:30:55+00:00,344.74440000000004,True
10ce0782-1a31-4efb-93f3-f60cae9475a1,System1,System1_3,2023-09-06 18:34:25+00:00,358.43808,True
491d601a-30dd-444e-8f81-a58cc1d86131,System1,System1_3,2023-09-06 21:50:05+00:00,333.45312,True
6158e2d4-3aa8-440d-958c-cd866683e304,System11,System11_1,2023-09-07 01:06:37.875000+00:00,11.4546432,True
ffeef425-7c55-4fd9-9bfa-8aec7137f7ca,System1,System1_3,2023-09-07 01:07:05+00:00,344.98464,True
2135194c-f69d-4fde-958d-0e86faba8c92,System11,System11_1,2023-09-07 15:13:07.875000+00:00,85.20832320000001,True
2e480d06-fb7e-4e51-9f7e-92f3da10ce3b,System1,System1_3,2023-09-07 15:40:27+00:00,335.37504,True
051b13b4-fb83-438a-8ea0-b08a25dd9b6d,System7,System7_1,2023-09-07 20:04:35.875000+00:00,1145.3490048,True
c70372e5-7116-4217-9fbf-cf8c5d08c2c5,System7,System7_1,2023-09-07 22:01:59.875000+00:00,1144.7436,True
ff90e4a6-e493-4993-bf12-74d6e90c53e5,System6,System6_1,2023-09-08 00:21:02.250000+00:00,6.006,True
c41e99cd-254a-4ba8-84b5-ab2653de2b2b,System11,System11_1,2023-09-08 00:31:09.875000+00:00,98.6617632,True
92ef5daa-036f-483b-a2a7-8e5b5f29af65,System1,System1_3,2023-09-08 02:20:29+00:00,324.80448,True
cb08a9e2-20b6-4f29-bba2-4317be91cd4e,System1,System1_3,2023-09-08 15:18:57+00:00,332.49216,True
ed5c3d08-1086-461d-9d22-a44a81ccd6bd,System6,System6_1,2023-09-08 17:49:23+00:00,8.4084,True
111f3f1a-62ed-4da8-8e17-c8af09e1a8a7,System1,System1_3,2023-09-08 19:51:34+00:00,315.19488,True
a1ab6e4b-0122-4a27-8a89-a1718273921c,System6,System6_2,2023-09-08 19:55:17+00:00,344.74440000000004,True
df278fc5-098c-4410-ac29-37401354dfdd,System7,System7_1,2023-09-08 20:02:11.875000+00:00,1145.9448,True
0deb1afb-50e0-48cd-b109-42ceec57cb90,System7,System7_1,2023-09-08 21:20:58.875000+00:00,1148.3472000000002,True
7700752f-883f-44ba-b7e9-6da3495bbe28,System8,System8_2,2023-09-08 21:41:04+00:00,21.6216,True
f25b8b38-cc3e-4196-a19b-f074eb810059,System1,System1_3,2023-09-08 23:12:49+00:00,314.23392,True
4f071935-15ed-4ae8-9e35-c13b3befaa25,System11,System11_2,2023-09-08 23:28:28.875000+00:00,74.1572832,True
aa33ab96-86f5-421e-b886-db91155bcfee,System9,System9_1,2023-09-08 23:56:11+00:00,5765.76,True
5c2cc627-5010-488d-86f0-4ae0ecc78fae,System1,System1_3,2023-09-09 03:14:13+00:00,310.39008,True
39d21b31-e16c-4501-9107-33f16102a99c,System7,System7_1,2023-09-09 12:19:02.875000+00:00,1150.1538048,True
7fe23083-2b1e-4b1f-b034-99ccd48b4865,System1,System1_3,2023-09-09 14:03:33+00:00,308.46816,True
293dc65a-ffbd-46fb-afd4-24b2df02e751,System1,System1_3,2023-09-09 17:33:58+00:00,337.29696,True
f958c202-0255-4c39-868a-ff7ad5fcdcae,System11,System11_1,2023-09-09 20:44:48.875000+00:00,154.6376832,True
bbbc0210-ece9-457b-9843-87893b8f2dc7,System6,System6_1,2023-09-09 21:25:46+00:00,306.30600000000004,True
9c79826b-e245-4d14-86e4-414df22c9837,System1,System1_3,2023-09-09 21:29:48+00:00,347.86752,True
f982c2a6-3d08-4252-ba86-86184e15371e,System6,System6_2,2023-09-09 21:29:51+00:00,306.30600000000004,True
28635223-2213-41fa-84b0-c528cc2d5032,System1,System1_3,2023-09-10 01:05:25+00:00,342.10176,True
659e0c77-4420-4be8-8dbe-fefbe001df05,System2,System2_1,2023-09-10 16:24:58.875000+00:00,651.6558048,True
22b994ce-cff5-4a54-a453-ebec029b8de8,System1,System1_2,2023-09-10 16:42:28+00:00,624.624,True
b6c4f6fd-3997-425c-94d4-175f0f75f427,System2,System2_1,2023-09-10 17:50:34.875000+00:00,651.0504000000001,True
ebb961e1-6ea1-4da6-b016-76d83b075fed,System1,System1_2,2023-09-10 18:13:12+00:00,626.54592,True
001a03dd-0c77-4142-bdba-8efc24e07bb0,System2,System2_1,2023-09-11 16:25:47.875000+00:00,654.654,True
5a0041c5-0f77-4d8e-95e3-715a2bf74430,System1,System1_2,2023-09-11 16:32:01+00:00,627.50688,True
354ffc7b-f6e4-41a0-bd34-5bfbc75e6611,System2,System2_1,2023-09-11 17:27:07.875000+00:00,654.654,True
36477af5-291f-43a3-8845-0d3f22da273c,System1,System1_2,2023-09-11 17:48:33+00:00,625.58496,True
4a27d468-b355-4efc-a654-997999e29164,System11,System11_1,2023-09-11 22:09:22.875000+00:00,76.15608,True
575ae615-f2f7-4f86-94ef-6555d4b62132,System6,System6_1,2023-09-12 02:55:13+00:00,344.74440000000004,True
a4c1f760-6ef8-458b-9812-391e5a97c8b2,System6,System6_2,2023-09-12 02:55:14+00:00,383.1828,True
e522a0fb-976f-494e-a121-4a467f9ee386,System8,System8_2,2023-09-12 17:42:23+00:00,22.227004800000003,True
82a8cf6d-0abc-41c7-b215-21fd59fa15a7,System6,System6_2,2023-09-12 21:45:36+00:00,306.30600000000004,True
55e68a29-a145-4fd9-8269-13d6fe88d268,System11,System11_1,2023-09-13 13:44:52.875000+00:00,77.35728,True
65aa4335-1984-4ff9-b506-3a15db6540db,System8,System8_2,2023-09-13 17:57:56+00:00,25.2252,True
86c00160-99de-4b82-857f-00291c3bb644,System6,System6_2,2023-09-13 20:32:03+00:00,306.30600000000004,True
7e94fc52-cb2b-4bca-9e5e-0e475e05adf4,System2,System2_1,2023-09-13 23:34:13.875000+00:00,651.0504000000001,True
3dcc9086-2bb6-4b47-ae69-e40344cbc8a1,System6,System6_2,2023-09-14 00:07:38+00:00,306.30600000000004,True
c7300fde-6cdc-4e9d-b502-c85917c78fb7,System6,System6_2,2023-09-14 10:56:01+00:00,383.1828,True
636f4358-32ee-4679-96cc-ec6e462fb4dd,System6,System6_2,2023-09-14 11:01:53+00:00,344.74440000000004,True
0f625617-d07f-46e5-bb83-ff987e476da8,System2,System2_1,2023-09-14 11:05:18.875000+00:00,652.2516,True
be38d6c0-5585-4633-8b1e-dee664439013,System8,System8_2,2023-09-14 12:58:19+00:00,23.428204800000003,True
a004d1b1-e08e-4bc6-9974-0af754ba69b7,System7,System7_1,2023-09-14 16:12:12.875000+00:00,1150.1538048,True
f531c65d-e5df-4b44-b800-a152a0e54a5b,System8,System8_2,2023-09-14 18:05:44+00:00,22.227004800000003,True
69991a9c-dacf-45f4-b3cb-1a2701b25526,System6,System6_2,2023-09-14 20:17:46+00:00,306.30600000000004,True
686739cc-49a8-4eb1-9c3e-8614b43bfea8,System2,System2_1,2023-09-14 23:39:35.875000+00:00,650.4546048000001,True
18fafbf3-ebc8-4159-bac8-2ea5fdc6202e,System6,System6_2,2023-09-14 23:56:18+00:00,306.30600000000004,True
31858dba-9652-4b07-881c-8ee6b1c25ac2,System13,System13_2,2023-09-15 11:29:59+00:00,28.8288,True
d48c30b3-2850-4f08-aaa3-7b20a5d656c6,System6,System6_2,2023-09-15 11:56:02+00:00,306.30600000000004,True
53069f17-1eaa-4325-b006-bf72a4807e62,System2,System2_1,2023-09-15 12:04:23.875000+00:00,650.4546048000001,True
a4bfdd0a-1455-407d-a97d-4ba8a0bb39fb,System5,System5_1,2023-09-16 02:43:15+00:00,2.4024,True
e53bc6b7-1289-417c-ae19-3890af960bc0,System2,System2_1,2023-09-16 02:54:37.875000+00:00,651.6558048,True
7a37aedb-3c39-4bf0-b84f-e42fed0db83d,System1,System1_2,2023-09-16 03:04:39+00:00,627.50688,True
8e74495f-c231-44c2-b35f-d998e171fc09,System2,System2_1,2023-09-16 16:32:36+00:00,651.0504000000001,True
b91854a3-f341-402a-8f56-821546660f3c,System7,System7_1,2023-09-16 16:43:12.875000+00:00,1160.3592,True
2d62be30-3c7c-4bee-b3dd-06f1badf4437,System3,System3_3,2023-09-17 04:14:00+00:00,30241.4112,True
dd97a162-4564-4135-8be7-38296a55bfd2,System6,System6_2,2023-09-17 04:26:07+00:00,344.74440000000004,True
bf90f5e5-8a89-423a-a16c-bdf3ff403341,System12,System12_3,2023-09-17 12:08:07+00:00,28.8288,True
c67a9e50-6970-4823-a336-038efefb3b52,System1,System1_2,2023-09-17 16:08:42.500000+00:00,615.97536,True
781f8836-c3f6-47b6-af20-485b932e6ba5,System7,System7_1,2023-09-17 16:14:16.875000+00:00,1161.5604,True
f5d84a08-16f2-48e7-85dc-58251223ee53,System2,System2_1,2023-09-17 16:14:31.875000+00:00,658.8630048,True
ac729395-dd48-472f-8f56-f4ac3ffa3bd6,System10,System10_1,2023-09-17 16:20:48+00:00,129.7296,True
f313d464-3eeb-4e22-ad13-66aad11aa0ef,System1,System1_2,2023-09-17 18:30:21+00:00,633.27264,True
1d6b793f-7751-48a2-bd9f-b8c70b6237a3,System13,System13_2,2023-09-18 13:31:16+00:00,28.8288,True
502a5e91-7683-4c1c-818e-e6a7990f5716,System12,System12_3,2023-09-18 13:32:24+00:00,48.048,True
cb16447a-7149-47f6-9933-b0476aa6bf4b,System2,System2_1,2023-09-18 14:03:45.875000+00:00,648.648,True
043c8c3d-5b31-4543-8584-d1b93928e967,System7,System7_1,2023-09-18 14:10:30.875000+00:00,1147.7514048,True
da28fdba-8cb2-4181-84fd-8ec146d36a80,System6,System6_1,2023-09-18 14:22:23+00:00,306.30600000000004,True
80e17706-0aaa-4523-8bde-ecbbd2f4f245,System6,System6_2,2023-09-18 14:22:24+00:00,306.30600000000004,True
6e3f8329-8cbc-4cad-bd5b-9d343110ff6d,System8,System8_2,2023-09-18 20:25:06+00:00,31.836604800000003,True
6332497f-9f7d-40c3-be02-d079d0f423cf,System2,System2_1,2023-09-18 23:20:45.875000+00:00,654.0582048,True
6f131871-d29b-4037-84fb-c018100e51e7,System1,System1_2,2023-09-18 23:25:31+00:00,615.97536,True
ce4be5f7-999b-4d08-9650-b4933f6c7dcf,System9,System9_1,2023-09-19 12:19:25+00:00,4487.6832,True
6cf55fc7-b3b7-40e0-acaf-1d72a4e10f21,System3,System3_2,2023-09-19 12:23:34+00:00,29040.2112,True
980adcd0-a2db-4fb6-a1df-fa6b0a46b3e7,System3,System3_1,2023-09-19 12:23:34+00:00,29011.3824,True
0e01ea7f-a12d-464d-9752-08bbfd7eb93e,System2,System2_1,2023-09-19 13:54:34.875000+00:00,655.8552,True
21ba8a70-844f-474f-9a8c-3f305c7673c7,System8,System8_2,2023-09-19 15:41:14+00:00,23.428204800000003,True
1fee9a6f-fc3a-419b-9462-ea7a3b54a5df,System6,System6_2,2023-09-19 16:08:22+00:00,344.74440000000004,True
728fc915-b136-4a28-9c5b-8f88a2cc5248,System6,System6_2,2023-09-20 00:55:09+00:00,344.74440000000004,True
6a7d858f-0a6f-4d64-96d5-fe5e53a5aff8,System2,System2_1,2023-09-20 01:07:22.875000+00:00,651.6558048,True
38f23615-80cb-4b5e-949f-0a334ee6b732,System12,System12_3,2023-09-20 12:09:01+00:00,28.8288,True
ab5a0245-3afb-4e69-9ef2-81ba20a0be97,System6,System6_2,2023-09-20 12:31:39+00:00,306.30600000000004,True
f4876201-fb44-44fe-99f1-4cdac661520a,System2,System2_1,2023-09-20 12:41:04.875000+00:00,652.2516,True
690891d6-bf8f-4413-8665-4cd771b7ede7,System11,System11_1,2023-09-20 15:16:05.875000+00:00,109.54944,True
6a606245-eadc-4700-8c41-9277a1bb2053,System8,System8_2,2023-09-20 17:37:52+00:00,25.2252,True
66f9ef3c-7fd7-4a91-b32a-2aa4fc24363e,System8,System8_2,2023-09-20 21:01:47+00:00,23.428204800000003,True
e3da4d4d-1a89-454a-9824-3b25bbe19559,System9,System9_1,2023-09-21 00:45:01+00:00,5698.4928,True
98fb39bc-4c0f-4cd6-8c3a-b58455c85154,System8,System8_2,2023-09-21 02:53:57+00:00,34.8348,True
221eb74f-de45-4773-b302-90eb85842582,System6,System6_1,2023-09-21 03:22:11+00:00,306.30600000000004,True
6f3bf914-8133-45e3-b18d-a6ee817b5959,System6,System6_2,2023-09-21 03:22:12+00:00,344.74440000000004,True
f6169655-f18c-4141-8a45-4c61d4d488be,System11,System11_1,2023-09-21 15:04:29.875000+00:00,186.8298432,True
a5fb5b78-569f-4e35-b60d-45f282f970ff,System6,System6_2,2023-09-21 15:36:04+00:00,306.30600000000004,True
3f80d279-7828-406b-a829-1a5b831645b5,System6,System6_2,2023-09-21 15:39:44+00:00,344.74440000000004,True
bc4ec382-bd5f-40d8-8992-780d487690a5,System6,System6_2,2023-09-21 15:43:36+00:00,344.74440000000004,True
efb4fe89-a678-4e55-832b-5a0336e007b6,System6,System6_2,2023-09-21 15:47:16+00:00,306.30600000000004,True
3aa1d0b6-e3e7-4439-ae4e-66386621adf5,System1,System1_2,2023-09-21 18:13:43+00:00,613.09248,True
c5a07cd4-c2c5-4e31-a5fa-9a90065f6564,System8,System8_2,2023-09-21 20:17:31+00:00,19.2192,True
f0910823-b81d-4213-99c8-c900a5c6fc64,System8,System8_2,2023-09-21 22:30:58+00:00,35.440204800000004,True
dbfcb765-a4b2-4609-96b3-1f8902366763,System1,System1_2,2023-09-21 23:28:11+00:00,619.8192,True
355241cb-b714-4a4d-b481-a35d9557d734,System12,System12_4,2023-09-22 08:56:24+00:00,28.8288,True
9ad2f5af-5c74-4ca2-9d45-2be08e7e3a8e,System11,System11_1,2023-09-22 10:49:32.875000+00:00,11.77176,True
263dae78-5cf6-4a84-b6c0-349c3801b440,System6,System6_2,2023-09-22 10:57:47+00:00,306.30600000000004,True
41f24645-2efc-46d5-863d-b915fe80e681,System2,System2_1,2023-09-22 15:25:33.875000+00:00,649.2534048,True
36278bc0-c2ce-4012-9dee-6802bda8f6d2,System6,System6_1,2023-09-22 17:38:18+00:00,8.4084,True
559a98b5-42aa-4cfe-b3d3-608668371ed5,System8,System8_2,2023-09-22 18:04:14+00:00,19.2192,True
4fff0798-2fd0-4674-8162-ee580917839b,System8,System8_2,2023-09-22 21:13:50+00:00,21.6216,True
c997fc3e-aae2-479c-b505-3d259a28fb8c,System6,System6_2,2023-09-22 21:17:12+00:00,306.30600000000004,True
10d48442-595c-448a-a0a3-521a6aa67aef,System5,System5_1,2023-09-23 00:11:47+00:00,2.4024,True
e4ba42d9-3094-42ab-87aa-7156ee98ec8b,System11,System11_1,2023-09-23 13:21:03.875000+00:00,83.84376,True
c123595d-6938-46f7-b584-9a279a19131b,System1,System1_2,2023-09-23 20:04:27.500000+00:00,617.89728,True
81ddbad6-e5bf-4b89-8d10-58eaf8158385,System2,System2_1,2023-09-23 20:14:21.875000+00:00,650.4546048000001,True
c7630b2f-fe5b-46db-aa65-1da8136ff46c,System2,System2_1,2023-09-23 22:17:37.875000+00:00,649.2534048,True
2e8043c0-3b97-4e10-844c-e09325722215,System1,System1_2,2023-09-23 22:38:11+00:00,620.78016,True
d42162b7-c4db-4989-b850-8f108b68f517,System8,System8_2,2023-09-24 01:17:31+00:00,19.2192,True
0f4dbdda-1bad-4357-a3f1-380a9d8b6218,System8,System8_2,2023-09-24 03:06:24+00:00,25.830604800000003,True
ee851bf9-10e4-4fdd-9baf-5e60f730cba2,System8,System8_2,2023-09-24 06:15:27+00:00,25.830604800000003,True
a68a5327-8873-4105-bd70-93ee5ba42278,System2,System2_1,2023-09-24 06:17:32.875000+00:00,649.2534048,True
3a7d70ef-d55a-44c8-b24b-2421c2e7fb42,System2,System2_1,2023-09-24 13:36:13.875000+00:00,648.648,True
ec287dfb-7db8-4a8f-acfa-9fa674a5e046,System6,System6_2,2023-09-24 13:37:40+00:00,344.74440000000004,True
75ccd4f4-197e-4637-82fc-46dda780f427,System2,System2_1,2023-09-24 15:46:03.875000+00:00,651.0504000000001,True
b59adffc-870a-4884-a94c-bdbda2749403,System2,System2_1,2023-09-24 17:53:38.875000+00:00,648.648,True
fc62a88c-e2f6-49a1-852c-0ff355193018,System11,System11_1,2023-09-24 19:57:58.875000+00:00,10.6474368,True
32e1d6a8-c609-475c-aeee-ba012f32ad47,System8,System8_2,2023-09-24 22:01:26+00:00,32.4324,True
ccda6dd5-9e9a-45a0-b3f1-4830730d7a4c,System2,System2_1,2023-09-25 06:07:58.875000+00:00,649.2534048,True
452afb0c-3a7e-49a1-8a04-f740911f5066,System2,System2_1,2023-09-25 13:38:11.875000+00:00,651.6558048,True
e42dbec7-5cb8-4932-a7d4-036d610278cb,System8,System8_2,2023-09-25 14:19:46+00:00,22.227004800000003,True
a26e8f39-edcf-436c-9a9e-fec65052b2d5,System5,System5_1,2023-09-25 15:46:49+00:00,16.8168,True
f95f2a70-f98b-452f-a303-4e7d1646dfde,System2,System2_1,2023-09-25 16:01:19.875000+00:00,650.4546048000001,True
756948ba-5b5d-4800-8d12-0f669df89a42,System8,System8_2,2023-09-25 17:59:09+00:00,28.8288,True
9b980ef3-eb4c-4386-b831-a60c6f8ef111,System6,System6_2,2023-09-25 22:37:07+00:00,460.0596000000001,True
4706bb23-db87-4715-842b-225fdcf25ec9,System2,System2_1,2023-09-26 01:06:36.875000+00:00,649.8492,True
2508159c-f13e-46b4-a3f6-5901b19891ba,System2,System2_1,2023-09-26 13:31:39.875000+00:00,651.0504000000001,True
f74a3d5e-e4c1-4a7f-b1f7-ec3d5bc6e08f,System8,System8_2,2023-09-26 17:34:03+00:00,22.227004800000003,True
ec0da073-fdfd-4d03-8d8d-98f3e4e75f03,System6,System6_1,2023-09-26 18:01:37+00:00,306.30600000000004,True
40a05d55-d30f-4a64-b975-1082fecbea85,System6,System6_1,2023-09-26 18:06:33+00:00,306.30600000000004,True
347c6737-bb45-45a5-b7f6-ecbcfe98e449,System6,System6_2,2023-09-26 18:06:34+00:00,344.74440000000004,True
9dd83068-2ae0-415a-a586-dbc0ecc25d46,System2,System2_1,2023-09-26 19:52:19.875000+00:00,649.2534048,True
b6b6971b-35f1-4d78-a7a9-319c04320a65,System8,System8_2,2023-09-26 21:56:55+00:00,25.830604800000003,True
433c5c2a-1679-4a23-b496-9fc191a0f848,System6,System6_2,2023-09-27 01:22:43+00:00,383.1828,True
ef9790b6-a033-4810-82dc-ead551d0231e,System6,System6_1,2023-09-27 01:22:46+00:00,344.74440000000004,True
0d0c4527-77a6-419c-a0ab-4c21d86edd95,System6,System6_2,2023-09-27 01:25:47+00:00,306.30600000000004,True
34796332-010a-4dd9-8861-cadbdaadfb6f,System2,System2_1,2023-09-27 06:43:11.875000+00:00,649.2534048,True
09308efe-774a-4f7a-ab85-2335cbdd3ad9,System4,System4_1,2023-09-27 16:27:22+00:00,5.76576,True
cdc356aa-c43c-4905-8c87-4eae67516c8f,System4,System4_2,2023-09-27 16:27:22+00:00,4.7663616,True
2bae5c8a-1d2b-4dd7-af66-4482ff6cc1fd,System6,System6_1,2023-09-27 20:26:53+00:00,8.4084,True
ec47bb3f-354f-45d9-8847-121d236c8f7d,System4,System4_2,2023-09-27 20:27:02+00:00,4.180176,True
6b73e7ba-4f59-49a1-b42f-1e533985d95c,System4,System4_1,2023-09-27 20:27:02+00:00,5.76576,True
bd115f69-7796-4942-a50c-63e0c609b75c,System13,System13_1,2023-09-28 13:42:56+00:00,28.8288,True
278fa6b8-981e-49c4-a11c-628323c06773,System12,System12_4,2023-09-28 13:44:17+00:00,28.8288,True
d3b41aa0-b059-4b74-9d9e-848f2a4a9e11,System12,System12_3,2023-09-28 20:16:08+00:00,28.8288,True
cbe78aa3-5fbb-4277-a2c7-64ddda02f396,System6,System6_1,2023-09-28 20:25:08.500000+00:00,3.6036,True
320912a4-fff5-4b7b-82af-2cb25ca3c3ac,System6,System6_2,2023-09-28 20:25:08.500000+00:00,3.6036,True
617ff764-a65a-4fa5-845e-4ca81d05a8d7,System6,System6_1,2023-09-28 22:31:56+00:00,306.30600000000004,True
15f8df2f-7183-403d-b867-d2190a8fa6f8,System6,System6_2,2023-09-28 22:31:57+00:00,306.30600000000004,True
f0b674ea-79a2-4fca-b440-3d3d4b7a961c,System6,System6_2,2023-09-28 23:52:46+00:00,306.30600000000004,True
d66ef380-40a2-4ab2-8e1c-984d1f03b3ff,System6,System6_2,2023-09-28 23:56:06+00:00,306.30600000000004,True
55430621-4ea0-4410-8680-cb655662ac27,System11,System11_1,2023-09-29 13:35:48.875000+00:00,131.89176,True
4d3f5fcb-0bbf-414d-9761-591bfdd91e58,System6,System6_2,2023-09-29 16:33:20+00:00,306.30600000000004,True
267a3b94-c5f6-470e-9419-0141c18df802,System6,System6_2,2023-09-29 17:38:17+00:00,460.0596000000001,True
d9a71ef4-5302-4905-961c-fc9ba87ee2ad,System6,System6_2,2023-09-29 20:01:21+00:00,306.30600000000004,True
ce0a7b92-3149-45b5-834d-e6844c22fce0,System8,System8_2,2023-09-30 13:55:07+00:00,31.836604800000003,True
4abcf9f6-f1ac-4eaa-9716-e0d519df38a8,System11,System11_1,2023-09-30 14:46:40.875000+00:00,89.92663680000001,True
6dcc237f-7325-4149-976d-364730e1c17d,System13,System13_1,2023-10-01 13:40:42+00:00,28.8288,True
49796e98-1988-4589-9245-0a9fdd8c6d65,System12,System12_4,2023-10-01 14:22:14+00:00,28.8288,True
b5a2a4fd-8a70-4831-adf5-2c1af2e4e88e,System6,System6_1,2023-10-01 15:48:16+00:00,306.30600000000004,True
d869a1c1-7df2-433e-ab42-fb1d0f5c5236,System4,System4_2,2023-10-01 17:40:20+00:00,4.7471424,True
a1e9b50a-6f72-4feb-871b-a6fab06e245f,System4,System4_1,2023-10-01 17:40:20+00:00,5.76576,True
ba29a5de-ec0e-48af-9a40-5c688b78c216,System8,System8_2,2023-10-01 18:02:09+00:00,19.824604800000003,True
b40e77d5-a4a8-476b-8fc6-824799e82a58,System6,System6_2,2023-10-01 22:55:10+00:00,306.30600000000004,True
7860b2d7-fe98-4533-90f7-dcdddc7cd9ca,System4,System4_2,2023-10-02 01:15:46+00:00,5.1219168,True
04e6957c-c92a-4879-ab20-9c6e91f8a274,System4,System4_1,2023-10-02 01:15:46+00:00,5.76576,True
41d363c7-fea7-45aa-9720-152ffdf5ec9d,System7,System7_1,2023-10-02 14:06:51.875000+00:00,1151.9508,True
4f0f9204-53e1-48a7-b887-ea6eb0321b70,System11,System11_1,2023-10-02 14:23:10.875000+00:00,86.6497632,True
ca833237-c615-49a3-8b91-48efe36f0748,System9,System9_1,2023-10-02 16:09:33+00:00,5660.0544,True
9781a688-e5e5-4787-a7d3-31e10fb5b9ea,System4,System4_2,2023-10-02 17:38:05+00:00,6.4288224000000005,True
1c289293-3a6c-432e-acb8-0cb257ddb5bd,System4,System4_1,2023-10-02 17:38:05+00:00,6.72672,True
5a9cb9b2-d04f-4bae-a0c6-b600d0da7976,System11,System11_2,2023-10-02 18:23:30.875000+00:00,10.8876768,True
f708517d-09af-4d85-ab39-3b9111b4e114,System11,System11_1,2023-10-02 18:23:35.875000+00:00,11.2144032,True
eab66748-0e15-43be-8864-4b05e4a662bd,System6,System6_2,2023-10-02 21:38:30+00:00,306.30600000000004,True
90473dec-ecb7-4ff7-9167-c738cbb82677,System6,System6_2,2023-10-02 21:41:14+00:00,306.30600000000004,True
6e6a89fd-9fca-4438-bf8a-0c85b1bc15da,System9,System9_1,2023-10-02 22:20:21+00:00,5746.540800000001,True
8da026fb-d087-4112-8158-075b4a20397d,System4,System4_1,2023-10-02 23:47:41+00:00,6.72672,True
df138c54-1c06-4243-8d4e-c46aaf7f9655,System4,System4_2,2023-10-02 23:47:41+00:00,6.044438400000001,True
3202d04e-ecde-4bca-9854-fa27b9056579,System8,System8_1,2023-10-03 00:08:19+00:00,30.03,True
1f492fb2-dd06-43f4-ad61-20e22a4cb849,System10,System10_1,2023-10-03 15:13:30+00:00,144.144,True
4c431481-8077-4640-ab78-c759ca9852c8,System4,System4_1,2023-10-03 16:47:05+00:00,2.88288,True
bbff4102-2093-4858-8d14-f2ffde6540d2,System6,System6_2,2023-10-03 17:14:06+00:00,344.74440000000004,True
404f0079-1872-4c00-9c3c-c612a7b5fec0,System6,System6_2,2023-10-03 20:50:22+00:00,383.1828,True
1928d4c0-94b1-4a29-a495-5c1c613efb43,System8,System8_2,2023-10-04 01:18:47+00:00,21.025804800000003,True
64f03a05-2ce2-4cdd-8d14-c2b3b22c84fe,System6,System6_2,2023-10-04 02:08:35+00:00,306.30600000000004,True
a05db08d-7098-4e42-8617-8ca0b7ee2602,System8,System8_1,2023-10-04 13:29:16+00:00,30.03,True
2d08c7be-1149-4104-a9a0-9672552024d8,System8,System8_2,2023-10-04 13:32:07+00:00,28.233004800000003,True
595dac6e-de1c-4165-8971-d5dd635b2915,System8,System8_1,2023-10-04 16:05:47+00:00,19.2192,True
4de0c6d1-da7c-415e-ad06-a4d3c0a7f35a,System2,System2_1,2023-10-04 16:19:43.875000+00:00,650.4546048000001,True
aa2fb605-e41a-4e5b-ba5c-f9ca258aa0f6,System6,System6_2,2023-10-04 16:33:58+00:00,306.30600000000004,True
85a78d3e-c0b0-4069-ae72-8fb07ac71114,System2,System2_1,2023-10-04 18:20:25.875000+00:00,651.0504000000001,True
3a0e6d41-4524-4947-9b6c-592c4285afb6,System8,System8_2,2023-10-05 00:04:57+00:00,25.830604800000003,True
dcea4408-a1c5-42cb-ad9c-02c00273ad50,System11,System11_1,2023-10-05 00:39:11.875000+00:00,77.91463680000001,True
90ed9ac5-1c81-46e2-8864-4847d17be9bb,System2,System2_1,2023-10-05 02:46:47.875000+00:00,651.0504000000001,True
b75e15a9-0af4-4682-9b7f-29d7df2b04e4,System2,System2_1,2023-10-05 14:14:44.875000+00:00,652.8570048,True
e66ffde9-482a-41df-b1c1-85d958440891,System2,System2_1,2023-10-05 16:07:20.875000+00:00,649.2534048,True
feed7381-bd59-4a11-a184-16d62069958c,System9,System9_1,2023-10-05 16:51:59+00:00,5813.808,True
80205800-32df-4c1f-938d-126feb5dd4e1,System8,System8_2,2023-10-05 18:20:31+00:00,24.629404800000003,True
0fbf73fb-fd72-4fec-83ce-6668cb29065e,System2,System2_1,2023-10-05 23:35:54.875000+00:00,649.2534048,True
e61e2aac-a87e-47fe-bdba-0b45cae3d2bc,System6,System6_1,2023-10-06 00:11:47+00:00,325.52520000000004,True
91d29fe3-bfd1-4738-bf36-5ac879c54b6f,System12,System12_3,2023-10-06 12:54:51+00:00,28.8288,True
90bddb2f-c791-41c0-9601-d076dee97184,System6,System6_2,2023-10-06 13:14:51+00:00,344.74440000000004,True
8cf09566-0312-42e2-8a17-35acfb4ccc30,System8,System8_2,2023-10-06 13:21:01+00:00,26.4264,True
86be3265-4132-421e-82bc-6c4f1c5cecde,System2,System2_1,2023-10-06 13:34:44.875000+00:00,648.648,True
6fda082f-f71a-45a6-b14b-2261d820452d,System11,System11_1,2023-10-06 14:02:40.875000+00:00,93.2899968,True
a4059d65-52e9-418c-b191-1aff3e077e08,System2,System2_1,2023-10-06 16:27:56.875000+00:00,653.4528,True
3964b5f8-74b3-4714-b89e-e6478dc352ca,System2,System2_1,2023-10-06 18:15:52.875000+00:00,652.2516,True
575a65db-cc3c-4041-987b-4e85a8195e04,System6,System6_2,2023-10-06 21:04:14+00:00,306.30600000000004,True
bc136629-9335-4fb8-8233-d149f7982fd0,System2,System2_1,2023-10-06 21:11:07.875000+00:00,652.2516,True
5c6f7ea4-f177-41ce-a78f-e4c32a6341c6,System2,System2_1,2023-10-06 22:57:54.875000+00:00,653.4528,True
5c0e612b-7b9b-4d6f-83b2-56bb3e40978e,System8,System8_2,2023-10-06 23:40:32+00:00,19.824604800000003,True
6d1a0bea-301a-497a-99b0-8c6a4166bf21,System4,System4_1,2023-10-07 01:15:09+00:00,5.76576,True
89e7119a-464a-473f-a34f-b85293c2ae3c,System4,System4_2,2023-10-07 01:15:09+00:00,4.3147104,True
4c91f3af-0908-4f92-b060-443e0b09b66e,System2,System2_1,2023-10-07 01:30:39.875000+00:00,652.2516,True
a3679ee1-738c-496f-bc81-e7baf341c4df,System6,System6_2,2023-10-07 11:20:41+00:00,344.74440000000004,True
6804cefd-3b5a-4eaf-8dc5-cf7e8c6768a4,System2,System2_1,2023-10-07 11:26:54.875000+00:00,654.0582048,True
749fc17b-1166-4e27-bf49-8a2d93160837,System11,System11_1,2023-10-08 00:09:02.875000+00:00,11.05104,True
23c5a672-f46f-4a62-8103-24bb4dfcfbb8,System8,System8_2,2023-10-08 00:26:07+00:00,22.227004800000003,True
ceb76bd5-6394-4c4d-bcf9-6f5eb4644b36,System11,System11_2,2023-10-08 01:00:06.875000+00:00,86.8035168,True
d040e1f3-1cc7-4170-8b3f-25fa85a44cae,System1,System1_3,2023-10-08 01:16:55+00:00,376.69632,True
1912aba9-fc45-4a6e-a94c-e1f3445038b8,System2,System2_1,2023-10-08 14:10:35.875000+00:00,651.0504000000001,True
9e8e49da-f4ff-45a8-a437-486396657f49,System6,System6_2,2023-10-08 15:30:06+00:00,306.30600000000004,True
f62224a4-e61c-4eb8-9792-aaaac7cede0a,System6,System6_2,2023-10-08 15:56:46+00:00,3.6036,True
55989f98-05e5-4a32-a919-e36ea31b447a,System1,System1_3,2023-10-08 19:26:03+00:00,369.9696,True
5ce46bd0-ee16-4c55-9229-4117f8e950df,System2,System2_1,2023-10-09 17:02:10.875000+00:00,650.4546048000001,True
59bafe1a-6a42-48ec-b005-ef7e4a75e4cd,System10,System10_1,2023-10-09 18:09:30+00:00,172.9728,True
2fcdd38c-d7e8-4e16-8c23-4312aab496f4,System2,System2_1,2023-10-09 18:13:10.875000+00:00,649.8492,True
ea6c8cc5-371a-4510-a65f-89f748e2bf43,System8,System8_2,2023-10-09 18:37:47+00:00,19.824604800000003,True
3ea0203a-ad4d-4027-a2c0-404acc3cb625,System2,System2_1,2023-10-09 20:07:34.875000+00:00,650.4546048000001,True
b8745c87-37d9-46ab-a44e-2b19936ea2f2,System11,System11_2,2023-10-10 03:49:09.875000+00:00,10.4936832,True
6a0a1499-49b9-4218-bd87-a3412da3018b,System8,System8_2,2023-10-10 13:47:06+00:00,19.2192,True
b61514aa-77e0-4acb-8132-b1a808e6d384,System2,System2_1,2023-10-10 14:08:24.875000+00:00,651.0504000000001,True
6450e604-9574-4c08-bd0f-c5103e7dd0bc,System1,System1_3,2023-10-10 17:17:19+00:00,377.65728,True
1875ecbb-10ca-4ad4-ba85-fd2aa45ecb03,System11,System11_1,2023-10-10 17:17:35.875000+00:00,75.59872320000001,True
8c445d0b-8783-4fe4-8ead-92eed8035781,System6,System6_2,2023-10-10 17:19:50+00:00,306.30600000000004,True
dffeebb5-3e10-428f-bb23-7ab25369aa04,System6,System6_2,2023-10-10 17:22:42+00:00,306.30600000000004,True
959be12a-b4ea-49e9-aa5e-941c6fde6aa0,System11,System11_1,2023-10-10 22:06:43.875000+00:00,11.1279168,True
f2229d68-6678-48b2-813a-85db28f91069,System2,System2_1,2023-10-11 00:05:59.875000+00:00,648.648,True
6e16ce46-c7b0-4a12-bdad-2b4f985f4214,System2,System2_1,2023-10-11 02:11:53.875000+00:00,650.4546048000001,True
eec875e0-a407-4ec1-8d8a-8f0d6af60fc9,System8,System8_2,2023-10-11 02:48:37+00:00,27.031804800000003,True
3db7d3cd-f619-4a18-be5b-c5e0a0194503,System1,System1_3,2023-10-11 05:22:47+00:00,375.73536,True
a90edb76-99f9-4d9b-94e0-cdf55cc640a4,System1,System1_3,2023-10-11 17:09:18+00:00,369.9696,True
8588a49b-f197-45c1-ac96-8be5001c9231,System2,System2_1,2023-10-11 20:01:34.875000+00:00,649.8492,True
30eb1c30-23c0-4ca1-8f31-240833b0359a,System6,System6_2,2023-10-11 20:10:17+00:00,306.30600000000004,True
b31d1791-7101-464d-8469-0d2d11bb1e5f,System8,System8_2,2023-10-11 20:36:40+00:00,19.2192,True
3e8354bc-17d6-424b-8e8e-9637b9f89f5e,System8,System8_2,2023-10-11 22:16:57+00:00,21.6216,True
d67334c4-75dd-4e45-ba36-6612057416c5,System6,System6_2,2023-10-11 22:42:37+00:00,306.30600000000004,True
f5f5239e-c454-4afb-974f-9a564313d805,System11,System11_1,2023-10-12 01:12:10.875000+00:00,10.9741632,True
4f1bcca6-39e7-4706-a069-de588049f6fe,System2,System2_1,2023-10-12 01:17:51.875000+00:00,652.2516,True
733f18d2-d323-49b0-a085-a0a0a7e4e676,System8,System8_2,2023-10-12 01:18:21+00:00,29.434204800000003,True
2766a1a7-9a62-4e73-8660-abf58cd195a1,System12,System12_3,2023-10-12 11:21:32+00:00,28.8288,True
1fda3eba-5658-4157-9b62-f476b0d0ae9a,System8,System8_2,2023-10-12 11:42:51+00:00,21.6216,True
8ac94dfe-6e6f-4466-8908-6e5a6d86217d,System2,System2_1,2023-10-12 12:00:56.875000+00:00,652.8570048,True
3d15dabb-a700-42f3-8a9f-9d16dc42269c,System11,System11_1,2023-10-12 12:14:44.875000+00:00,128.5284,True
fdda690c-8307-43a4-a11d-af24fe6e04b9,System6,System6_2,2023-10-12 15:10:55+00:00,306.30600000000004,True
85ef85c8-0d99-4d6d-a6f7-3cad367baeb0,System6,System6_2,2023-10-12 15:14:07+00:00,306.30600000000004,True
17535b3d-e366-42a8-b283-5c47e773d770,System6,System6_2,2023-10-12 15:16:47+00:00,306.30600000000004,True
4b72d7d1-6b03-404c-b573-80368288fb8a,System6,System6_2,2023-10-12 15:22:27+00:00,306.30600000000004,True
f934fea8-b382-4a92-8fa7-084b252cfb31,System6,System6_2,2023-10-12 15:25:19+00:00,344.74440000000004,True
f0c05b51-79c1-451a-8023-67ef4c54be35,System6,System6_2,2023-10-12 15:28:15+00:00,306.30600000000004,True
a7ccd0ac-eba1-4ffd-afb9-968390bb28df,System6,System6_2,2023-10-12 15:58:59+00:00,306.30600000000004,True
e5c53586-fb9b-4177-b8be-40ee32c4bd25,System6,System6_2,2023-10-12 16:02:23+00:00,306.30600000000004,True
78358fdc-51ac-4f36-86fc-0cc9c55b5030,System1,System1_3,2023-10-12 16:56:44+00:00,371.89152,True
ef549d3b-c147-4ebc-babf-bcabebeeac20,System8,System8_2,2023-10-12 19:30:50+00:00,22.227004800000003,True
4d69de54-abab-458a-b355-68313e6c4f92,System7,System7_1,2023-10-12 21:07:37.875000+00:00,1150.1538048,True
67c80271-887e-4b89-8f9a-661dc6704a57,System1,System1_3,2023-10-12 21:13:00+00:00,366.12576,True
7802eba3-c3e8-41a0-9f22-a97cae990bb2,System13,System13_2,2023-10-13 11:02:54+00:00,28.8288,True
ca5226fd-c71d-4820-a4be-81bc027ea51c,System1,System1_3,2023-10-13 15:59:18+00:00,376.69632,True
9c97b1ac-89f7-4310-aa58-1f1094aae3f0,System8,System8_2,2023-10-13 17:33:10+00:00,24.024,True
768a5074-c695-4284-b4cc-ead9c0e37595,System2,System2_1,2023-10-13 20:20:26.875000+00:00,648.648,True
84fee296-7021-4d5f-a166-60f501bb24ec,System8,System8_2,2023-10-14 00:06:08+00:00,31.836604800000003,True
36dd57dd-aa85-4a57-ab4e-3985bd9adc81,System2,System2_1,2023-10-14 18:10:07.875000+00:00,590.3946048,True
ccf40fb0-f1c2-42b5-b0a8-3457848184ba,System8,System8_2,2023-10-14 21:17:25+00:00,25.830604800000003,True
f130c37a-8af8-473e-aa13-f5f2ca2d4778,System5,System5_1,2023-10-15 04:11:07+00:00,16.8168,True
753f4c1d-a6b7-4af3-874f-62a688758f72,System5,System5_1,2023-10-15 10:08:03+00:00,33.6336,True
d15aed70-374f-42a6-8bb7-7c154a291d74,System7,System7_1,2023-10-15 10:21:40.875000+00:00,1166.9706048,True
b5fa88ea-27b4-4209-a09a-d8fa6564a442,System8,System8_2,2023-10-15 10:25:44+00:00,25.2252,True
4cfa07aa-1110-44e1-bcc3-b5c37756f679,System6,System6_2,2023-10-15 15:51:22+00:00,306.30600000000004,True
78442c96-3e04-4559-9177-83d972381573,System11,System11_1,2023-10-15 15:53:19.875000+00:00,96.4131168,True
aa0cc533-b614-493a-bbb6-88d47d4d0948,System6,System6_2,2023-10-15 16:12:38+00:00,344.74440000000004,True
b242e78e-636f-4b22-bf1e-8f5a97074460,System5,System5_1,2023-10-15 16:15:09+00:00,16.8168,True
81bb93fc-0fba-45df-8c0a-bbc7fa2afc67,System6,System6_1,2023-10-15 19:32:09+00:00,306.30600000000004,True
94a61f46-6dee-4981-bffa-37c5c544e7cb,System5,System5_1,2023-10-16 13:10:24+00:00,16.8168,True
854e175e-8f82-44a1-bba3-ddf67307f494,System5,System5_1,2023-10-17 01:48:28+00:00,2.4024,True
1df2ce6b-cfd5-4c02-b8df-c778a2d7940c,System6,System6_2,2023-10-17 02:06:42+00:00,306.30600000000004,True
fe0928e3-2427-490c-b1d9-8e906817abf3,System10,System10_1,2023-10-17 02:23:03+00:00,158.5584,True
84be89e3-7e1c-4431-af00-6ddc4cc4e9fd,System8,System8_2,2023-10-17 13:28:59+00:00,21.6216,True
f7ffecaa-26a1-4803-a1af-7acd3041c0db,System6,System6_1,2023-10-17 14:11:47+00:00,383.1828,True
fe8bbc06-9575-4c1e-b2ec-23ee59db2b0e,System10,System10_1,2023-10-17 16:53:23+00:00,168.168,True
ec04423f-cf77-476d-8547-27ee0a4c89b3,System6,System6_1,2023-10-17 18:48:36+00:00,306.30600000000004,True
ccb932ac-444e-41ed-bd02-5a7954356426,System11,System11_1,2023-10-17 20:21:10.875000+00:00,189.1457568,True
6e6c6cb6-1698-4286-8d2e-404b9cc2088c,System6,System6_2,2023-10-17 20:26:41+00:00,344.74440000000004,True
e7526962-bcc8-44b6-a938-1f1c2541749d,System2,System2_1,2023-10-17 20:27:46.875000+00:00,589.7892,True
96a8bff3-18a9-4fcb-963a-0b0f3e114bf8,System5,System5_1,2023-10-18 01:44:43+00:00,16.8168,True
80f1b460-f45a-4616-82cb-9174f7d5b95c,System11,System11_2,2023-10-18 02:05:15.875000+00:00,10.1285184,True
dd437370-69c1-48fa-9748-770fd82b1829,System10,System10_1,2023-10-18 02:16:34+00:00,120.12,True
1c7d2100-889e-47fb-bec9-eefb68eb36d7,System8,System8_1,2023-10-18 13:26:08+00:00,21.6216,True
bea69ae4-2086-4373-a495-6070a98b34d5,System8,System8_2,2023-10-18 13:28:29+00:00,27.031804800000003,True
19b07bf7-5994-41fb-a525-51e0fcff7282,System6,System6_1,2023-10-18 14:00:32+00:00,344.74440000000004,True
61bb915c-f5d6-421e-87cb-b440aed6912c,System6,System6_2,2023-10-18 14:00:33+00:00,344.74440000000004,True
df42f9e1-86a0-4a5e-9f88-66cf2946e9cf,System8,System8_2,2023-10-18 16:39:21+00:00,19.824604800000003,True
88b9c92f-c3da-4431-8e14-3c3e7ac7fb4b,System6,System6_1,2023-10-18 21:49:02+00:00,306.30600000000004,True
f6b1e337-d598-4049-9698-742eaab79cbb,System6,System6_2,2023-10-18 21:49:07+00:00,344.74440000000004,True
0b179343-a863-4086-8161-15098ef9dbd9,System6,System6_1,2023-10-19 03:12:20+00:00,306.30600000000004,True
6de910a2-5919-4402-846a-071b393ece8c,System8,System8_2,2023-10-19 13:33:47+00:00,30.635404800000003,True
a4845d72-9019-4ed6-ac1a-f36737a93295,System11,System11_2,2023-10-19 15:52:00.875000+00:00,11.6083968,True
1237bb29-9ad7-4b50-9d5b-c2333f3bce19,System8,System8_2,2023-10-19 17:43:37+00:00,30.03,True
9b8800b1-5f4f-4f35-b62e-8b094fd95cb7,System5,System5_1,2023-10-20 19:51:47+00:00,16.8168,True
614dbf90-cbe8-41d4-aadb-49c12fb7fa2b,System6,System6_2,2023-10-21 01:32:52+00:00,306.30600000000004,True
0abc67e1-daa4-4439-9cb6-bd778a3286bb,System6,System6_1,2023-10-21 01:33:35+00:00,344.74440000000004,True
201af20a-5f25-430e-a70e-60ee31ea0198,System13,System13_1,2023-10-21 12:55:30+00:00,28.8288,True
8e6404e7-d001-4789-8294-e170cdfb1161,System6,System6_2,2023-10-21 13:07:48+00:00,306.30600000000004,True
bb78faf6-fcff-4a55-be89-c860caf63b69,System3,System3_3,2023-10-21 19:25:50+00:00,30270.24,True
b06f7453-3a95-4de8-a6c4-6098bd163ccd,System8,System8_2,2023-10-21 21:51:35+00:00,21.6216,True
79d8b4ff-fa85-469d-bc1b-0755472b4c8c,System7,System7_1,2023-10-22 01:19:31+00:00,1161.5604,True
4e18f907-767c-4ab8-a97c-73a5d63a0e36,System9,System9_1,2023-10-22 01:42:01+00:00,6169.3632,True
0c895278-bc08-41e2-8150-553a7042b872,System12,System12_3,2023-10-22 12:13:12+00:00,38.4384,True
22f6a408-3043-4640-88d2-e210eb9cec2e,System13,System13_2,2023-10-22 12:14:42+00:00,28.8288,True
c9aac0a1-ffeb-4680-bfbe-e48a58cb12f6,System7,System7_1,2023-10-22 14:31:14.875000+00:00,1155.5544,True
72647e04-e159-4898-bd92-ed997e1faa17,System10,System10_1,2023-10-22 14:32:53+00:00,96.096,True
7a3c9616-8502-430a-a49a-12e9b726b8b9,System11,System11_1,2023-10-22 23:30:29.875000+00:00,117.6407232,True
03617e57-a381-475a-bd1a-e5b063e6a358,System3,System3_3,2023-10-23 18:39:39+00:00,30231.801600000003,True
50b32723-30ac-41e8-9077-875d8c3dd114,System11,System11_1,2023-10-23 18:48:15.875000+00:00,73.99392,True
1b6815cb-47ac-41a7-a155-3250d647b475,System11,System11_2,2023-10-23 19:04:10.875000+00:00,73.03296,True
7194b2f3-761e-4e73-b39f-0c5c0babd47a,System4,System4_2,2023-10-23 20:28:33+00:00,2.8924896,True
2dc68843-07b3-4aa2-bb1f-e3ffcbc847c7,System4,System4_1,2023-10-23 20:28:33+00:00,4.8048,True
fb04611b-c87a-4519-94fb-1ccdd9730408,System6,System6_2,2023-10-23 21:22:30+00:00,344.74440000000004,True
d888e1e2-9351-4a95-99d1-8af958805423,System7,System7_1,2023-10-23 22:34:24.875000+00:00,1147.146,True
4342d200-aae9-4584-a261-dbedbce76e25,System6,System6_2,2023-10-24 01:54:39+00:00,306.30600000000004,True
c3944ca2-25ac-4cd5-8db5-ce3c6143e9ea,System13,System13_1,2023-10-24 15:09:35+00:00,28.8288,True
dca34df1-02a3-4a8f-89c8-b4c73e625268,System12,System12_3,2023-10-24 15:10:44+00:00,28.8288,True
f20fa1c0-9f1d-4264-a16c-e5e8b4909862,System11,System11_1,2023-10-24 15:39:33.875000+00:00,199.2358368,True
22c1a2c4-f9ac-42ca-b368-023e86892624,System6,System6_2,2023-10-24 15:46:04+00:00,460.0596000000001,True
9e108c1f-75d7-4205-8254-b759b5215aaa,System6,System6_2,2023-10-24 17:10:52+00:00,306.30600000000004,True
2753b844-25dc-419f-b57e-0eb3ae099882,System8,System8_2,2023-10-24 17:43:17+00:00,20.4204,True
49ded551-4159-4b65-bec8-7d5e8b0b3f7c,System7,System7_1,2023-10-24 22:58:23.875000+00:00,1155.5544,True
50beed48-9098-413d-9335-fa906fe22ef8,System9,System9_1,2023-10-24 23:42:08+00:00,5640.8352,True
ad20d934-913c-4934-9965-f6c3d91896eb,System11,System11_1,2023-10-25 03:22:14.875000+00:00,108.0311232,True
b0b2888d-4c76-43b4-ba14-0da7d2c5c88d,System13,System13_1,2023-10-25 15:35:34+00:00,48.048,True
39488ec6-86e6-4275-bde8-afb6b402fca0,System6,System6_2,2023-10-25 15:57:31+00:00,344.74440000000004,True
5d79bfed-9226-4c65-abbc-d9417d7538c5,System4,System4_1,2023-10-25 21:41:11+00:00,2.88288,True
b692a896-dcd9-40c4-8093-f3c6c29eff34,System6,System6_2,2023-10-26 14:14:10+00:00,421.6212,True
300e9cce-7e8e-49f4-9309-bd255dd647a4,System6,System6_1,2023-10-26 19:39:30+00:00,306.30600000000004,True
788c3940-1d64-42cd-90bf-76a3fd029416,System6,System6_2,2023-10-26 19:39:31+00:00,344.74440000000004,True
f3c145ae-85d5-47ad-833a-199e282f9aeb,System6,System6_1,2023-10-28 15:08:52+00:00,344.74440000000004,True
3fc54558-f1b6-4d76-9dc3-f13db599551e,System6,System6_2,2023-10-28 15:08:53+00:00,344.74440000000004,True
bee5599a-ebdd-4496-9b0b-f0d540d28ebd,System13,System13_2,2023-10-29 13:47:37+00:00,28.8288,True
42bdbc12-19ef-4e50-af5d-665a656618c6,System12,System12_3,2023-10-29 13:48:53+00:00,28.8288,True
8e5f568f-1c8c-48c1-a8d8-dc988cca2b5d,System7,System7_1,2023-10-29 15:12:01.875000+00:00,1151.3550048,True
13e00e7e-365b-4189-9608-8e402e4a2829,System6,System6_2,2023-10-29 19:26:11+00:00,344.74440000000004,True
93a9f398-3d4f-4cd4-a7f5-5d62a43fbd9f,System6,System6_1,2023-10-30 00:55:39+00:00,306.30600000000004,True
5cba5ff6-d11d-4c9b-9f04-14aefa949a84,System8,System8_2,2023-10-30 01:15:31+00:00,28.8288,True
b50c59fd-c99e-4a8b-a266-ecd4e7cdfedb,System6,System6_2,2023-10-30 02:54:28+00:00,306.30600000000004,True
1a76bf1f-c59d-492b-b50b-ed3d6c5208b5,System6,System6_1,2023-10-30 02:54:35+00:00,383.1828,True
d51206ee-18a6-44e3-aed9-1b4d3df04afd,System6,System6_2,2023-10-30 02:57:24+00:00,344.74440000000004,True
8a5eceba-f831-4d9a-958b-fa98b969e113,System6,System6_2,2023-10-30 12:35:45+00:00,306.30600000000004,True
cd653ac4-ad88-43f9-9a41-183181e847eb,System6,System6_1,2023-10-30 12:35:48+00:00,306.30600000000004,True
be7a4e9d-0508-4799-876e-d326466c4bc8,System8,System8_2,2023-10-30 12:57:14+00:00,25.2252,True
b24e9c28-e426-4269-9fc6-32ab8cc20d7d,System8,System8_2,2023-10-30 19:50:33+00:00,29.434204800000003,True
382d1af8-a249-4a9c-99df-d1e0937b929b,System11,System11_1,2023-10-30 22:36:09.875000+00:00,87.7644768,True
50b99f5b-f534-424d-a510-fc9066fbed58,System6,System6_2,2023-10-31 01:02:05+00:00,383.1828,True
56c23640-489b-4ed7-b974-1020700e94da,System13,System13_1,2023-10-31 14:11:16+00:00,28.8288,True
f1a3170a-603d-4cf7-82a1-22d4c2c43fef,System6,System6_1,2023-10-31 14:26:23+00:00,344.74440000000004,True
fd60e7d1-347e-49ec-becb-672a8b2a4494,System6,System6_2,2023-10-31 14:26:28+00:00,383.1828,True
d892aa8d-9dcb-46ce-a3c9-46b6100e526e,System6,System6_2,2023-10-31 17:18:48+00:00,306.30600000000004,True
88cbfa0f-7bb4-4a1b-a316-f8bad2d64a3a,System4,System4_1,2023-11-01 01:57:24+00:00,5.76576,True
3c4a2f24-7007-48ac-a595-fb86095066b7,System4,System4_2,2023-11-01 01:57:24+00:00,4.9393344,True
526208a8-3503-4772-9566-8b8f5c6c90c8,System1,System1_3,2023-11-01 03:10:38+00:00,371.89152,True
5c63f216-9724-4dd7-9bde-6dc907edd3ba,System3,System3_3,2023-11-01 03:11:18+00:00,30231.801600000003,True
7587710a-589c-4ef4-a8f6-dd87cfd37da4,System12,System12_3,2023-11-01 13:29:49+00:00,28.8288,True
92b23228-b90c-4def-8360-59aea195437e,System13,System13_1,2023-11-01 13:36:33+00:00,28.8288,True
66306a9a-50b0-4ef8-8417-437a2ab4e851,System6,System6_1,2023-11-01 13:47:34+00:00,383.1828,True
e85a7243-accb-49da-8200-05bf19d4ee62,System1,System1_3,2023-11-01 14:00:00+00:00,369.00864,True
91c524d3-ade2-42ee-8f13-f95db1427208,System11,System11_1,2023-11-01 14:54:04.875000+00:00,88.0912032,True
ea948199-6318-4778-a05d-925d6a341534,System3,System3_3,2023-11-01 14:55:38+00:00,30375.945600000003,True
ac126b90-c811-49c3-b0e0-d3ec3211daed,System11,System11_2,2023-11-01 18:28:31.875000+00:00,85.8425568,True
a10fe3d0-f165-41e1-a4cc-9a8ed03f3885,System3,System3_3,2023-11-01 18:38:44+00:00,30212.5824,True
95dd08f7-cdb7-48d4-973e-f464a387fe18,System6,System6_1,2023-11-01 18:45:30+00:00,306.30600000000004,True
01f703b6-4676-4ac9-814e-e177f5ecd5a1,System6,System6_2,2023-11-01 18:45:31+00:00,306.30600000000004,True
3eb60f2c-acab-47f6-906c-888ddc94ecf7,System11,System11_1,2023-11-01 21:28:41.875000+00:00,109.78968,True
214d636d-6766-4f78-9adc-896b6ddc3f03,System3,System3_3,2023-11-01 21:45:37+00:00,30270.24,True
37a52235-c153-48b4-9872-07909ad76060,System1,System1_3,2023-11-01 21:48:17+00:00,376.69632,True
9e40f670-c639-4c4f-88e3-93643a3d6675,System5,System5_1,2023-11-02 18:47:18.500000+00:00,2.4024,True
06d11646-09d1-44aa-bf04-6b4d5e55eb23,System6,System6_2,2023-11-02 18:59:09+00:00,306.30600000000004,True
577466cc-91c3-46b1-a268-f753c6e12864,System11,System11_1,2023-11-02 22:46:31.875000+00:00,156.55960320000003,True
ddb747e0-3d03-49f2-b5cc-2d37641e5d20,System4,System4_1,2023-11-03 02:44:13+00:00,2.88288,True
dc0e3e72-b0b9-4f06-bb52-2d76fa4ef49c,System4,System4_1,2023-11-03 22:39:31+00:00,2.88288,True
55313394-891c-4f94-b1fe-92410b92265b,System1,System1_3,2023-11-04 02:40:45+00:00,371.89152,True
ac2de728-fc59-4acf-9e1f-3806ac1eb9e2,System6,System6_1,2023-11-04 02:57:36+00:00,306.30600000000004,True
4f2f3b56-cc6b-4895-992f-c93bd3a9103c,System9,System9_1,2023-11-04 13:01:13+00:00,4497.2928,True
f0ede4cd-9e4f-454a-9110-81c7897dcc66,System4,System4_1,2023-11-04 15:13:13+00:00,2.88288,True
928dc75d-0bb4-4c98-9a9e-cbba2f7737da,System1,System1_3,2023-11-04 16:41:51+00:00,369.00864,True
64611289-c80f-4ea2-814f-6c24852370ae,System6,System6_2,2023-11-04 19:01:27+00:00,306.30600000000004,True
90a45beb-1c7c-4f80-8468-b818439b7f72,System8,System8_2,2023-11-04 19:52:46+00:00,19.824604800000003,True
80f5c1df-3df3-49a8-ab80-2ca277098b52,System4,System4_1,2023-11-04 21:45:46+00:00,2.88288,True
aa12ac2e-5c47-4daa-9dec-217ad4b794f1,System11,System11_1,2023-11-05 01:47:59.875000+00:00,149.90976,True
ce8547e2-8c33-4d9b-996b-d8187a707147,System6,System6_2,2023-11-05 01:51:22+00:00,306.30600000000004,True
8b199360-356a-4b35-8e1c-bbed2032a111,System6,System6_2,2023-11-05 02:14:58+00:00,306.30600000000004,True
5d6a8123-db22-49a1-840a-075b3b476e5c,System6,System6_2,2023-11-05 02:18:02+00:00,344.74440000000004,True
8c292672-8bc3-4e2c-9918-2536e98b76c0,System6,System6_2,2023-11-05 02:21:14+00:00,344.74440000000004,True
dca8245f-4428-45ce-887d-eb40e910ceb1,System6,System6_2,2023-11-05 02:39:42+00:00,344.74440000000004,True
34fa4efb-1659-472d-bf50-67a582a6583e,System13,System13_1,2023-11-05 13:58:21+00:00,28.8288,True
1f3e00ea-5dea-461c-8f85-62fd7442ad5f,System11,System11_1,2023-11-05 14:40:00.875000+00:00,157.4340768,True
0af2572e-7ccb-4a44-a810-158226a13b99,System4,System4_1,2023-11-05 16:29:10+00:00,2.88288,True
ea02ef32-7175-41fb-aeeb-5f431902193d,System8,System8_4,2023-11-05 16:54:05+00:00,3.6036,True
9a6f9b33-514b-4341-ac64-16d382d09f02,System6,System6_1,2023-11-05 17:11:35+00:00,306.30600000000004,True
8049c739-6865-480b-8e6c-fb5eb6f64cee,System4,System4_1,2023-11-05 20:21:59+00:00,2.88288,True
7be23e1b-2159-4ac8-a4d3-2f4e9b194688,System3,System3_3,2023-11-05 23:45:19+00:00,30270.24,True
86e5b118-e90c-4dfb-a49a-2126d80546f3,System1,System1_3,2023-11-05 23:56:53+00:00,371.89152,True
3649ebe2-e879-48eb-a5c9-95cbb8ab2efd,System1,System1_3,2023-11-06 03:31:33+00:00,372.85248,True
fe75cb15-74d7-41fe-a34e-51ab906d5098,System13,System13_1,2023-11-06 14:29:54+00:00,28.8288,True
dc11e158-9680-498c-a2c1-dd97c6c7810c,System12,System12_4,2023-11-06 14:30:58+00:00,28.8288,True
bb9a48de-5864-4190-8e6c-b98f6ab97208,System6,System6_2,2023-11-06 14:53:40+00:00,306.30600000000004,True
e2cafd2a-eedd-437e-bd87-ea77efd73a6c,System1,System1_3,2023-11-06 15:51:25+00:00,371.89152,True
7b1a575a-5b41-409f-b42f-fecc82374c03,System6,System6_2,2023-11-06 16:08:24+00:00,306.30600000000004,True
f7744b61-1ec7-40ee-bc8c-287d048afd33,System4,System4_1,2023-11-06 17:52:57+00:00,2.88288,True
74c22379-a06e-465c-9df4-7ab9cbd918b4,System8,System8_2,2023-11-06 18:16:16+00:00,38.4384,True
ee9665e3-9b97-4655-8ada-b0cb20cc35d5,System7,System7_1,2023-11-06 19:25:36.875000+00:00,1160.3592,True
3494ba9b-9980-43d0-adc7-28a7db62e102,System11,System11_1,2023-11-06 19:33:27.875000+00:00,90.4071168,True
d879758b-8958-4260-b985-0d7ff457c8f5,System1,System1_3,2023-11-06 19:38:43+00:00,370.93056,True
54c42219-fada-4814-a0a8-6ae6a0d7059a,System13,System13_1,2023-11-07 11:58:02+00:00,28.8288,True
497a8868-df73-4514-8fc2-551c6c29607f,System12,System12_4,2023-11-07 11:59:03+00:00,28.8288,True
bc381cd7-2747-4056-9ea2-80b8b44c685f,System8,System8_2,2023-11-07 12:29:27+00:00,29.434204800000003,True
7748ea94-df12-4820-a198-b1c2cc23edf5,System4,System4_1,2023-11-07 20:25:05+00:00,2.88288,True
e2774be0-3b4e-407f-87d8-931fcc61cd55,System1,System1_3,2023-11-08 03:43:18+00:00,369.00864,True
1cf3dc57-d862-4c92-9fd2-aeecfa42b7b0,System12,System12_3,2023-11-08 14:36:45+00:00,48.048,True
5c74f7e6-d7a7-4c7f-8f77-c8d85095e399,System13,System13_2,2023-11-08 14:38:28+00:00,28.8288,True
883099fd-7cf6-42bc-a428-d99d1302f60a,System1,System1_3,2023-11-08 17:31:51+00:00,374.7744,True
8815063d-36f5-4b94-bc46-e058860f1ce8,System4,System4_1,2023-11-08 19:38:10+00:00,2.88288,True
af0a647a-f5ea-49ec-90eb-695a497db00d,System1,System1_3,2023-11-09 00:18:26+00:00,371.89152,True
d6c6943a-f762-462a-b67f-e6d0b0024a66,System11,System11_1,2023-11-09 02:59:58.875000+00:00,116.9200032,True
b0832fc5-570d-4c49-ad6f-4a701e096a2f,System13,System13_1,2023-11-09 14:00:45+00:00,28.8288,True
771f0a46-5ac9-41da-8372-87d40dbce779,System11,System11_1,2023-11-09 14:54:46+00:00,72.4179456,True
ae53ad1b-6add-42a6-9bde-c997f149e5a2,System13,System13_1,2023-11-10 13:34:02+00:00,28.8288,True
4d0a2677-9fff-4a5b-8fb5-1bb8cb761edc,System9,System9_1,2023-11-10 13:34:24+00:00,4487.6832,True
c29800a3-47ed-4027-be12-ddb1247380e5,System1,System1_3,2023-11-10 14:35:22+00:00,375.73536,True
e1084cd4-f910-48aa-b5a7-fe38014aeace,System1,System1_3,2023-11-10 18:23:06+00:00,374.7744,True
b9ca4a0c-b1b9-495a-997f-3702c3c8f709,System6,System6_1,2023-11-10 21:23:26+00:00,306.30600000000004,True
47db2432-e12f-4ec6-b542-ceff950b8717,System1,System1_3,2023-11-11 02:33:29+00:00,371.89152,True
d3be2365-12bd-455c-b9a0-aa2536419f20,System9,System9_1,2023-11-11 10:29:15+00:00,4449.2448,True
6d65e836-834c-48ca-82ce-6787e60fb6fa,System12,System12_4,2023-11-12 11:11:58+00:00,28.8288,True
c1cfd0d5-df7c-47ce-827d-141c4c963f96,System11,System11_1,2023-11-12 21:09:06.875000+00:00,11.2144032,True
e7eaabf8-ae91-4248-b07d-43b739ce89f3,System6,System6_2,2023-11-13 17:55:21+00:00,344.74440000000004,True
9cbe55e8-5e5d-42be-9fdc-0dc7d9c4b6de,System10,System10_1,2023-11-14 01:40:19+00:00,115.3152,True
fc8f41ae-371f-4435-8bfa-27ca71c5607b,System13,System13_1,2023-11-14 11:41:58+00:00,28.8288,True
aa590f63-0663-4cbf-a9dd-12619ee0d3c1,System8,System8_2,2023-11-14 12:17:44+00:00,21.6216,True
41f2bd38-f4d5-471a-b404-63eeb3e2a118,System6,System6_1,2023-11-14 12:50:05+00:00,344.74440000000004,True
0dda9873-16c4-4a75-970d-79723e9c7c74,System10,System10_1,2023-11-14 22:25:55+00:00,153.7536,True
2b1001c5-6292-412b-bdc2-3595852077b4,System8,System8_2,2023-11-15 00:22:22+00:00,19.2192,True
f8f05cd2-ae6c-4b3b-8f51-21466bc0b10a,System8,System8_2,2023-11-15 12:15:27+00:00,22.8228,True
2ea38b57-2dd0-40fe-8aeb-ee0634e0d937,System13,System13_1,2023-11-16 12:14:47+00:00,28.8288,True
252851f7-984b-49a6-9c6e-c55cbbc4b43f,System12,System12_3,2023-11-16 12:20:34+00:00,28.8288,True
064ad524-92d3-456d-85f0-5e4b844dcefc,System11,System11_1,2023-11-16 15:07:35.875000+00:00,151.4280768,True
79c764b1-aad4-4d0b-8e33-389840307b1c,System6,System6_2,2023-11-16 15:17:34+00:00,306.30600000000004,True
acb745fc-0ae8-4a0b-89ff-9966b14d5fa8,System6,System6_2,2023-11-16 15:26:46+00:00,306.30600000000004,True
5eceef34-8b23-46a1-9b07-3bc398aa8a2f,System6,System6_2,2023-11-16 15:32:46+00:00,306.30600000000004,True
a013d02a-bc8e-4722-acdf-6500586dff64,System6,System6_2,2023-11-16 15:39:14+00:00,344.74440000000004,True
8c87fa2f-6487-422d-bba2-e5981bdf8dd3,System6,System6_2,2023-11-16 15:46:18+00:00,306.30600000000004,True
532b892c-754d-4552-b2ca-e2cf2044f9d7,System11,System11_1,2023-11-16 23:35:25.875000+00:00,170.49352320000003,True
9f4f564e-1e9c-4514-9806-f137c993289f,System6,System6_2,2023-11-16 23:45:16+00:00,344.74440000000004,True
01364a13-3db7-4cbd-a11e-0a3ad75ac115,System6,System6_2,2023-11-16 23:51:52+00:00,306.30600000000004,True
accbf6dc-0e2d-418d-85b2-90ab5805b36f,System6,System6_1,2023-11-17 04:10:04+00:00,306.30600000000004,True
34f6ef7b-8077-4f81-beab-18b4fb8b175f,System13,System13_1,2023-11-17 11:31:13+00:00,48.048,True
2202e268-9de0-4eee-a097-de9093383363,System9,System9_1,2023-11-17 13:57:43+00:00,4449.2448,True
67250f68-0b1a-41c0-a380-824b7f705576,System13,System13_1,2023-11-17 15:59:25+00:00,28.8288,True
e2323195-8111-419e-a7a3-7a0ad79dd832,System13,System13_1,2023-11-18 14:32:06+00:00,28.8288,True
fe30ef6c-1e37-4c9b-aa57-c55fdb2d8af8,System10,System10_1,2023-11-18 19:15:49+00:00,168.168,True
e5f1f57a-d91b-4dd8-9aa5-36f8619342d4,System11,System11_1,2023-11-19 14:50:19.875000+00:00,88.0047168,True
7c83f91b-e406-4ba7-ae65-a9afc6bf0e25,System6,System6_1,2023-11-19 15:29:05+00:00,344.74440000000004,True
d95181d6-7b4c-4eae-a7a2-ca9b470406a9,System6,System6_2,2023-11-19 15:29:10+00:00,344.74440000000004,True
dbe74810-f975-4706-b439-79cd8d92c33c,System8,System8_2,2023-11-19 20:42:30+00:00,22.227004800000003,True
05b63c69-dacd-4f9e-9acb-4113b53e856f,System13,System13_1,2023-11-20 11:32:55+00:00,28.8288,True
f6221dfd-c42a-4781-9926-28a7388b6842,System11,System11_1,2023-11-20 15:20:04.875000+00:00,167.44728,True
07ac271a-d956-456f-adcd-f3524bf3e366,System6,System6_2,2023-11-20 15:21:47+00:00,306.30600000000004,True
0a2be9bd-e647-40f8-a2ec-b17533f610cb,System6,System6_2,2023-11-20 16:18:19+00:00,383.1828,True
1d4ef53a-e583-4b40-82eb-15a1c408aeae,System11,System11_1,2023-11-20 18:07:08.875000+00:00,73.99392,True
8197c98b-81ef-4286-bbf1-524e4bcf8ade,System6,System6_2,2023-11-20 22:03:51+00:00,306.30600000000004,True
60cf6b6d-8138-4770-9959-d30d9e4b4ebf,System11,System11_1,2023-11-21 03:20:40.875000+00:00,74.07079680000001,True
f442bf53-e6d1-492f-ad34-2224c1cb109f,System12,System12_3,2023-11-21 13:34:57+00:00,38.4384,True
73ad992b-f43f-4a6f-a345-b46065d186d1,System6,System6_2,2023-11-21 17:07:00+00:00,306.30600000000004,True
bad5fac0-70ea-4c2d-b9f4-d64b77d3986a,System3,System3_3,2023-11-21 18:32:57+00:00,30289.4592,True
3fe2c3c1-e6d4-49fc-b60c-19767ce5a93a,System3,System3_3,2023-11-21 22:40:03+00:00,30337.5072,True
7f478168-5bc0-4350-84aa-073aea382f77,System11,System11_1,2023-11-21 23:09:27.875000+00:00,175.85568,True
91096cbb-e1c8-4e3f-b80b-187fdcda3fbb,System6,System6_2,2023-11-21 23:38:50+00:00,421.6212,True
0f95ca44-dcec-4227-9a0b-b6a5dddaee73,System6,System6_1,2023-11-21 23:38:53+00:00,383.1828,True
c5e59f69-8ef0-4768-a718-42582653b433,System8,System8_2,2023-11-22 02:01:51+00:00,28.8288,True
d7b1674b-aa18-48db-a10e-948e7bf3d8fe,System8,System8_2,2023-11-23 01:15:24+00:00,38.4384,True
099c9528-d85d-4aa4-93f0-a86fa17f2b27,System3,System3_3,2023-11-23 02:06:47+00:00,30347.1168,True
6c1c909e-ac5d-4689-8025-5f75653e779f,System3,System3_3,2023-11-23 12:55:22+00:00,30414.384,True
bacdfcfa-30c1-437d-9105-3ed0866a6154,System11,System11_1,2023-11-23 15:59:18.875000+00:00,9.12912,True
a34cdef6-4c47-4dbf-96ff-ea68ddccaaf0,System3,System3_3,2023-11-23 18:33:17+00:00,30212.5824,True
fe03f077-a319-4f99-b37a-3dc798463d7e,System3,System3_3,2023-11-23 22:45:21+00:00,30260.6304,True
e5a1f7c4-d11c-4e69-8064-6fde3ce85437,System4,System4_2,2023-11-24 02:12:01+00:00,3.699696,True
c570685f-e9ca-41d4-a9f7-3b74dd9e4bcf,System4,System4_1,2023-11-24 02:12:01+00:00,3.84384,True
9fab1a0b-cfea-446a-851f-1c2d9817e492,System6,System6_2,2023-11-24 02:12:26+00:00,344.74440000000004,True
2cf7be65-26cb-4b34-84c3-7acfa3b29b14,System6,System6_1,2023-11-24 02:12:29+00:00,383.1828,True
68282d1a-2507-4299-b363-2f1011922916,System13,System13_1,2023-11-26 13:18:43+00:00,28.8288,True
128b416d-589b-4d35-be13-5d1f5d59744a,System6,System6_2,2023-11-26 13:29:44+00:00,383.1828,True
e08ef5f6-1079-4088-9225-a04d6ef05f82,System6,System6_1,2023-11-26 19:08:00+00:00,460.0596000000001,True
e0a65148-3f34-4172-ad26-a0d4518c4ac8,System11,System11_1,2023-11-26 23:49:50.875000+00:00,174.57760320000003,True
e9cd7b14-7b22-4a48-8198-1c799fccbb71,System11,System11_1,2023-11-27 04:23:02.875000+00:00,165.2082432,True
dd031106-b42b-4278-9f56-ed1d3e480e2b,System11,System11_1,2023-11-27 15:35:29.875000+00:00,85.20832320000001,True
7b400501-fff4-490e-aebe-fbd2466721a7,System4,System4_1,2023-11-27 20:56:29+00:00,2.88288,True
59e57960-6881-458d-bb2f-e34ba49f9b3a,System11,System11_1,2023-11-27 22:19:47.875000+00:00,84.32424,True
273468e1-8d4b-4203-b566-4955230116fe,System5,System5_1,2023-11-28 00:20:50.500000+00:00,2.4024,True
d16c2e1c-75cb-4ab3-b2de-643d78cf15b1,System6,System6_1,2023-11-28 00:59:26.250000+00:00,1.2012,True
ce6bbd3f-5c47-4b09-ba97-a8b6ba279368,System6,System6_1,2023-11-28 04:38:18+00:00,306.30600000000004,True
83bd473a-5780-4d2e-b919-01ba0057547d,System6,System6_2,2023-11-28 04:38:19+00:00,306.30600000000004,True
1a27b108-0623-42fb-bdb2-8fe51ead8ea3,System11,System11_1,2023-11-28 19:36:53.875000+00:00,114.35424,True
4241036c-4bbe-4bea-adcd-08c5245b7280,System4,System4_1,2023-11-29 16:18:22+00:00,2.88288,True
3365974c-2883-4af6-940c-a41ab1a30e10,System8,System8_2,2023-11-29 16:35:58+00:00,21.025804800000003,True
56065bae-a82a-4661-a395-0809f13bed87,System4,System4_1,2023-11-29 19:29:08+00:00,2.88288,True
2de0529d-c851-49a6-b0c6-73716c625f5b,System4,System4_1,2023-11-29 21:59:28+00:00,2.88288,True
f5c4831d-395a-4679-a14f-850f5f4c4e89,System5,System5_1,2023-11-30 01:10:55+00:00,2.4024,True
29d386e0-97cb-41db-a2eb-b41e9028447b,System4,System4_1,2023-11-30 01:11:08+00:00,2.88288,True
4751d633-50e7-4930-b22c-42254126d7d5,System11,System11_1,2023-11-30 20:05:19.875000+00:00,78.00112320000001,True
03bb1dcf-2ae7-4f0a-bdcf-7ab76396260b,System4,System4_1,2023-11-30 22:10:17+00:00,2.88288,True
73e79968-b4ea-422c-85b1-1c5b74167152,System4,System4_1,2023-12-01 01:24:50+00:00,2.88288,True
0d4189f3-1a47-4e5d-9a90-cf6544437c63,System11,System11_2,2023-12-01 01:42:51.875000+00:00,90.81072,True
a866f2be-2be5-4999-9f27-4f380cb1748e,System6,System6_1,2023-12-01 02:20:14+00:00,421.6212,True
3a5afe90-d91d-4359-a217-fa7243504322,System6,System6_2,2023-12-01 02:20:15+00:00,383.1828,True
eaf914a1-e465-4cf7-bf7a-f0d122edd4db,System9,System9_1,2023-12-01 13:53:28+00:00,4449.2448,True
493652cc-c08e-421b-bb43-995ec46e8bd9,System11,System11_1,2023-12-01 16:28:32.875000+00:00,74.39752320000001,True
110e69db-0b1f-4c88-a40d-beda1059cad7,System11,System11_1,2023-12-01 19:47:24.875000+00:00,135.81247679999998,True
03f81b16-9e0a-4b19-8955-40ba2d1b719e,System3,System3_3,2023-12-01 20:31:46+00:00,30299.0688,True
6b990842-c3cf-4965-b578-9ea664d08884,System9,System9_1,2023-12-01 21:33:06+00:00,4449.2448,True
b9fc9a41-091b-43dd-9542-d95eeaaa0305,System3,System3_3,2023-12-01 23:15:10+00:00,30231.801600000003,True
3e7b9617-3137-4d3b-9c05-dd1dc2e0d65e,System9,System9_1,2023-12-02 02:54:20+00:00,4391.5872,True
46e7d557-ff0e-42b0-adeb-7d9a7e35db22,System13,System13_2,2023-12-02 10:29:02+00:00,28.8288,True
9f435e01-2e65-4b2f-a5ac-6f7ef7ece563,System9,System9_1,2023-12-02 10:29:12+00:00,4420.416,True
ccec110d-3bfd-4877-8d14-de248a844b6c,System7,System7_1,2023-12-02 19:02:33.875000+00:00,1153.152,True
2f3b57a5-7b6b-43f8-b4cd-b7c8aec69e19,System7,System7_1,2023-12-02 21:16:57.875000+00:00,1148.9526048,True
d5201d35-3f61-411a-b27a-db98cb96e706,System11,System11_1,2023-12-02 21:24:56.875000+00:00,80.7975168,True
6973c986-7cfb-4250-bbe1-6d8d1734a462,System7,System7_1,2023-12-02 23:11:29.875000+00:00,1147.7514048,True
cae6db47-e262-4050-8ca2-af1ceb08804c,System9,System9_1,2023-12-03 00:39:46+00:00,4497.2928,True
31dab32b-bdca-4673-b456-2d88d755a5cd,System11,System11_1,2023-12-03 01:17:08.875000+00:00,169.5325632,True
9bb80f8f-3599-4558-b947-ada35293fadd,System6,System6_1,2023-12-03 02:59:02+00:00,383.1828,True
3bcf161f-c159-4b43-acfb-043edc389546,System6,System6_2,2023-12-03 02:59:03+00:00,383.1828,True
19965135-2053-4485-95ae-fb98fe33862b,System13,System13_1,2023-12-03 13:57:16+00:00,28.8288,True
247dedcc-df20-4f05-9080-ab08f171b050,System3,System3_3,2023-12-03 20:29:24+00:00,30222.192000000003,True
f40da482-01ec-422b-8e82-e35bbc7bde4e,System7,System7_1,2023-12-03 20:36:31.875000+00:00,1157.3610048,True
efb65185-7f55-4d0f-ab22-14bfd661f4dd,System3,System3_3,2023-12-04 00:15:39+00:00,30337.5072,True
691cc82a-deb6-49ba-abd9-d7ffe013af68,System7,System7_1,2023-12-04 03:11:24.875000+00:00,1146.5502048,True
1948b62a-58ab-4828-ba29-489a9df0ea47,System13,System13_1,2023-12-04 15:33:09+00:00,28.8288,True
74355578-91eb-4e3a-8976-d705a2eef58b,System7,System7_1,2023-12-04 15:48:58.875000+00:00,1147.7514048,True
cac493d4-8a68-400f-87c0-6a264b1b4543,System7,System7_1,2023-12-04 19:12:52.875000+00:00,1149.5484,True
4f5dd4cd-3139-4896-a2f8-7002a5f520bd,System6,System6_1,2023-12-04 19:43:25+00:00,344.74440000000004,True
b29ea9c2-bbb8-4099-b31d-0e8d60c908d3,System6,System6_2,2023-12-04 19:46:22+00:00,344.74440000000004,True
cae8ebcb-58ec-4db2-9ed4-c79d3f50b90f,System7,System7_1,2023-12-04 20:58:44.875000+00:00,1147.146,True
5ea86c2e-018d-4c33-9ee5-de37e317d7bc,System11,System11_1,2023-12-05 00:01:15.875000+00:00,84.88159680000001,True
a5e195e7-4d30-440a-9f9d-3b9b17e9fa27,System6,System6_2,2023-12-05 00:21:38+00:00,306.30600000000004,True
70cbad97-c8bb-4519-be84-e482f381a8c7,System7,System7_1,2023-12-05 01:22:28.875000+00:00,1150.1538048,True
3d962679-b03a-4939-bcb4-0d191f954778,System3,System3_3,2023-12-05 02:14:51+00:00,30375.945600000003,True
6f393d1f-c431-429e-93ba-fb0935e4c192,System6,System6_1,2023-12-05 02:35:37+00:00,306.30600000000004,True
988aa254-2b4b-4e05-b0c2-193fc0863433,System6,System6_2,2023-12-05 02:35:38+00:00,344.74440000000004,True
5153a5e2-7969-467f-a84a-648e06287c97,System3,System3_3,2023-12-05 04:58:41+00:00,30222.192000000003,True
fa85cc72-5c0d-4d99-ab25-9f49656534a3,System5,System5_1,2023-12-05 17:03:34+00:00,16.8168,True
6d25f044-a898-4621-b705-442c9384aeb1,System3,System3_3,2023-12-05 18:19:58+00:00,30222.192000000003,True
fa783177-b9a9-4808-a9e1-22d1f8ab488f,System11,System11_1,2023-12-05 18:21:20.875000+00:00,89.2059168,True
265172b3-b69b-4abd-85ec-7e3fb95f8ffc,System1,System1_2,2023-12-05 21:02:58+00:00,614.05344,True
5d39cb59-5c99-441d-91ca-2da873eadbe1,System11,System11_1,2023-12-05 22:22:37.875000+00:00,134.61127679999998,True
ec4008ea-a8de-4066-ba58-5ed45ac8fe75,System8,System8_4,2023-12-06 00:23:40+00:00,3.6036,True
3372cf8c-b065-4822-a0eb-eea902ab667b,System1,System1_2,2023-12-06 00:55:52+00:00,624.624,True
d55d30d5-f30f-4f1d-b04b-e5d942da5552,System8,System8_4,2023-12-06 02:04:33.500000+00:00,3.6036,True
5677efae-6ef4-44c9-9afc-70c33874b522,System6,System6_1,2023-12-06 02:33:12+00:00,306.30600000000004,True
e74d33c0-ab3e-4886-ae76-f24d88bf2fe2,System1,System1_2,2023-12-06 02:35:08+00:00,633.27264,True
7a78f867-b510-4310-8b93-b431f24d28ec,System9,System9_1,2023-12-07 11:55:51+00:00,4468.464,True
087352f4-e73e-40ad-969c-d55c6b14760f,System1,System1_2,2023-12-07 17:06:12+00:00,629.4288,True
7c185355-2c94-43c6-a127-d61f5183bd56,System3,System3_3,2023-12-07 20:30:40+00:00,30337.5072,True
a67c9171-c9db-4fec-b8b1-020deb5e6abc,System7,System7_1,2023-12-07 23:40:07.875000+00:00,1148.9526048,True
cbebfd6b-1e1d-46c6-affc-e2f9966e817d,System11,System11_1,2023-12-07 23:40:46+00:00,147.05570880000002,True
4c23425a-6422-45d2-9fa3-00419edd8c06,System6,System6_2,2023-12-08 00:45:01+00:00,306.30600000000004,True
a4aa3503-f97b-4039-b1c2-100c1d2022f0,System7,System7_1,2023-12-08 17:38:02.625000+00:00,1148.3472000000002,True
2b4e1bc7-aa21-4509-8add-63afd1538b31,System11,System11_2,2023-12-08 19:15:02.875000+00:00,75.27199680000001,True
9011a44d-3bdb-45cf-9b17-850e776964c3,System6,System6_2,2023-12-08 21:08:22+00:00,344.74440000000004,True
e826c033-93bb-448a-9125-54ffd40e15d0,System9,System9_1,2023-12-09 04:21:16+00:00,5650.4448,True
73ef004e-d110-4396-9a88-7a6e41367fe9,System7,System7_1,2023-12-09 15:42:21.875000+00:00,1145.9448,True
62be43c6-1a19-463d-b258-21c7ba89f096,System11,System11_1,2023-12-09 16:58:41.875000+00:00,73.6768032,True
ecb966d4-341c-4109-9c38-0079db4f8b4b,System7,System7_1,2023-12-09 19:02:22.875000+00:00,1150.7496,True
6a2aa76d-89e8-4cb4-92f7-bb29018d02b1,System6,System6_2,2023-12-09 20:35:16+00:00,306.30600000000004,True
c9ee3203-54c8-4172-8dd6-385fe41b502a,System7,System7_1,2023-12-09 21:00:14.875000+00:00,1150.1538048,True
afb7090a-7228-44e3-b7f2-aa64a48cd2c3,System11,System11_1,2023-12-10 02:03:00.875000+00:00,11.1279168,True
b38c8c59-d1f5-4dbb-863c-f7c79cd99487,System6,System6_2,2023-12-10 03:11:11+00:00,460.0596000000001,True
376ad562-5d81-4e94-a7c7-bc049918f9ed,System11,System11_1,2023-12-10 06:12:28.875000+00:00,10.57056,True
3fbde663-64a6-4373-8074-ae55783cc784,System6,System6_2,2023-12-10 13:27:05+00:00,306.30600000000004,True
069d5bd6-272e-4d52-a896-9867552efde4,System6,System6_1,2023-12-10 15:30:36+00:00,306.30600000000004,True
c983eae3-5aa5-40f9-b65c-743f05087a0e,System8,System8_2,2023-12-11 01:32:23+00:00,22.227004800000003,True
959a7daf-6806-4ae0-8686-4e05f3052640,System11,System11_1,2023-12-11 05:16:26.875000+00:00,161.5181568,True
4c57098e-a7b2-4e35-be16-e1afdbe076e6,System6,System6_1,2023-12-11 05:52:16+00:00,344.74440000000004,True
c6c25b9d-0200-4ee4-aba3-3c67ded7061d,System6,System6_2,2023-12-11 05:52:17+00:00,383.1828,True
855116a3-fff0-4ad5-b95e-2437e3c3bcc2,System11,System11_1,2023-12-11 18:25:40.875000+00:00,9.4462368,True
cd7cdb6f-fa5e-444f-8224-2a8366f62f57,System6,System6_1,2023-12-11 18:42:58+00:00,306.30600000000004,True
b5de87d3-779a-412c-a805-24dd2ecf60ff,System11,System11_1,2023-12-11 23:02:44.875000+00:00,75.27199680000001,True
7b040a1a-649c-411b-8a2f-b1919ad5b2df,System11,System11_1,2023-12-12 02:56:45.875000+00:00,84.56448,True
6401f23f-f9b0-4ab5-8e16-7cc69b299b1e,System1,System1_2,2023-12-12 07:21:56.250000+00:00,613.09248,True
9291683d-1298-48ac-87db-f85cc6c88de8,System10,System10_1,2023-12-12 17:18:53+00:00,168.168,True
3eebedb4-02c9-4540-b83a-455b43baca64,System1,System1_2,2023-12-12 17:32:34+00:00,615.0144,True
09c388d4-fe75-47d9-a061-0b978204f278,System7,System7_1,2023-12-13 04:11:45+00:00,1159.158,True
a1127337-73c5-4aea-8255-bbce0d6ce649,System3,System3_3,2023-12-13 04:52:47+00:00,30337.5072,True
963b170f-2b70-4f2d-8330-35102ff7553e,System13,System13_1,2023-12-13 14:15:53+00:00,28.8288,True
c481c7e5-b004-43f2-a51b-97ea8cdd7c4b,System10,System10_1,2023-12-14 01:09:33+00:00,158.5584,True
abf30034-157e-4406-9564-4ff9a3e6605a,System11,System11_1,2023-12-14 02:19:45.875000+00:00,77.83776,True
a9feb5c8-c50c-4f35-a4a9-fff17f6f2d13,System10,System10_1,2023-12-14 02:41:08+00:00,100.9008,True
dd30af6d-1afb-441b-b3c5-5a5d1b268e1b,System1,System1_2,2023-12-14 02:43:43+00:00,612.13152,True
115eed6e-ff11-4b25-8df6-42f504f71a9b,System8,System8_4,2023-12-15 00:20:01+00:00,3.6036,True
87850e3f-8f6c-4541-8566-4e9eabea1ed3,System6,System6_1,2023-12-15 13:49:09+00:00,306.30600000000004,True
e0a38fc9-78d2-4bd5-bcd8-2112c13296bd,System6,System6_2,2023-12-15 13:49:18+00:00,344.74440000000004,True
24cb4c4c-9655-4caf-ab45-4e8df96c2849,System8,System8_2,2023-12-15 17:50:11+00:00,21.025804800000003,True
49e1d821-efec-4061-8bd1-f38460a914a5,System13,System13_1,2023-12-16 12:13:51+00:00,28.8288,True
e465483b-9a62-4212-a7b1-7e071a757287,System7,System7_1,2023-12-16 17:25:30.875000+00:00,1159.158,True
6fb233c2-8286-411c-bf0a-01e0d24d2430,System11,System11_1,2023-12-16 21:41:06.875000+00:00,86.72664,True
1a4063c3-6860-4917-ae22-9ca29fff6ebf,System4,System4_1,2023-12-17 02:38:13+00:00,4.8048,True
9b89a42f-96eb-4c14-8a96-dbe9bd56f558,System4,System4_2,2023-12-17 02:38:13+00:00,3.5843808,True
cfd37bbb-1d46-4411-97da-6cb2bf361120,System13,System13_1,2023-12-17 12:33:51+00:00,28.8288,True
d3817750-96a4-473a-8d0f-9c79840d4944,System6,System6_2,2023-12-17 12:52:57+00:00,306.30600000000004,True
8ec14c37-0b08-45b8-8ebb-1f9013f43f84,System3,System3_3,2023-12-17 21:38:08+00:00,30222.192000000003,True
80dbb02c-6bd3-4167-95af-3adc57be2850,System4,System4_2,2023-12-18 12:50:20+00:00,2.4312288,True
fb7706a6-4b1f-4ede-93e7-d30490e52c0e,System4,System4_1,2023-12-18 12:50:20+00:00,2.88288,True
3062de44-3304-415e-99ee-0ab1d4e62b96,System9,System9_1,2023-12-18 20:47:37+00:00,4468.464,True
f4dfc1ed-4843-4565-bf06-acc4ce2d9b34,System4,System4_1,2023-12-18 21:35:05+00:00,4.8048,True
3f9415db-4cdc-427b-bd6b-b104ee08e76d,System4,System4_2,2023-12-18 21:35:05+00:00,5.0258208,True
3ef13cc6-f147-4964-8760-dfa25d371d6b,System8,System8_4,2023-12-18 21:35:28+00:00,3.6036,True
ce7a6163-6a54-404c-a355-ddd462bc1edb,System6,System6_2,2023-12-19 00:23:46+00:00,383.1828,True
8b533b9d-e81f-4740-9104-25005525639d,System11,System11_2,2023-12-19 00:45:30.875000+00:00,73.99392,True
8dfd66ad-e84c-456a-bdfa-9279dfd5bcd7,System6,System6_1,2023-12-19 02:33:01+00:00,383.1828,True
6d9460c4-09ed-4d98-81a1-55e19c521506,System6,System6_2,2023-12-19 02:33:10+00:00,344.74440000000004,True
ea2d7af4-ad59-4ac7-a014-875cfb9a26eb,System6,System6_1,2023-12-19 02:36:49+00:00,344.74440000000004,True
118493bb-c1f4-4df4-8745-0196443fdc2a,System6,System6_2,2023-12-19 02:36:54+00:00,383.1828,True
e6cf36d1-571d-46f0-be48-142ba5af52d2,System6,System6_2,2023-12-19 12:58:07+00:00,383.1828,True
6dd67f2e-bf9e-4cbd-a8ad-0b209740a77a,System6,System6_1,2023-12-19 12:58:10+00:00,383.1828,True
ab799b44-6fc9-457d-ae73-227d9b2f4dbf,System6,System6_1,2023-12-19 15:39:32+00:00,344.74440000000004,True
ced9e680-a322-436d-8a47-fb85df2bd311,System6,System6_2,2023-12-19 15:39:33+00:00,344.74440000000004,True
08e9d509-2205-40b3-b2ef-1eeadccc7616,System11,System11_1,2023-12-19 15:56:10.875000+00:00,154.87792320000003,True
917d07d5-970b-489c-a869-1d1a9780a2de,System3,System3_3,2023-12-19 21:40:20+00:00,30260.6304,True
a40c5b12-5581-452f-9693-b8adf09e4040,System6,System6_1,2023-12-20 00:46:22+00:00,383.1828,True
acb1227f-8fea-48e6-b7b8-01e2e52f9e96,System6,System6_2,2023-12-20 00:46:23+00:00,383.1828,True
60c2326a-bc52-4c00-a58c-da8345137b4c,System6,System6_2,2023-12-20 11:37:49+00:00,344.74440000000004,True
22e6e57e-7d85-4560-83d7-103abd2b0eb0,System6,System6_1,2023-12-20 11:37:56+00:00,344.74440000000004,True
0341207e-4f5c-4971-a8ae-0a59729a389d,System6,System6_2,2023-12-20 15:38:09+00:00,383.1828,True
bf149fc3-0055-47c6-973d-7639a85cc6d5,System6,System6_1,2023-12-20 15:38:12+00:00,344.74440000000004,True
53db268a-4685-4dd0-86d4-9db8954aaaff,System11,System11_1,2023-12-20 21:41:58.875000+00:00,92.73264,True
0f4aea45-0194-4dd5-b510-2762127c353b,System11,System11_1,2023-12-21 01:00:24.875000+00:00,80.96088,True
8e0175dd-10f4-4fc9-9f94-884700c858be,System3,System3_3,2023-12-21 13:08:39+00:00,30212.5824,True
e1162755-0adf-4d1c-875d-d8733af33c8d,System11,System11_1,2023-12-22 18:42:19.875000+00:00,134.61127679999998,True
b7e7a6ec-9bff-40ab-b75c-11a9582982af,System6,System6_1,2023-12-22 19:03:25+00:00,306.30600000000004,True
9d200728-4b01-4f39-b646-2084f80a75eb,System7,System7_1,2023-12-23 00:28:32.875000+00:00,1145.3490048,True
f216ea3d-aae1-4564-b252-523058e6d65a,System4,System4_1,2023-12-23 03:31:13+00:00,3.84384,True
9d84b4e3-f441-47d0-aaaf-f7d1a6dab678,System3,System3_3,2023-12-23 05:07:43+00:00,30472.0416,True
b16716c3-5cab-4297-b664-9d9074dcc9e2,System6,System6_2,2023-12-23 05:24:46+00:00,306.30600000000004,True
29934747-9318-42ca-a9fc-11075d3348cd,System6,System6_2,2023-12-23 05:28:22+00:00,306.30600000000004,True
df314aa1-dfab-44bb-a2f0-317b23a16e32,System9,System9_1,2023-12-23 05:49:33+00:00,4449.2448,True
40750baf-c1ba-4b76-8477-d05b063f0933,System9,System9_1,2023-12-23 14:46:52+00:00,4468.464,True
9da00b3d-4448-4d33-abda-6c85db7c18cc,System11,System11_1,2023-12-23 16:47:17.875000+00:00,189.8664768,True
a1addc96-e7ff-4aea-bc25-87afaf2e3c98,System3,System3_3,2023-12-23 17:59:23+00:00,30289.4592,True
b4c1b901-20fd-4ab0-b921-769c232bfb77,System11,System11_1,2023-12-23 21:43:48.875000+00:00,11.6948832,True
600ffbcb-b116-4c13-aa01-b6ecabbe66a2,System7,System7_1,2023-12-24 00:48:27.875000+00:00,1148.9526048,True
bbefdbef-52e2-41db-968a-0f42e664e407,System6,System6_2,2023-12-24 02:45:07+00:00,306.30600000000004,True
131a9668-cbad-4ac3-9478-d0c1be67aa89,System6,System6_1,2023-12-24 04:01:58+00:00,344.74440000000004,True
72904fae-83ff-44e2-b173-da0fc3d7cbfe,System6,System6_2,2023-12-24 04:02:07+00:00,421.6212,True
8f3f05ca-a020-4523-8b1c-2c925a0ddf3b,System6,System6_1,2023-12-24 20:03:04+00:00,344.74440000000004,True
fccc5e7b-5a56-4c6a-8865-3a165cfa8564,System13,System13_2,2023-12-25 12:59:33+00:00,28.8288,True
9f7e2734-ca48-4bf4-a6a8-a059efebcd21,System9,System9_1,2023-12-25 12:59:54+00:00,4478.0736,True
2a26b9e0-29f1-43b1-8432-e046c4105869,System5,System5_1,2023-12-26 00:59:19.250000+00:00,2.4024,True
ad4fa33a-682b-47ab-84be-2f5857be3952,System9,System9_1,2023-12-27 12:09:42+00:00,4478.0736,True
27d782e5-06b0-43bb-a081-c842dd7e782a,System5,System5_1,2023-12-27 16:53:29.500000+00:00,24.024,True
9b5ca2e2-c57b-48f1-8c10-0e04c2bcf870,System3,System3_3,2023-12-27 21:00:39+00:00,30289.4592,True
558ffd3d-d39c-4b68-8fac-5e4efffc1fb8,System7,System7_1,2023-12-28 00:10:08.875000+00:00,1157.9568,True
87e020b4-d87d-4e58-a91c-b141305753b5,System3,System3_3,2023-12-28 01:15:46+00:00,30462.432,True
eb352bfb-3fac-46b0-8a73-cb6803d0702d,System6,System6_2,2023-12-28 04:20:11+00:00,306.30600000000004,True
165b2563-3010-436e-ac04-3606690af496,System10,System10_1,2023-12-28 14:24:22+00:00,168.168,True
62a4a3a8-afc1-49bd-aa69-983a85068262,System6,System6_1,2023-12-28 14:32:43+00:00,306.30600000000004,True
a7e5a51b-5a9d-4567-bf63-8df520bcf8bd,System6,System6_2,2023-12-28 14:32:44+00:00,344.74440000000004,True
b97966bb-c517-4b29-9ddf-752b1cf75c38,System6,System6_2,2023-12-28 22:17:16+00:00,306.30600000000004,True
67dd7ac5-485d-44eb-a65c-10b15d23f7d6,System11,System11_1,2023-12-29 03:02:49.875000+00:00,11.6083968,True
b2c6419a-fcd3-40a2-8b0a-8548511651b0,System5,System5_1,2023-12-30 01:43:15+00:00,24.024,True
72eff9ca-e016-479a-b284-1036cae8e5a5,System5,System5_1,2023-12-30 03:51:04+00:00,16.8168,True
feedf627-df77-4c73-9fd0-0b6b91931fe7,System13,System13_1,2023-12-30 14:08:45+00:00,28.8288,True
a8cd5543-e07d-4732-b5a3-3f671b702222,System6,System6_2,2023-12-30 15:02:14+00:00,306.30600000000004,True
eb234bbb-a277-43ef-bd63-0e9a2ff5c06d,System11,System11_1,2023-12-31 00:38:01.875000+00:00,109.06896,True
e4a00839-0bb2-4b71-b15d-0099acea490c,System11,System11_2,2023-12-31 17:07:00.875000+00:00,11.8486368,True
54d18114-2d41-4b14-aa9d-044ce0829f85,System8,System8_4,2023-12-31 21:14:21.250000+00:00,3.6036,True
38e6e7ad-adbc-467f-bb48-800c243387e5,System3,System3_3,2023-12-31 22:33:09+00:00,30251.0208,True
e3285102-4018-44a2-a4a8-ce5feb4c3936,System13,System13_1,2024-01-01 15:26:03+00:00,38.4384,True
6eadc4d9-280d-4657-9868-8f3940081fe6,System6,System6_2,2024-01-01 17:22:58+00:00,306.30600000000004,True
60dc127f-e9ab-4a62-bc3c-3159436a81c9,System6,System6_2,2024-01-01 17:27:18+00:00,344.74440000000004,True
4c2c940c-7f57-4bf9-b5e4-91342ef59020,System11,System11_1,2024-01-01 19:25:55.875000+00:00,102.2653632,True
dcdc2d6a-768d-4e15-ba6f-bb96a5883cef,System3,System3_3,2024-01-01 20:20:28+00:00,30299.0688,True
bc0ac211-242b-4b10-9177-80611039c3f6,System5,System5_1,2024-01-02 00:16:24+00:00,2.4024,True
ab7317b0-064e-4be4-afe1-446c133e146c,System5,System5_1,2024-01-02 07:18:21+00:00,2.4024,True
3f4df403-dd98-4df5-b37c-6e87ac77ace2,System10,System10_1,2024-01-02 07:25:05+00:00,163.3632,True
2817847d-4f97-4aee-bb2f-2b72f8de4807,System11,System11_1,2024-01-03 00:35:24.875000+00:00,81.36448320000001,True
d4be5223-a503-44f4-b096-640cb851a070,System11,System11_1,2024-01-03 03:16:29.875000+00:00,73.91704320000001,True
610f10de-7e0d-403b-a04b-f51fdc135ac0,System7,System7_1,2024-01-03 17:54:13.875000+00:00,718.9230048000001,True
2a3a3952-e255-432b-8f5b-bd427a8bc185,System9,System9_1,2024-01-03 19:09:42+00:00,4478.0736,True
a0cd1638-53bb-446d-80bd-e47848351728,System11,System11_1,2024-01-03 19:20:10.875000+00:00,11.05104,True
ab38175e-595d-46bb-a7ae-6b7e2640d1b0,System11,System11_1,2024-01-03 22:06:04.875000+00:00,98.01792,True
795d122d-cbb4-4bac-857d-5ae724b62d1f,System6,System6_1,2024-01-04 00:59:34+00:00,383.1828,True
5c2c7dbc-2693-4560-9f8f-9a987e7575c1,System8,System8_2,2024-01-04 03:35:03+00:00,20.4204,True
d0fcd956-54bb-485b-a85c-16b5010cf2cc,System10,System10_1,2024-01-04 20:04:34+00:00,148.9488,True
93670a5d-2159-4534-a678-94f7a9d23ce5,System3,System3_3,2024-01-05 16:30:20+00:00,30327.8976,True
99887115-27ab-4907-95f0-bc7d20ab2d23,System3,System3_3,2024-01-05 19:38:45+00:00,30299.0688,True
d07e3715-acd9-4ffa-90cd-d01706ec20c5,System6,System6_1,2024-01-05 19:41:13+00:00,383.1828,True
f05630e9-fdbf-401e-b424-bcca90b0bb45,System11,System11_1,2024-01-05 21:48:37.875000+00:00,99.5842848,True
148f4cdd-7a6e-4cc3-b285-72b5bfb2bed9,System3,System3_3,2024-01-05 22:29:35+00:00,30279.8496,True
48aa39cc-35a9-45f9-8bcb-46a8352c48de,System6,System6_1,2024-01-05 22:57:37+00:00,344.74440000000004,True
89ed1e60-bb4b-4d90-aadf-4736d3fff1f6,System11,System11_1,2024-01-06 00:49:50.875000+00:00,90.4551648,True
45763978-5ba4-4af2-a9eb-d6530dad3643,System3,System3_3,2024-01-06 01:47:30+00:00,30260.6304,True
4cf32271-f91c-42bb-b862-8c1875a000e0,System9,System9_1,2024-01-06 13:03:39+00:00,4468.464,True
c9943d9d-9f7e-46d5-9666-d8edf284cbc6,System11,System11_1,2024-01-06 13:33:43.875000+00:00,95.37528,True
e40c0039-d8df-4f30-ae66-b362e5bb04a6,System11,System11_1,2024-01-06 16:18:47.875000+00:00,89.68639680000001,True
b028575d-3f8e-4dc6-931a-519a2c4f0c46,System7,System7_1,2024-01-06 17:57:50.875000+00:00,1146.5502048,True
8925ee9a-09b7-4ec0-90f5-1b042aa39a61,System3,System3_3,2024-01-06 18:54:01+00:00,30241.4112,True
bff780d6-c506-467b-b17c-b4711c09eb8b,System11,System11_1,2024-01-06 20:57:21.875000+00:00,102.7458432,True
ebd977fb-c132-42da-8842-bbf101da43b8,System8,System8_2,2024-01-06 23:36:29+00:00,20.4204,True
80af9ae2-288c-4ef0-955c-1f77c490167a,System6,System6_1,2024-01-07 20:37:13+00:00,306.30600000000004,True
af64bb7c-6e6a-4166-89fd-d8efdc94b9b3,System6,System6_2,2024-01-07 20:37:22+00:00,421.6212,True
f274e8d3-d140-4bab-83ba-48b7dc3b8648,System3,System3_3,2024-01-07 21:33:03+00:00,30308.6784,True
066c896b-9bed-4ccc-95a0-c5c67aca9d5f,System3,System3_3,2024-01-08 00:02:29+00:00,30337.5072,True
c0bcac37-48f6-457b-9fff-bd2ae2abcafc,System6,System6_1,2024-01-08 02:15:12+00:00,383.1828,True
f19b50ad-a71b-4a5f-b215-ea05b5fad28f,System6,System6_2,2024-01-08 02:15:13+00:00,383.1828,True
927db026-7a43-4c73-b47e-a3c53cc09a54,System4,System4_2,2024-01-08 20:02:37+00:00,5.7945888,True
160debd2-081d-4e45-a4c7-2eff263a6ec6,System4,System4_1,2024-01-08 20:02:37+00:00,5.76576,True
620a3cfd-a3fc-45e0-bb35-000308e8907d,System11,System11_1,2024-01-08 21:58:15.875000+00:00,97.6143168,True
db0ac912-8097-4151-b594-23c2ff1ab4c2,System4,System4_1,2024-01-09 00:09:45+00:00,2.88288,True
c9a0d95a-13e5-43ad-9233-8686d4a25c13,System4,System4_2,2024-01-09 00:09:45+00:00,2.8924896,True
61b71988-f0aa-49a8-9754-df6b3c00393b,System9,System9_1,2024-01-09 12:24:29+00:00,4333.9296,True
195a548e-d144-4ef7-a375-26ddabd4cbf0,System13,System13_1,2024-01-09 12:26:09+00:00,28.8288,True
b4b45581-dd21-41b3-b8e8-4049e7e20f68,System12,System12_3,2024-01-24 13:30:44+00:00,28.8288,True
0a5cbdaa-c7c0-4d29-86e4-1755615a05de,System7,System7_1,2024-01-24 13:48:58.875000+00:00,763.9632,True
4ca5f4b3-2bbb-4f52-b5fc-4c105ef18be5,System6,System6_2,2024-01-24 13:52:16+00:00,8.4084,True
a047f007-547e-41e1-8702-82244476d735,System11,System11_1,2024-01-24 21:48:51+00:00,71.9566848,True
c87c8074-ff77-4bfa-a444-c9f552e36607,System9,System9_1,2024-01-27 13:13:01+00:00,4430.0256,True
60bd2cb1-7aba-4ef3-ab46-92c757770253,System7,System7_1,2024-01-28 01:24:52.875000+00:00,779.5788,True
7ff4168c-fd13-4591-8411-3e473d03cac0,System9,System9_1,2024-01-28 18:53:39+00:00,4487.6832,True
991a61f9-3722-4ee8-b1d1-49fed244064f,System11,System11_1,2024-01-29 00:48:11.875000+00:00,75.99271680000001,True
f7d8f419-1bb7-4e2f-a07f-dba1d549c355,System5,System5_1,2024-01-29 00:48:45+00:00,19.2192,True
a69a1cbf-2117-4386-9483-76f3d87fba44,System6,System6_2,2024-01-29 01:41:02+00:00,306.30600000000004,True
1afbd8b2-5526-439b-8aba-b73f36e0aef7,System6,System6_2,2024-01-29 01:44:18+00:00,306.30600000000004,True
0898be1d-c94a-40b7-8cdd-3d123a5aa6c8,System9,System9_1,2024-01-29 20:06:12+00:00,4468.464,True
8eb23bcb-594b-4b44-88d3-44ad868dc3c2,System3,System3_3,2024-01-30 00:07:46+00:00,30375.945600000003,True
af82c4b4-4d15-4fa7-aa33-d8435f5e25a2,System4,System4_2,2024-01-30 01:59:16+00:00,2.690688,True
da2dfd75-5ac1-4458-ad29-58519c587a40,System6,System6_2,2024-01-30 02:55:09+00:00,306.30600000000004,True
f7d351e4-8608-4ffc-af38-5c232dca1990,System6,System6_1,2024-01-30 02:55:12+00:00,306.30600000000004,True
051eae53-e107-4f4b-b880-ea0446f111e9,System9,System9_1,2024-01-30 14:00:59+00:00,4468.464,True
d521f736-07df-48c7-907b-a04d9749734e,System9,System9_1,2024-01-30 17:04:47+00:00,4497.2928,True
43be94a5-b6ce-46da-b7d8-4b328e1af1e8,System6,System6_1,2024-01-31 00:15:37+00:00,306.30600000000004,True
7dabbb9c-fdeb-452d-a33f-c011165acc8a,System6,System6_1,2024-01-31 00:34:57+00:00,306.30600000000004,True
7b5dc423-70ba-4e07-84c4-f538e06c7bad,System9,System9_1,2024-01-31 02:02:26+00:00,4478.0736,True
093623a6-a4ca-461f-bdf7-47ec174a8f87,System12,System12_3,2024-01-31 09:15:01+00:00,28.8288,True
8020bf0b-cf2a-4c8e-a5da-0db30b67bb65,System9,System9_1,2024-01-31 09:15:03+00:00,4410.8064,True
69d21e73-34f7-444d-8fa7-1a6b5442b78f,System9,System9_1,2024-01-31 11:48:37+00:00,4430.0256,True
0e51b490-f29f-4fce-987e-8efdc3c3d3f1,System5,System5_1,2024-01-31 13:56:02+00:00,19.2192,True
ec209960-55d7-4e04-82b5-9983a3f52f84,System9,System9_1,2024-01-31 16:15:28+00:00,4497.2928,True
5b42bb7b-16fc-4ca4-8361-7a22f99845be,System4,System4_2,2024-01-31 16:34:44+00:00,2.4792768,True
5b17c7ba-d32d-46ed-80af-5128aae054cc,System6,System6_1,2024-01-31 16:35:16+00:00,344.74440000000004,True
87f308fd-677c-439d-bfb5-c888ae9e6f48,System6,System6_2,2024-01-31 16:38:05+00:00,8.4084,True
f82ad1da-6921-405f-906b-bbe22eb04be2,System4,System4_2,2024-01-31 17:47:00+00:00,2.7771744,True
8a529f41-11a4-4e05-b326-bd1931f4a1f4,System3,System3_3,2024-01-31 23:56:39+00:00,30337.5072,True
0f3f894b-4224-4047-b5e2-e72771db7337,System9,System9_1,2024-02-01 01:49:50+00:00,4449.2448,True
b919e2da-ac7d-4c67-9680-1c7aacdb56b8,System4,System4_2,2024-02-02 00:07:22+00:00,2.5369344000000003,True
c0cba8a9-c3aa-44bb-9c22-e5e17afa0f67,System12,System12_3,2024-02-02 11:48:07+00:00,28.8288,True
3163afb4-eacf-455c-a4b9-3e0206db3935,System4,System4_2,2024-02-02 15:17:18+00:00,2.3927904,True
7096bdf8-9a19-4ff1-a647-6c77696250b1,System11,System11_2,2024-02-02 23:43:00.875000+00:00,73.91704320000001,True
70a28387-825d-4f2c-b8fd-44678d797d98,System4,System4_2,2024-02-03 02:01:23+00:00,2.4024,True
73c3ae7d-a25a-494a-ae8f-79f91b99c29c,System12,System12_3,2024-02-03 12:55:01+00:00,28.8288,True
df66dc01-cf92-4e5a-ad5f-82f2584e849f,System4,System4_2,2024-02-03 13:02:23+00:00,2.5753728,True
4cbf05db-9987-4b03-9d28-e885f81c40ae,System6,System6_2,2024-02-03 13:47:40+00:00,344.74440000000004,True
4475b643-e555-496c-bd93-7366499ff9b5,System6,System6_1,2024-02-03 13:47:51+00:00,421.6212,True
3bd8ecc8-cdcd-4301-99c7-313b0ebfdc5b,System6,System6_2,2024-02-03 13:55:16+00:00,306.30600000000004,True
d169f28c-d3fa-4563-90d6-15f38935a87e,System4,System4_2,2024-02-03 16:24:06+00:00,2.3351328,True
d9ebaad4-4315-4970-a5be-8ab477383b11,System4,System4_2,2024-02-03 20:37:14+00:00,2.450448,True
0a3a7523-beaf-4743-b8b1-1177d31c0f38,System6,System6_1,2024-02-04 02:32:38+00:00,306.30600000000004,True
0aa189f6-760b-491c-a7f7-59ef5b541062,System6,System6_2,2024-02-04 02:32:39+00:00,344.74440000000004,True
74328dc4-bd00-437e-9c23-6b77a404f6cc,System6,System6_2,2024-02-04 14:18:02+00:00,306.30600000000004,True
2186565a-586e-4842-bfcd-f88198b17ac2,System6,System6_1,2024-02-04 14:38:57+00:00,306.30600000000004,True
f6fe0f72-412f-4ad8-91f7-2f7670c66126,System6,System6_2,2024-02-04 14:39:02+00:00,306.30600000000004,True
70246c73-997e-45f8-9e93-bcaea2f8857d,System10,System10_1,2024-02-04 14:48:25+00:00,158.5584,True
69dd3eba-16a1-4b93-beb6-267e69181959,System11,System11_2,2024-02-05 19:01:58.875000+00:00,89.77288320000001,True
5318d845-bb41-493d-bc52-c7cd5d5b21c5,System6,System6_1,2024-02-05 19:25:01+00:00,421.6212,True
df8d165a-5059-4334-8583-0bb1e9c8ba84,System6,System6_2,2024-02-05 19:25:06+00:00,421.6212,True
136743b1-b7d9-4efc-865f-38554c3dae76,System9,System9_1,2024-02-06 13:35:42+00:00,4430.0256,True
ccf010c9-e8cd-449a-8f65-e34a652639cd,System4,System4_2,2024-02-06 13:45:30+00:00,2.5273248,True
fde31b6f-a42f-437a-8acd-97c82466afc2,System11,System11_1,2024-02-06 18:21:40.875000+00:00,2.6042016,True
205c806b-8cc6-497c-8eb9-20beb3afe94a,System11,System11_2,2024-02-06 18:21:41.875000+00:00,81.27799680000001,True
f230c6cf-b359-493c-9d64-37121f4559eb,System9,System9_1,2024-02-06 21:39:33+00:00,4430.0256,True
90fc085e-17a6-49bb-b6d8-b1a57ea665c7,System4,System4_2,2024-02-06 21:46:17+00:00,2.6522496,True
cfdd40a4-d10c-429b-8ee3-d5c795e3b93c,System4,System4_2,2024-02-07 01:59:40+00:00,2.3639616,True
e30d80ef-dbfc-4332-a2ee-d5b9032d42e9,System9,System9_1,2024-02-07 13:05:59+00:00,4478.0736,True
d6754a79-176d-4959-95bb-6dd46bfe70d7,System6,System6_2,2024-02-08 17:52:31+00:00,306.30600000000004,True
ea337ec9-9b15-46ea-930a-7eb236306df8,System10,System10_1,2024-02-08 23:38:39+00:00,129.7296,True
42c72bfd-adb0-43a6-a924-3af9db74e4fb,System2,System2_1,2024-02-09 14:08:51.875000+00:00,589.1934048,True
f07ffdcc-211d-4dfb-b7b8-d191dc02b37d,System2,System2_1,2024-02-10 01:50:56.875000+00:00,590.3946048,True
d023909f-c3b5-49ff-ae16-a76b6821a998,System11,System11_1,2024-02-10 04:31:21.875000+00:00,10.8876768,True
56092da6-76b4-429c-9c61-e5c81852eee7,System2,System2_1,2024-02-10 13:55:49.875000+00:00,589.1934048,True
75b71d24-575b-4ffe-82a5-c1aee5321a5c,System6,System6_2,2024-02-10 14:35:20+00:00,344.74440000000004,True
6270862f-044e-416f-bca2-e5b1946a3aeb,System8,System8_4,2024-02-10 16:35:42+00:00,3.6036,True
432d5f5a-0ab6-4ea2-a985-c8ba6f5e0787,System6,System6_2,2024-02-11 00:04:08+00:00,383.1828,True
7a7ef82d-043a-49ae-9cf7-1546bb13e470,System7,System7_1,2024-02-11 02:30:47.875000+00:00,1148.3472000000002,True
af71d703-7c26-4b87-a333-62ec611e0300,System3,System3_3,2024-02-11 04:12:41+00:00,30385.555200000003,True
af00896c-a432-4b4a-a4ed-cdc1147f6d10,System9,System9_1,2024-02-11 13:54:16+00:00,4458.8544,True
42e17dd6-cba1-48f7-904e-506c30ae50ca,System3,System3_3,2024-02-11 16:50:32+00:00,30270.24,True
5f7fcdf6-eb56-42ad-bb05-1f986d849381,System6,System6_1,2024-02-11 18:50:55.750000+00:00,1.2012,True
1bdc801f-16fd-4066-a815-0bc223bc5d66,System8,System8_4,2024-02-11 19:07:30+00:00,3.6036,True
9a4ec3f4-0cc1-417f-bae1-ad8509df4563,System3,System3_3,2024-02-11 20:49:10+00:00,30327.8976,True
71840c5d-53c4-4754-9777-1ff7f3bc50bf,System6,System6_2,2024-02-11 22:29:05+00:00,8.4084,True
91b39eec-3729-4d27-9dab-2be75546aee6,System3,System3_3,2024-02-12 00:21:58+00:00,30337.5072,True
7e3ecc9e-caf7-4f5d-a8f5-00f29b3bbcdd,System9,System9_1,2024-02-12 03:56:24+00:00,4468.464,True
424cc7f6-cde3-4642-9964-924cfda7fe39,System9,System9_1,2024-02-12 12:05:05+00:00,4420.416,True
93cc6367-3d6b-4cdb-a551-86ac5eeb6061,System4,System4_2,2024-02-12 15:19:25+00:00,2.5081056000000004,True
5a2dac2d-c8fb-4d71-b9d7-817ecf9c355a,System9,System9_1,2024-02-12 17:57:57+00:00,4430.0256,True
4f1c14f3-4890-4f6c-9458-7dd0e72460ed,System4,System4_2,2024-02-12 18:21:01+00:00,2.4120096,True
bc2eebb9-e3d3-4f8f-804c-4021428cd42d,System11,System11_1,2024-02-12 18:22:07+00:00,75.4257504,True
50520c4d-073c-4b64-9cf4-2feece3c96c3,System6,System6_1,2024-02-12 19:28:33+00:00,306.30600000000004,True
bc91cee5-601d-49b0-bc41-5afeda1f82d1,System9,System9_1,2024-02-13 17:28:13+00:00,4478.0736,True
5d73719f-8562-4761-86ee-c82d22ec12b9,System9,System9_1,2024-02-13 18:06:01+00:00,4430.0256,True
448ca080-cf6d-4354-b4df-427a8e0c35cb,System11,System11_1,2024-02-13 18:25:03.875000+00:00,10.1669568,True
18d98a2d-4ccb-462e-afa2-606f55adad74,System6,System6_1,2024-02-13 19:42:54+00:00,344.74440000000004,True
8321c946-8755-4d35-8470-67b098f68db4,System13,System13_1,2024-02-14 15:27:04+00:00,28.8288,True
c6533baf-9f63-4a54-aa0c-28093b3ccb39,System9,System9_1,2024-02-14 15:27:28+00:00,4449.2448,True
3649c4f1-e361-4064-9c34-167c791abd73,System9,System9_1,2024-02-14 16:18:11+00:00,4497.2928,True
a9081a21-b1b0-4dae-85fa-efe9e34ad9cc,System4,System4_2,2024-02-15 00:51:23+00:00,2.4120096,True
c3c6a7d2-30e9-4847-926c-bf254dc0775a,System9,System9_1,2024-02-16 13:27:39+00:00,4449.2448,True
85edd2e3-b234-4ffd-817e-6649fefc5321,System12,System12_3,2024-02-16 13:28:15+00:00,28.8288,True
560ae66c-d059-48a3-b0b9-e57d0921128f,System6,System6_1,2024-02-16 13:44:55+00:00,421.6212,True
57da7c7c-a485-4c54-b0dc-64b11b39d4d8,System6,System6_2,2024-02-16 13:45:08+00:00,421.6212,True
4f1f83aa-c020-4793-b734-35bcfcc6b964,System9,System9_1,2024-02-16 15:56:23+00:00,4497.2928,True
3bf2493b-d245-4478-979c-b92e3151d6cb,System11,System11_1,2024-02-16 16:03:45.875000+00:00,86.4864,True
f64d3a00-0d73-482d-8f96-aeaddad618e8,System6,System6_1,2024-02-16 20:08:03+00:00,344.74440000000004,True
923cfe42-b4ed-492e-94e7-2a450f1f21e9,System6,System6_2,2024-02-16 23:01:48+00:00,306.30600000000004,True
2673bf02-2421-4aab-856f-2287a6042746,System6,System6_1,2024-02-16 23:29:35+00:00,344.74440000000004,True
2b448d7c-4597-450d-a277-3477f50af5c1,System6,System6_1,2024-02-16 23:37:19+00:00,306.30600000000004,True
e0f67b5f-d8fc-423a-8df3-2c9225860467,System9,System9_1,2024-02-17 15:06:29+00:00,4487.6832,True
0c6b2a71-a6f7-40b4-a22b-80e0dc3fc0b2,System6,System6_2,2024-02-17 15:24:14+00:00,344.74440000000004,True
ec842cac-3a2c-4fc3-a5e3-cf21a636523b,System6,System6_2,2024-02-17 16:18:50+00:00,306.30600000000004,True
6d3ffd2e-d0d3-4797-bb0f-8d0c25629a72,System6,System6_1,2024-02-17 16:19:17+00:00,306.30600000000004,True
06fcb70d-7fb6-46ac-8b8e-d16bc0b1f6bf,System4,System4_2,2024-02-17 17:29:13+00:00,2.7002976000000003,True
486b2cae-1747-497a-abd0-c5f69f2d93ac,System6,System6_1,2024-02-17 17:30:01+00:00,383.1828,True
53c6e377-53e8-47b1-bffb-9060082e6c85,System6,System6_2,2024-02-17 17:30:02+00:00,344.74440000000004,True
998a1ccf-dcc3-4663-9fdf-531030b6dd04,System4,System4_2,2024-02-17 20:21:18+00:00,2.7675648,True
57416d09-cf45-486b-a36c-d0d18a0b9e15,System6,System6_1,2024-02-17 20:22:02+00:00,383.1828,True
78cf9556-d054-4f29-ad90-c15c7a9d401e,System6,System6_2,2024-02-17 20:22:07+00:00,344.74440000000004,True
d316e921-2b4b-4643-b0c0-d8b803de3e7c,System11,System11_2,2024-02-17 20:36:19.875000+00:00,93.2899968,True
082bbd2c-03be-4f0e-bfeb-a0b25732a29a,System3,System3_3,2024-02-17 21:27:17+00:00,30241.4112,True
39f3873b-4e84-43a7-80ee-0e83f9ff597f,System11,System11_2,2024-02-17 23:44:20.875000+00:00,204.5211168,True
58337329-eeb0-4183-81f6-fc41bb02aa1a,System3,System3_3,2024-02-18 00:06:41+00:00,30231.801600000003,True
f94ed970-912d-436b-af46-296bf9eda3a7,System4,System4_2,2024-02-18 01:54:31+00:00,2.8732704,True
5c6edebf-0769-44c5-bea9-986425484dbd,System6,System6_1,2024-02-18 01:55:07+00:00,383.1828,True
f37764c8-8ab9-4fae-b0cb-863e868fa417,System6,System6_2,2024-02-18 01:55:12+00:00,344.74440000000004,True
295d906a-4224-4269-9b7b-60e2a737937f,System9,System9_1,2024-02-18 12:23:15+00:00,4439.635200000001,True
9870fb95-4287-4299-8dce-5dd16ecdc0ca,System12,System12_3,2024-02-18 12:24:22+00:00,38.4384,True
ae208b8e-631a-42c9-89d4-21bab4905267,System6,System6_1,2024-02-18 12:34:55+00:00,421.6212,True
f910b70d-2011-408d-a7fc-2879906d0959,System6,System6_2,2024-02-18 12:35:04+00:00,383.1828,True
7056f152-d66f-4413-a5f5-6101626e2600,System4,System4_1,2024-02-18 14:59:19+00:00,3.84384,True
30f285c3-b165-438f-9561-30e6628d2dcc,System4,System4_2,2024-02-18 14:59:19+00:00,3.8150112,True
0f730c86-da45-4d5a-9c22-ff271df0f249,System6,System6_1,2024-02-18 14:59:47+00:00,306.30600000000004,True
b5e95897-8868-4ff3-a7bc-e33ba3f97923,System6,System6_2,2024-02-18 14:59:52+00:00,306.30600000000004,True
06902db0-4db6-46ca-85f3-53dc3889bfdb,System6,System6_2,2024-02-18 17:35:52+00:00,306.30600000000004,True
f56d7c48-dfb6-4d8f-bd62-9e1dba19f702,System4,System4_2,2024-02-18 21:48:15+00:00,2.6714688000000004,True
239da1c6-a6fa-4297-829f-4d01f8dc272d,System6,System6_2,2024-02-19 00:43:04+00:00,306.30600000000004,True
0c91a16d-64b2-47bb-8f9d-b08ead9ea7cd,System9,System9_1,2024-02-19 02:05:27+00:00,4449.2448,True
0040e2b9-1911-45f3-8f15-a7d83da566f8,System4,System4_2,2024-02-19 02:53:11+00:00,6.102096,True
afe38c8b-3178-42b2-848a-bc5aa8ceb9d6,System4,System4_1,2024-02-19 02:53:11+00:00,5.76576,True
308c9eff-579a-4606-b2e5-e5bd4eec8ca0,System3,System3_3,2024-02-19 03:39:55+00:00,30356.7264,True
da494f13-a215-425e-bd35-4a34d1823ea8,System9,System9_1,2024-02-19 13:29:14+00:00,4468.464,True
0d6b2e30-e9e2-4574-911c-e205f0234b1c,System6,System6_2,2024-02-19 21:16:29+00:00,306.30600000000004,True
caf4c589-12b9-41ee-ba6a-5ee64cf06d73,System3,System3_3,2024-02-19 23:50:16+00:00,30212.5824,True
b833dd43-e63a-42f1-8070-b86d33313134,System6,System6_2,2024-02-20 03:16:19+00:00,306.30600000000004,True
e13ed5be-2a17-4235-a7ff-53d934a76bf5,System9,System9_1,2024-02-20 10:24:32+00:00,4487.6832,True
b10ba8c8-f076-4473-81cf-b1d3bd4bf00f,System4,System4_2,2024-02-20 18:54:19+00:00,2.450448,True
4f733cba-7197-4097-86db-cb858ca5a971,System9,System9_1,2024-02-21 14:28:26+00:00,4487.6832,True
fdf755cf-dc43-4cde-baaa-6c2ce146e66a,System9,System9_1,2024-02-24 13:15:07+00:00,4497.2928,True
322c0345-0afd-4447-b111-4c15d4c6f92e,System4,System4_2,2024-02-24 13:53:03+00:00,2.5753728,True
b221a039-df70-43a3-9af3-14e06bf2258e,System9,System9_1,2024-02-24 15:47:27+00:00,4449.2448,True
35908158-f3b0-4365-a61b-74996fb10afe,System4,System4_2,2024-02-25 00:04:19+00:00,2.738736,True
483310fb-84c8-49d3-8f93-f475cf555aed,System6,System6_1,2024-02-25 00:04:47+00:00,383.1828,True
5d791965-afce-44f4-9771-2b63f154b252,System9,System9_1,2024-02-25 12:27:57+00:00,4468.464,True
7e3e354c-68c5-4e96-8fe1-8746856ebc8f,System12,System12_3,2024-02-25 12:45:12+00:00,28.8288,True
b3f9f38f-c4d2-4143-a39e-c536b3b79a03,System6,System6_2,2024-02-25 12:50:54+00:00,344.74440000000004,True
e9cc9ce4-6772-4ed2-82f0-59258dd3de62,System6,System6_2,2024-02-25 13:01:58+00:00,306.30600000000004,True
724df8c0-0fb3-4ec9-96f7-368e16e1ea0e,System3,System3_3,2024-02-25 21:42:04+00:00,30337.5072,True
7026f5af-f4bd-41e5-a649-3bdd134c8a23,System4,System4_2,2024-02-25 23:59:44+00:00,2.450448,True
d5262af6-b648-492c-bafe-8bd06cdeaa54,System6,System6_2,2024-02-26 01:28:10+00:00,383.1828,True
e787f0d2-41c6-4885-8495-d3e241bb9d57,System6,System6_1,2024-02-26 01:28:13+00:00,344.74440000000004,True
ea5f99cf-b097-4152-a102-17da732aa8c8,System13,System13_2,2024-02-26 09:31:58+00:00,28.8288,True
2c3cf276-124b-4f42-8573-0072c5929abf,System4,System4_2,2024-02-27 01:45:33+00:00,2.7675648,True
9a79812c-dd5c-4cca-882c-40d9c6dc120e,System4,System4_2,2024-02-27 14:58:20+00:00,2.5945920000000005,True
fcb5ecf9-93b8-4fe5-9092-f6d3e8655a7f,System6,System6_1,2024-02-27 21:50:39+00:00,306.30600000000004,True
5173f5c7-e6ae-4180-8c8f-bbb124a6fb4c,System6,System6_1,2024-02-27 23:50:27+00:00,344.74440000000004,True
c3c63233-25ed-405b-9780-b476bac9533c,System9,System9_1,2024-02-28 03:37:31+00:00,4468.464,True
2b7bca48-5773-4ea2-b243-18f1770b9495,System6,System6_2,2024-02-28 13:42:44+00:00,306.30600000000004,True
1ec274b3-b9c2-4ac0-9ad9-91e20dfd8aa9,System3,System3_3,2024-02-28 14:45:15+00:00,30251.0208,True
c03155a5-88a4-40a8-91b4-8318188a6450,System6,System6_2,2024-02-28 14:50:44+00:00,306.30600000000004,True
38bb3e60-2508-4f4e-a6de-fd699b6cbdc2,System4,System4_2,2024-02-28 17:03:58+00:00,2.3735712,True
e3c3cce6-eee2-4ff7-8e52-8ed6fa06d746,System9,System9_1,2024-02-28 19:30:10+00:00,4381.9776,True
7a73ab7a-f164-4ad9-8fe7-dfe34c088d76,System13,System13_1,2024-02-29 22:47:55+00:00,28.8288,True
0f6827dc-3fe8-42bc-b407-d3ca678025fa,System12,System12_3,2024-02-29 22:49:03+00:00,38.4384,True
c7465c17-6f27-433d-b002-9931250db6ef,System9,System9_1,2024-03-01 04:42:30+00:00,4478.0736,True
a5846362-0720-49e4-b30f-534c991b8908,System9,System9_1,2024-03-01 11:41:37+00:00,4468.464,True
0998dfd7-a0ee-4986-aabb-d44df8c4cd47,System3,System3_3,2024-03-01 14:46:02+00:00,30462.432,True
5fca0aea-f681-420d-b170-e6dca9c527d7,System8,System8_4,2024-03-01 16:43:09+00:00,3.6036,True
1aad9b70-4376-4f4c-bd81-75c17cde4772,System4,System4_1,2024-03-01 22:42:44+00:00,6.72672,True
245553db-5f52-4acf-900b-bb2240766db5,System4,System4_2,2024-03-01 22:42:44+00:00,6.7075008,True
6a7a767a-a064-4bd5-8fda-6b81def2f082,System5,System5_1,2024-03-02 00:45:51.500000+00:00,115.3152,True
4aca17a7-e472-4173-9f05-2ce8633dceb2,System12,System12_3,2024-03-02 14:48:20+00:00,28.8288,True
16bfe5e8-4513-44c7-a839-d2350f3cca04,System4,System4_2,2024-03-02 19:26:35+00:00,2.4888864,True
5b1d0233-41f5-4cd8-90a9-de0e1ebafcde,System4,System4_2,2024-03-02 22:07:27+00:00,2.3735712,True
dc31c62b-b22f-4085-b553-6a7ecbb8fc52,System6,System6_2,2024-03-03 00:08:48+00:00,344.74440000000004,True
25d9e979-3cad-4f10-b0bb-e8ecfdcae7d0,System4,System4_2,2024-03-03 07:55:27+00:00,2.5465440000000004,True
32d6abfc-78c3-4adf-b905-2a302cc3bc32,System4,System4_2,2024-03-03 14:11:44+00:00,2.354352,True
54063fa3-b7f8-4cfd-87b6-9473d91d735d,System8,System8_2,2024-03-03 17:07:01+00:00,29.434204800000003,True
79f5bd3c-49af-4fbc-9b5e-fdec763f5688,System3,System3_3,2024-03-03 21:58:26+00:00,30270.24,True
5db19a98-77ca-43ea-99be-fb53fc119602,System4,System4_2,2024-03-04 00:05:06+00:00,2.7291264,True
19c11051-221a-4159-aa80-efbd4bfbafd5,System11,System11_2,2024-03-04 00:36:15.875000+00:00,78.6353568,True
cf7d8e1d-6587-46a8-a9d5-33a2b0c29795,System9,System9_1,2024-03-04 03:04:14+00:00,4468.464,True
a75c7bca-4dea-42a9-898a-67ffd0029f45,System9,System9_1,2024-03-04 10:56:44+00:00,4478.0736,True
8df19f98-b163-4a32-a730-612a117f8890,System4,System4_2,2024-03-04 12:46:05+00:00,2.5273248,True
4204d963-3550-42b3-8252-f032a0d1fa1c,System4,System4_2,2024-03-04 19:51:48+00:00,2.4984960000000003,True
43e2b1ef-9819-4929-a3bf-6feb8ffa466d,System4,System4_2,2024-03-04 22:50:19+00:00,2.64264,True
8fa7c0fb-f0b9-4024-8e00-ac68a533591b,System12,System12_3,2024-03-05 18:45:04+00:00,28.8288,True
b3a8aa27-41e9-43d2-9ccc-d2f3e51fde22,System3,System3_3,2024-03-05 19:56:02+00:00,30318.288,True
f128a457-43a3-4e04-b7b6-719bf7199451,System3,System3_3,2024-03-05 23:27:21+00:00,30356.7264,True
7aa05914-fc5a-4d89-a3af-244f594cf0d8,System12,System12_3,2024-03-06 13:30:00+00:00,28.8288,True
706ec2a3-4909-49ac-a3a7-fb76f5bbe0c0,System4,System4_2,2024-03-06 13:40:47+00:00,2.7771744,True
b45b505c-5be7-4d0d-922d-6017e00f4e9a,System4,System4_2,2024-03-06 19:09:28+00:00,2.4120096,True
cdaf3459-79cc-4f57-8c78-1dfb875dde2f,System6,System6_2,2024-03-06 20:18:38+00:00,306.30600000000004,True
87dfa507-c6c5-422d-82de-87d4b5b14e89,System8,System8_4,2024-03-07 02:27:51+00:00,3.6036,True
9120a86d-f5e1-4724-b153-a85999010df9,System3,System3_3,2024-03-07 04:07:29+00:00,30481.6512,True
1f37c8a0-b8cd-4f90-84aa-99eee582d652,System3,System3_3,2024-03-07 15:15:38+00:00,30356.7264,True
3f877688-a995-4e89-8dc0-11032adfd9fe,System3,System3_3,2024-03-07 23:58:23+00:00,30270.24,True
9e5e296d-6f15-40fe-a29b-a8fbd71aa7f0,System6,System6_2,2024-03-08 04:17:37+00:00,306.30600000000004,True
b870dcfe-1366-48a6-9d73-cbf82aa7f96b,System6,System6_1,2024-03-08 04:18:04+00:00,306.30600000000004,True
fa2a7b43-b788-40ce-bbf4-0eb94d385aa8,System9,System9_1,2024-03-08 13:43:01+00:00,4478.0736,True
2bde8f84-be38-4a09-84b8-0ec4ba899b86,System6,System6_1,2024-03-08 14:39:25+00:00,306.30600000000004,True
3e6d1547-6c9e-4eeb-b279-9da400241229,System4,System4_2,2024-03-08 17:46:33+00:00,2.834832,True
0bc51d36-4daa-4ae7-83e7-54d38e988268,System9,System9_1,2024-03-08 20:18:21+00:00,4487.6832,True
da9741f4-6180-46ae-9b11-4755d18b32a0,System4,System4_2,2024-03-09 00:56:11+00:00,2.738736,True
47464612-a87d-4025-b9f9-6df9c63f80b0,System11,System11_1,2024-03-09 00:57:17.875000+00:00,73.8305568,True
9bcd68ac-50b7-4bf2-bc3c-c11b28088088,System6,System6_2,2024-03-09 01:11:44+00:00,306.30600000000004,True
6df0dcdd-429e-4b63-9092-02216d7c80de,System3,System3_3,2024-03-09 02:29:31+00:00,30231.801600000003,True
db85eb06-f177-4388-bdce-787960302605,System9,System9_1,2024-03-09 14:18:16+00:00,4497.2928,True
bf8ed953-540d-4b73-bc37-6128aae9f710,System6,System6_1,2024-03-09 14:45:16+00:00,383.1828,True
17fe4c23-a4ca-45ab-8146-5b28cbe363b7,System3,System3_3,2024-03-09 16:24:50+00:00,30318.288,True
8e4bc1bc-b77d-417b-b160-b2d3ea416919,System3,System3_3,2024-03-09 20:20:10+00:00,30452.8224,True
f05a28a8-b309-40b2-8588-2cc0e399a481,System10,System10_1,2024-03-09 22:16:44+00:00,134.5344,True
b49d152f-f02a-448e-945e-5bbad73201c3,System6,System6_2,2024-03-09 22:17:20+00:00,421.6212,True
45616465-da84-4d78-978b-6d8c8ede0eda,System4,System4_2,2024-03-10 03:23:49+00:00,2.354352,True
8d2e41fe-3ce6-44ba-912b-f33239b031b7,System3,System3_3,2024-03-10 04:25:23+00:00,30251.0208,True
9ba54657-7f8d-497e-afb3-3622434611e5,System11,System11_2,2024-03-10 04:35:10.875000+00:00,97.05696,True
6c620859-80dc-4d3e-89fe-0a27776ef01c,System3,System3_3,2024-03-10 18:00:47+00:00,30279.8496,True
df4b5082-8816-49f4-9e11-a2ae84437f2b,System6,System6_2,2024-03-10 18:01:56+00:00,421.6212,True
57111b7e-2d09-487b-8721-3a11d216c83e,System3,System3_3,2024-03-11 02:28:40+00:00,30308.6784,True
60c16f84-9f5b-4098-b503-fd97b054c5fc,System9,System9_1,2024-03-11 03:33:18+00:00,4497.2928,True
574ee93f-29d7-45b0-8b4d-50238b0b9d98,System9,System9_1,2024-03-11 10:31:42+00:00,4449.2448,True
46e4c0fe-5cc5-43cf-817c-27f97a01e462,System3,System3_3,2024-03-11 13:17:09+00:00,30270.24,True
d4a90895-c588-48cd-a151-fbba9adf2671,System8,System8_2,2024-03-11 21:19:02+00:00,21.025804800000003,True
dbdd73d9-bcea-4ec5-9b6b-27b799ff1daf,System6,System6_1,2024-03-11 21:46:43+00:00,344.74440000000004,True
c4983b5e-d605-4efc-817b-2d38e5ee0903,System6,System6_2,2024-03-11 21:46:44+00:00,344.74440000000004,True
1b85c842-67ec-41dd-9c60-5dfe368cd0a0,System2,System2_1,2024-03-12 16:50:22.875000+00:00,590.3946048,True
539c961f-9371-4d3a-b26c-22d72150ced5,System3,System3_3,2024-03-13 04:36:03+00:00,30279.8496,True
a1374210-ae2d-4e26-837c-14a648175b96,System10,System10_1,2024-03-13 06:11:01+00:00,163.3632,True
b8e421fb-b551-41d5-a3c6-0a617a9876e2,System3,System3_3,2024-03-13 21:34:52+00:00,30241.4112,True
92e123f6-52d4-4045-ace6-ec7a9312e251,System4,System4_1,2024-03-14 05:46:20+00:00,5.76576,True
26048387-95cb-4ba3-b9e8-560439a99b90,System4,System4_2,2024-03-14 05:46:20+00:00,5.7273216,True
0b1badab-0f77-4e85-a323-b26e76170d63,System6,System6_2,2024-03-14 18:12:09+00:00,344.74440000000004,True
ec5cd94a-dd1e-4b8e-94f1-699a1f184d9a,System11,System11_1,2024-03-14 21:35:58.875000+00:00,72.23536320000001,True
518e9694-f386-47a7-ae4e-b74aa79c63ad,System10,System10_1,2024-03-15 03:44:12+00:00,1436.6352000000002,True
c2f5c8bf-541f-4b87-956b-80425e487cb7,System5,System5_1,2024-03-15 13:40:45.750000+00:00,2.4024,True
72aa6e9c-ee57-485b-a68b-25c7fb18ed2d,System10,System10_1,2024-03-15 13:59:16+00:00,134.5344,True
6ae55c17-8ca9-4e03-86f8-b50d11ac9083,System8,System8_4,2024-03-15 16:04:16+00:00,3.6036,True
afc4fc7b-7f27-4d17-88bb-ad9f23364b22,System11,System11_1,2024-03-16 02:11:52.875000+00:00,79.03896,True
0182b5c7-77b6-4739-a1b6-1c4cce97e4a2,System6,System6_2,2024-03-16 02:23:07+00:00,306.30600000000004,True
ddb9beb3-10c3-4766-bcc9-2c9962bd3c4c,System10,System10_1,2024-03-16 04:24:07+00:00,163.3632,True
5e3410be-c8a9-488c-a4e7-22b8e87a84b5,System5,System5_1,2024-03-16 13:47:13+00:00,2.4024,True
85fe2c25-8f71-4f90-82fc-7e53e37a28c4,System5,System5_1,2024-03-16 16:28:48+00:00,2.4024,True
bb0e1555-1bd0-476f-ba98-87aaa900404d,System3,System3_3,2024-03-17 15:33:47+00:00,30222.192000000003,True
0e5a90ef-ed8a-4ea9-a899-71ce4ce01dab,System11,System11_2,2024-03-18 04:06:59.875000+00:00,82.71943680000001,True
e0bc5c09-b66f-4bbd-bad6-3719cc583533,System8,System8_4,2024-03-18 13:48:07+00:00,3.6036,True
ea7b3842-5277-470c-946a-0264fd2ec6f1,System6,System6_1,2024-03-18 20:38:53+00:00,306.30600000000004,True
7afff33c-8e62-441f-b661-5033432fb013,System13,System13_2,2024-03-19 13:40:51+00:00,28.8288,True
05357857-af1c-4f40-b86e-53eb7b7a5667,System5,System5_1,2024-03-19 14:48:27+00:00,16.8168,True
48efe9e8-63e4-4c75-9ab1-ad0d935208fe,System12,System12_3,2024-03-20 10:53:20+00:00,38.4384,True
88486b28-4614-4f61-a318-b3fdf68607a4,System11,System11_1,2024-03-20 12:42:43.875000+00:00,84.4011168,True
f9348883-1462-442c-aa4b-876b37f41cd4,System6,System6_2,2024-03-20 17:23:03+00:00,306.30600000000004,True
f465b105-aa14-41f9-ae27-3041949cf054,System3,System3_3,2024-03-21 04:20:04+00:00,30289.4592,True
e5ff3413-2586-4e93-a66f-2b1ffc759f7b,System6,System6_1,2024-03-21 20:17:11+00:00,306.30600000000004,True
a5bb6913-94b9-4be1-812e-d7c14267acde,System8,System8_4,2024-03-21 20:18:36+00:00,3.6036,True
6e60457c-b8ab-4af5-a3b4-d1817cafdb7f,System3,System3_3,2024-03-22 03:46:01+00:00,30327.8976,True
84c80f50-23a6-4f6a-b0c9-e175a660037f,System11,System11_1,2024-03-22 16:21:42.875000+00:00,5.6888832,True
757f5dce-a4f9-40e2-a4c3-1b5f271e2947,System4,System4_1,2024-03-22 21:59:17+00:00,2.88288,True
000768fc-0626-4cdc-b499-ce26eae9791b,System3,System3_3,2024-03-23 04:44:27+00:00,30318.288,True
bc9c928a-9841-40b7-bd8a-f9b7cc780e5b,System3,System3_3,2024-03-23 14:41:58+00:00,30308.6784,True
9ab0917d-b182-4f76-b1e3-57b9fd1fa27b,System11,System11_1,2024-03-23 19:04:54.875000+00:00,3.6036,True
8b238b03-49bb-481e-a08e-ed22312eff0a,System10,System10_1,2024-03-24 02:24:05+00:00,1383.7824,True
955cea9c-aa55-4e4a-9e35-552ca5624f5f,System9,System9_1,2024-03-24 08:35:55+00:00,4487.6832,True
f0afdaa6-ecab-4017-abd6-a2b8f16109d4,System12,System12_4,2024-03-25 12:31:38+00:00,28.8288,True
1b612592-d812-4db1-b257-0d27e7ff5da2,System9,System9_1,2024-03-25 12:33:31+00:00,4478.0736,True
6acf4532-b1a4-451f-8329-ca034bf75308,System3,System3_3,2024-03-25 20:21:45+00:00,30356.7264,True
b015e948-19d0-4bc8-9875-6164ee509104,System3,System3_3,2024-03-25 23:03:44+00:00,30222.192000000003,True
6cd9d625-a7f7-405b-859f-af24cbb0a77a,System11,System11_2,2024-03-26 02:09:14.875000+00:00,81.60472320000001,True
919f127d-e035-4526-9f23-442ad6eb9cde,System6,System6_2,2024-03-26 17:19:38+00:00,344.74440000000004,True
c5eb5032-5770-4894-a761-058306ef75dd,System11,System11_1,2024-03-26 21:25:31.875000+00:00,100.3434432,True
0a8a846d-4812-4207-89a4-1e6447dda96e,System3,System3_3,2024-03-27 15:42:26+00:00,30222.192000000003,True
29b34939-91ab-46fb-9355-17b9030ad903,System3,System3_3,2024-03-27 19:13:42+00:00,30279.8496,True
3316ae17-f92a-429f-9612-05928d403e6d,System3,System3_3,2024-03-29 03:57:53+00:00,30356.7264,True
1346d340-4228-45f3-93f8-312b4b2ac7e9,System13,System13_1,2024-03-29 12:58:58+00:00,28.8288,True
21a82d43-1153-4949-8b76-411708ef29bb,System12,System12_3,2024-03-29 13:09:52+00:00,38.4384,True
ba34a3f8-b98d-4d57-9538-eb75ce7cf5db,System11,System11_2,2024-03-29 13:30:14.875000+00:00,177.05688,True
bf36d6b6-4243-4ddb-8d3b-b10c9457add3,System3,System3_3,2024-03-29 14:46:25+00:00,30414.384,True
e0bc3da5-2141-4947-92e4-ca4ad5b9659b,System3,System3_3,2024-03-29 18:38:11+00:00,30222.192000000003,True
f402c0b1-f3bb-4a86-aeb0-359f190b2210,System6,System6_1,2024-03-29 18:46:29+00:00,383.1828,True
6be6dcb9-8f44-47d5-97c2-3d4f740c2e9c,System6,System6_2,2024-03-29 18:46:30+00:00,383.1828,True
b34139d5-bfcb-4fbd-8a47-774b9d64a541,System12,System12_3,2024-03-31 09:53:26+00:00,38.4384,True
96f5718c-b7e1-455d-ade2-a7b24a511200,System9,System9_1,2024-04-01 10:43:39+00:00,4468.464,True
a65f64ed-1984-423f-ba7b-dd496e0cb3b5,System12,System12_3,2024-04-01 10:43:43+00:00,48.048,True
3b0189f0-4d2b-4d24-bb31-1c795245a75d,System6,System6_2,2024-04-01 13:50:20+00:00,306.30600000000004,True
46fffbf3-9401-4cbc-8edd-0f10211de89c,System3,System3_3,2024-04-01 13:51:05+00:00,30260.6304,True
101863f4-ad67-403c-9a6a-e02ac5909412,System3,System3_3,2024-04-01 18:04:58+00:00,30251.0208,True
6382272e-a8b1-49d4-b6b2-4419d22fce66,System3,System3_3,2024-04-03 15:10:50+00:00,30337.5072,True
9106e88e-ff43-4bbd-8546-29ea4e14f47f,System6,System6_2,2024-04-03 15:26:35+00:00,383.1828,True
7816fb69-a6f6-4718-9798-94ebef91993d,System4,System4_2,2024-04-03 17:51:26+00:00,2.64264,True
a565c55e-8e0b-4c95-bb79-3991c19fa2d1,System3,System3_3,2024-04-03 21:39:10+00:00,30270.24,True
84fe601e-28d9-48e2-aab4-0fa12e1b22ef,System11,System11_1,2024-04-03 22:01:52.875000+00:00,86.16928320000001,True
fa186723-58f3-4a9a-899d-ac9eab8ba3bd,System12,System12_4,2024-04-04 11:21:30+00:00,28.8288,True
951a5ce0-1864-40f0-8684-37dcc7eb0d68,System6,System6_2,2024-04-04 14:41:07+00:00,306.30600000000004,True
a00d6389-a4b7-44c3-a9e4-8b1b372b174e,System2,System2_1,2024-04-04 17:18:40.875000+00:00,589.7892,True
abd5fef7-18c4-461e-a487-223c045e4135,System2,System2_1,2024-04-04 22:15:07.875000+00:00,586.7910048,True
a483aa53-deb7-4d9d-98e8-1e774115c204,System9,System9_1,2024-04-05 00:03:33+00:00,4478.0736,True
ed789295-b590-4ccf-97fd-dbe5081ac379,System9,System9_1,2024-04-05 09:21:06+00:00,4420.416,True
4a201208-2492-461c-9654-377e73b839e5,System9,System9_1,2024-04-05 11:08:23+00:00,4497.2928,True
1f7486b7-7845-49c7-b869-4da5ffde8c2e,System4,System4_2,2024-04-05 11:24:03+00:00,2.6522496,True
012085fc-325a-48c4-aa60-463f7a2b71fe,System3,System3_3,2024-04-05 20:49:00+00:00,30251.0208,True
39e18b45-c9a5-4721-a2b7-c143bef2aa52,System8,System8_2,2024-04-05 23:30:52+00:00,28.233004800000003,True
fd4589bc-5060-40f6-a1ff-79ce94e17789,System9,System9_1,2024-04-06 00:52:06+00:00,4468.464,True
0ab45239-09b9-4c98-b1b3-98dd8070392c,System9,System9_1,2024-04-06 04:44:45+00:00,4439.635200000001,True
7a75a6cb-e1b7-4042-a630-598fa63c5a8c,System9,System9_1,2024-04-06 09:15:06+00:00,4439.635200000001,True
4cf824cc-6058-4e63-8fa1-ed4a406a924f,System11,System11_2,2024-04-06 17:12:49.875000+00:00,85.76568,True
f3c43957-debf-4b5b-a981-eb78e72a2be3,System11,System11_2,2024-04-06 19:25:10.875000+00:00,108.5308224,True
07cdf33b-b7b2-4fdb-8592-a5eaae63c4b6,System6,System6_2,2024-04-07 18:32:36+00:00,383.1828,True
46c02990-0a7f-4a6f-8a5f-fda137e6b3c6,System6,System6_2,2024-04-07 19:21:08+00:00,344.74440000000004,True
0991b78b-6e3e-436a-b3ab-f804414bc317,System4,System4_2,2024-04-08 01:40:28+00:00,2.5273248,True
75c2cd80-19d7-4a5a-953d-a6da84bda646,System12,System12_3,2024-04-08 12:16:31+00:00,28.8288,True
0e33a85c-6c1d-4719-aaf5-adc51cc6b082,System6,System6_2,2024-04-08 12:45:11+00:00,306.30600000000004,True
1816e5f6-871f-404c-a485-e3a98766c08d,System11,System11_2,2024-04-08 20:40:28.875000+00:00,75.5122368,True
6810116e-179a-43d5-be24-f61841ce96a6,System6,System6_2,2024-04-09 01:30:58+00:00,306.30600000000004,True
9dfbea72-be38-4664-bcc0-587bf0feea18,System3,System3_3,2024-04-09 15:16:08+00:00,30279.8496,True
67eb1984-30a2-4018-9bf4-844f14517042,System11,System11_1,2024-04-10 06:38:51.875000+00:00,7.44744,True
bd7b8b2f-9cbc-43a0-9177-721b9df8d5e8,System11,System11_2,2024-04-10 06:39:38.875000+00:00,8.0912832,True
a0d423ed-45e4-4391-ae29-a74d016489a7,System10,System10_1,2024-04-10 06:46:43+00:00,158.5584,True
129f6524-ce49-4a90-b04d-84fccd733f6b,System10,System10_1,2024-04-10 18:17:22+00:00,158.5584,True
e5084c2a-d8eb-401c-b337-489847afb4f1,System8,System8_2,2024-04-10 18:48:34+00:00,19.2192,True
99aad9f6-04a1-4ef6-85a4-7ffac81bd52e,System2,System2_1,2024-04-10 20:27:44.875000+00:00,587.9922048000001,True
5249e5b1-d732-49a0-a4d1-e8e2fadc03ed,System6,System6_2,2024-04-10 21:58:21+00:00,1.2012,True
bb5ddf46-59df-4a5b-9ffb-34d67a52924e,System6,System6_2,2024-04-10 21:58:21.500000+00:00,1.2012,True
90bf673b-39ef-4cf6-ad5a-7cee1611797a,System11,System11_1,2024-04-11 17:47:51.875000+00:00,10.0132032,True
c30e6a1b-84ae-48ed-ae72-d0e46b0206b2,System10,System10_1,2024-04-12 00:31:09+00:00,129.7296,True
0cdc327d-9228-40db-8418-7a3ece173557,System10,System10_1,2024-04-12 04:06:44+00:00,158.5584,True
fbb5eaf7-de8a-4e43-ba7b-6cc7a46f7292,System10,System10_1,2024-04-12 06:09:22+00:00,168.168,True
ee2da863-1861-45fb-8cd2-81d8333113ba,System5,System5_1,2024-04-12 13:47:15+00:00,19.2192,True
972e832c-49fd-4278-bafc-022d98b52aa9,System5,System5_1,2024-04-12 15:58:47+00:00,16.8168,True
de1812f7-b72c-46b4-bd93-5355f789f10e,System10,System10_1,2024-04-12 16:18:03+00:00,115.3152,True
370066fd-7420-40e7-8f7d-2ce482abb742,System5,System5_1,2024-04-12 18:12:57+00:00,19.2192,True
cd4ac41e-6e2f-4be2-80ae-9048642e8a33,System11,System11_1,2024-04-12 22:33:04.875000+00:00,7.3705632,True
14d68920-b6ae-49fb-9e20-b211e52847fe,System6,System6_1,2024-04-13 00:40:14+00:00,306.30600000000004,True
c34a2bf8-3182-43ff-9ea1-72b3c1779ffa,System8,System8_2,2024-04-13 23:45:32+00:00,26.4264,True
cd2cb18f-fe79-4f34-8f4a-d6ae0e6e6a9d,System6,System6_1,2024-04-14 10:56:06+00:00,306.30600000000004,True
91b92fc5-9e73-4aab-9fce-9d1d8eebd070,System12,System12_4,2024-04-15 11:26:29+00:00,28.8288,True
91826b21-3552-4abc-a2f3-1136bb2ea2d0,System5,System5_1,2024-04-16 02:30:55+00:00,31.2312,True
b56a9142-75e2-476f-b69d-b326e4ba4b85,System6,System6_2,2024-04-16 13:03:00+00:00,306.30600000000004,True
60951962-5925-4976-a0f8-48b1e63fab91,System5,System5_1,2024-04-16 21:58:24+00:00,16.8168,True
42b3ecb4-9539-4072-8707-be6ec20fab45,System12,System12_3,2024-04-17 13:48:10.500000+00:00,28.8288,True
380eb87a-e93a-4491-a54f-c3fbf451d3c8,System2,System2_1,2024-04-17 14:25:27+00:00,589.1934048,True
4cca5f02-101b-459f-a8ad-3d7bf9de09bc,System2,System2_1,2024-04-17 16:55:00+00:00,590.3946048,True
88f5fb37-b72f-43fc-962c-f8b9172d0f24,System11,System11_1,2024-04-17 18:09:40.500000+00:00,80.97048960000001,True
eb3a04de-268a-4cb3-81a4-1649874883b7,System6,System6_2,2024-04-17 20:43:55.375000+00:00,306.30600000000004,True
3712d7a5-0630-4655-8f44-d9fe81c38abb,System2,System2_1,2024-04-18 02:13:22+00:00,587.3868,True
97737b0b-62cc-40ef-84b4-f6e1ec058f04,System8,System8_2,2024-04-18 02:14:49.500000+00:00,22.227004800000003,True
8e9cd75e-72dc-4221-a234-96c8654a9cdc,System11,System11_2,2024-04-18 02:26:13.250000+00:00,93.1362432,True
8b4c4ffe-19f6-4765-935c-034f4d9124db,System12,System12_4,2024-04-18 14:00:36.500000+00:00,28.8288,True
ea80090f-a843-47ff-aef8-423a99685c3c,System6,System6_2,2024-04-18 21:06:44.375000+00:00,306.30600000000004,True
a3bf2e23-d620-4d21-8d34-065ca9ce2173,System8,System8_2,2024-04-19 00:59:56.625000+00:00,23.428204800000003,True
6c27c8eb-254b-41db-9375-4592a3a5b41c,System6,System6_1,2024-04-19 14:49:53.375000+00:00,344.74440000000004,True
512ffdb2-a00e-4bd8-aa3c-b9806e242b5f,System2,System2_1,2024-04-19 20:35:16+00:00,587.3868,True
8b44b1eb-df95-4c21-be28-f5e09c9ce985,System6,System6_1,2024-04-20 03:10:55.625000+00:00,6.006,True
796e31d8-0631-41d1-aab0-ed2d677dabcc,System3,System3_3,2024-04-20 04:47:26.625000+00:00,30231.801600000003,True
fad0a251-5794-4083-92be-568a687c1578,System4,System4_1,2024-04-20 13:12:27.625000+00:00,4.8048,True
4c0bb41a-dcd8-46af-8163-b900bfac9025,System4,System4_2,2024-04-20 13:12:27.625000+00:00,3.6036,True
37d75e10-4272-4903-9f73-999d0cdb2a51,System6,System6_2,2024-04-20 16:08:44.375000+00:00,306.30600000000004,True
89cdc503-3b53-42c1-bdfc-cae4932c0c69,System6,System6_2,2024-04-21 16:02:25.375000+00:00,344.74440000000004,True
98d9ae0d-28cf-40e0-86c3-00754334093a,System2,System2_1,2024-04-21 20:08:51+00:00,589.1934048,True
f8c62151-c3f6-4525-a7b5-e1b8636a0a26,System6,System6_2,2024-04-21 20:46:25.375000+00:00,306.30600000000004,True
261af1d5-c2bc-4457-a546-cc391c96aa35,System2,System2_1,2024-04-22 20:41:07+00:00,588.588,True
6fd34826-1665-4662-b896-8960ba076db9,System11,System11_1,2024-04-22 21:38:43+00:00,11.7813696,True
4aba1adb-7224-4878-b29e-d0d7930bb71f,System2,System2_1,2024-04-22 23:54:07+00:00,589.7892,True
6bb4a9b3-a451-48c8-a9fb-d30371083dd5,System6,System6_2,2024-04-23 03:47:13.375000+00:00,344.74440000000004,True
288573e2-de62-4a06-b648-995034de154b,System6,System6_1,2024-04-23 03:47:16.375000+00:00,306.30600000000004,True
7f85bcf6-635b-486d-ba5d-2f63446ef0fe,System4,System4_2,2024-04-23 10:30:02.625000+00:00,2.930928,True
e0cbe89f-f890-4070-94f6-432b81bb8188,System4,System4_1,2024-04-23 10:30:02.625000+00:00,4.8048,True
8a311d9c-3e0c-48a8-86e8-4dde0327e179,System2,System2_1,2024-04-23 13:44:05+00:00,589.7892,True
55bdbd3f-c97f-4aa5-94fa-ebb73a1e1a80,System2,System2_1,2024-04-23 16:40:16+00:00,588.588,True
93071b89-92e8-4612-be51-cdaaa6d84170,System2,System2_1,2024-04-23 19:32:31+00:00,586.1856,True
65de70e6-5b13-4097-900c-4addebaf4771,System2,System2_1,2024-04-24 00:55:48+00:00,585.5898048,True
409c70af-f4ca-4edf-bf82-492f866c69fb,System2,System2_1,2024-04-24 12:17:17+00:00,587.9922048000001,True
81b2804c-071a-4031-b033-6300f2f60b1a,System6,System6_1,2024-04-24 17:42:50.375000+00:00,306.30600000000004,True
50b20c50-f635-4345-bc63-742488041491,System8,System8_4,2024-04-24 19:52:00.500000+00:00,3.6036,True
68b2b324-4a1f-4255-8a8b-8bedb1359fa9,System2,System2_1,2024-04-24 22:37:25+00:00,589.1934048,True
c82df74f-8e03-4bde-9413-205c5ff26c98,System11,System11_2,2024-04-25 00:27:56.250000+00:00,102.6593568,True
e9a9fc3b-005b-4dc5-b08a-20b37d7847f6,System6,System6_2,2024-04-25 03:27:44.375000+00:00,383.1828,True
f496ef6f-65ff-4e26-be96-cd8afeee3d47,System6,System6_1,2024-04-25 21:14:44.375000+00:00,16.8168,True
22160a0b-7726-4621-8949-92554df5976d,System2,System2_1,2024-04-26 02:16:51+00:00,589.7892,True
3a01422f-27f1-4219-a5b6-3833a049c8ed,System6,System6_2,2024-04-26 03:12:01.375000+00:00,306.30600000000004,True
a07e6eaf-42b8-4224-bde3-4036d3a2b2f4,System12,System12_3,2024-04-26 14:01:16.500000+00:00,28.8288,True
21cb42ea-6a38-4e17-981d-968f5824f3b6,System6,System6_1,2024-04-26 15:18:42.375000+00:00,306.30600000000004,True
2be53c23-9eba-465c-ae9d-b86808b3af60,System6,System6_2,2024-04-26 15:37:15.375000+00:00,344.74440000000004,True
988f6bf7-c8d0-4ae9-a0cc-f2ef71cf1e87,System6,System6_1,2024-04-26 15:37:18.375000+00:00,344.74440000000004,True
0606c40a-596d-4f8d-8996-973bde6c1a13,System13,System13_1,2024-04-27 06:16:12+00:00,28.8288,True
1b5e2c9a-14a3-4f84-9079-bf8ea0e282f6,System2,System2_1,2024-04-27 18:31:40+00:00,585.5898048,True
b558459b-53e7-4cec-b9a1-9aee910e3bd2,System1,System1_3,2024-04-27 23:07:40.625000+00:00,370.93056,True
b8bd282d-3b6e-454c-89b3-e91a82b78766,System3,System3_3,2024-04-27 23:08:02.625000+00:00,30423.9936,True
7c4e61e2-2a85-408b-abc3-36c389b83d7a,System6,System6_2,2024-04-28 03:36:28.375000+00:00,306.30600000000004,True
00e5fd1f-e6b1-4549-b420-4d55278e6985,System12,System12_4,2024-04-28 11:53:27.500000+00:00,28.8288,True
0ce24cab-4dc1-4d80-bdd8-ccef64f150e3,System2,System2_1,2024-04-28 18:58:47+00:00,589.1934048,True
f2b8136d-8874-4dce-b9de-4bb2cd6faba2,System8,System8_2,2024-04-28 23:18:49.500000+00:00,19.2192,True
627dd304-25e3-4807-87c5-1088bfaf0b69,System6,System6_2,2024-04-28 23:52:05.375000+00:00,306.30600000000004,True
6676a872-8dd1-48f8-9569-652cd66da069,System6,System6_2,2024-04-29 00:03:29.375000+00:00,306.30600000000004,True
34c4c4da-aaa7-4d34-9dae-e7db94b1a2d3,System6,System6_2,2024-04-29 00:07:29.375000+00:00,306.30600000000004,True
20fb30a1-7776-42c7-8023-a70ab2186002,System3,System3_3,2024-04-29 04:42:43.625000+00:00,30308.6784,True
aa2591a8-b735-453f-b181-0bebf6a8af8b,System1,System1_3,2024-04-29 04:44:15.625000+00:00,371.89152,True
a95e4a7f-5ddc-4896-bb4f-30885550b04b,System3,System3_3,2024-04-29 14:04:21.625000+00:00,30289.4592,True
023ade1f-4bf9-4f3b-895e-adf367d2fcdb,System1,System1_3,2024-04-29 14:04:23.625000+00:00,370.93056,True
20d13aac-35fd-4ecb-babf-393de6f1b9c6,System2,System2_1,2024-04-29 16:56:04+00:00,589.7892,True
b484493f-e3d5-41aa-ad72-bc14623cd916,System2,System2_1,2024-04-29 19:47:14+00:00,590.3946048,True
84258fa8-d1a4-4753-903e-2a68378f47a0,System8,System8_4,2024-04-30 03:38:50.500000+00:00,3.6036,True
5d82faf3-b179-4d78-8b91-c594c9b0507d,System6,System6_2,2024-04-30 03:47:59.375000+00:00,306.30600000000004,True
cdb5cf3c-614b-4179-a062-a4823fb6c900,System1,System1_3,2024-04-30 12:29:58.625000+00:00,375.73536,True
b5b41022-5e36-487d-b782-0a7554e39b2b,System1,System1_3,2024-05-01 00:06:11.625000+00:00,374.7744,True
86f740c7-2d8b-425d-851f-916dc7d9b85a,System2,System2_1,2024-05-01 03:08:53+00:00,587.9922048000001,True
85acc4b4-949e-401a-b74d-9070097771c0,System8,System8_2,2024-05-01 03:13:44.500000+00:00,31.2312,True
a4e3d9c5-8efd-45d5-b947-0524af044728,System2,System2_1,2024-05-01 18:55:11+00:00,589.7892,True
55802b3c-9e17-4fc7-bbdc-cd71911c7b64,System11,System11_2,2024-05-01 21:06:59.250000+00:00,74.5512768,True
74e6a30a-3045-419d-872c-22e8f91ed747,System2,System2_1,2024-05-01 23:38:50+00:00,587.9922048000001,True
a2405420-e86d-4a62-b67b-436ffae90296,System8,System8_2,2024-05-01 23:41:32.500000+00:00,22.227004800000003,True
23fc02f5-d978-43a6-b363-3992a5a15000,System8,System8_2,2024-05-02 02:56:44.500000+00:00,19.824604800000003,True
91b87786-3969-4cbd-ae43-a230d66b3f61,System1,System1_3,2024-05-02 04:08:59.625000+00:00,370.93056,True
10838a27-0b00-403f-b803-e50bfbd2e690,System4,System4_1,2024-05-02 19:01:09.625000+00:00,2.88288,True
f614c208-24b1-4dd2-bea2-4c5ed5aa2e7f,System11,System11_1,2024-05-02 19:06:52.250000+00:00,72.6293568,True
0b232f48-246c-4d02-b041-4c55774248db,System6,System6_2,2024-05-02 20:44:54.375000+00:00,306.30600000000004,True
cd055123-8dca-4173-b93b-f0401f2295e6,System13,System13_1,2024-05-03 02:45:16+00:00,28.8288,True
645c8eb4-aec3-41bf-92d5-362682318747,System2,System2_1,2024-05-03 03:17:12+00:00,582.582,True
d7b11b57-12a5-4522-bf3d-f41abda1e262,System13,System13_2,2024-05-03 15:30:28+00:00,28.8288,True
c94f6246-84c4-440f-9175-ba2fcfa487d4,System2,System2_1,2024-05-03 16:08:10+00:00,588.588,True
432a5de0-a4ae-4953-8c00-9269f830bd07,System2,System2_1,2024-05-04 01:46:18+00:00,581.9862048,True
f081636d-ea18-437b-9b48-9547066d9e36,System8,System8_2,2024-05-04 01:49:00.500000+00:00,22.8228,True
7b2c10d5-163e-4ea1-8052-805f26804564,System2,System2_1,2024-05-04 12:27:40+00:00,589.1934048,True
9889584d-c77f-437d-9170-0c23ea217538,System8,System8_2,2024-05-04 12:29:02.500000+00:00,19.824604800000003,True
b3851bf1-105f-405a-9522-2fe1dd1cee3f,System6,System6_1,2024-05-04 13:03:21.375000+00:00,383.1828,True
8294562c-385e-4653-8c91-1b7f35df04b6,System6,System6_2,2024-05-04 13:03:22.375000+00:00,421.6212,True
528b577a-a734-4568-bdb1-22bee2e33533,System2,System2_1,2024-05-04 17:34:09+00:00,587.9922048000001,True
c1a0d773-2585-499a-8153-b898cc7dbe59,System12,System12_3,2024-05-05 16:44:16.500000+00:00,28.8288,True
ae0e8b9a-0344-4332-989b-b781fa5d1096,System6,System6_1,2024-05-05 18:47:41.375000+00:00,306.30600000000004,True
dc7310b2-6d34-49cd-b696-32b1f78c69dc,System6,System6_2,2024-05-05 18:47:42.375000+00:00,306.30600000000004,True
df5c59ee-f9ed-4e33-8b1b-c0cecd3787f0,System4,System4_1,2024-05-06 01:32:39.625000+00:00,4.8048,True
3cb76997-748d-4b6a-bd5f-d9eee09426e5,System4,System4_2,2024-05-06 01:32:39.625000+00:00,3.9783744,True
f2ed9b16-3835-4ae2-b36e-8f43fdaa7bac,System2,System2_1,2024-05-06 01:32:54+00:00,589.1934048,True
3f5352e4-574a-4b86-ab8c-dbb508d4acad,System1,System1_3,2024-05-06 14:40:13.625000+00:00,377.65728,True
80ba4ae1-fce7-4454-b489-7a31d598c4ed,System2,System2_1,2024-05-06 19:03:28+00:00,589.7892,True
f8ae5646-213c-4f29-a010-6f09348fb352,System13,System13_1,2024-05-07 12:15:53+00:00,28.8288,True
1396ee32-5bba-4f47-9ac1-0302a6e02862,System12,System12_3,2024-05-07 12:21:46.500000+00:00,28.8288,True
947368c3-430b-4ee5-b86a-1a6ad82504ff,System2,System2_1,2024-05-07 12:46:24+00:00,586.1856,True
28c28e30-58ff-431a-b67c-c12d6d539349,System2,System2_1,2024-05-07 15:58:20+00:00,589.1934048,True
0b3bae9b-ed16-4182-b5c1-3fecd32aabb2,System8,System8_2,2024-05-07 15:59:26.500000+00:00,26.4264,True
682ae7bf-306d-452c-b457-ccabcc330692,System2,System2_1,2024-05-07 21:04:04+00:00,588.588,True
8e9edd9e-977c-48ef-bde5-3945da61d688,System2,System2_1,2024-05-07 23:29:33+00:00,589.1934048,True
aa4ab760-2670-4965-9995-e7eb57c72b02,System6,System6_2,2024-05-07 23:58:19.375000+00:00,306.30600000000004,True
331a560f-e444-43f6-88d1-3f01b618e3fa,System2,System2_1,2024-05-08 17:40:23+00:00,585.5898048,True
eb64b866-6530-4ddd-8646-d48ad0e0c50b,System2,System2_1,2024-05-08 20:35:25+00:00,588.588,True
d3d94185-ca58-4884-b629-bf5eda8b99b9,System8,System8_2,2024-05-08 20:47:08.500000+00:00,22.227004800000003,True
7e5e5aaf-fffa-4d60-b50b-d172027759ab,System6,System6_1,2024-05-08 20:55:34.375000+00:00,306.30600000000004,True
bbe4cca5-a9db-4ba1-a856-39b6cbe59191,System1,System1_3,2024-05-08 21:58:53.625000+00:00,369.9696,True
1e52d8e6-4e3a-49f0-87da-1587c0b30d5d,System2,System2_1,2024-05-09 01:21:10+00:00,588.588,True
c3f16a99-3c07-47ba-94ee-98caed11501e,System2,System2_1,2024-05-09 11:44:20+00:00,586.7910048,True
0b250cd1-8bf9-49a9-b959-504e5e2d825d,System1,System1_3,2024-05-09 12:28:51.625000+00:00,377.65728,True
f6f08bc8-3b36-46b7-a616-12138f085a7d,System5,System5_1,2024-05-09 12:30:06+00:00,28.8288,True
c0578621-5225-4413-bd52-bb34aaa51298,System6,System6_2,2024-05-09 17:01:11.375000+00:00,306.30600000000004,True
5c9557c8-8375-4aeb-ba7c-4f71fefcf24a,System1,System1_3,2024-05-09 17:29:52.625000+00:00,361.32096,True
a85bbe67-1adc-4590-b5fa-9c332cd08747,System1,System1_3,2024-05-09 20:03:23.625000+00:00,361.32096,True
2e9f6f2d-aae7-478d-b895-ec6863bc8ef7,System2,System2_1,2024-05-09 22:26:28+00:00,589.1934048,True
f389a5ba-a950-4f86-8429-e15b6545d8bc,System1,System1_3,2024-05-09 23:15:55.625000+00:00,377.65728,True
976729d9-ae47-4560-ad77-a387bfc83448,System6,System6_1,2024-05-09 23:21:01.375000+00:00,306.30600000000004,True
328a3e49-15cc-4463-bc28-176054358d85,System6,System6_2,2024-05-09 23:21:06.375000+00:00,306.30600000000004,True
e6df9ffd-48de-4119-bc53-472e40895a6d,System2,System2_1,2024-05-10 20:35:55+00:00,583.7832000000001,True
418608b6-8e4b-4c9a-8644-d59cdcf37382,System6,System6_1,2024-05-10 20:57:32.375000+00:00,306.30600000000004,True
3f583460-c9cb-45de-a11b-b22f0e68e322,System1,System1_3,2024-05-10 21:53:30.625000+00:00,370.93056,True
91c56a47-ee73-4c9e-bebd-1cc40b8793c7,System2,System2_1,2024-05-11 00:13:59+00:00,587.9922048000001,True
3be4c44d-a8c4-4b20-be7d-fb8bafae8fec,System1,System1_3,2024-05-11 01:44:46.625000+00:00,355.5552,True
fcf57f3b-a6ad-4557-89f0-daf10d3744d6,System1,System1_3,2024-05-11 14:56:30.625000+00:00,349.78944,True
2b9cdd16-a11e-4c27-8145-d4e0a04230d9,System3,System3_3,2024-05-11 15:26:24.625000+00:00,30241.4112,True
6cf065e2-fc72-4dc5-9b35-42a5d6b19a4f,System2,System2_1,2024-05-11 18:13:52+00:00,589.7892,True
2bf31b6c-83c3-480b-bc4d-5665602f8b54,System1,System1_3,2024-05-11 19:39:43.625000+00:00,351.71136,True
c8d3f36e-8a11-42a7-98e4-01f46edbc755,System8,System8_4,2024-05-12 13:09:18.500000+00:00,3.6036,True
d1db825d-1b4d-4f7f-851e-01e9c7c72c16,System2,System2_1,2024-05-12 15:53:25+00:00,586.7910048,True
6403b9ea-624b-40c5-b38c-cbbd7d36fcce,System8,System8_2,2024-05-12 15:54:05.500000+00:00,34.8348,True
7afba351-86ef-4545-be9f-093452a00707,System6,System6_2,2024-05-12 18:31:11.375000+00:00,344.74440000000004,True
2dad50f7-b2a5-477b-99ed-f5612ba04303,System2,System2_1,2024-05-12 18:38:01+00:00,582.582,True
521e84a9-1430-4435-baa9-a2cb2576bf1f,System6,System6_2,2024-05-12 20:52:15.375000+00:00,306.30600000000004,True
1e1e8bea-b26d-4610-84fe-f2a04b1fc146,System6,System6_1,2024-05-12 21:03:10.375000+00:00,306.30600000000004,True
b13e3d2b-ae22-4bad-8163-503b5ea5431f,System6,System6_2,2024-05-12 21:03:11.375000+00:00,344.74440000000004,True
4b145551-fc99-4d54-b081-26f1ef047d91,System2,System2_1,2024-05-12 23:08:42+00:00,586.7910048,True
857a162d-b7f7-45a2-9f83-8ccf910910c9,System8,System8_2,2024-05-12 23:10:53.500000+00:00,37.2372,True
d0e12e8a-a349-45c3-bffc-ca93e8a1b635,System1,System1_3,2024-05-12 23:53:45.625000+00:00,370.93056,True
b011428b-4eaa-4c26-8fd3-30e815b92de3,System2,System2_1,2024-05-13 02:52:21+00:00,589.7892,True
bf9ea822-d527-4af5-8cfc-6b3f62d235d0,System6,System6_2,2024-05-13 03:15:59.375000+00:00,421.6212,True
f5731b65-2d2c-4021-aca8-1f3a0a5e810e,System6,System6_1,2024-05-13 03:16:02.375000+00:00,421.6212,True
4fa47d58-5aa1-47df-baed-d9d90a712ae2,System2,System2_1,2024-05-13 15:00:03+00:00,588.588,True
24beb39d-0c19-470b-abf1-38e99e6b2fb8,System1,System1_3,2024-05-13 15:22:58.625000+00:00,377.65728,True
ea74e655-d0f7-41f5-a147-5613756ac4ed,System8,System8_2,2024-05-13 18:12:55.500000+00:00,20.4204,True
e066549b-d4c5-4351-8c59-d26e1d06bbdc,System2,System2_1,2024-05-13 20:26:28+00:00,585.5898048,True
31a5111f-91a0-4f47-865b-be7ee27c0d7f,System1,System1_3,2024-05-13 21:55:00.625000+00:00,347.86752,True
509a2ac3-3ad5-46a6-b537-87c611d78a8c,System3,System3_3,2024-05-13 21:57:46.625000+00:00,30231.801600000003,True
8f89387e-5b6b-4677-9c97-70a7e0f57a2d,System2,System2_1,2024-05-14 00:07:41+00:00,588.588,True
f9f0a382-537c-4a78-91f5-9d3f040c9c1f,System1,System1_3,2024-05-14 00:47:56.625000+00:00,371.89152,True
9bb3e4ac-a2a1-404e-8939-5c723820e5f5,System6,System6_2,2024-05-14 00:57:59.375000+00:00,306.30600000000004,True
90429f24-7130-463b-95c0-d9cffeaf3ee1,System8,System8_2,2024-05-14 12:37:24.500000+00:00,23.428204800000003,True
59a6121d-fbdb-489b-afe5-da3f88aa7c0a,System2,System2_1,2024-05-14 12:44:58+00:00,589.1934048,True
57c2c375-2aa0-4a70-bcf2-b928efe76cc0,System8,System8_2,2024-05-14 14:54:17.500000+00:00,31.836604800000003,True
e211f1d7-4213-4dc8-ac9f-750076a68aff,System8,System8_2,2024-05-14 17:02:36.500000+00:00,27.6276,True
caa08fd9-cb43-4aed-b5ed-6a8c57462ede,System6,System6_2,2024-05-14 17:06:16.375000+00:00,306.30600000000004,True
3beab812-f5fc-4406-933c-71555996ad88,System6,System6_2,2024-05-14 18:02:24.375000+00:00,306.30600000000004,True
1b9c2d66-1173-4e36-89c4-0b7276424a42,System6,System6_1,2024-05-14 18:47:32.375000+00:00,306.30600000000004,True
fb359094-eaf4-4c6a-82e6-2601051714d9,System6,System6_2,2024-05-14 22:00:53.375000+00:00,306.30600000000004,True
84817e2a-c316-4e55-b016-e607eaff54f3,System6,System6_2,2024-05-14 22:07:21.375000+00:00,306.30600000000004,True
8f874089-e282-41d6-8c12-832c40002bfc,System6,System6_2,2024-05-14 22:10:57.375000+00:00,344.74440000000004,True
bc810941-0d2f-4b75-a0a7-7cf8cbce8703,System6,System6_2,2024-05-14 22:14:25.375000+00:00,306.30600000000004,True
ea3b20e9-e09a-418f-9215-96e042641216,System6,System6_2,2024-05-14 22:17:49.375000+00:00,383.1828,True
5aaaecf8-3472-46e9-90ae-2e301bb4d58f,System6,System6_2,2024-05-14 22:21:45.375000+00:00,344.74440000000004,True
521ba282-91b0-4113-950a-7439a685580a,System6,System6_2,2024-05-14 22:25:29.375000+00:00,344.74440000000004,True
ca66de45-99d7-4c7b-abd9-6fd2fb4b3ea6,System6,System6_2,2024-05-14 22:54:57.375000+00:00,344.74440000000004,True
c99a9617-90dd-4a45-8029-a6ef4b029002,System8,System8_2,2024-05-15 01:30:12.500000+00:00,22.8228,True
7d701fb8-4e9a-4705-9a47-d4197e224c4a,System12,System12_3,2024-05-18 15:11:48.500000+00:00,38.4384,True
2b6a3a95-8609-4f91-a2cd-4982ce9b6344,System13,System13_2,2024-05-19 09:28:21+00:00,28.8288,True
1041c0f4-f3b6-40c3-8ecd-8cda0f6280f7,System8,System8_2,2024-05-19 11:47:08.500000+00:00,25.2252,True
6e6016ed-03df-4f69-9bbd-a2ef040f6d7e,System3,System3_3,2024-05-19 12:30:26.625000+00:00,30222.192000000003,True
c94f2fb5-53fd-4620-b909-762edbb11b7b,System6,System6_2,2024-05-19 12:40:05.375000+00:00,306.30600000000004,True
3147942f-e9d7-42d5-ab64-ee131b13eac6,System1,System1_3,2024-05-19 18:48:13.625000+00:00,376.69632,True
afb28fe0-32fa-4cbd-b0dc-7c5b7ac31519,System8,System8_2,2024-05-19 21:19:12.500000+00:00,29.434204800000003,True
bd2c8224-8d56-4bfc-b41b-23de0e5cc8ee,System8,System8_1,2024-05-19 21:19:25+00:00,19.824604800000003,True
2a93a541-fa50-4c15-93a5-22ddb0ded277,System6,System6_1,2024-05-19 23:57:20.375000+00:00,421.6212,True
efd44bdf-8ce9-449e-93d4-cfbb2e6f3ed6,System6,System6_2,2024-05-19 23:57:25.375000+00:00,344.74440000000004,True
2be90a19-793f-40df-8af9-c0ce9c3e4159,System6,System6_2,2024-05-20 02:23:57.375000+00:00,421.6212,True
aa237982-8b50-45d9-ab87-2ef2f1b3c43a,System6,System6_1,2024-05-20 02:24:00.375000+00:00,344.74440000000004,True
3312e909-bba7-4c30-911d-1d7833577a06,System6,System6_1,2024-05-20 16:24:23.375000+00:00,306.30600000000004,True
0c48dda5-b676-49ca-8258-ce4216b7f7c8,System6,System6_2,2024-05-20 16:24:24.375000+00:00,344.74440000000004,True
e55952f2-9387-4694-af08-405cf1a23cf0,System4,System4_1,2024-05-20 17:46:47.625000+00:00,4.8048,True
087a0cef-b665-49b5-8179-e024f86ec271,System4,System4_2,2024-05-20 17:46:47.625000+00:00,3.411408,True
d4ce522c-0f50-4b2f-bb6a-b3d7eb65be8f,System11,System11_1,2024-05-20 21:43:22.250000+00:00,11.2144032,True
c1b72b7b-5aed-4c2b-803c-cc1702c5f591,System9,System9_1,2024-05-21 12:36:50.500000+00:00,4487.6832,True
24b1225f-6eba-48df-931d-be4311fffd69,System8,System8_2,2024-05-21 15:08:18.500000+00:00,19.2192,True
7edb23a4-5e99-44b0-9474-cd91ddcd1331,System1,System1_3,2024-05-21 17:42:10.625000+00:00,365.1648,True
a6e3b612-105f-4c96-aea3-719e6820eb57,System3,System3_3,2024-05-21 17:47:48.625000+00:00,30260.6304,True
e8405959-1983-4ee7-ae58-a9ba6eadd777,System11,System11_2,2024-05-21 18:20:14.250000+00:00,74.3110368,True
64bdab1e-0bbd-4301-adea-f70a0a392fd1,System11,System11_1,2024-05-21 18:20:34.375000+00:00,101.5158144,True
2c97151b-da5d-4011-a385-95a642019aab,System2,System2_1,2024-05-21 20:26:28+00:00,590.3946048,True
9577df25-f1af-452f-a849-0ffbb767cd1e,System8,System8_2,2024-05-21 20:28:21.500000+00:00,21.025804800000003,True
caf05b9b-1310-4ebb-8f4b-1264b7ac5e48,System6,System6_2,2024-05-21 21:21:10.375000+00:00,306.30600000000004,True
13204088-d30a-453e-b8cc-06486ca9a504,System8,System8_2,2024-05-21 23:45:47.500000+00:00,38.4384,True
70b11c83-3eff-46dc-8eaa-f6458ea8a361,System6,System6_2,2024-05-22 00:31:34.375000+00:00,344.74440000000004,True
5513b79c-73dd-4515-b2f8-bd6b92b1f005,System13,System13_2,2024-05-22 11:18:23+00:00,28.8288,True
4f71359c-abe1-4154-a49d-072714c979c8,System4,System4_2,2024-05-22 22:59:55.625000+00:00,5.8234176,True
89021261-8573-417e-8d23-c61941a93e65,System4,System4_1,2024-05-22 22:59:55.625000+00:00,5.76576,True
4dc07e6b-6149-45e3-b1da-97155b95ba26,System3,System3_3,2024-05-23 02:51:39.625000+00:00,30414.384,True
0fc1a5d3-b1a4-4588-9507-ddb28f20cd03,System1,System1_3,2024-05-23 03:56:57.625000+00:00,365.1648,True
aa2b585f-dcf9-45d3-a5aa-0f1ab2cef4f7,System6,System6_2,2024-05-23 04:19:32.375000+00:00,306.30600000000004,True
cb5ab23f-ce97-4a77-a96e-16e6b1cac17f,System6,System6_2,2024-05-23 04:29:24.375000+00:00,306.30600000000004,True
ce9f5d39-846e-49e2-97d8-ad92f3d17304,System6,System6_1,2024-05-23 04:35:31.375000+00:00,344.74440000000004,True
c42f9aac-a5e1-4253-b966-d33182e059ca,System6,System6_2,2024-05-23 04:35:32.375000+00:00,344.74440000000004,True
e2c450c5-ebff-4e72-b499-268e36077cac,System13,System13_1,2024-05-23 11:12:34+00:00,38.4384,True
a918992f-fef6-45a6-8c25-97e0d83e4be0,System3,System3_3,2024-05-23 15:40:09.625000+00:00,30279.8496,True
19d2dde1-2c01-45ad-adb1-631c22f2a2f6,System1,System1_3,2024-05-23 15:47:47.625000+00:00,363.24288,True
3cd4b51d-fcd2-4ec1-a866-3307afec82f8,System1,System1_3,2024-05-23 19:46:00.625000+00:00,375.73536,True
7c5a2554-8add-43ad-a810-37be451a29c2,System6,System6_2,2024-05-23 19:52:27.375000+00:00,306.30600000000004,True
2f16dc99-10e9-4192-9ba3-b6a0a5f78b11,System11,System11_1,2024-05-24 06:47:25.250000+00:00,10.4071968,True
ae0c8ce2-17a5-4bab-b4d3-c6be62526440,System5,System5_1,2024-05-24 13:41:05+00:00,21.6216,True
ff8e7e8c-3fc2-404c-a5e3-b5c45b20ba3c,System2,System2_1,2024-05-24 20:30:45+00:00,588.588,True
bd6a2656-0f05-4b08-b09f-23cc470358bd,System1,System1_3,2024-05-24 21:30:40.625000+00:00,375.73536,True
c58e89f0-d01b-4baf-af7a-03127dc04ca3,System1,System1_3,2024-05-25 00:16:54.625000+00:00,377.65728,True
0869f0a1-2b0d-489b-8569-87abd0694bc5,System6,System6_2,2024-05-25 00:39:34.375000+00:00,306.30600000000004,True
20888f48-c949-48db-a968-136d4c796ee2,System8,System8_2,2024-05-25 05:21:59.500000+00:00,19.2192,True
2e4904b9-3289-4aea-ae31-8c33a9af0160,System2,System2_1,2024-05-25 07:03:39+00:00,589.7892,True
79e4a81a-788f-4663-b9a3-4b18afaaa63a,System2,System2_1,2024-05-25 18:11:52+00:00,590.3946048,True
0f37c80c-d0d2-43ab-bd0b-02f450e0bd01,System8,System8_2,2024-05-25 18:17:08.500000+00:00,22.227004800000003,True
1f81a29d-b21b-404b-b1d3-551ba40f84b3,System6,System6_2,2024-05-25 19:14:47.375000+00:00,306.30600000000004,True
af9b0d60-8069-4ea1-ad9d-f9e4df05504b,System6,System6_2,2024-05-25 19:17:59.375000+00:00,306.30600000000004,True
93be8197-6e46-4d5b-b620-9a61a33f87a4,System1,System1_3,2024-05-25 19:47:20.625000+00:00,373.81344,True
b902183f-e8e4-4e9d-acdd-75a11d9d792c,System6,System6_2,2024-05-25 23:35:40.375000+00:00,306.30600000000004,True
1ffa1f6c-c67b-4f6c-bacc-d1a6cac36f49,System6,System6_2,2024-05-25 23:38:52.375000+00:00,306.30600000000004,True
cef93a52-7c56-41c1-98ca-1df2fc003acf,System6,System6_2,2024-05-25 23:47:04.375000+00:00,344.74440000000004,True
4a49c713-6730-48c6-951d-64e8fa37df99,System6,System6_2,2024-05-26 00:02:32.375000+00:00,306.30600000000004,True
14e4f9d9-5cd5-4f28-a00f-703182d47017,System6,System6_2,2024-05-26 00:06:08.375000+00:00,344.74440000000004,True
5bf5ff9d-d1f6-42d2-89e5-e50c170f4576,System1,System1_3,2024-05-26 00:41:17.625000+00:00,371.89152,True
95365fcb-2683-44c7-91df-01cc18b7561a,System6,System6_2,2024-05-26 03:03:56.375000+00:00,306.30600000000004,True
307dd0fa-a676-4327-92e5-dcdf49a08d79,System12,System12_3,2024-05-26 13:17:39.500000+00:00,38.4384,True
843fc766-88ba-4622-8ede-aadc7432cf6c,System2,System2_1,2024-05-26 21:03:08+00:00,590.3946048,True
78d80e5b-ca5f-4e35-8415-3bd6500ed1ff,System8,System8_2,2024-05-26 23:28:28.500000+00:00,30.635404800000003,True
bd36e85d-cb0c-41ff-ad7c-053cdf92f39b,System6,System6_1,2024-05-27 00:01:52.375000+00:00,306.30600000000004,True
e8178c45-95fc-4e59-9777-fe16fb238aee,System6,System6_2,2024-05-27 00:01:53.375000+00:00,306.30600000000004,True
837e3286-8163-42ae-838d-ae7a4dc7a072,System1,System1_3,2024-05-27 14:42:36.625000+00:00,369.00864,True
c112c077-9ad7-4053-9fdd-d88221f34bf6,System2,System2_1,2024-05-27 20:26:07+00:00,589.7892,True
037ded00-aed2-49ef-b9f6-5277f3499855,System1,System1_3,2024-05-27 21:24:18.625000+00:00,368.04768,True
ece0ac7c-f697-4a10-aea1-0495fd5084e0,System1,System1_3,2024-05-28 00:21:54.625000+00:00,372.85248,True
e3e795bf-67dc-42ae-8790-2935bab8e7dc,System6,System6_2,2024-05-28 05:08:45.375000+00:00,344.74440000000004,True
94fea695-3c17-4967-b732-45182ced1a7a,System6,System6_1,2024-05-28 05:08:52.375000+00:00,306.30600000000004,True
c87c726d-43af-427d-a128-06aa91eed586,System11,System11_2,2024-05-28 06:37:37.875000+00:00,10.138128,True
fcf8cb84-977f-4178-a161-4f940dfc86cf,System10,System10_1,2024-05-28 16:52:47.625000+00:00,168.168,True
a2713797-4450-4323-908f-864cce4f98db,System6,System6_2,2024-05-28 16:54:22.375000+00:00,344.74440000000004,True
69f545f2-25ab-47c1-bdaf-2efb619d0c3e,System5,System5_1,2024-05-28 17:00:57+00:00,16.8168,True
668705bb-def8-46c1-9143-79eafe45449c,System5,System5_1,2024-05-28 18:16:58+00:00,16.8168,True
f614df1b-26d8-4ab2-aa0e-55da6e30638c,System1,System1_3,2024-05-28 21:29:29.625000+00:00,376.69632,True
82080a8f-6da9-4a47-b110-ac983f351dac,System11,System11_1,2024-05-28 23:04:42.250000+00:00,9.4462368,True
efd9502a-8dd7-43db-a62e-d91c103670b8,System1,System1_3,2024-05-29 00:04:01.625000+00:00,370.93056,True
b6b9e715-690c-4caf-bb28-de42615d8bde,System6,System6_2,2024-05-29 00:14:20.375000+00:00,306.30600000000004,True
295d7ce2-2feb-4307-80b5-f654a4b620d2,System6,System6_1,2024-05-29 02:48:29.375000+00:00,306.30600000000004,True
659f784a-2df7-4e22-aa00-73bf9e2a4892,System6,System6_2,2024-05-29 02:48:30.375000+00:00,306.30600000000004,True
555b66c0-88ed-4757-9bfb-8b7f4b4a8274,System11,System11_2,2024-05-29 06:46:44.250000+00:00,7.6108032,True
8d7f9a65-2430-476b-92f9-b0f7454fc89b,System11,System11_2,2024-05-29 15:56:26.250000+00:00,10.1669568,True
e2d090a5-6e6d-448d-913d-6cb8aaf61077,System5,System5_1,2024-05-29 15:56:32+00:00,16.8168,True
76937a0f-1d28-4f81-84f0-ea482f34bacf,System6,System6_2,2024-05-29 16:21:37.375000+00:00,306.30600000000004,True
9f4a7133-28ea-44cc-ac1e-2fb844b38a6c,System2,System2_1,2024-05-29 20:29:15+00:00,590.3946048,True
ee63b5eb-28e7-49cb-8fb0-b5426ea44c0c,System1,System1_3,2024-05-29 21:33:34.625000+00:00,366.12576,True
360ef8b4-2809-46c3-a763-c682a2c7f097,System1,System1_3,2024-05-30 00:10:18.625000+00:00,365.1648,True
a221b215-818c-41dc-b696-57ee22d5db53,System6,System6_2,2024-05-30 00:23:41.375000+00:00,306.30600000000004,True
843fefc6-9e5d-4638-90fe-e9dbfd508e6c,System1,System1_3,2024-05-30 03:53:11.625000+00:00,366.12576,True
af865953-1d63-46a1-88da-2e5c2d95e85b,System1,System1_3,2024-05-30 15:49:28.625000+00:00,366.12576,True
73038fe4-1de0-4489-965f-7049bd180e63,System10,System10_1,2024-05-30 17:37:47.625000+00:00,172.9728,True
c8739288-5ad0-4f88-ac5f-55469aa60b5b,System2,System2_1,2024-05-30 17:54:33+00:00,590.3946048,True
20c9631b-3fbe-4695-9f00-23905044bd93,System8,System8_2,2024-05-30 17:55:25.500000+00:00,20.4204,True
a60ca173-a073-45c4-abd2-61be7de2b147,System1,System1_3,2024-05-30 18:59:04.625000+00:00,358.43808,True
f9c73e88-20fa-4c9b-ab0f-4405f2af823b,System1,System1_3,2024-05-30 21:49:56.625000+00:00,359.39904,True
6dddeb8c-9e1f-4e30-8705-7d5d370380c4,System6,System6_1,2024-05-30 22:01:54.375000+00:00,306.30600000000004,True
ff6a0b19-c6bd-4c87-bd84-a55efb431875,System6,System6_2,2024-05-30 22:01:55.375000+00:00,306.30600000000004,True
d47898a2-6842-4014-b740-fb885de7cd00,System8,System8_2,2024-05-31 04:14:26.500000+00:00,21.025804800000003,True
c6a67e3c-9e08-485a-9644-b8ac4b5663d4,System8,System8_2,2024-05-31 16:02:02.500000+00:00,24.024,True
98694ccd-c113-4ce0-ae33-a12bfcce131a,System2,System2_1,2024-05-31 20:34:17+00:00,590.3946048,True
01791974-168d-4a09-a644-4fbfea9ea3fe,System8,System8_2,2024-05-31 23:10:11.500000+00:00,21.6216,True
6e32e600-dd8c-4b5b-af0d-6495de88d2fb,System2,System2_1,2024-05-31 23:11:50+00:00,588.588,True
96b6a68b-2811-4c77-92e5-6bfa99012e59,System6,System6_2,2024-05-31 23:50:28.375000+00:00,306.30600000000004,True
12ec36d2-d675-4de0-a8c4-32c41e854906,System11,System11_2,2024-06-01 06:54:25.250000+00:00,9.4462368,True
1f77e1fb-0a3b-496f-8b11-61e1b9212284,System8,System8_2,2024-06-01 07:15:22.500000+00:00,22.8228,True
a3214c69-8b2e-439b-a56b-f99563982c29,System6,System6_2,2024-06-01 14:00:23.375000+00:00,306.30600000000004,True
b09ca00f-79f6-4f29-bda9-135b2a51ddd3,System2,System2_1,2024-06-01 21:00:16+00:00,589.7892,True
b2b8f28a-235d-42d8-b014-17114d1030aa,System5,System5_1,2024-06-02 08:47:43+00:00,16.8168,True
f4f03375-f967-43f2-a9fd-edb7f75c6d9f,System5,System5_1,2024-06-02 13:35:35+00:00,16.8168,True
f2b1242a-dea9-4fd8-9b4a-b7fefc918e6d,System1,System1_3,2024-06-03 03:02:28.625000+00:00,371.89152,True
80a3e5e8-2484-4f82-8d33-5bb6a32952ae,System12,System12_3,2024-06-03 11:19:53.500000+00:00,28.8288,True
84893933-ffec-44d3-a8b1-c2428b94d7b2,System1,System1_3,2024-06-03 14:46:25.625000+00:00,369.00864,True
7fcf809d-b83c-4058-8ee4-0ac05ef9809a,System8,System8_2,2024-06-03 23:30:54.500000+00:00,27.031804800000003,True
b9361684-d90a-4eb7-a3c6-8ef43e55937d,System6,System6_2,2024-06-04 03:39:01.375000+00:00,306.30600000000004,True
aa78893a-8684-437a-895f-057c7306137a,System1,System1_3,2024-06-04 03:45:50.625000+00:00,355.5552,True
617c4de7-5520-4709-8905-728175ced74f,System12,System12_3,2024-06-04 11:42:40.500000+00:00,28.8288,True
b2806796-a7d5-4158-b8cf-7536951ad753,System1,System1_3,2024-06-04 15:48:05.625000+00:00,366.12576,True
ff92cdc3-08d9-4d1b-8b74-f0fd515e275b,System1,System1_3,2024-06-04 20:05:13.625000+00:00,353.63328,True
875da30f-60df-40f3-94fe-c2d328c9ef29,System1,System1_3,2024-06-05 01:43:05.625000+00:00,375.73536,True
c094c189-e33c-41b2-b043-f4caad5161c8,System6,System6_2,2024-06-05 01:52:52.375000+00:00,306.30600000000004,True
3310a572-1592-4290-9416-8fbfb1946a2c,System11,System11_1,2024-06-05 03:22:26.250000+00:00,73.6768032,True
5e70695f-15c7-4210-a3b1-f2a15d2a920a,System8,System8_2,2024-06-05 03:37:01.500000+00:00,20.4204,True
e7958922-25e3-4b89-a1bd-9e91e4674602,System8,System8_2,2024-06-05 04:22:13.500000+00:00,20.4204,True
01fa21e5-3836-4b71-8036-81c6a75877ae,System8,System8_2,2024-06-05 06:09:18.500000+00:00,19.824604800000003,True
51e108a3-39f2-4ce6-a0c7-e05e6c1a346d,System10,System10_1,2024-06-05 13:13:22.750000+00:00,139.3392,True
b336b3ce-a4c9-41ee-829f-d82ea8c5c5ad,System9,System9_1,2024-06-05 16:25:49.500000+00:00,5708.1024,True
2d72bbd2-668f-4e0f-8019-fa5974e280f0,System6,System6_2,2024-06-05 18:38:31.375000+00:00,344.74440000000004,True
09ed0446-7fb8-4179-ba03-730f63ad0de6,System8,System8_2,2024-06-06 05:09:43.500000+00:00,25.2252,True
61351310-1588-47e6-b777-ba60d8de9a3f,System8,System8_2,2024-06-06 07:11:12.500000+00:00,19.824604800000003,True
9dccc658-f688-42f4-b997-69a7962130c5,System1,System1_3,2024-06-06 20:06:45.625000+00:00,368.04768,True
2c0d9400-87f6-47cd-b652-dba1caf7414d,System8,System8_2,2024-06-06 22:48:35.500000+00:00,19.824604800000003,True
b689ebcc-0ad2-4edf-80b5-e993e37ae894,System1,System1_3,2024-06-07 00:29:37.625000+00:00,372.85248,True
0fb9d11b-678a-41e9-969e-ac87ac4ab502,System1,System1_3,2024-06-07 03:17:37.625000+00:00,369.00864,True
c7df6ea3-bcf0-42c9-9ac8-e0af8fe595fb,System11,System11_1,2024-06-07 13:46:48.250000+00:00,86.40952320000001,True
7b9f3a6f-7586-4aff-8759-58c11622b872,System8,System8_2,2024-06-07 13:51:55.500000+00:00,27.6276,True
fd43ce6e-e3de-41ce-8df8-1b64feca6daf,System11,System11_2,2024-06-07 14:12:35.250000+00:00,84.72784320000001,True
113d1497-75d3-4637-8cc3-b11b62256ce1,System1,System1_3,2024-06-07 14:47:47.625000+00:00,354.59424,True
e4ab5174-7d92-4948-a3a8-0174753f79d5,System6,System6_1,2024-06-07 14:52:29.375000+00:00,421.6212,True
dd6f6a59-c5d6-442f-8630-9523f8c861df,System6,System6_2,2024-06-07 14:52:30.375000+00:00,383.1828,True
3eee867d-228a-4ee1-be9f-9d787e8388f9,System2,System2_1,2024-06-07 18:19:08+00:00,588.588,True
4aed5c07-3aab-44df-a037-c27d4b085680,System6,System6_1,2024-06-07 18:27:29.375000+00:00,306.30600000000004,True
0476b97f-b8b0-4868-a302-610c86650533,System1,System1_3,2024-06-07 19:06:11.625000+00:00,369.00864,True
816e9e66-e068-4d69-a93e-8b2d9c24041d,System2,System2_1,2024-06-07 20:40:28+00:00,589.7892,True
1eb39bf0-4533-4c1b-a836-740f3e1f561c,System1,System1_3,2024-06-07 21:51:48.625000+00:00,347.86752,True
f2e2ac30-2663-496a-b1f0-8bbe3889bc00,System6,System6_1,2024-06-07 21:57:46.375000+00:00,383.1828,True
b87c420d-b05f-40f2-90bc-e8cfa712a170,System6,System6_2,2024-06-07 21:57:47.375000+00:00,306.30600000000004,True
0d15e6bf-0c10-4ffb-af73-62e40309724e,System11,System11_2,2024-06-08 00:24:04.250000+00:00,10.09008,True
c7f613e3-7edc-4450-acaa-2397c9a7ca2f,System10,System10_1,2024-06-08 00:40:02.625000+00:00,110.5104,True
57a91b34-b970-4679-ba2f-e35c487fc9e5,System6,System6_1,2024-06-08 04:43:11.375000+00:00,306.30600000000004,True
5b195550-867c-48f0-b9da-d9dd7c15855f,System8,System8_2,2024-06-08 04:52:16.500000+00:00,21.025804800000003,True
736fe4b5-7926-4682-9f08-86ee97307dfc,System2,System2_1,2024-06-08 06:28:50+00:00,587.3868,True
01f27b6d-a0a4-4acb-be9e-381261a9eb22,System2,System2_1,2024-06-08 17:25:56+00:00,589.1934048,True
883beddf-4f21-497f-ac98-3cbef0f82a57,System2,System2_1,2024-06-08 20:30:57+00:00,587.3868,True
bf44c4e0-e275-4505-b8ba-f6e8bce6741b,System1,System1_3,2024-06-08 21:27:04.625000+00:00,356.51616,True
c1ca74c2-269f-4a42-94ee-a3b5ccb56c60,System6,System6_2,2024-06-08 21:37:07.375000+00:00,306.30600000000004,True
b594f68f-a64d-46f5-bbbf-154a7e272521,System8,System8_2,2024-06-08 23:27:54.500000+00:00,23.428204800000003,True
f580bbbb-a808-4e11-8fd5-8654e7d110ca,System2,System2_1,2024-06-08 23:28:33+00:00,586.7910048,True
c9f85a4e-f762-40b9-b55e-c8bb4a3eba31,System1,System1_3,2024-06-09 00:10:04.625000+00:00,364.20384,True
b5c97962-048d-4218-a269-4adc24897d30,System6,System6_1,2024-06-09 00:45:06.375000+00:00,306.30600000000004,True
7d81caa3-2f9f-4cf0-96f3-f2d401ee69b9,System6,System6_2,2024-06-09 00:45:07.375000+00:00,306.30600000000004,True
5e43ce11-acdb-4eaf-9bb3-892e1150f7bc,System11,System11_2,2024-06-09 12:58:44.250000+00:00,11.29128,True
75eed59b-5159-43b1-85b2-50f44689c84d,System6,System6_2,2024-06-09 16:25:05.375000+00:00,306.30600000000004,True
0633b851-293b-41d2-9a4f-31f03335c6ca,System8,System8_2,2024-06-09 18:03:22.500000+00:00,28.8288,True
38bb7f66-3aff-4b1b-80c6-13a3c9cdc023,System11,System11_1,2024-06-09 18:18:40.250000+00:00,82.71943680000001,True
6b5af96c-6162-488e-b0ab-b9a9af1a9fa4,System2,System2_1,2024-06-09 20:40:08+00:00,589.7892,True
a7df62f2-f607-48bc-8ddf-0bd2d73030f7,System1,System1_3,2024-06-09 21:28:27.625000+00:00,360.36,True
755f29d1-c19d-44ee-8fb3-608ce090f03f,System1,System1_3,2024-06-10 00:07:07.625000+00:00,374.7744,True
9cac6f3c-2fd2-4fb6-82f8-a1214d777302,System2,System2_1,2024-06-10 02:37:04+00:00,589.1934048,True
3885a3ca-7f42-4219-b802-4b3bbde3603d,System8,System8_2,2024-06-10 02:41:42.500000+00:00,19.824604800000003,True
00228a68-1897-4467-8050-073a3e169165,System1,System1_3,2024-06-10 03:31:15.625000+00:00,354.59424,True
322fcd08-d4c6-445d-9118-cac9bde47d80,System8,System8_2,2024-06-10 11:28:05.500000+00:00,25.2252,True
861f22b0-2bd3-400c-9322-90d008e8b40e,System1,System1_3,2024-06-10 12:09:40.625000+00:00,353.63328,True
8b1afe23-4658-4097-8493-fea9274dcbf2,System1,System1_3,2024-06-10 17:47:57.625000+00:00,372.85248,True
d0480663-4172-4343-b4d6-22a7fd5571c9,System8,System8_2,2024-06-10 20:12:34.500000+00:00,29.434204800000003,True
3a3e9c33-6930-440a-8534-52425967c9be,System1,System1_3,2024-06-10 20:51:26.625000+00:00,355.5552,True
69ce982e-c2cb-4773-ac43-b757881b89d2,System1,System1_3,2024-06-11 00:52:19.625000+00:00,350.7504,True
0aadedcf-a91e-46f3-8fa4-9c1b465071e9,System1,System1_3,2024-06-11 04:19:31.625000+00:00,353.63328,True
565a7cfc-6b15-47f1-9666-62d1d68d0323,System1,System1_3,2024-06-11 12:08:15.625000+00:00,352.67232,True
342945e2-5394-4165-97a2-ea800fb57276,System8,System8_2,2024-06-11 16:51:39.500000+00:00,21.6216,True
6f4a445d-2bec-4b6e-80f3-1575517399fd,System1,System1_3,2024-06-11 17:24:32.625000+00:00,360.36,True
02dcebb3-baea-49be-afe2-60623a4a6d70,System12,System12_3,2024-06-12 11:06:39.500000+00:00,38.4384,True
e2d5f110-73d9-4770-a997-97f63a1db302,System11,System11_1,2024-06-13 03:10:58.500000+00:00,10.6378272,True
e0e85c96-2d85-49b8-899f-fe365654b598,System13,System13_2,2024-06-13 12:53:45+00:00,28.8288,True
c396cab3-f72c-46df-ad99-d6667d4b69fa,System6,System6_1,2024-06-14 14:58:08.375000+00:00,306.30600000000004,True
d55145f9-f66d-4f24-8262-ee5b06faec2c,System8,System8_2,2024-06-15 20:54:06.500000+00:00,19.824604800000003,True
0400c191-1e97-4a06-a6b8-3494205b9c29,System6,System6_2,2024-06-15 22:06:55.375000+00:00,8.4084,True
7a64b591-ec4d-4550-8d6b-d650a9ffbaa6,System8,System8_2,2024-06-16 02:15:09.500000+00:00,38.4384,True
6250e77c-576f-4ecb-8cfe-3d52ef31fa1d,System12,System12_3,2024-06-16 12:32:35.500000+00:00,28.8288,True
61735b7f-75db-4476-9093-af9314215053,System8,System8_2,2024-06-16 21:52:53.500000+00:00,19.2192,True
b75b3746-6eba-453c-bcf3-f32c88a2b555,System6,System6_2,2024-06-17 19:59:34.375000+00:00,306.30600000000004,True
66976190-eadc-4136-8a4a-edddf3c195d2,System6,System6_2,2024-06-17 21:01:34.375000+00:00,306.30600000000004,True
2c762323-460f-414e-91bf-0111f52129f8,System8,System8_2,2024-06-18 11:16:15.500000+00:00,20.4204,True
d0d63641-53c2-4164-825d-aeae7cd67d4f,System9,System9_1,2024-06-18 12:34:34.500000+00:00,5650.4448,True
c84da58b-9b9f-4794-880e-879fc18910a7,System6,System6_2,2024-06-18 18:05:11.375000+00:00,306.30600000000004,True
5b0faaa1-32dd-4197-95f5-6085460282aa,System12,System12_4,2024-06-19 12:44:46.500000+00:00,28.8288,True
e569065c-0d12-4520-a328-5fdc2366a513,System6,System6_2,2024-06-20 01:31:50.375000+00:00,306.30600000000004,True
b4c452a1-f4f3-4343-92a2-b603a8425728,System8,System8_2,2024-06-20 16:52:30.500000+00:00,32.4324,True
169f36e1-4bcb-4f78-b4d7-3c74ea3d02f2,System11,System11_2,2024-06-20 19:14:00.250000+00:00,73.75368,True
757eb4e1-aac0-4d2c-9fcd-e32952c70cd5,System4,System4_1,2024-06-20 20:26:54.625000+00:00,5.76576,True
1de1521a-f481-417f-b788-832f20ebe333,System4,System4_2,2024-06-20 20:26:54.625000+00:00,5.7753696,True
2a844ccf-e2e3-415d-80b0-a223b445025f,System8,System8_2,2024-06-20 21:52:45.500000+00:00,38.4384,True
583d0bdd-930c-4344-af6b-2050d8e1a75f,System11,System11_1,2024-06-20 21:58:22.250000+00:00,90.7338432,True
7df8faa0-6201-4769-9b2d-263c9fb8121f,System8,System8_2,2024-06-21 00:46:49.500000+00:00,29.434204800000003,True
8bf88f9b-9fe3-45fa-bf15-716806c462fe,System11,System11_1,2024-06-21 01:41:14.250000+00:00,11.29128,True
e817185c-5115-41fd-890f-0569404ffff1,System8,System8_2,2024-06-21 23:03:54.500000+00:00,22.227004800000003,True
3bf3ef94-8115-4f1f-87ca-3e3f0367aff2,System12,System12_3,2024-06-22 13:43:36.500000+00:00,28.8288,True
92cbeda1-c62f-4c58-a85f-c4832c68cecc,System13,System13_2,2024-06-22 13:44:58+00:00,28.8288,True
d544bd26-6041-4108-b682-6eef333f28e2,System9,System9_1,2024-06-22 23:36:05.500000+00:00,5660.0544,True
0858d126-6779-4520-9d3a-a034465f8b10,System12,System12_3,2024-06-23 13:41:21.500000+00:00,28.8288,True
de5cb62d-6933-4f52-8026-de73d328c164,System8,System8_2,2024-06-23 16:20:48.500000+00:00,22.227004800000003,True
19bffcb1-4d6c-47e5-af07-545fa2af321a,System8,System8_2,2024-06-23 18:58:38.500000+00:00,19.824604800000003,True
054e8aa2-d653-4402-ba0d-d68e39d6e8ab,System6,System6_1,2024-06-23 19:42:02.125000+00:00,3.6036,True
c70cdeb1-d2c8-4024-b68a-92572ab96241,System11,System11_2,2024-06-23 22:10:02.250000+00:00,11.6083968,True
d1bb4d73-92f6-4c45-bf2b-6a790d30a7b5,System8,System8_2,2024-06-23 22:29:53.500000+00:00,24.629404800000003,True
83ce08c6-f966-428f-807c-ecb36eaf37ec,System11,System11_1,2024-06-23 23:07:39+00:00,10.3399296,True
76a6f344-0a6c-4f96-9c5d-05760a3fbbc6,System4,System4_1,2024-06-24 02:43:36.625000+00:00,4.8048,True
cc0bac1d-2cee-403e-a3db-45f25229f07e,System4,System4_2,2024-06-24 02:43:36.625000+00:00,3.7765728,True
422b9c03-9145-4098-8eff-0f8c86159831,System6,System6_1,2024-06-24 03:06:24.375000+00:00,383.1828,True
05da66a5-d17e-4b41-bde1-97410a8dc6ce,System6,System6_2,2024-06-24 03:06:25.375000+00:00,383.1828,True
31f79766-3b8b-4aec-9c73-480be732c9d2,System13,System13_2,2024-06-24 14:19:46+00:00,28.8288,True
c4034616-7d74-4d33-aed0-86128b39d6be,System12,System12_3,2024-06-24 14:21:01.500000+00:00,28.8288,True
6ae18e02-e1e5-48b8-a198-68f49da5e484,System8,System8_2,2024-06-24 17:14:14.500000+00:00,34.8348,True
51664626-2e80-429b-ab9c-a062d06374e4,System8,System8_2,2024-06-24 20:38:06.500000+00:00,21.6216,True
dbf9db0f-54a6-4aba-83a7-7d738c7ab7d6,System4,System4_2,2024-06-25 01:48:31.625000+00:00,2.6522496,True
2387d76e-3b0a-4216-9a60-94af0b638982,System4,System4_1,2024-06-25 01:48:31.625000+00:00,2.88288,True
5b0b341e-3af0-445f-ba8f-153a74b4c2f6,System11,System11_2,2024-06-25 13:25:20+00:00,8.840832,True
b34abfb6-b04d-4b37-8a62-92a7fcf74ceb,System8,System8_2,2024-06-25 16:23:00.500000+00:00,22.227004800000003,True
4471e823-39b6-4d11-93ad-9a8ae312bc2b,System11,System11_2,2024-06-25 17:29:47.250000+00:00,9.9267168,True
06bc4d28-5ef3-4108-90bc-bf64c8eb85ef,System8,System8_2,2024-06-25 22:47:07.500000+00:00,31.2312,True
ba58e319-17e7-4781-bc0e-a3919980fb69,System11,System11_1,2024-06-26 00:22:37.250000+00:00,102.102,True
b62af77d-dfda-43b2-8d29-bdc624772cda,System8,System8_2,2024-06-26 02:54:20.500000+00:00,25.2252,True
3a76da0b-b8b0-419d-960d-03c48a3a5575,System6,System6_1,2024-06-26 04:48:38.375000+00:00,344.74440000000004,True
e94f758c-6961-4599-ada9-feec14e42138,System6,System6_2,2024-06-26 04:48:39.375000+00:00,383.1828,True
4462f63c-303d-4c55-bf4c-4545ff364cb3,System8,System8_2,2024-06-26 16:19:51.500000+00:00,23.428204800000003,True
1e4ba8b7-4fac-482f-9bac-27b90d1f7fd6,System8,System8_2,2024-06-26 21:00:22.500000+00:00,23.428204800000003,True
f6e911e5-de5d-443e-9046-064b5a20f141,System4,System4_2,2024-06-26 23:22:02.625000+00:00,2.5465440000000004,True
e63e8ce9-63b4-43bd-9996-24917fc11455,System4,System4_1,2024-06-26 23:22:02.625000+00:00,3.84384,True
13659961-afa0-4465-811c-bcfaed2c078d,System6,System6_2,2024-06-27 02:54:20.375000+00:00,306.30600000000004,True
9d1fb384-7e6d-416b-a1ac-69e695e3adc7,System6,System6_2,2024-06-27 05:21:25.375000+00:00,3.6036,True
db55d311-4391-42c3-9b84-dc1138bc7401,System11,System11_2,2024-06-27 06:51:18.250000+00:00,10.9741632,True
95e33b3e-d182-42b1-be54-9f04eff4acae,System8,System8_2,2024-06-27 07:12:03.500000+00:00,21.6216,True
3fbb8c5a-5b6a-4d95-9526-5be259468417,System8,System8_2,2024-06-27 14:24:56.500000+00:00,19.2192,True
dd96b0b4-1554-4737-8b3c-2ca3ad395ad6,System12,System12_3,2024-06-28 00:20:10.500000+00:00,38.4384,True
5b28658e-4a92-48b3-9606-f06e221fea1a,System10,System10_1,2024-06-28 00:48:24.625000+00:00,144.144,True
a542f398-c37d-49e9-a0d1-8f6eb1f24da1,System10,System10_1,2024-06-28 04:13:40.625000+00:00,115.3152,True
77736fad-4698-4b0f-871a-99969700a9f2,System8,System8_2,2024-06-28 05:55:58.500000+00:00,29.434204800000003,True
97ea5253-9c8c-430b-bdae-6915fbb9f512,System12,System12_4,2024-06-28 11:35:56.500000+00:00,28.8288,True
2c13bf08-4c54-4cb5-878f-754fab947988,System12,System12_3,2024-06-28 13:20:55.500000+00:00,28.8288,True
46aa0a2f-5119-4075-9875-0c7862970d9c,System8,System8_2,2024-06-28 14:11:26.500000+00:00,23.428204800000003,True
c14ac683-9b8c-4d6e-8958-0862597fb44a,System8,System8_2,2024-07-02 17:58:21.500000+00:00,23.428204800000003,True
81803dc4-5188-4403-9adc-b403526195fb,System8,System8_2,2024-07-02 21:20:55.500000+00:00,30.635404800000003,True
6e009786-d3ca-43c8-80aa-744be7338b2d,System7,System7_1,2024-07-03 00:19:49+00:00,724.9290048,True
8aabbfbb-e40e-4e62-9b37-2944780329b0,System6,System6_2,2024-07-03 01:44:30.375000+00:00,306.30600000000004,True
2090cd40-b06f-4248-9607-45189484494a,System6,System6_2,2024-07-03 02:00:26.375000+00:00,344.74440000000004,True
ebcc804b-4b0b-4447-ab7f-d7e7a5ea1636,System8,System8_2,2024-07-03 18:25:39.500000+00:00,20.4204,True
7da0361e-3faa-4f05-b493-94f665920950,System6,System6_1,2024-07-03 18:57:19.375000+00:00,306.30600000000004,True
8f03f497-d577-402d-9288-078b71cdc490,System12,System12_4,2024-07-04 11:05:28.500000+00:00,28.8288,True
2c961c12-7435-4530-9873-73e9b6bcc8e7,System8,System8_2,2024-07-04 11:41:57.500000+00:00,24.024,True
2ae56b3a-35a0-4e35-8e5a-f7f7ec5b9cc2,System11,System11_1,2024-07-04 12:29:32+00:00,80.6341536,True
bf567f3e-b273-4531-a063-7b150819bf2a,System11,System11_2,2024-07-04 12:29:32+00:00,74.58010560000001,True
a0fd8c76-90ea-44ae-94f7-cb16bbd6e413,System8,System8_2,2024-07-04 15:04:29.500000+00:00,28.233004800000003,True
abc8e71b-3932-489d-9479-d5d79e46990b,System6,System6_1,2024-07-04 18:51:08.625000+00:00,15.6156,True
3003844e-a910-4e94-b910-dc0ae8801beb,System8,System8_2,2024-07-04 19:20:32.500000+00:00,34.8348,True
c34c2b42-61c6-447b-b5f9-142041cd0862,System8,System8_2,2024-07-05 01:03:45.500000+00:00,36.6414048,True
c377ea17-98c3-44e0-862c-45841abfacd8,System6,System6_1,2024-07-05 16:59:29.375000+00:00,306.30600000000004,True
88bb16e6-d64e-4fb7-bc69-9890f7c3c6b8,System4,System4_1,2024-07-05 19:15:33.625000+00:00,2.88288,True
77028894-dbbe-48d9-ae44-b0a1f57b0308,System8,System8_2,2024-07-05 19:52:11.500000+00:00,22.227004800000003,True
ebfea61a-afad-4eb0-a85f-4744d6f89899,System8,System8_2,2024-07-05 21:44:31.500000+00:00,22.227004800000003,True
67ae2ccf-14e7-4c66-887a-eadd5755a8e7,System10,System10_1,2024-07-06 01:24:51.625000+00:00,172.9728,True
2866e0b2-a1b9-4043-b0d0-0bec58ad99eb,System8,System8_2,2024-07-06 11:08:31.500000+00:00,37.8426048,True
b59a82f9-c4e0-44ff-8dea-7a1144d2a6fe,System12,System12_3,2024-07-07 10:45:20.500000+00:00,28.8288,True
b6721694-d280-411e-9446-39039d3aa592,System13,System13_1,2024-07-07 10:46:45+00:00,28.8288,True
998471f1-6635-4c2b-9bde-001a49c36414,System6,System6_1,2024-07-08 02:23:33.375000+00:00,344.74440000000004,True
09e00a5f-3300-4df0-b1ce-e6f17aa3717e,System6,System6_2,2024-07-08 02:23:38.375000+00:00,421.6212,True
e8e17fbc-3252-46e4-9d7b-e5c27822bfc0,System5,System5_1,2024-07-08 04:01:35.875000+00:00,2.4024,True
5c2ba9c5-9607-4a7f-8ea2-f8211893692b,System12,System12_4,2024-07-09 10:29:19.500000+00:00,28.8288,True
19579c11-f6d0-417a-934d-79b1d7efbab7,System8,System8_2,2024-07-09 20:42:06.500000+00:00,19.2192,True
c899573e-8df9-48e6-824d-bc9d9fa1fbf5,System8,System8_2,2024-07-09 22:28:32.500000+00:00,22.227004800000003,True
29d0273d-7a5b-4c34-b4c0-0ab58af1d91a,System5,System5_1,2024-07-10 12:16:13+00:00,24.024,True
33609f5a-a9c7-4a0b-9beb-31cc4770a318,System6,System6_2,2024-07-10 21:12:58.375000+00:00,306.30600000000004,True
91c5769d-f04e-4b03-b058-55d3e84fc923,System8,System8_2,2024-07-11 15:04:11.500000+00:00,19.2192,True
6e1f67e5-fe17-4967-a28f-9526e230f4c6,System6,System6_2,2024-07-11 21:26:17.875000+00:00,3.6036,True
0a3f84fe-482c-4c53-886d-1af4d29ca34e,System10,System10_1,2024-07-11 23:25:29.750000+00:00,148.9488,True
fc57f462-1610-4c64-91f9-1fb9145a4c29,System6,System6_2,2024-07-12 16:01:59.375000+00:00,306.30600000000004,True
5d7bb822-6170-48b1-bc9f-b358dadc850f,System6,System6_2,2024-07-12 16:15:43.375000+00:00,306.30600000000004,True
f854db72-5e26-49e3-a88f-bc9b9d8101ee,System6,System6_2,2024-07-13 20:51:32.375000+00:00,306.30600000000004,True
e1810890-7b69-4fef-b5b0-9bf93b8c7dfe,System1,System1_3,2024-07-13 21:08:37.625000+00:00,375.73536,True
c0828f57-957f-47e2-b2b3-77f092efc43a,System6,System6_2,2024-07-13 21:17:20.375000+00:00,306.30600000000004,True
f92edc12-a39b-4c50-ba89-4fe283af51ce,System6,System6_2,2024-07-13 21:20:32.375000+00:00,306.30600000000004,True
76d17ae6-92b3-4b2a-ae6e-b8c9831baada,System13,System13_2,2024-07-14 12:19:55+00:00,28.8288,True
9e3765ee-ba5e-4be8-acdc-22c21915401a,System12,System12_4,2024-07-14 12:20:57.500000+00:00,28.8288,True
74e4f453-a6c1-416f-a13c-4250b6894e0f,System6,System6_2,2024-07-14 14:16:26.375000+00:00,383.1828,True
01e4f12a-c0ee-4dd9-9377-07244ad30330,System1,System1_2,2024-07-14 17:00:01.625000+00:00,631.35072,True
3ff84ee1-239a-4d59-b6a8-1cf958c5fcb5,System7,System7_1,2024-07-14 20:31:06+00:00,752.5566048000001,True
118dd795-5736-4252-ac55-d9490b9b14fb,System11,System11_1,2024-07-14 21:30:01.250000+00:00,86.4864,True
a1ab8440-5cfd-4cbf-bfdd-04f7b313840f,System1,System1_2,2024-07-14 21:53:18.625000+00:00,621.74112,True
2ba000a4-fa62-4dd2-83c0-19e284b622fe,System9,System9_1,2024-07-14 21:59:42.500000+00:00,5842.6368,True
508f1180-a65c-4d6c-8a69-d595a9bfdb95,System1,System1_2,2024-07-15 00:24:14.625000+00:00,627.50688,True
a4c82ba3-b942-441a-b96f-a9fcf365ce88,System6,System6_1,2024-07-15 03:25:43.375000+00:00,344.74440000000004,True
68b90326-f1d0-453f-9edf-9bbf5dddd4f1,System6,System6_2,2024-07-15 03:25:44.375000+00:00,344.74440000000004,True
20d113f6-e1a6-4502-a798-1fd6fdcc4e4e,System1,System1_2,2024-07-15 03:32:59.625000+00:00,615.97536,True
c1bb69d7-da60-4970-a7aa-3a2fbb8f3782,System12,System12_3,2024-07-15 11:02:07.500000+00:00,28.8288,True
44fee736-e212-452c-af33-245b1ce59b95,System6,System6_2,2024-07-15 11:43:10.375000+00:00,344.74440000000004,True
88bd7da3-074f-4a81-9bc9-bbb9fd5de135,System1,System1_2,2024-07-15 12:35:25.625000+00:00,625.58496,True
410756fb-8978-40f4-9ac4-04fbfaad5ad1,System1,System1_2,2024-07-15 15:34:09.625000+00:00,642.88224,True
392e7f22-4969-4788-bc89-1358b4755893,System6,System6_2,2024-07-15 17:15:46.375000+00:00,498.4980000000001,True
ab022fed-6cc5-4b01-8b8f-e92d4c1bb519,System1,System1_2,2024-07-15 17:57:34.625000+00:00,652.49184,True
15fb9caa-7366-43ea-817d-74470a96f965,System1,System1_2,2024-07-15 21:23:10.625000+00:00,617.89728,True
94f2e33d-d3a5-4e96-bfe8-bfa12beb2254,System1,System1_2,2024-07-16 00:22:55.625000+00:00,626.54592,True
e0b9fab5-cff8-4924-88c1-e5890e954084,System1,System1_2,2024-07-16 02:55:47.625000+00:00,631.35072,True
dcc082ee-c2ba-4415-8cba-c3f222415804,System12,System12_3,2024-07-16 12:51:29.500000+00:00,28.8288,True
f2388f9d-a7c9-4c71-9f96-81b45cd741d2,System1,System1_2,2024-07-16 14:20:28.625000+00:00,637.11648,True
6a0bf096-4468-4f08-a7b7-dc71b907631f,System1,System1_2,2024-07-16 18:38:12.625000+00:00,613.09248,True
41efa1ea-dba4-4bc6-ad6c-f165b44d48ef,System6,System6_2,2024-07-16 23:37:32.375000+00:00,344.74440000000004,True
76be101f-87e1-4d03-a18b-34c8f90dfc6e,System6,System6_2,2024-07-16 23:47:40.375000+00:00,344.74440000000004,True
923f4d16-c50d-4c96-bbce-a18fb99ce406,System6,System6_1,2024-07-16 23:47:43.375000+00:00,306.30600000000004,True
44724004-2782-4e78-9bb4-acd4b8b2abee,System1,System1_2,2024-07-17 00:11:31.625000+00:00,622.70208,True
d4b469b2-3e36-4437-b356-1dc0161541bb,System12,System12_4,2024-07-17 12:52:27.500000+00:00,28.8288,True
dc0a81ba-194b-4676-8974-43a3c23df225,System1,System1_2,2024-07-17 13:47:02.625000+00:00,615.0144,True
f1ca0963-73ec-4ff5-9eae-275e0a76a1b9,System1,System1_2,2024-07-17 15:53:06.625000+00:00,625.58496,True
d74386bc-0d31-440a-a065-792e9f120050,System1,System1_2,2024-07-17 19:12:30.625000+00:00,613.09248,True
98e08deb-5ff9-4360-b6c4-00a324dca1cf,System1,System1_2,2024-07-17 22:51:51.625000+00:00,613.09248,True
eac25d04-70b9-43eb-a0e6-8618185ad2e1,System1,System1_2,2024-07-18 02:22:51.625000+00:00,616.93632,True
709ad88d-7b64-4049-89c6-646c368c1484,System13,System13_1,2024-07-18 11:01:13+00:00,28.8288,True
7d4fda55-8362-4acf-81bd-b3eca18dad0a,System12,System12_3,2024-07-18 11:02:16.500000+00:00,28.8288,True
908de167-66c8-444c-a7cc-ad4b7c5cac42,System1,System1_2,2024-07-19 01:37:36.625000+00:00,624.624,True
06bb044b-a9fd-47d0-934a-39a2f052e5ea,System5,System5_1,2024-07-19 15:45:13+00:00,2.4024,True
9f140338-778d-4563-ae3b-0c986697e613,System1,System1_2,2024-07-19 16:24:16.625000+00:00,626.54592,True
8a590f6c-16ab-4e96-84e6-5abc4bf8976c,System6,System6_1,2024-07-20 18:07:56.375000+00:00,306.30600000000004,True
0be45962-d4e4-4678-b1a4-82bcd4e0a7df,System6,System6_1,2024-07-20 18:17:32.375000+00:00,344.74440000000004,True
577008ca-8b74-412a-bf0b-36c3f54a9170,System1,System1_2,2024-07-20 21:01:00.625000+00:00,614.05344,True
af60daf2-79cb-4b1c-a308-c076de4de2df,System1,System1_2,2024-07-20 23:10:36.625000+00:00,615.97536,True
72572d98-856a-488a-82b6-8da17041390a,System8,System8_2,2024-07-21 02:21:14.500000+00:00,22.8228,True
8adaea5c-0c52-4ab0-893e-d16fb7c90c14,System6,System6_1,2024-07-21 02:55:31.375000+00:00,344.74440000000004,True
fc7fe3dd-0b44-4968-beae-1831c664fa26,System6,System6_2,2024-07-21 02:55:32.375000+00:00,306.30600000000004,True
f8028de9-2139-4a0e-b911-821ccef8014f,System1,System1_2,2024-07-21 14:53:42.625000+00:00,626.54592,True
b9c8a43f-0156-48fa-aaae-704057b08ea4,System1,System1_2,2024-07-21 16:42:11.625000+00:00,632.31168,True
a72c3b4b-3676-4dbf-b16a-456af42ab5c7,System5,System5_1,2024-07-21 20:38:57+00:00,60.06,True
4a3c0e9d-a5a8-49b9-b4ef-0a757850c3c9,System8,System8_2,2024-07-22 01:44:14.500000+00:00,19.2192,True
9ec5b6a0-af0b-4026-9bc9-be7971d8c65b,System1,System1_2,2024-07-22 20:59:15.625000+00:00,620.78016,True
27810b57-2dd6-43a4-be13-b367a9b7a3dc,System11,System11_2,2024-07-23 20:56:04.375000+00:00,78.72184320000001,True
82e9e7e7-141b-44f0-809d-6783af923ea9,System6,System6_1,2024-07-23 23:51:41.375000+00:00,306.30600000000004,True
949ce36e-8d6b-47af-ab6f-cfe542a697fc,System6,System6_2,2024-07-23 23:51:46.375000+00:00,306.30600000000004,True
223166c9-573d-4503-9ddc-81e9bf521d6d,System1,System1_2,2024-07-24 03:24:42.625000+00:00,616.93632,True
b53e9156-7bc6-460c-aead-ccfbc28d59b3,System13,System13_1,2024-07-24 12:53:11+00:00,28.8288,True
ca733fc4-7fda-4ef3-9677-5c3640d2c4b1,System6,System6_1,2024-07-24 16:48:29.375000+00:00,306.30600000000004,True
d8e40544-96c0-4bb9-9675-c3831df3f992,System6,System6_2,2024-07-24 16:48:30.375000+00:00,306.30600000000004,True
75a21b80-d771-4618-b48d-24aa408ef6b8,System1,System1_2,2024-07-24 16:58:29.625000+00:00,612.13152,True
8047a99c-93be-402a-aa77-3c8653bfc71c,System4,System4_1,2024-07-24 18:14:17.625000+00:00,2.88288,True
8b49d3eb-dd44-421f-a1b7-82a2aea02cbf,System1,System1_2,2024-07-24 19:09:29.625000+00:00,620.78016,True
f4119c04-be42-4924-8ea4-45b017f757d3,System6,System6_2,2024-07-24 22:14:10.375000+00:00,306.30600000000004,True
d0ab926e-842b-4409-881d-5d4abaf3047e,System1,System1_2,2024-07-25 01:12:09.625000+00:00,618.85824,True
6b32a562-70ac-44a4-be43-1337fd98a201,System5,System5_1,2024-07-25 03:36:29+00:00,16.8168,True
737affff-3815-4e2c-bfb1-5e24e1091d25,System1,System1_2,2024-07-25 03:41:46.625000+00:00,634.2336,True
54ccd036-ec86-4a9d-95ee-e08f669dc5a9,System1,System1_2,2024-07-25 15:37:12.125000+00:00,622.70208,True
8ce05f1f-bd39-4585-8e05-598f429d8812,System6,System6_1,2024-07-25 16:03:46.375000+00:00,306.30600000000004,True
54b0f646-ff4f-4356-b420-d1f25f426adf,System6,System6_2,2024-07-25 16:03:51.375000+00:00,306.30600000000004,True
5294ca31-fdaf-410b-a1f3-1f11a3b941d1,System6,System6_2,2024-07-25 20:40:28.375000+00:00,306.30600000000004,True
827da827-8725-43b7-87c0-7601fe0080bc,System13,System13_1,2024-07-27 09:34:49+00:00,38.4384,True
7025ea32-9c96-458c-bb1a-8a55e82bc67d,System6,System6_2,2024-07-27 15:40:18.375000+00:00,306.30600000000004,True
f113f5f9-e663-4f54-beed-15118f967274,System6,System6_1,2024-07-27 18:21:09.375000+00:00,306.30600000000004,True
19046e91-4aa9-4e97-a2fb-5dd21a3fe9f8,System6,System6_2,2024-07-27 18:21:14.375000+00:00,306.30600000000004,True
edda9bef-58ee-44fc-b64b-430612b65acc,System6,System6_1,2024-07-27 21:53:58.375000+00:00,344.74440000000004,True
f6ed868c-e0bb-4539-b803-cd3a6a07fc91,System6,System6_2,2024-07-27 21:54:15.375000+00:00,383.1828,True
9f7ccf03-1dda-42d4-9b2c-dcb045416b5f,System6,System6_2,2024-07-28 01:01:12.375000+00:00,306.30600000000004,True
59af5266-efe1-49a5-8520-f5bf2bf44b9d,System13,System13_2,2024-07-28 14:10:48+00:00,28.8288,True
35ca4b4a-c4ce-462f-a959-f68b163ea136,System12,System12_4,2024-07-28 14:11:55.500000+00:00,28.8288,True
c5290121-fc14-4621-9434-858707d6b275,System6,System6_1,2024-07-28 18:10:28.875000+00:00,13.2132,True
c0b06865-7c1e-4f0a-adc4-4ec4af6a94c4,System4,System4_1,2024-07-28 18:10:42.625000+00:00,5.76576,True
df7afe0c-4350-4020-aa57-3f878c628e43,System4,System4_2,2024-07-28 18:10:42.625000+00:00,5.400595200000001,True
7c5b6e99-c75a-4711-9daa-48fe1ee4d7b7,System1,System1_2,2024-07-28 18:46:06.625000+00:00,625.58496,True
c0de73a0-9f08-467b-8e95-51d138fe20a1,System6,System6_2,2024-07-28 20:15:24.375000+00:00,421.6212,True
21332475-9722-41a4-a4bb-f11986ee6a7a,System6,System6_1,2024-07-28 20:15:27.375000+00:00,383.1828,True
bf6360ba-2b80-4f22-98a3-0919207fd656,System1,System1_2,2024-07-28 20:20:11.625000+00:00,628.46784,True
587d403e-ef56-4149-8f13-b73322bbf8eb,System8,System8_2,2024-07-29 01:16:26.500000+00:00,21.6216,True
82c9b073-e8e6-4285-87b3-27de1da00728,System6,System6_1,2024-07-29 12:18:27.375000+00:00,306.30600000000004,True
d2ff6915-3203-4794-9d3c-d499d46981f4,System6,System6_2,2024-07-29 12:18:32.375000+00:00,306.30600000000004,True
408ded3b-6000-4ac8-bc6d-a653b4c2f00b,System6,System6_2,2024-07-29 12:21:40.375000+00:00,306.30600000000004,True
802a7e84-c6b1-4071-8c25-a0c263565e85,System6,System6_2,2024-07-29 18:46:03.375000+00:00,306.30600000000004,True
8e234ee9-97ea-49d9-9382-924a5138aacd,System6,System6_1,2024-07-29 19:58:21.375000+00:00,8.4084,True
9bc722b2-d5d1-402b-acf6-5573d4ae4266,System6,System6_2,2024-07-30 02:49:04.375000+00:00,344.74440000000004,True
8d92ffcf-6cf2-46aa-be2b-e5183b6e5ee3,System12,System12_3,2024-07-30 13:09:08.500000+00:00,28.8288,True
a0bb50a4-a852-49fa-91b2-373b2d44286f,System11,System11_1,2024-07-30 17:05:23.250000+00:00,85.8425568,True
4707ca0e-b80d-4711-b464-1215599165e8,System8,System8_2,2024-07-30 17:12:39.500000+00:00,24.024,True
ea65c5ff-24d2-4506-bb45-60dcf9ec75db,System6,System6_1,2024-07-30 20:47:00.625000+00:00,15.6156,True
aacf2e43-7afe-456e-8448-2b73ad6e7922,System9,System9_1,2024-07-30 23:56:46.500000+00:00,5765.76,True
2dcece67-a014-4eb6-9889-95e77518399b,System6,System6_2,2024-07-31 03:17:27.375000+00:00,306.30600000000004,True
ea0cbd48-bc62-425c-a607-3738c2ac9d75,System6,System6_2,2024-07-31 17:31:03.375000+00:00,306.30600000000004,True
208c6c32-5e52-4618-abc3-cfe6308ca7a4,System6,System6_1,2024-07-31 20:57:30.375000+00:00,344.74440000000004,True
381ba3fb-c930-4159-8d52-c246ad28810e,System6,System6_2,2024-07-31 20:57:31.375000+00:00,383.1828,True
41688734-bfbc-46f7-848f-3213387612f4,System8,System8_2,2024-08-01 00:26:13.500000+00:00,19.824604800000003,True
580b5d18-2c00-4161-802b-de34c0b233fa,System11,System11_1,2024-08-01 14:58:13.250000+00:00,79.92304320000001,True
5ef588b3-73e9-4c66-80f4-3c57c32a79a8,System1,System1_2,2024-08-01 15:59:22.625000+00:00,613.09248,True
ba37bb58-4775-423b-973a-02ecc29eaa32,System6,System6_1,2024-08-01 21:24:10.375000+00:00,344.74440000000004,True
5f875e3c-205f-4dfa-aa04-7dc2e3b46e72,System6,System6_2,2024-08-01 21:24:15.375000+00:00,306.30600000000004,True
55f92e60-1aa0-4b3f-b76c-b046dace93e9,System6,System6_2,2024-08-01 21:33:39.375000+00:00,306.30600000000004,True
8c4b6ec3-840c-459d-98c5-9193c5ac6ac5,System6,System6_1,2024-08-01 23:50:38.375000+00:00,344.74440000000004,True
ec53d36c-5601-4e66-b547-df104426d692,System13,System13_2,2024-08-02 10:57:03+00:00,28.8288,True
2bcc7cf7-2e0f-4455-be2c-076128d662a4,System6,System6_2,2024-08-02 11:46:12.375000+00:00,306.30600000000004,True
46fef3e7-35f5-4fd4-8085-3a8bb4533aec,System6,System6_2,2024-08-02 15:20:34.375000+00:00,344.74440000000004,True
c6ed2612-f87a-4a04-9242-f4e266a26ec3,System1,System1_2,2024-08-02 17:49:57.625000+00:00,613.09248,True
08ae3b0d-cc4d-4747-834a-407003c7832a,System5,System5_1,2024-08-03 02:17:51.125000+00:00,2.4024,True
f51779cf-3e86-4750-bcaa-74e960a87f07,System1,System1_2,2024-08-03 02:48:12.625000+00:00,631.35072,True
a39ae39d-1bc5-48c2-a899-8b0c298cb918,System8,System8_2,2024-08-03 02:49:03.500000+00:00,19.2192,True
d0ef7e0e-a53f-4514-86f8-958d7734a752,System1,System1_2,2024-08-03 21:52:58.625000+00:00,621.74112,True
fcd87ad9-6d49-49ac-9f0a-e05b39e6449a,System6,System6_2,2024-08-04 00:35:03.375000+00:00,306.30600000000004,True
9048dd15-1c3e-45eb-b1e1-c482d2c33211,System6,System6_2,2024-08-04 06:25:14.375000+00:00,344.74440000000004,True
143711fa-55bb-4efd-8803-c2716fdd8b70,System5,System5_1,2024-08-04 06:30:07+00:00,16.8168,True
202a4769-28b2-4af5-a9d5-1b5b0b6b34ab,System5,System5_1,2024-08-04 12:22:30+00:00,16.8168,True
81a7b6fd-4fa0-4d57-b3f2-c31433799b8b,System6,System6_2,2024-08-04 14:17:37.375000+00:00,344.74440000000004,True
6d6730c7-0a71-4eda-b925-897943394777,System10,System10_1,2024-08-04 19:48:45.625000+00:00,158.5584,True
0d757ad5-6994-452f-8cd9-d0663e0f1fd3,System10,System10_1,2024-08-04 21:54:28.625000+00:00,153.7536,True
2bceee4e-feb0-45c8-8664-e86a04ac9990,System1,System1_2,2024-08-04 21:59:04.625000+00:00,626.54592,True
4d1e1a85-4a4b-4fa5-86be-f718165c97ab,System11,System11_2,2024-08-06 18:00:28.875000+00:00,72.56208960000001,True
d39d2f48-4099-4904-87cf-88c9054125f4,System5,System5_1,2024-08-06 22:10:42+00:00,16.8168,True
e444aed5-6599-476c-b0e3-91232b7a557a,System8,System8_2,2024-08-07 12:38:13.500000+00:00,23.428204800000003,True
f65a8fa2-6439-4474-bf4e-20ebb4cdd8b2,System8,System8_2,2024-08-07 18:06:27.500000+00:00,26.4264,True
387cdbe7-7c92-4570-933c-f0c1bc12cf3d,System6,System6_1,2024-08-08 00:48:53.375000+00:00,16.8168,True
bda2adbd-d1bf-4223-9269-9cd8e2edfa11,System4,System4_1,2024-08-08 11:23:12.625000+00:00,2.88288,True
4ddacd69-1ed1-406c-9bce-aece1f1a4375,System12,System12_4,2024-08-09 15:12:57.500000+00:00,28.8288,True
0538b8bb-901d-49ae-998c-a75260d7ec34,System6,System6_2,2024-08-09 15:53:57.375000+00:00,344.74440000000004,True
01b4223c-583d-47a0-b7a2-4247efadc9c3,System6,System6_2,2024-08-09 16:01:01.375000+00:00,306.30600000000004,True
00b9379b-2b8d-4a23-986c-84057c63a1ad,System6,System6_1,2024-08-09 16:01:04.375000+00:00,306.30600000000004,True
448c2a72-554f-4a65-8bf5-8c51638dd87f,System6,System6_2,2024-08-11 12:34:42.375000+00:00,383.1828,True
e624e38e-4bb7-4e93-a168-44dc52ba1cb8,System12,System12_3,2024-08-12 11:02:04.500000+00:00,28.8288,True
067bbd7b-887e-4019-990c-febe2caf8559,System13,System13_1,2024-08-12 11:03:21+00:00,38.4384,True
90b5bb56-d5b8-4487-a763-c7312336d7d1,System8,System8_2,2024-08-12 13:22:06.500000+00:00,25.2252,True
5709af6e-957e-4350-bf98-0df2aa91662b,System10,System10_1,2024-08-12 16:10:48.750000+00:00,168.168,True
4380c4eb-3547-49c5-ae68-b8ddae3c3e7f,System8,System8_2,2024-08-13 00:56:54.500000+00:00,30.635404800000003,True
c1710c9a-4607-4d15-8c47-58f8fe4552a6,System6,System6_2,2024-08-13 12:38:02.375000+00:00,306.30600000000004,True
ae51bfc9-0b5f-480b-80c4-bcfad15aa749,System6,System6_2,2024-08-13 16:17:27.375000+00:00,306.30600000000004,True
a1c03ba1-7a86-4ded-9041-3526adf01c13,System6,System6_2,2024-08-13 16:30:51.375000+00:00,306.30600000000004,True
bc893555-6d0b-441b-9a30-7cb0af6002ba,System10,System10_1,2024-08-13 23:42:20.625000+00:00,172.9728,True
b69d2bd9-0e73-4b2e-947d-c8bcc68c53d6,System8,System8_2,2024-08-14 00:10:49.500000+00:00,32.4324,True
3c986c3b-7f3b-4dd1-8d76-80faaadc95af,System8,System8_2,2024-08-14 14:41:07.500000+00:00,21.025804800000003,True
5b7c015a-65c0-49bf-8149-cf4bb48ab356,System6,System6_1,2024-08-14 15:32:25.375000+00:00,306.30600000000004,True
c017b92f-1260-4ef3-885c-21c21bca4416,System6,System6_2,2024-08-14 20:12:22.375000+00:00,344.74440000000004,True
01c0f74a-605f-4319-ab31-286b3254f065,System6,System6_2,2024-08-15 01:01:10.375000+00:00,306.30600000000004,True
a0d6a7df-2fd4-4846-a2a3-ec3c4c323d1f,System6,System6_1,2024-08-15 01:13:13.375000+00:00,306.30600000000004,True
e216c05a-e162-4ae1-89aa-f783579eb79e,System8,System8_2,2024-08-15 11:31:11.500000+00:00,32.4324,True
b4043487-b807-443f-a802-46186cc9985b,System6,System6_2,2024-08-15 21:06:51.375000+00:00,421.6212,True
c5abe4ba-cce9-4bed-b6ea-a68821967a76,System13,System13_2,2024-08-16 13:17:15+00:00,28.8288,True
6246a051-d2af-4526-842e-72258c821a34,System12,System12_4,2024-08-16 13:18:24.500000+00:00,28.8288,True
4d1d627b-848d-4e26-9d20-314cc3d41c08,System8,System8_2,2024-08-16 13:54:46.500000+00:00,26.4264,True
96c3ee5c-2c29-4ca5-97e0-557d35763249,System11,System11_1,2024-08-16 22:49:23.250000+00:00,167.1301632,True
84e272a3-5b1c-4341-a268-21188cb82537,System6,System6_1,2024-08-17 03:28:41.375000+00:00,344.74440000000004,True
980f2f54-ca0d-4743-9063-d7a19e85648c,System13,System13_2,2024-08-17 14:20:38+00:00,28.8288,True
f33780cd-9b6b-4df3-a1f2-75635ce0cf83,System8,System8_2,2024-08-17 14:59:15.500000+00:00,28.8288,True
7d37f736-d9ed-4fd9-bbf2-d052a2f74f4d,System6,System6_1,2024-08-17 16:04:31.375000+00:00,306.30600000000004,True
812500c7-afd9-42f4-9839-99e3955a83f8,System6,System6_2,2024-08-17 16:04:32.375000+00:00,306.30600000000004,True
3cb8e7b3-78fb-492f-a33a-1fb93728eafd,System8,System8_2,2024-08-17 20:59:19.500000+00:00,21.025804800000003,True
87222a6f-735c-4516-8cd0-da10205c39d3,System11,System11_1,2024-08-17 21:42:30.250000+00:00,89.84976,True
ddb9fe59-0cc1-4c29-9410-23992f3b4464,System6,System6_1,2024-08-19 02:02:42.375000+00:00,306.30600000000004,True
f989355b-1303-46fb-8e9d-e4d413db5430,System6,System6_2,2024-08-19 02:02:43.375000+00:00,306.30600000000004,True
23ded32d-c8dc-4f36-9663-d343ac9f5b9a,System6,System6_1,2024-08-19 02:08:34.375000+00:00,306.30600000000004,True
a941e251-71b6-467e-b290-6dd3ab28ee77,System6,System6_2,2024-08-19 02:08:35.375000+00:00,383.1828,True
c97b28ea-a2a9-4216-823b-0ec59d472c06,System8,System8_2,2024-08-19 04:31:15.500000+00:00,24.629404800000003,True
f7cd0d29-6bfa-4678-a5fb-7f2b87af0772,System12,System12_3,2024-08-19 11:53:13.500000+00:00,28.8288,True
375a75c4-4a36-442f-8896-a84c9c157efc,System8,System8_2,2024-08-19 17:50:05.500000+00:00,19.824604800000003,True
925b79d9-bc6b-49b6-afd9-ed97b73a12e7,System12,System12_3,2024-08-19 19:40:10.500000+00:00,28.8288,True
4e672bd2-3f2d-4c74-825a-9f96bf3d013d,System8,System8_2,2024-08-20 01:42:46.500000+00:00,23.428204800000003,True
de610937-a211-4fb1-90d3-bdae66df8ca1,System6,System6_2,2024-08-20 02:42:33.375000+00:00,306.30600000000004,True
61ea3cbd-324b-4a18-8624-3881c22d0789,System12,System12_3,2024-08-20 17:36:47.500000+00:00,28.8288,True
7f98f6ba-2c09-483f-ba36-ae75abdd7b11,System9,System9_1,2024-08-20 19:57:30.500000+00:00,5688.8832,True
8e10766a-d979-463f-9a08-68232bdfa72c,System6,System6_2,2024-08-21 04:23:48.375000+00:00,421.6212,True
541dc716-4800-4ea0-b5dc-9ac86e5e5f76,System6,System6_1,2024-08-21 06:10:33.375000+00:00,460.0596000000001,True
da17901b-a65b-4f1a-8697-8d2dac93dd13,System6,System6_2,2024-08-21 06:10:38.375000+00:00,383.1828,True
215a3492-cbe5-466a-8f57-cadcb0c7007e,System11,System11_2,2024-08-21 13:31:07.250000+00:00,9.5327232,True
0617dc71-8bab-4a65-ba55-dad96d516f43,System8,System8_2,2024-08-22 13:29:58.500000+00:00,27.031804800000003,True
39428e7c-8dfe-47e4-8f25-28f3db07b5c0,System6,System6_1,2024-08-22 16:01:18.375000+00:00,344.74440000000004,True
8e626874-0966-4145-b763-2c34b2db4d91,System8,System8_2,2024-08-22 18:28:15.500000+00:00,22.8228,True
95c5011e-ac20-4e96-993b-b137b2cc8b00,System8,System8_2,2024-08-23 01:34:59.500000+00:00,36.6414048,True
f9945588-0e2c-420d-be52-77c0f3d18c28,System8,System8_2,2024-08-23 14:27:20.500000+00:00,22.8228,True
851d1054-5aaf-470a-beab-680765a5d045,System6,System6_2,2024-08-23 18:44:10.375000+00:00,306.30600000000004,True
1554d76d-160b-4a19-b948-cb64152829a1,System11,System11_1,2024-08-24 06:51:46.250000+00:00,72.072,True
0f23ec93-a98e-42f6-8ed0-f3234baa62cb,System6,System6_1,2024-08-24 16:02:38.375000+00:00,306.30600000000004,True
c88dddf1-ef89-43a1-a3bc-ac0680260426,System6,System6_2,2024-08-25 00:19:45.375000+00:00,306.30600000000004,True
db3b5c94-a041-4202-88e9-3c47789c1f3c,System6,System6_2,2024-08-25 00:23:21.375000+00:00,306.30600000000004,True
c4ed684a-31e9-4ab9-80ed-e123130e96a5,System12,System12_3,2024-08-25 11:14:56.500000+00:00,28.8288,True
e125994b-507b-42a3-804e-8d6da8bb84f5,System8,System8_2,2024-08-25 16:46:29.500000+00:00,31.2312,True
96c957ba-7e75-420a-a22f-d58b2ae5826a,System8,System8_2,2024-08-25 20:07:51.500000+00:00,19.824604800000003,True
39e60d47-8f66-451c-8cd1-1e1e7447e5ee,System6,System6_1,2024-08-26 02:10:34.375000+00:00,306.30600000000004,True
694d6a97-7299-4dc4-b458-a0353b409fbd,System6,System6_2,2024-08-26 02:10:39.375000+00:00,306.30600000000004,True
6e6eac22-ba86-47cd-8ea2-5723486cedf6,System13,System13_2,2024-08-26 12:52:51+00:00,28.8288,True
7cba608f-3c8b-4416-ae37-73848b27ca13,System6,System6_2,2024-08-26 22:18:16.625000+00:00,15.6156,True
5849dc94-b12b-4040-a07f-88cea64289d5,System9,System9_1,2024-08-27 04:38:33.500000+00:00,5717.712,True
e2f72949-e68a-467c-b4d1-2147f750aa26,System6,System6_2,2024-08-27 17:39:28.375000+00:00,306.30600000000004,True
0a03e8d5-8ab1-429c-889a-4d8c4f50c886,System6,System6_2,2024-08-27 19:59:53.375000+00:00,306.30600000000004,True
43c29944-c72b-4fa4-85c4-e4f076dac07b,System11,System11_2,2024-08-27 21:47:34.250000+00:00,11.1279168,True
78ee9d86-0b30-429b-8d94-5345c1d70c9c,System6,System6_1,2024-08-28 01:05:40.375000+00:00,306.30600000000004,True
06adf295-b1f1-4247-b35b-059b831f0857,System6,System6_2,2024-08-28 01:05:45.375000+00:00,344.74440000000004,True
856d17af-c266-46b2-aa46-44e55f004d38,System12,System12_3,2024-08-28 11:32:16.500000+00:00,28.8288,True
36433cbb-7966-434f-a379-723dda8521f1,System13,System13_1,2024-08-28 11:33:31+00:00,28.8288,True
2a7a7cd5-9ddc-42ed-acaa-7bda008227ec,System8,System8_2,2024-08-28 15:24:14.500000+00:00,21.6216,True
e1f89174-1f99-4d2b-a62c-4835be160d86,System6,System6_2,2024-08-29 15:08:55.375000+00:00,306.30600000000004,True
cc0b0e0b-2c6a-4d51-9bcb-cad1b1479957,System8,System8_2,2024-08-29 20:10:50.500000+00:00,30.635404800000003,True
8f69fa3b-53bd-4dc9-b4ad-a5233c1ec43e,System6,System6_2,2024-08-29 20:59:17.375000+00:00,383.1828,True
b749730f-7499-4c89-838d-4e10377552f9,System6,System6_1,2024-08-29 23:45:48.375000+00:00,306.30600000000004,True
839426c8-9800-4b2f-a667-d37691f614dc,System6,System6_2,2024-08-29 23:45:49.375000+00:00,344.74440000000004,True
45c95087-9c10-4806-b0a0-cc866c04ba13,System6,System6_1,2024-08-29 23:54:20.375000+00:00,344.74440000000004,True
f806ab05-5a36-4f4e-b9f0-0034b6bb47b4,System6,System6_2,2024-08-29 23:54:29.375000+00:00,421.6212,True
8baac62e-9288-44e8-8ce3-a71cf1d9fcf7,System6,System6_2,2024-08-30 12:34:44.375000+00:00,383.1828,True
f9ad0c55-81a0-4379-8fd0-481ea213b135,System6,System6_1,2024-08-30 12:34:47.375000+00:00,306.30600000000004,True
83fd8781-56f6-4a5f-b0de-8d639ef3caf9,System7,System7_1,2024-08-30 14:36:51+00:00,1144.7436,True
f7d8ac2c-c6a0-46f4-8169-fabc07f91f3c,System12,System12_3,2024-08-31 11:38:11.500000+00:00,28.8288,True
39907d4b-d024-4f95-b74b-0b10f9fc86e4,System11,System11_2,2024-08-31 15:27:48+00:00,9.8210112,True
c4d0259a-0bd9-4e80-9c37-395b1d94ad0c,System11,System11_1,2024-08-31 15:27:48+00:00,10.714704,True
bbe0e39b-1a59-4f4b-a21b-dfe0fb75410d,System6,System6_1,2024-08-31 15:39:21.375000+00:00,306.30600000000004,True
8005bb53-b648-4e5e-b81d-7501439884ef,System6,System6_2,2024-08-31 15:39:22.375000+00:00,306.30600000000004,True
47af0509-e0ea-470e-8ad0-8c7245e0ad90,System3,System3_1,2024-08-31 18:16:11.625000+00:00,29059.4304,True
7bb73bea-4078-4561-bd00-9d708ba7771a,System3,System3_1,2024-09-01 00:34:12.625000+00:00,29049.8208,True
58585a61-a5ed-4173-8711-111135690e71,System3,System3_1,2024-09-01 17:58:56.625000+00:00,29059.4304,True
bafa8944-2cba-40a9-a5e8-402064a39482,System8,System8_2,2024-09-01 18:07:14.500000+00:00,21.025804800000003,True
349ec4e1-d3e8-4013-b001-3b012b0b2dcb,System3,System3_1,2024-09-01 23:29:08.625000+00:00,29049.8208,True
124bb6e3-50b0-4573-8752-0f6a54fd54e0,System8,System8_2,2024-09-02 06:22:49.500000+00:00,21.025804800000003,True
6da6257e-83ab-4791-97e7-f9b4e81e9e73,System3,System3_1,2024-09-02 18:50:13.625000+00:00,29049.8208,True
e2a073cf-91eb-4cd4-9625-36048f7ae0ae,System6,System6_1,2024-09-03 17:23:02.375000+00:00,8.4084,True
28c93f9d-8d7e-4303-b9b1-a439fa95568d,System6,System6_2,2024-09-03 20:47:52.375000+00:00,344.74440000000004,True
ebcf1a7b-641a-4bb3-a7c6-8a928c99a77b,System3,System3_3,2024-09-04 02:14:16.625000+00:00,30260.6304,True
b138d79f-ca01-489c-8678-6fc17d30563e,System6,System6_2,2024-09-04 02:32:09.375000+00:00,306.30600000000004,True
e3c65500-aa0a-4866-ac75-65d0e38f72e7,System3,System3_1,2024-09-04 02:36:46.625000+00:00,29049.8208,True
920dd9f6-7301-40b1-acba-582ee901a73e,System11,System11_2,2024-09-04 20:42:32.250000+00:00,10.6474368,True
7d344e32-a701-494b-a2e2-2f57a2e5e360,System3,System3_1,2024-09-04 22:09:02.625000+00:00,29059.4304,True
e529d70f-b13e-43f8-8c3e-4e41c30a75bc,System3,System3_1,2024-09-05 07:01:13.625000+00:00,29059.4304,True
a0ff92de-39de-4cff-8982-1099cd46b968,System13,System13_1,2024-09-05 15:29:03+00:00,28.8288,True
b30ebf8a-ac4e-41ce-a52d-c250aa964e6f,System3,System3_1,2024-09-05 18:14:13.625000+00:00,28982.5536,True
ba16014b-b7e7-46c4-a48d-b0abd5ca7b4e,System8,System8_2,2024-09-05 22:06:42.500000+00:00,19.2192,True
b9234515-eb4a-4cb5-8f54-8ceabec39b31,System3,System3_1,2024-09-05 22:32:50.625000+00:00,28982.5536,True
0c678e0d-0d6b-4371-abc4-653a9d4c2314,System6,System6_2,2024-09-05 22:32:57.375000+00:00,306.30600000000004,True
04c21a86-8d86-4cbb-8857-8331d7b6e5f7,System5,System5_1,2024-09-05 23:43:28+00:00,16.8168,True
5f1bd51d-9720-43da-99f2-6dd9499554e3,System8,System8_2,2024-09-06 00:02:37.500000+00:00,21.025804800000003,True
8f256550-a9d8-4474-8cf8-90013bb2be37,System6,System6_2,2024-09-06 00:08:49.375000+00:00,306.30600000000004,True
292c855f-c7f4-48c6-9761-9ec5f392a7ad,System6,System6_2,2024-09-06 00:16:49.375000+00:00,306.30600000000004,True
4ca84920-3e58-4abc-b04b-29b29f67ba5c,System3,System3_1,2024-09-06 00:51:48.625000+00:00,29059.4304,True
64782a0d-f540-41d4-8b84-d834ae9213db,System9,System9_1,2024-09-06 03:15:47.500000+00:00,6034.8288,True
ebe71d57-d238-46c9-ac94-fe79a19c91d2,System11,System11_2,2024-09-06 16:33:15.250000+00:00,80.96088,True
a019e67f-95c2-4a58-a6f1-9b46c19881a8,System3,System3_1,2024-09-06 21:19:10.625000+00:00,29030.6016,True
23a13b8e-8c57-4c18-9839-68645b5f4bba,System6,System6_1,2024-09-06 23:48:24.375000+00:00,383.1828,True
31407d35-7a51-442e-b0ab-3ac6438e08e1,System6,System6_2,2024-09-06 23:48:37.375000+00:00,344.74440000000004,True
7e47ef8a-2cf1-4ca5-baf1-402179723fd0,System3,System3_1,2024-09-06 23:56:12.625000+00:00,29059.4304,True
38ddbbc8-7aca-4efe-b2f7-a5c9011dd670,System3,System3_1,2024-09-07 02:48:50.625000+00:00,29001.7728,True
3627ae4a-3e9d-4f64-8382-c68c5d09a3c2,System12,System12_3,2024-09-07 13:26:23.500000+00:00,28.8288,True
cf365e96-9a49-4156-a0e3-09a2a85c65b0,System8,System8_2,2024-09-07 14:00:25.500000+00:00,31.2312,True
a6a1a34d-bab9-4739-a9b8-11f870e64904,System6,System6_2,2024-09-07 14:25:57.375000+00:00,306.30600000000004,True
74d83eaa-6034-40d5-96d6-53ae98357f5b,System11,System11_2,2024-09-07 16:51:55.250000+00:00,11.29128,True
2c0db99a-c5a1-48b3-a2e0-24ba40cbc251,System3,System3_3,2024-09-07 17:59:05.625000+00:00,30299.0688,True
ba3ea388-1346-4e14-b7e2-143929fca4c0,System3,System3_1,2024-09-07 18:00:53.625000+00:00,29059.4304,True
bf5b5ce1-5e7c-42a5-b3cf-af99b55eb3f9,System3,System3_3,2024-09-07 20:41:49.625000+00:00,30260.6304,True
e584816b-f7e5-4273-ab82-4efd252b0a7d,System6,System6_2,2024-09-08 13:20:42.375000+00:00,306.30600000000004,True
2489f6a4-f7ff-4b4f-a916-71c8d744a319,System8,System8_2,2024-09-08 13:41:00.500000+00:00,22.227004800000003,True
ee96804f-0c02-43cd-b7b5-71160ddcbebe,System6,System6_2,2024-09-08 16:52:10.375000+00:00,383.1828,True
624f6eda-8259-451b-aa9b-2503150dc099,System9,System9_1,2024-09-08 17:18:13.500000+00:00,5688.8832,True
a1d9393f-91d9-416d-adad-3ff0f54ce148,System8,System8_2,2024-09-08 20:17:11.500000+00:00,22.227004800000003,True
30bf4c2b-d9fb-4710-929d-7490e9719061,System3,System3_1,2024-09-08 21:25:29.625000+00:00,29030.6016,True
4775208d-895a-40b9-892d-b602b441383d,System8,System8_2,2024-09-08 23:40:26.500000+00:00,37.8426048,True
ff8e8096-bc54-44e9-a616-b1b792e1db30,System10,System10_1,2024-09-09 00:44:29.750000+00:00,172.9728,True
41c7acc7-320b-435d-affa-fc46bbf54f0a,System3,System3_1,2024-09-09 02:37:31.625000+00:00,29040.2112,True
bffbd005-9e63-4b56-8d67-d63c7746ddc3,System3,System3_1,2024-09-09 14:36:12.625000+00:00,29059.4304,True
5fa2234c-6122-4063-823d-ee0714342339,System11,System11_2,2024-09-09 20:02:36.250000+00:00,11.05104,True
1d4e4f0f-4ec0-4824-9788-6bebe701a8a3,System3,System3_1,2024-09-09 21:45:20.625000+00:00,28972.944,True
bd7f7828-3657-4ecc-b6f8-c9db099bac36,System6,System6_2,2024-09-09 23:43:35.375000+00:00,306.30600000000004,True
e14d6a5c-29f5-4a58-a6b4-db49964a4f9d,System8,System8_2,2024-09-10 19:29:42.500000+00:00,22.227004800000003,True
8e39e49b-c7ad-4f94-bfd0-c241a63ecfcd,System8,System8_2,2024-09-10 21:04:36.500000+00:00,21.6216,True
9e43c936-1282-4a9d-bcab-5d56b43dc91f,System3,System3_1,2024-09-11 01:05:05.625000+00:00,29059.4304,True
35b4aab1-2c51-4aad-86b5-e74106514563,System13,System13_1,2024-09-11 11:36:40+00:00,28.8288,True
8ac73753-0516-4bae-90fa-a9639c24c270,System6,System6_2,2024-09-11 11:57:15.375000+00:00,460.0596000000001,True
38fb13a2-861c-42ea-b630-59ba5b05b854,System8,System8_2,2024-09-11 14:45:32.500000+00:00,33.0378048,True
5990fa32-fcc8-45c3-90ea-48d0171a2984,System3,System3_1,2024-09-11 15:46:40.625000+00:00,29030.6016,True
57241a98-ec10-4db8-ba61-6b1b0dde1dda,System3,System3_1,2024-09-11 18:04:54.625000+00:00,28992.163200000003,True
de242c4a-2013-4ece-92dc-d0e3f94295ab,System3,System3_3,2024-09-11 23:47:39.625000+00:00,30241.4112,True
868db076-876c-4764-b480-06145f5c2480,System3,System3_1,2024-09-12 00:14:09.625000+00:00,29049.8208,True
4ffb7260-ac5c-411e-a3d6-7bf616979303,System6,System6_2,2024-09-12 03:27:37.375000+00:00,306.30600000000004,True
1cd40a57-319c-4971-af85-82274031cd7a,System6,System6_2,2024-09-12 13:45:23.375000+00:00,344.74440000000004,True
ab513832-287a-46e4-bc7d-983eea4924b3,System6,System6_2,2024-09-12 14:33:36.375000+00:00,421.6212,True
5ea31e8e-f869-4ce0-b7da-f4995f6ba7ce,System4,System4_2,2024-09-12 16:25:35.625000+00:00,5.8330272,True
2b301391-397e-4730-86a7-9b3ad1caf290,System4,System4_1,2024-09-12 16:25:35.625000+00:00,5.76576,True
5f636cba-1779-4736-9524-6c75f547d2fc,System8,System8_2,2024-09-12 16:50:53.500000+00:00,24.629404800000003,True
a890fa09-f565-4b74-9ea7-2afdcb1ef4f5,System3,System3_1,2024-09-12 17:41:21.625000+00:00,29049.8208,True
a11bac41-4197-438d-9dac-553f78044617,System3,System3_1,2024-09-12 20:06:03.625000+00:00,29030.6016,True
33a16ea2-662c-4763-a0d2-3a3e5fd06f2e,System11,System11_2,2024-09-12 22:22:50.250000+00:00,9.6864768,True
b0559afe-8bf4-4291-99f8-6def3f038758,System3,System3_1,2024-09-12 23:09:06.625000+00:00,29059.4304,True
0f002c08-2ddb-4d15-8241-6c7dee9c6481,System6,System6_1,2024-09-13 03:03:03.125000+00:00,10.8108,True
bbdabbcc-1179-4070-93e7-63878ed08e0e,System3,System3_3,2024-09-13 13:57:08.625000+00:00,30231.801600000003,True
8ded80b6-bfea-4427-86e3-2662eb6b0a3c,System3,System3_1,2024-09-13 14:19:06.625000+00:00,29020.992,True
d651b08f-ac8b-429b-b7bc-17072ae97fe9,System3,System3_1,2024-09-13 17:22:20.625000+00:00,29059.4304,True
9012a12b-a047-4929-9c11-05fd7cde6c4c,System6,System6_2,2024-09-13 19:40:43.375000+00:00,306.30600000000004,True
c47faa62-d7e1-488c-813f-06ac2c27d5e1,System6,System6_2,2024-09-14 14:32:11.375000+00:00,344.74440000000004,True
9950b579-3c34-4de4-b7ae-96cba11be514,System3,System3_1,2024-09-14 16:06:50.625000+00:00,29030.6016,True
549109fc-0630-414a-b9e1-bf748b71b292,System6,System6_2,2024-09-15 13:01:36.375000+00:00,306.30600000000004,True
c8dc53d6-efed-4d9c-acbd-0578f3474652,System11,System11_2,2024-09-15 13:53:42+00:00,10.8972864,True
080b5832-bd95-4a13-afae-36b116cf56e3,System3,System3_3,2024-09-15 14:01:29.625000+00:00,30212.5824,True
7a6f294b-5b94-4bcc-9017-8c5fdc99da03,System3,System3_1,2024-09-15 14:16:41.625000+00:00,29049.8208,True
a162fb1d-f4af-4611-aa1a-7769eb232ef1,System3,System3_3,2024-09-15 20:00:18.625000+00:00,30260.6304,True
d066c71e-54ef-4b88-8028-9f4433fc801a,System11,System11_2,2024-09-15 23:12:20.250000+00:00,77.83776,True
32aae034-e35e-4edc-a93e-463d43e54b0a,System8,System8_2,2024-09-16 12:34:06.500000+00:00,25.2252,True
641ebfb1-7670-40ec-b316-e37ae0a0d193,System7,System7_1,2024-09-16 16:33:50+00:00,1145.3490048,True
26026909-53ff-49d2-b5fd-aa6ddbf7e773,System3,System3_1,2024-09-16 17:34:06.625000+00:00,29020.992,True
a85afca2-f1d8-445a-91ac-dae7a05930f6,System11,System11_2,2024-09-16 17:34:49+00:00,78.0587808,True
c8fbb062-4456-4dc0-afff-8c27c90428ce,System11,System11_1,2024-09-16 20:53:14.250000+00:00,71.83176,True
49ee3cca-896e-494a-b32e-1e0ec99f53e2,System6,System6_1,2024-09-17 01:25:18.375000+00:00,344.74440000000004,True
b40662ef-5e51-4bde-8c67-7520f1702870,System6,System6_2,2024-09-17 01:26:15.375000+00:00,383.1828,True
4d2f0a4d-2ef1-4be2-91bd-d1575d31806f,System7,System7_1,2024-09-17 15:56:14+00:00,1149.5484,True
93eecf54-5c7f-421e-9811-505c9b3a5f52,System10,System10_1,2024-09-17 16:25:44.625000+00:00,163.3632,True
fe17b63f-1173-419c-9240-5eb9aaa70f7d,System3,System3_1,2024-09-17 16:29:54.625000+00:00,29040.2112,True
d3b63c4d-fe54-43e7-9b33-70b4c8a52777,System3,System3_1,2024-09-18 14:46:15.625000+00:00,28992.163200000003,True
ef6729f8-2882-42f6-840d-22cecb7234e5,System3,System3_1,2024-09-18 17:45:39.625000+00:00,28934.5056,True
467554c1-0376-4cba-961d-3c131e7f9e8d,System8,System8_4,2024-09-18 17:48:03.500000+00:00,3.6036,True
5c05cd4c-910b-4971-bf18-ce84eb244236,System3,System3_3,2024-09-18 17:59:45.625000+00:00,29059.4304,True
750bb13b-bda7-495f-8b61-929343c259d0,System7,System7_1,2024-09-18 18:00:49+00:00,729.1284,True
f1f0e298-4252-4bd9-aad4-bd228af38bab,System3,System3_1,2024-09-18 19:05:55.625000+00:00,29040.2112,True
5d92ca43-559a-43e9-a5de-ca5f589e3c64,System8,System8_2,2024-09-18 22:40:20.500000+00:00,21.025804800000003,True
5fe8ea7c-b6f2-4bc6-8703-3b5555cc6928,System8,System8_2,2024-09-19 20:23:21.500000+00:00,19.824604800000003,True
5dbfc6dc-4a14-42f3-b68d-98a5a0eb7493,System13,System13_2,2024-09-20 13:31:59+00:00,28.8288,True
fa288371-7632-40f9-9d55-cd8e77bdd355,System3,System3_1,2024-09-20 13:40:59.625000+00:00,29030.6016,True
ca17798c-d662-41e2-9324-34dd8db08be4,System3,System3_1,2024-09-21 11:55:51.625000+00:00,29040.2112,True
e396f30c-76ab-4f0a-bd83-6a22c36723f0,System6,System6_1,2024-09-21 22:08:53.375000+00:00,306.30600000000004,True
354d9c85-668a-4243-9ab1-85ac2b7c0841,System6,System6_1,2024-09-21 22:36:14.375000+00:00,306.30600000000004,True
59909afe-6363-495e-9f25-1f05c775ed3f,System3,System3_3,2024-09-21 23:15:00.625000+00:00,30222.192000000003,True
5cedd36c-be21-48c2-8351-8dbd4b8b4592,System6,System6_2,2024-09-21 23:33:39.375000+00:00,306.30600000000004,True
822b585c-aea1-43c4-9f16-d178f18600cb,System13,System13_1,2024-09-22 13:42:20+00:00,28.8288,True
7d0a199d-6677-4dac-a4d4-29d9c5e621b1,System12,System12_3,2024-09-22 13:43:24.500000+00:00,38.4384,True
f619740c-ed5a-499d-87e6-40b39c3b2b9e,System3,System3_1,2024-09-22 23:11:56.625000+00:00,29059.4304,True
3a036cb2-5381-45b2-9863-f5b65439b413,System8,System8_2,2024-09-23 02:12:46.500000+00:00,19.2192,True
7b0961ae-09a2-4261-8f23-d7d0eb9692ab,System11,System11_2,2024-09-23 11:58:28+00:00,84.91042560000001,True
d84d929b-3614-4c00-8412-976e45f07458,System11,System11_1,2024-09-23 11:58:28+00:00,97.65275520000002,True
061b8fc8-b13c-4e36-b6a3-15094d381927,System7,System7_1,2024-09-23 14:06:21+00:00,1148.3472000000002,True
7b8ad7b1-acea-4be2-a04a-efd440957ca3,System10,System10_1,2024-09-23 14:09:22.750000+00:00,158.5584,True
3476982b-b43a-4de9-a8b1-98317cd85289,System3,System3_1,2024-09-23 14:13:53.625000+00:00,29001.7728,True
1b3536fc-7e42-4c31-8aef-0a75fffcee87,System10,System10_1,2024-09-23 16:10:35.750000+00:00,163.3632,True
d266408b-ed9a-4063-bf07-0efdc39879b9,System3,System3_1,2024-09-23 16:19:49.625000+00:00,29030.6016,True
0a48f456-44dc-459a-84b7-c2e75db1b2eb,System3,System3_1,2024-09-23 19:03:25.625000+00:00,29030.6016,True
1309772e-9fca-4a11-99f7-395541d68ae4,System8,System8_2,2024-09-23 20:17:04.500000+00:00,19.2192,True
7a3a3d7e-36a6-4c3a-b5cf-d3506bb7b5fa,System6,System6_1,2024-09-23 23:08:59.375000+00:00,306.30600000000004,True
dcbcd28c-d7ff-4a95-8212-32a8c62477a8,System6,System6_2,2024-09-23 23:09:04.375000+00:00,344.74440000000004,True
7d6dfdf6-1007-41b5-b5b6-178614c5e835,System3,System3_1,2024-09-24 02:34:01.625000+00:00,29020.992,True
3109940d-bc5b-4023-8457-393506c143b5,System8,System8_2,2024-09-24 22:05:42.500000+00:00,27.6276,True
59414435-14e8-4c41-bb74-6f2cd0aa519d,System3,System3_3,2024-09-25 03:48:17.625000+00:00,30260.6304,True
93358e9a-f935-42e7-b90a-1d49fa5c72fd,System8,System8_2,2024-09-25 14:38:23.500000+00:00,21.6216,True
4b0b9017-9864-4c96-a5b2-e4648e4e0006,System6,System6_2,2024-09-25 16:35:04.375000+00:00,306.30600000000004,True
e68fb719-e7a5-44be-8ae6-7369f87b6b61,System3,System3_3,2024-09-25 17:07:55.625000+00:00,30212.5824,True
6bcbafef-5109-4474-a12e-83c70c1c885c,System6,System6_2,2024-09-26 01:09:45.375000+00:00,306.30600000000004,True
063c2be0-1fb2-41c3-8d0a-f155add42910,System6,System6_1,2024-09-26 01:17:44.375000+00:00,306.30600000000004,True
be10d8dd-a717-4d90-8602-2c5b0c4b8fef,System3,System3_1,2024-09-26 01:26:02.625000+00:00,29020.992,True
8f79f4b2-11b3-4683-8240-dfc55aa3e2a0,System6,System6_2,2024-09-26 11:44:53.375000+00:00,306.30600000000004,True
82cbf66c-1221-4ff2-a6be-f68939123f8d,System6,System6_2,2024-09-26 11:58:09.375000+00:00,344.74440000000004,True
ea009cb8-c488-4e07-a824-88d2338ba23d,System6,System6_1,2024-09-26 17:10:53.375000+00:00,306.30600000000004,True
7501d84f-a4df-4b37-8342-18392d1614f6,System6,System6_2,2024-09-26 17:10:54.375000+00:00,344.74440000000004,True
f73fb7fe-eda8-4289-804b-95e677c70d5b,System3,System3_1,2024-09-26 17:17:25.625000+00:00,29020.992,True
947f949b-7980-49d8-a6d8-13b77c6719dd,System8,System8_2,2024-09-26 17:20:09.500000+00:00,21.025804800000003,True
ad3d3321-f4e3-4496-81af-bd42d21d1c5d,System8,System8_2,2024-09-26 23:36:57.500000+00:00,25.830604800000003,True
bdf95774-de12-4a06-acce-1d996f5250f8,System3,System3_1,2024-09-27 00:04:47.625000+00:00,29059.4304,True
269ffe27-af57-4c6a-8f3e-3d6dae9aa041,System6,System6_2,2024-09-27 13:56:01.375000+00:00,344.74440000000004,True
a31cf675-4c55-4f86-a5bb-2d756e25da64,System6,System6_1,2024-09-27 16:25:40.375000+00:00,344.74440000000004,True
8c92cfe9-ff6f-45eb-8da1-18c02c74cd92,System6,System6_2,2024-09-27 20:38:05.375000+00:00,306.30600000000004,True
ae2ba554-ade8-46ce-bee4-f4c2951e9800,System8,System8_2,2024-09-27 21:50:03.500000+00:00,19.2192,True
16015334-5341-4123-a73c-6175d776c332,System3,System3_1,2024-09-28 00:35:34.625000+00:00,29049.8208,True
8aab3fec-301a-480e-a998-a81889a49c19,System12,System12_4,2024-09-29 10:55:20.500000+00:00,28.8288,True
9991a641-b67b-42f8-be4d-33df10a923d8,System8,System8_2,2024-09-29 11:18:05.500000+00:00,24.024,True
a6586682-845f-4a6f-a8e0-15038db27b98,System7,System7_1,2024-09-29 14:49:07+00:00,1148.3472000000002,True
bb7b6b99-d1d3-42a6-8e8c-151d694fc145,System3,System3_1,2024-09-29 15:51:53.625000+00:00,29020.992,True
e3fd8e47-13f4-4aec-b4fd-c0ee71ccc01b,System8,System8_2,2024-09-29 17:16:17.500000+00:00,21.6216,True
eafaf10d-bbd0-4251-b955-8d4a095130fe,System3,System3_1,2024-09-29 18:21:53.625000+00:00,29059.4304,True
a08ac1e2-5297-44ae-9834-3992763e1cdc,System3,System3_1,2024-09-29 20:35:53.625000+00:00,29040.2112,True
336b4533-3276-4d3b-8ad0-84798fcebff9,System3,System3_1,2024-09-29 21:25:46.625000+00:00,28963.3344,True
6a2a7f08-6212-4239-8c97-3da4a407e8fe,System4,System4_2,2024-09-29 21:26:16.625000+00:00,4.7279232,True
a616b815-c047-4db4-bc8b-5004614b1462,System4,System4_1,2024-09-29 21:26:16.625000+00:00,5.76576,True
f951fb7c-c848-494a-aec9-7584b09edef9,System6,System6_1,2024-09-30 00:34:16.375000+00:00,306.30600000000004,True
8bf88052-c911-44c7-9353-2363641e6899,System6,System6_2,2024-09-30 00:34:21.375000+00:00,306.30600000000004,True
cd8b4daf-2b51-4181-9f2f-654ab900e715,System3,System3_1,2024-09-30 00:35:22.625000+00:00,29011.3824,True
12c8c84a-0ddf-46f0-8ec4-b1979dc9e655,System3,System3_1,2024-09-30 03:09:26.625000+00:00,29049.8208,True
a55d6f5a-4bd6-4b51-a02c-f18357ad4556,System8,System8_1,2024-09-30 12:54:19+00:00,20.4204,True
8c3b173e-1722-486a-aa8e-cd155eee3647,System8,System8_2,2024-09-30 12:54:45.500000+00:00,21.025804800000003,True
86b6daf8-561e-4350-9675-0f0aac4c625f,System3,System3_1,2024-09-30 14:11:48.625000+00:00,29059.4304,True
45a76152-18ed-4a3a-8b10-beda877c534a,System8,System8_2,2024-09-30 19:34:40.500000+00:00,27.6276,True
63e0ed14-d666-4b3f-9318-bdbabd86866e,System3,System3_1,2024-09-30 20:11:34.625000+00:00,29059.4304,True
2d2eba83-ad46-4e7f-9022-59d27dfd602b,System6,System6_2,2024-09-30 22:46:44.375000+00:00,306.30600000000004,True
0575688a-efb2-46c1-a2e3-5e81e64423c3,System8,System8_2,2024-09-30 23:26:11.500000+00:00,19.824604800000003,True
eaeffab7-518f-41e9-a0a1-4f342eda8bfb,System6,System6_2,2024-10-01 01:07:28.375000+00:00,8.4084,True
fd61a0af-487a-4517-aa40-ec0fd4f85876,System13,System13_1,2024-10-01 13:37:33+00:00,28.8288,True
bad66894-bbf1-4a55-b63f-17a80ac25ae1,System12,System12_4,2024-10-01 13:38:39.500000+00:00,28.8288,True
4b6ebb98-9568-4810-adcc-586c3de44aa9,System8,System8_2,2024-10-01 14:06:45.500000+00:00,22.8228,True
a2b47690-7862-40f7-91ee-a405a6eb44bc,System3,System3_3,2024-10-01 15:22:36.625000+00:00,30423.9936,True
794a2444-10ee-4747-9230-775f0de7759e,System6,System6_1,2024-10-01 16:05:30.375000+00:00,306.30600000000004,True
b620d577-6575-460b-b32b-e11c530b28bc,System6,System6_2,2024-10-01 16:05:31.375000+00:00,344.74440000000004,True
f21c5144-ed5f-4486-a8cf-3b882dc9720f,System8,System8_2,2024-10-01 17:52:17.500000+00:00,19.824604800000003,True
309fd251-daa8-4c32-bf17-ec2d98434915,System6,System6_1,2024-10-01 19:29:27.375000+00:00,344.74440000000004,True
5d3ff6b9-df45-453f-afd2-385662da785c,System6,System6_2,2024-10-01 19:29:32.375000+00:00,383.1828,True
17d3d792-1309-4330-8a94-53d32a459b5a,System3,System3_1,2024-10-01 19:29:43.625000+00:00,29049.8208,True
d6d7e13b-b2f0-41e0-abcc-8ff0936b783a,System3,System3_1,2024-10-02 00:37:41.625000+00:00,29049.8208,True
7ec7301e-8dfc-433f-a6fe-f933a72a789e,System3,System3_1,2024-10-02 02:43:31.625000+00:00,29059.4304,True
71d28589-52b5-47e2-9a4e-9963259fe031,System8,System8_2,2024-10-02 04:34:33.500000+00:00,21.6216,True
82f634dc-777e-4839-9128-4924ff0446c9,System12,System12_4,2024-10-02 13:18:52.500000+00:00,28.8288,True
51f951df-d0dd-47b9-a8d1-d394e4d6ec20,System3,System3_1,2024-10-02 17:58:57.625000+00:00,29030.6016,True
9e48d1ec-85fa-43ae-93c9-f9a3d9f065c8,System3,System3_1,2024-10-02 19:23:11.625000+00:00,29030.6016,True
d1e61809-26c2-417f-92a3-19ecc5f42e20,System8,System8_2,2024-10-02 19:23:28.500000+00:00,20.4204,True
20c2f5df-74bd-4f8e-8b22-ce64b7e6c74b,System8,System8_2,2024-10-02 21:01:21.500000+00:00,24.629404800000003,True
0485a0e3-d4b9-42ea-b6a2-997c6698f766,System3,System3_1,2024-10-02 21:53:11.625000+00:00,29020.992,True
e9569e1d-348f-4fa0-8a49-1def9d895272,System3,System3_3,2024-10-03 02:33:06.625000+00:00,30212.5824,True
75acb2b6-f4c4-4bf2-8cf9-e48ec9fe5799,System5,System5_1,2024-10-03 12:06:31+00:00,24.024,True
cd9dac62-e1e0-4a7d-8f05-6bf228f3f905,System3,System3_3,2024-10-03 13:41:49.625000+00:00,30212.5824,True
6b3360cc-6bb9-4c1a-98d0-07d615981164,System8,System8_2,2024-10-03 16:41:06.500000+00:00,36.036,True
6d030cf7-f420-4cc6-bf84-d817f2f397b1,System11,System11_2,2024-10-03 17:17:08+00:00,11.3489376,True
e1252145-ca65-4521-ad05-bb3c68b7bbf7,System3,System3_3,2024-10-03 20:06:24.625000+00:00,30251.0208,True
befb8f4a-1ecd-4a7b-81c9-f4b79911d277,System3,System3_1,2024-10-03 20:14:48.625000+00:00,29040.2112,True
891c727c-adbe-4bbb-bdb2-0a3d701348bc,System8,System8_2,2024-10-03 22:17:17.500000+00:00,27.031804800000003,True
c0bbf68f-9383-4bb8-89b3-2ae00a16813d,System3,System3_3,2024-10-03 22:48:07.625000+00:00,30231.801600000003,True
29e549de-fe2f-48f7-8127-72734c091397,System8,System8_2,2024-10-04 00:21:12.500000+00:00,19.2192,True
695b687f-de0a-4a86-a17c-65897cb57b36,System6,System6_2,2024-10-04 01:07:30.375000+00:00,306.30600000000004,True
83c3b4c1-ddcf-48f9-a69d-81fdaa448ebd,System12,System12_3,2024-10-04 16:06:07.500000+00:00,48.048,True
c8203eef-e1ce-4abc-8d66-680073be9daa,System3,System3_1,2024-10-04 19:01:52.625000+00:00,29040.2112,True
adf5d4b7-4ff9-4855-b7e4-e9fa4e822fea,System8,System8_2,2024-10-04 19:22:17.500000+00:00,24.024,True
95150897-be55-48ee-955f-01bdb928c4b1,System6,System6_2,2024-10-04 20:09:27.375000+00:00,383.1828,True
0c7a96c1-98c6-4768-9229-3599d66af732,System8,System8_2,2024-10-04 23:59:05.500000+00:00,21.6216,True
8674cdd2-d22e-4cd7-b1d5-16ec8f19daff,System3,System3_1,2024-10-05 00:26:09.625000+00:00,29049.8208,True
d855ecca-20bb-413d-91c5-06d78a710fb2,System12,System12_4,2024-10-05 11:28:00.500000+00:00,28.8288,True
c866890c-1d33-4441-bd01-dd4fd563ebaf,System3,System3_1,2024-10-05 15:37:03.625000+00:00,29040.2112,True
678bde15-b908-4e9a-8e47-fd10e97f99c2,System3,System3_1,2024-10-05 21:06:07.625000+00:00,29011.3824,True
4924b74a-2040-4833-a3ee-f6fdfbe15605,System8,System8_2,2024-10-05 22:41:35.500000+00:00,31.2312,True
7bda69ee-d42d-4d39-b56d-78a824c498e9,System6,System6_2,2024-10-05 23:23:06.375000+00:00,421.6212,True
ddc33fcf-4d7c-42e9-9740-c2d586ade689,System6,System6_1,2024-10-05 23:23:09.375000+00:00,306.30600000000004,True
948c7d28-4e54-455a-97ba-08a12b6ba638,System6,System6_2,2024-10-06 01:06:10.375000+00:00,306.30600000000004,True
90807825-4920-4f59-aea6-d876d9385f46,System6,System6_1,2024-10-06 10:40:26.375000+00:00,344.74440000000004,True
e36cd4f6-f977-4c7f-a2a3-7017db3949f4,System6,System6_2,2024-10-06 10:40:27.375000+00:00,306.30600000000004,True
178849d1-4d9e-4a0f-8e12-7afaa39c4f96,System11,System11_2,2024-10-06 14:42:46.250000+00:00,76.5596832,True
256456b9-2fc6-4c03-82d4-973c83371f0f,System11,System11_1,2024-10-06 14:42:47.250000+00:00,82.56568320000001,True
1f963ab9-08f5-4e72-b366-7ca2d9fc1fc2,System8,System8_2,2024-10-06 16:33:28.500000+00:00,21.6216,True
b5756daf-62ae-4868-96b1-5b8e4d4069da,System3,System3_1,2024-10-06 21:31:53.625000+00:00,29020.992,True
e1397691-3213-49ac-bd30-4c4747e3992b,System8,System8_2,2024-10-07 03:08:10.500000+00:00,29.434204800000003,True
3f0b9117-4628-4acc-a730-e20a8dabd7ac,System3,System3_1,2024-10-07 03:42:46.625000+00:00,29020.992,True
87b5baba-0560-4516-9984-b86397f7186f,System8,System8_2,2024-10-07 15:44:52.500000+00:00,22.8228,True
2e8a51ea-1674-4c68-afc0-f042aa820306,System11,System11_1,2024-10-08 12:57:24.250000+00:00,82.56568320000001,True
0d38b3f0-0bc1-4b45-9f3f-b5b88d757aed,System11,System11_2,2024-10-08 15:51:28.250000+00:00,83.12304,True
319650bc-a9ac-4936-a6fb-5b34ada0274f,System6,System6_2,2024-10-08 16:58:03.375000+00:00,306.30600000000004,True
dbbb1a0a-0998-4189-82ba-3eb8bcc0c1e6,System6,System6_1,2024-10-08 16:58:06.375000+00:00,306.30600000000004,True
785ec61d-58c0-4e6b-97ce-41cefca21bf9,System6,System6_1,2024-10-08 17:01:06.375000+00:00,306.30600000000004,True
8d81bfd6-977c-406d-bf22-4a1c36cbe4d0,System11,System11_1,2024-10-08 19:12:37.250000+00:00,80.16328320000001,True
50d2a6ad-7e84-40f1-b8de-a1968a4a9d86,System6,System6_2,2024-10-08 20:19:15.375000+00:00,344.74440000000004,True
af8bca6c-b067-4d3b-8786-8e3830bf8d8f,System11,System11_1,2024-10-09 03:58:46.250000+00:00,86.00592,True
fd88509e-babb-4d97-9831-963c9e9d71f2,System3,System3_3,2024-10-09 04:04:35.625000+00:00,30385.555200000003,True
ad4b9484-49c2-43f0-a633-b999f7504927,System3,System3_1,2024-10-09 04:16:47.625000+00:00,29059.4304,True
3ad6c436-3b15-4787-9ad1-c128c0009cca,System13,System13_2,2024-10-09 10:55:41+00:00,28.8288,True
75671848-819f-4605-af43-38971faebbe3,System8,System8_2,2024-10-09 14:50:09.500000+00:00,19.2192,True
2a0debd5-a111-4224-ad82-e8b31c08799d,System3,System3_3,2024-10-09 15:41:02.625000+00:00,30241.4112,True
eaae4764-c63d-48e9-b627-f5e36844fb30,System3,System3_1,2024-10-09 19:15:36.625000+00:00,28982.5536,True
1dacdb65-bf6b-4541-a693-cdf52189cb6b,System8,System8_2,2024-10-09 21:24:00.500000+00:00,26.4264,True
ba1fc6e2-a047-41fa-a3c0-d6afb9c5d305,System3,System3_1,2024-10-10 00:03:23.625000+00:00,29001.7728,True
a7d34673-a9f4-433f-a20a-c7caac74235e,System13,System13_2,2024-10-10 11:41:10+00:00,28.8288,True
145bfeb5-d2fa-4cea-8c58-2effe2e21ba2,System3,System3_1,2024-10-10 20:23:18.625000+00:00,28992.163200000003,True
e2ab93a5-15bc-4e8d-8b39-3e375cd85960,System3,System3_3,2024-10-11 03:36:39.625000+00:00,30260.6304,True
e9b06355-173f-4b0a-a9af-e30541e0f15b,System6,System6_2,2024-10-11 04:13:32.375000+00:00,344.74440000000004,True
1182a2f7-8612-4112-9c1e-6f8af14a8568,System13,System13_2,2024-10-11 14:54:22+00:00,28.8288,True
d6076311-cc69-4c47-af3b-544b92d9586f,System12,System12_4,2024-10-11 14:55:30.500000+00:00,28.8288,True
b6829c76-bca8-48ac-8ff5-7e393c307406,System3,System3_3,2024-10-11 17:06:42.625000+00:00,30404.7744,True
ac447d3f-7033-41c0-9bb8-c75f7b38c045,System3,System3_3,2024-10-12 13:40:14.625000+00:00,30222.192000000003,True
023cd1ed-0bf7-4bbc-b067-843cd2e32952,System6,System6_2,2024-10-12 13:56:05.375000+00:00,306.30600000000004,True
6222e02c-cd90-4173-873e-c2e2e603b3b6,System6,System6_2,2024-10-12 16:42:21.375000+00:00,383.1828,True
6de07bcf-ff26-43c3-8b99-125f5768fa8b,System11,System11_2,2024-10-12 20:25:38.250000+00:00,11.77176,True
fb33d0f4-7b0c-49ab-af38-c84a4f011752,System8,System8_2,2024-10-13 02:01:11.500000+00:00,21.025804800000003,True
0cd798af-fc1a-4254-bfd0-d3ef0b584989,System3,System3_3,2024-10-13 02:58:19.625000+00:00,30491.2608,True
5282d44a-9b05-4c9e-8018-83606daca0fd,System9,System9_1,2024-10-13 04:26:01.500000+00:00,5842.6368,True
25ef54aa-48ef-4609-be31-e17dd6696e7c,System12,System12_3,2024-10-13 14:58:34.500000+00:00,28.8288,True
bf0b8f92-f0e4-45fb-be17-319b271e4229,System4,System4_2,2024-10-13 15:05:50.625000+00:00,2.6714688000000004,True
194532b3-6fa5-4ab8-afd1-2f2d4aa2782a,System3,System3_3,2024-10-13 16:50:54.625000+00:00,30404.7744,True
aa93e40a-6802-4768-a75b-6150064b968c,System6,System6_2,2024-10-13 20:47:59.375000+00:00,306.30600000000004,True
6dac6c78-5f01-4d31-81c7-60276d64feea,System6,System6_2,2024-10-14 04:35:18.375000+00:00,306.30600000000004,True
b0d1ebb0-0d3b-4e3f-bea9-84e177826fae,System6,System6_2,2024-10-14 05:53:18.375000+00:00,306.30600000000004,True
71ef9a9c-7af8-44ce-9dd4-b080e563a718,System6,System6_2,2024-10-14 08:57:46.375000+00:00,306.30600000000004,True
055697db-1153-45ac-8b95-a54a3a106cd0,System4,System4_1,2024-10-14 12:48:02.625000+00:00,4.8048,True
880cd492-8522-4a53-bfa0-f63487b491a6,System4,System4_2,2024-10-14 12:48:02.625000+00:00,3.9687648,True
27fa4e92-d8f9-4f2b-9d6a-c8e80b1fb51e,System4,System4_2,2024-10-14 15:28:05.625000+00:00,2.738736,True
1039313a-ba25-45de-92e2-62c871d22dd5,System3,System3_3,2024-10-14 16:19:29.625000+00:00,30231.801600000003,True
54711f38-c736-492b-8318-c0feb1b3969b,System6,System6_1,2024-10-14 16:46:29.375000+00:00,306.30600000000004,True
8ecf3ffe-0def-4e5d-b145-4a805ac7e10d,System6,System6_2,2024-10-14 16:46:42.375000+00:00,306.30600000000004,True
a7f1c0db-312d-45ba-82b0-a8ce9c08dbb4,System6,System6_2,2024-10-14 19:30:06.375000+00:00,306.30600000000004,True
0548d839-ccd3-4ec5-936e-92e73ddae148,System12,System12_3,2024-10-15 11:30:40.500000+00:00,28.8288,True
d65582c9-9dc8-40ce-8623-baab65b4273f,System8,System8_2,2024-10-15 11:56:00.500000+00:00,20.4204,True
01eee32a-5151-413d-90e1-acb6a4e1d122,System6,System6_1,2024-10-15 12:20:26.375000+00:00,344.74440000000004,True
f24fa6de-d500-4d07-bae4-a29adb1d067d,System6,System6_2,2024-10-15 12:20:31.375000+00:00,344.74440000000004,True
95229f9c-b476-48d0-a139-00a02f9bf64c,System8,System8_2,2024-10-15 14:37:07.500000+00:00,22.227004800000003,True
bb9826c7-0832-4ce2-a383-a362aa34e6e2,System11,System11_1,2024-10-15 14:43:51.250000+00:00,94.2509568,True
218b6d34-9683-42ec-be32-f0b9bf830342,System3,System3_3,2024-10-15 15:26:38.625000+00:00,30337.5072,True
47439b97-53dc-4792-a40a-0f3c9954c1b7,System3,System3_1,2024-10-15 15:38:08.625000+00:00,29049.8208,True
4e8176cb-e80b-48b9-aa25-3f60be3b3304,System6,System6_2,2024-10-15 15:38:53.375000+00:00,383.1828,True
729f5072-4050-42f8-8c97-fddb87741952,System6,System6_2,2024-10-15 18:09:21.375000+00:00,306.30600000000004,True
e06015ff-c16b-4fbd-8f0e-bcf18e8ca4a7,System3,System3_3,2024-10-15 21:14:17.625000+00:00,30231.801600000003,True
d9142ed6-39dc-44e7-9d5f-7f65f56f8500,System13,System13_1,2024-10-16 12:01:15+00:00,28.8288,True
2474c1d4-9110-4f1e-8ddd-4eda7b5eda0d,System9,System9_1,2024-10-16 12:01:42.500000+00:00,4478.0736,True
aaf39e60-cafb-43c1-8c9f-e7e52d16c169,System4,System4_2,2024-10-16 13:48:15.625000+00:00,2.7291264,True
060e88ba-ddb4-4991-984d-007083d9ee1c,System4,System4_2,2024-10-16 17:39:36.625000+00:00,2.4600576000000003,True
c982e7c5-258b-49dc-8167-a9a6cbf6ae07,System11,System11_2,2024-10-16 20:00:54.250000+00:00,93.0497568,True
78836ba7-068e-44e0-b02d-a92d242b2ab7,System4,System4_2,2024-10-16 22:18:24.625000+00:00,2.5945920000000005,True
75ac8ff2-d3c8-4fb8-85d8-aaf3be4dfe62,System6,System6_2,2024-10-17 00:41:49.375000+00:00,306.30600000000004,True
3759870b-d461-4456-86a1-ddefe7d685da,System6,System6_2,2024-10-17 00:45:05.375000+00:00,344.74440000000004,True
0ed3b25c-9c31-4988-bfe4-3624248f6a94,System8,System8_2,2024-10-17 01:17:28.500000+00:00,21.025804800000003,True
9350661c-b573-4947-b167-9c53a43fd478,System4,System4_2,2024-10-17 03:30:20.625000+00:00,2.354352,True
70cdf552-d93c-4dd8-8d5e-f279919cbcf3,System8,System8_2,2024-10-17 10:32:23.500000+00:00,19.2192,True
6c2e3ddb-120e-417f-abef-b0c976382c8f,System6,System6_2,2024-10-17 11:04:03.375000+00:00,306.30600000000004,True
9c845431-1d80-4a67-80f7-daa323ff9881,System4,System4_2,2024-10-17 12:43:54.625000+00:00,2.5177152,True
33da12bd-e41a-48d9-9e7e-083b44eaed79,System8,System8_2,2024-10-17 13:12:28.500000+00:00,20.4204,True
0f84471f-dd72-4b89-a866-4c7036a120b6,System3,System3_3,2024-10-17 14:20:04.625000+00:00,30279.8496,True
bee6d3fe-82e2-4360-a40c-85ca9925bfe6,System4,System4_2,2024-10-17 16:04:38.625000+00:00,2.64264,True
1420f0d8-124f-47e9-8598-58dc3e6a95c2,System6,System6_1,2024-10-17 17:43:42.375000+00:00,306.30600000000004,True
ef2c9507-a8f0-4060-99a6-ff557808bd3c,System6,System6_2,2024-10-17 17:43:47.375000+00:00,344.74440000000004,True
5be5dc02-a056-4aa4-a22c-03d576051b11,System3,System3_3,2024-10-17 21:17:41.625000+00:00,30231.801600000003,True
086b424d-ffb0-44bc-a5fb-266b8f4d9deb,System4,System4_2,2024-10-17 23:42:58.625000+00:00,2.7771744,True
4b5f9bcc-7e5b-4af3-96d6-c006d1bf3441,System3,System3_3,2024-10-18 00:58:46.625000+00:00,30241.4112,True
51611ce8-7137-4c04-a9e0-6d0c4b61519d,System6,System6_1,2024-10-18 01:09:46.375000+00:00,306.30600000000004,True
bfb9dfea-291d-455e-9621-dd68b832df21,System3,System3_1,2024-10-18 01:10:18.625000+00:00,29059.4304,True
e813c916-e148-4c2a-a307-2c71909ce522,System4,System4_2,2024-10-18 03:24:35.625000+00:00,2.5369344000000003,True
3a79ca46-6007-46f0-aed1-d0e2f6b38c8d,System3,System3_1,2024-10-18 04:06:33.625000+00:00,29040.2112,True
207bd1f7-4e78-4529-9eda-e3302187986b,System4,System4_2,2024-10-18 10:13:57.625000+00:00,2.3255232,True
ae9653e1-5ea1-450d-9f42-32cbc485ee0f,System6,System6_2,2024-10-18 11:01:34.375000+00:00,306.30600000000004,True
687c4941-ed69-42ed-ace5-94fe80b72daa,System4,System4_2,2024-10-18 13:17:57.625000+00:00,2.738736,True
2a95f7f8-c4c2-44fb-9ee6-4aa9b6e9ef28,System8,System8_2,2024-10-18 13:45:47.500000+00:00,24.024,True
ca497ba6-fe18-41cd-8fed-8e6f1134d954,System6,System6_2,2024-10-18 14:24:02.375000+00:00,306.30600000000004,True
5b0496e7-c06d-42ad-93b3-63a61d076b05,System4,System4_2,2024-10-18 16:09:45.625000+00:00,2.4216192000000003,True
7409b2b7-98e4-408e-843f-a00fbb7a5363,System8,System8_2,2024-10-18 16:31:02.500000+00:00,21.025804800000003,True
3a26d127-fd60-436a-a44d-617272f2ee1c,System8,System8_2,2024-10-18 20:33:09.500000+00:00,25.830604800000003,True
393b6f5b-35ce-4860-a3a9-b435b350cb33,System3,System3_1,2024-10-18 21:40:55.625000+00:00,29059.4304,True
53cd126f-4c03-4fff-97ec-ac1b491257f9,System4,System4_2,2024-10-18 23:36:55.625000+00:00,2.8540512,True
a225fa8f-be20-424c-8825-c972dd84ce62,System6,System6_1,2024-10-19 01:07:39.375000+00:00,383.1828,True
7e472b25-81dd-419f-ae4a-d4bbf92d4a25,System6,System6_2,2024-10-19 01:07:40.375000+00:00,383.1828,True
f101f013-8945-49cc-966d-23a0eae6d5dc,System6,System6_2,2024-10-19 01:16:12.375000+00:00,421.6212,True
a421cead-d883-45f2-8e9e-90530d649b79,System4,System4_2,2024-10-19 03:06:49.625000+00:00,2.5561536,True
7f90ffb4-8f3d-4a81-a5d1-d07e37a8a9de,System3,System3_1,2024-10-19 04:05:57.625000+00:00,29040.2112,True
86b07fd9-6783-4452-94ca-00d989521d2d,System8,System8_2,2024-10-19 16:07:44.500000+00:00,23.428204800000003,True
2e50a967-646d-4734-a64a-9c3bc9434d4a,System3,System3_3,2024-10-19 16:57:48.625000+00:00,30327.8976,True
8233ffa8-336f-4e50-8e19-4a8afa3dc2fd,System4,System4_2,2024-10-19 19:18:35.625000+00:00,2.3447424,True
8a1445f5-46c1-4e6c-89d9-fa2fd765db34,System3,System3_1,2024-10-19 19:48:45.625000+00:00,29059.4304,True
ac7442e9-80a3-40c0-b3fb-6460fa44b371,System4,System4_2,2024-10-20 00:10:22.625000+00:00,2.64264,True
dcd0096a-4406-4ff2-8f93-fd9b9a7f0c9f,System6,System6_2,2024-10-20 01:12:11.375000+00:00,306.30600000000004,True
75711bbc-f4cb-423b-abde-25fa0f3fdb22,System4,System4_2,2024-10-20 13:42:58.625000+00:00,2.5561536,True
6c3d0181-d4ea-4017-a2a5-31106bef21fe,System6,System6_2,2024-10-20 15:05:39.375000+00:00,306.30600000000004,True
79b8b529-e8c9-4c18-a47f-8bd131762433,System4,System4_2,2024-10-22 16:14:51.625000+00:00,2.6618592000000003,True
e57ce09a-4cdf-40df-a369-1de3bd9fc0be,System6,System6_1,2024-10-22 17:55:07.375000+00:00,306.30600000000004,True
f501eaac-13e8-43cf-89ea-332a6eaaa1d6,System6,System6_2,2024-10-22 17:55:08.375000+00:00,306.30600000000004,True
9bb738ac-0b2e-4855-ab15-7de2c59e79af,System9,System9_1,2024-10-22 18:13:27.500000+00:00,5669.664000000001,True
1b2cf804-0f10-4e6c-b3a6-f41e39d49873,System5,System5_1,2024-10-22 21:15:41+00:00,38.4384,True
1592bbd7-1b44-4ce6-a12b-7ad052c3fe69,System4,System4_2,2024-10-22 23:46:53.625000+00:00,2.786784,True
988edb79-3ac5-4dd9-b688-1ea545d24340,System8,System8_2,2024-10-23 00:12:20.500000+00:00,21.6216,True
27ed48f5-51a2-4e6a-8cc0-7d0972e6401c,System3,System3_1,2024-10-23 01:29:45.625000+00:00,29059.4304,True
426fe364-7b1b-493e-b401-c7df3dc7df75,System4,System4_2,2024-10-23 13:44:24.625000+00:00,2.6522496,True
8bf1a5f0-0e4f-4116-b803-9ad9fe4be52f,System8,System8_2,2024-10-23 14:08:01.500000+00:00,25.830604800000003,True
c176cc83-46d7-40c1-b634-63f20559ad8d,System3,System3_3,2024-10-23 15:05:10.625000+00:00,30299.0688,True
87fdb212-ad15-450f-967f-46f1e3e868a8,System6,System6_2,2024-10-23 15:05:21.375000+00:00,383.1828,True
0fcc7baf-c0f4-4c38-965b-a7c8b379c673,System3,System3_1,2024-10-23 21:51:17.625000+00:00,29030.6016,True
fa638bbc-b13c-44f1-89da-3c3801753d1a,System8,System8_2,2024-10-23 22:00:54.500000+00:00,19.824604800000003,True
289ec48e-a3e8-4df7-832a-dd170ab1ccc7,System3,System3_3,2024-10-24 00:28:51.625000+00:00,30279.8496,True
2246eb97-1064-40d8-8dcd-ec314479eb52,System8,System8_2,2024-10-24 00:51:36.500000+00:00,19.2192,True
dc890ca8-56c4-4e72-8238-76f37dc84e00,System4,System4_2,2024-10-24 10:43:48.625000+00:00,2.7099072,True
3123dfe0-94f1-4f12-9b71-03368d6fec91,System8,System8_2,2024-10-24 11:07:20.500000+00:00,30.03,True
46939724-af94-4b19-bba8-e9ee8fc9ac94,System6,System6_2,2024-10-24 11:51:21.375000+00:00,306.30600000000004,True
704def37-0876-487b-8def-eb3fd8da708a,System6,System6_2,2024-10-24 12:20:41.375000+00:00,383.1828,True
f5a9d428-6371-46d0-afbc-00e54b54db7c,System4,System4_2,2024-10-24 15:45:53.625000+00:00,2.786784,True
48320f01-9769-4ef2-85b0-5308f08e1342,System6,System6_1,2024-10-24 16:12:33.375000+00:00,306.30600000000004,True
f495cbf2-def9-4355-ac19-94d0e079dea9,System4,System4_2,2024-10-24 17:55:31.625000+00:00,2.64264,True
a2b3162d-28bd-4137-a7ef-a55e15ea6a25,System4,System4_2,2024-10-24 22:37:11.625000+00:00,2.5657632,True
db7cf020-43b7-450e-8114-50581577327c,System6,System6_2,2024-10-25 01:20:01.375000+00:00,306.30600000000004,True
6e66ee5a-862a-4469-a560-4ebfbad9f6ad,System3,System3_3,2024-10-25 02:46:00.625000+00:00,30318.288,True
2fc78b30-895d-42bd-82e4-d1bdecaf44d9,System3,System3_1,2024-10-25 04:34:06.625000+00:00,28953.7248,True
4aab5d04-fbb0-462c-8c93-2a5517382ec7,System4,System4_2,2024-10-25 12:10:10.625000+00:00,2.3927904,True
e197b50a-be4c-468c-abf1-51c94ded2d6d,System8,System8_2,2024-10-25 12:32:00.500000+00:00,19.2192,True
dfbe0f99-af8f-42cb-bbb8-723c0d0b0b64,System3,System3_3,2024-10-25 13:17:42.625000+00:00,30289.4592,True
f130d53f-b6c1-43a1-8723-217abbe3f626,System11,System11_2,2024-10-25 16:30:18.250000+00:00,74.3110368,True
2a243ad0-ffe3-4c01-a8a2-f85bcdd1d20a,System6,System6_1,2024-10-25 18:34:02.375000+00:00,306.30600000000004,True
b7e804d6-3506-4572-b70e-14964f5cd680,System5,System5_1,2024-10-25 21:42:49+00:00,2.4024,True
6c6bc850-f097-46fc-92ee-10424627fc07,System8,System8_2,2024-10-25 21:55:17.500000+00:00,26.4264,True
21edfc77-b59e-4545-b3db-4979a6e38d39,System4,System4_2,2024-10-26 02:25:55.625000+00:00,2.8156128,True
138dc22d-f9d9-4c59-8c4b-2035976844e0,System3,System3_1,2024-10-26 02:26:01.625000+00:00,29040.2112,True
6904f7ff-6d3f-45d3-ad6c-acb74cd39d95,System8,System8_2,2024-10-26 14:26:48.500000+00:00,31.2312,True
2f0c7c33-4490-4539-9203-be5bb32039c4,System3,System3_3,2024-10-26 15:28:26.625000+00:00,30212.5824,True
9d5e1f14-2fc1-4392-9069-d1bd6f15692c,System6,System6_2,2024-10-26 15:42:11.375000+00:00,306.30600000000004,True
a86050ed-209d-4eaf-ba7a-159599eccd63,System4,System4_2,2024-10-26 17:30:38.625000+00:00,2.450448,True
dad535c4-2565-4e95-b366-dece106e6662,System8,System8_2,2024-10-26 21:10:24.500000+00:00,33.0378048,True
5a5a06a0-7109-4d99-a94d-672a7d715b6e,System11,System11_1,2024-10-26 21:26:05.250000+00:00,88.0912032,True
71116f79-3802-451d-bf03-35546bace183,System4,System4_2,2024-10-26 23:48:54.625000+00:00,2.5945920000000005,True
c005e0da-5f91-461b-90e6-edebe3418d78,System4,System4_2,2024-10-27 02:27:43.625000+00:00,2.5849824000000003,True
e7c3fd42-8513-4ec6-b089-e8c1af9d02a1,System8,System8_2,2024-10-27 03:18:55.500000+00:00,21.6216,True
9b110092-6eb8-4348-afb5-b0529db6d042,System3,System3_1,2024-10-27 03:20:57.625000+00:00,29049.8208,True
509f3ab1-8121-4cb8-8410-d8b84a86ba39,System4,System4_2,2024-10-27 05:48:35.625000+00:00,2.7675648,True
529325a1-7f2d-41a4-895b-8e9c0088e4e2,System3,System3_1,2024-10-27 05:48:39.625000+00:00,29049.8208,True
55e8f12b-012e-4312-954a-1dfea01c04a2,System6,System6_1,2024-10-27 06:01:07.375000+00:00,344.74440000000004,True
a1ae1818-7be3-4c83-abb3-3c2e9d59ca2a,System6,System6_2,2024-10-27 06:01:12.375000+00:00,306.30600000000004,True
be7d6a1e-c3ea-4d04-a06f-a1b99c598822,System4,System4_2,2024-10-27 14:09:49.625000+00:00,2.4600576000000003,True
18257a34-9471-4927-84cf-937d1ea9cf5e,System3,System3_1,2024-10-27 16:21:03.625000+00:00,29049.8208,True
4893694f-44dc-475f-9167-f29b8db6d9c9,System4,System4_2,2024-10-27 18:14:41.625000+00:00,2.4024,True
3d241f16-d8ff-40bd-b9de-81ad70e903d7,System3,System3_1,2024-10-27 18:19:35.625000+00:00,29011.3824,True
f5b97c04-fc5f-41da-831f-08b9e5d54b95,System3,System3_3,2024-10-27 21:06:06.625000+00:00,30241.4112,True
7a576ffc-4899-412f-aba7-292754756725,System4,System4_2,2024-10-27 22:57:55.625000+00:00,2.738736,True
123f2faa-144e-41ff-bfb0-75f36ae5ef87,System8,System8_2,2024-10-27 23:20:59.500000+00:00,34.239004800000004,True
14e01907-7283-48ad-afac-9fb1ebea7c36,System3,System3_3,2024-10-28 00:10:31.625000+00:00,30260.6304,True
da16839d-fd2f-4e0c-92d8-388f642b93fa,System11,System11_2,2024-10-28 02:05:01.250000+00:00,10.9741632,True
487f72ab-fc31-4cd9-b994-be1d91ca8fdf,System8,System8_2,2024-10-28 19:46:33.500000+00:00,19.824604800000003,True
64c93120-678d-43e2-8f21-b63bbdd470ba,System3,System3_1,2024-10-28 20:01:47.625000+00:00,29001.7728,True
ee203227-36ed-494a-819f-65e7989b2e2b,System4,System4_2,2024-10-28 21:22:27.625000+00:00,2.6810784000000005,True
d52856c1-53be-45fc-9726-fa2ae712a602,System4,System4_2,2024-10-29 00:18:31.625000+00:00,2.6234208000000003,True
d6a91ec2-3b83-4937-80bc-92e1e437aa53,System8,System8_2,2024-10-29 00:54:10.500000+00:00,26.4264,True
b239cf81-e284-41b2-89f6-e7c0c83b962f,System12,System12_3,2024-10-29 19:59:03.500000+00:00,28.8288,True
e5acb4c1-9499-47f8-ac00-9dbff2077e17,System3,System3_3,2024-10-29 21:27:43.625000+00:00,30356.7264,True
8873dedc-d0ad-4bc0-883f-fced48f598ee,System8,System8_2,2024-10-29 23:27:16.500000+00:00,28.233004800000003,True
1e305dd2-6c64-4a93-8acd-128d71549df3,System11,System11_1,2024-10-30 03:02:36.250000+00:00,75.7524768,True
2331ccc6-2118-40eb-9c6a-405f861e6a1a,System8,System8_2,2024-10-30 03:12:52.500000+00:00,20.4204,True
d2ad048b-1ffe-4e49-ad71-f06e07a76820,System8,System8_2,2024-10-30 16:47:18.500000+00:00,27.031804800000003,True
e8822592-70df-4e14-8f2b-d3e5f6440570,System4,System4_2,2024-10-30 18:54:11.625000+00:00,2.5369344000000003,True
f37a2cea-e9f9-4b8d-bde2-5de32da2cc9b,System8,System8_2,2024-10-30 22:33:33.500000+00:00,25.830604800000003,True
e7f9eca2-33d7-4a80-a338-403ae5ce2a06,System3,System3_3,2024-10-30 23:39:52.625000+00:00,30212.5824,True
6c80ab48-48c7-4902-846f-211aac3c40b5,System3,System3_1,2024-10-31 01:42:20.625000+00:00,28963.3344,True
0aa6a8e0-916a-4f21-9234-9fde75de4bba,System4,System4_2,2024-10-31 12:40:28.625000+00:00,2.5465440000000004,True
d2ab9e4c-ad31-4027-92f5-6f0473044cbd,System8,System8_2,2024-10-31 13:20:14.500000+00:00,19.2192,True
0e968e32-f821-47c3-b0a0-e5d491687aa9,System8,System8_2,2024-10-31 15:13:52.500000+00:00,31.2312,True
b70bf66c-aebe-4889-9474-6cc1cb7575e3,System6,System6_1,2024-10-31 18:16:49.375000+00:00,344.74440000000004,True
b1b642e4-82fb-4ebb-b7cd-1212b6bf577a,System6,System6_2,2024-10-31 18:16:54.375000+00:00,344.74440000000004,True
95d955fa-abdb-4c69-a6e6-0bef90475ae8,System6,System6_1,2024-10-31 18:29:05.375000+00:00,344.74440000000004,True
3c8f4cd3-c184-4cf4-a5ab-2d287e2495da,System6,System6_2,2024-10-31 18:29:06.375000+00:00,383.1828,True
a34f8a73-6c16-4c5f-a0eb-33d037c28657,System4,System4_2,2024-10-31 20:00:35.625000+00:00,2.4984960000000003,True
84f0cdd5-d9d4-4f27-9238-84adc304f586,System8,System8_2,2024-10-31 22:42:01.500000+00:00,26.4264,True
7cb485a4-3f98-479e-a3c2-44b091cdc699,System8,System8_2,2024-11-01 01:19:54.500000+00:00,31.2312,True
58d19637-9ada-4e2a-a37b-d742bdb04ad3,System3,System3_1,2024-11-01 03:38:02.625000+00:00,29059.4304,True
04d49520-6e69-4c40-8e11-108a89a57e1d,System6,System6_1,2024-11-01 04:33:58.375000+00:00,306.30600000000004,True
46e1ad2d-b3f7-46d9-a4a9-47ae2bc28edd,System6,System6_2,2024-11-01 04:33:59.375000+00:00,344.74440000000004,True
9c988906-7cc1-43fd-b425-fe405a223a78,System4,System4_2,2024-11-01 06:06:50.625000+00:00,2.5945920000000005,True
25147a70-6632-4c1a-ac75-65ecaeca6122,System3,System3_1,2024-11-01 06:07:10.625000+00:00,28992.163200000003,True
d9da6a7f-a7ff-401f-a0f8-0bc81c9f4d84,System3,System3_1,2024-11-01 17:47:47.625000+00:00,29020.992,True
b7e01a0a-e623-466c-8b08-0fb8f9f9cf9b,System3,System3_3,2024-11-01 21:30:20.625000+00:00,30395.1648,True
c0762100-1dba-4c8a-a778-ba1be6c8ba1d,System3,System3_3,2024-11-02 01:35:19.625000+00:00,30375.945600000003,True
f8dba4ed-0fdb-471d-8382-50ea60ab259e,System3,System3_1,2024-11-02 14:20:01.625000+00:00,29040.2112,True
4b13dc17-dbcc-40b2-9497-caa65ef11b93,System8,System8_2,2024-11-02 14:35:26.500000+00:00,25.2252,True
9c8a11da-6d8e-42bc-9e22-c4296454574a,System6,System6_1,2024-11-02 15:24:45.375000+00:00,306.30600000000004,True
4f6c36f9-5004-4939-8168-2ae90d58bfb3,System4,System4_2,2024-11-02 16:22:33.625000+00:00,2.4984960000000003,True
37a462c3-995e-4c30-be83-c796758ad81b,System4,System4_2,2024-11-02 22:24:15.625000+00:00,2.5177152,True
b007c818-4452-4f85-8f52-a88160ff0cef,System8,System8_2,2024-11-02 22:37:23.500000+00:00,27.6276,True
57c8203b-d5d1-4a41-a106-e37a7618ba90,System4,System4_2,2024-11-03 01:21:19.625000+00:00,2.3255232,True
10af1c37-807e-44d0-8cc7-0d91ab245e4b,System6,System6_1,2024-11-03 01:51:35.375000+00:00,383.1828,True
c6b5afc5-73b8-4457-bcba-4b841af9fdf9,System6,System6_2,2024-11-03 01:51:40.375000+00:00,344.74440000000004,True
e039b9ff-042b-4518-ade6-ba506f6d82a9,System3,System3_1,2024-11-03 01:53:09.625000+00:00,29001.7728,True
f222a9b4-56c7-4a22-aafb-9a6e430f6e63,System4,System4_2,2024-11-03 14:35:19.625000+00:00,3.4210176,True
eb0338ec-f20b-4171-be80-336d4e1c380d,System4,System4_1,2024-11-03 14:35:19.625000+00:00,3.84384,True
17c502b7-6d18-4162-9624-48c362464376,System4,System4_2,2024-11-03 19:11:32.625000+00:00,2.7483456,True
fd27c241-ae62-415e-99db-c833d74f6631,System3,System3_1,2024-11-03 19:22:10.625000+00:00,29040.2112,True
cd3c2584-c71c-4a99-a399-a936e087aa42,System8,System8_2,2024-11-04 02:05:54.500000+00:00,34.8348,True
db86e6e4-21b5-4949-984e-13517de8f573,System3,System3_1,2024-11-04 05:06:03.625000+00:00,29049.8208,True
5df38517-aaf8-40d7-b96b-fbda8e080043,System8,System8_2,2024-11-04 14:48:18.500000+00:00,20.4204,True
f7b0fc7f-dd53-40f9-b73e-eea20f908ef3,System4,System4_2,2024-11-04 15:39:27.625000+00:00,2.5753728,True
5292f7f9-9b3b-4a21-b99e-c49ca078e8f1,System5,System5_1,2024-11-04 16:29:31+00:00,16.8168,True
e3cce772-e584-47cb-983d-d517b311204d,System4,System4_2,2024-11-04 21:13:40.625000+00:00,2.6042016,True
dc30e41c-51a7-41c7-861e-57ab04cc99a2,System3,System3_1,2024-11-04 22:10:10.625000+00:00,29059.4304,True
d830d9f4-c9af-4b1a-b68e-b9c6c754d43d,System6,System6_1,2024-11-04 23:54:40.375000+00:00,344.74440000000004,True
eeebf365-dc08-4963-a0e9-f44c06472b8b,System6,System6_2,2024-11-04 23:54:41.375000+00:00,306.30600000000004,True
f2fa14cd-3010-4c2b-890c-d2571bf4f89b,System12,System12_4,2024-11-05 14:57:27.500000+00:00,28.8288,True
43d1a08d-0936-41d8-a48c-71e7eda6d1b9,System6,System6_1,2024-11-05 15:34:03.375000+00:00,306.30600000000004,True
55ad4b44-2dda-43dc-bee3-2f524bcb379b,System3,System3_1,2024-11-05 15:48:39.625000+00:00,29049.8208,True
c97be136-e4ac-4e74-896f-fbf97cb622ec,System8,System8_2,2024-11-06 02:46:43.500000+00:00,24.629404800000003,True
440e7ae5-316b-40a2-abfa-0ffe5fb97853,System3,System3_3,2024-11-06 04:02:14.625000+00:00,30222.192000000003,True
17127b52-6222-4fa4-b721-7cf4ba984c01,System3,System3_3,2024-11-06 16:30:05.625000+00:00,30251.0208,True
a0700074-bd81-4b6d-bbca-da73a3770cb7,System8,System8_2,2024-11-06 18:59:03.500000+00:00,21.025804800000003,True
1125e30e-7041-48e5-b964-5d94c111549e,System6,System6_2,2024-11-06 20:41:33.625000+00:00,3.6036,True
ad2bc686-a02a-42e3-b6a6-3a11a922d955,System8,System8_2,2024-11-06 23:46:06.500000+00:00,26.4264,True
b25ec6c9-b32d-4ee4-a472-adb58a31b5a7,System3,System3_1,2024-11-07 04:41:01.625000+00:00,29049.8208,True
5382f7ce-f2c6-4a39-9d22-475ce5f43282,System6,System6_2,2024-11-07 04:41:34.375000+00:00,303.9036,True
c5e4ea43-3a97-402e-b4c9-c54b00d64e54,System8,System8_2,2024-11-07 13:47:17.500000+00:00,30.03,True
0fd597e1-5fe4-4365-a411-80760386b013,System3,System3_3,2024-11-07 14:28:42.625000+00:00,30289.4592,True
69d08567-2f32-417a-ae86-de7bec7c7248,System3,System3_1,2024-11-07 14:33:30.625000+00:00,29049.8208,True
522b5af9-4351-45dd-bc16-d3d3aa069edd,System2,System2_1,2024-11-07 19:24:14+00:00,648.648,True
9e32c94e-22b5-4db4-a96f-d6d52da6b561,System3,System3_1,2024-11-07 19:46:01.625000+00:00,29030.6016,True
4bfb7996-af7f-416d-846c-2f95a0292a86,System3,System3_1,2024-11-07 22:48:45.625000+00:00,29049.8208,True
ff878f5a-59df-4a5a-a772-ae08e91b9750,System8,System8_2,2024-11-08 01:06:07.500000+00:00,25.2252,True
f11de0ed-8e6b-4551-a528-b2fd56fde108,System11,System11_1,2024-11-08 01:10:32.250000+00:00,85.52544,True
954ef634-a6af-4487-8522-f42425944098,System2,System2_1,2024-11-08 13:05:24+00:00,648.648,True
45040953-94c2-49c4-999a-980c20e6bd02,System7,System7_1,2024-11-08 16:29:46.125000+00:00,1147.146,True
8ccc6f75-c7b9-4464-af36-8d5d0697e2c9,System6,System6_2,2024-11-08 21:55:11.375000+00:00,306.30600000000004,True
c981465d-77ce-4648-8aa2-1f2e3f109629,System4,System4_2,2024-11-09 02:56:03.625000+00:00,2.4312288,True
5ac4ff32-929f-4b73-853f-c618f8ab1f12,System3,System3_1,2024-11-09 03:44:33.625000+00:00,29040.2112,True
9a7df2d5-145b-4ffd-9e8e-9e0050639f83,System3,System3_1,2024-11-10 01:09:41.625000+00:00,29020.992,True
f3f49fc0-1a0e-40f4-aa45-447f7d82dd7e,System6,System6_2,2024-11-10 14:45:28.375000+00:00,460.0596000000001,True
eb500efe-daef-4e2d-ac14-b9d462e84d82,System10,System10_1,2024-11-10 18:47:39.625000+00:00,1441.44,True
10dc1aee-aec0-4459-a7d4-7455962d4a16,System11,System11_1,2024-11-10 18:59:38.250000+00:00,73.51344,True
c7686be9-6d32-4e0a-9c1e-c9a31b30f2fd,System8,System8_2,2024-11-10 21:51:57.500000+00:00,21.6216,True
f0bb191b-009f-42ee-8778-31a096f6b4ae,System3,System3_1,2024-11-10 22:58:54.625000+00:00,29059.4304,True
e2276240-3c7c-4684-8142-1fb4028cd540,System4,System4_1,2024-11-11 02:01:11.625000+00:00,2.8540512,True
e6422560-f36c-4cf5-a139-790b34020ff4,System10,System10_1,2024-11-11 03:34:36.625000+00:00,1523.1216,True
bf9b6ed9-fd25-47fd-ae20-ddeaacd285b5,System3,System3_3,2024-11-11 03:42:51.625000+00:00,30299.0688,True
83da7193-7157-4efc-b9ca-abbc8aa62892,System13,System13_1,2024-11-11 14:55:53+00:00,48.048,True
6d102d69-50fe-44c1-ae3f-ff353fb16332,System3,System3_3,2024-11-11 17:43:00.625000+00:00,30337.5072,True
62d443e2-e7b0-43a5-b98f-7722f2e32dce,System6,System6_1,2024-11-11 17:48:44.375000+00:00,460.0596000000001,True
8fb3a14a-c254-4114-81b7-314f28541a62,System6,System6_2,2024-11-11 17:48:45.375000+00:00,460.0596000000001,True
8d3d43e0-8248-4a08-92d2-46dfaa7bf354,System2,System2_1,2024-11-11 23:30:51+00:00,648.648,True
68a913bf-416b-4f3c-8c84-fa0e4c31c3c4,System6,System6_1,2024-11-12 03:29:01.375000+00:00,344.74440000000004,True
d59126aa-6737-47b9-b47d-96a14f27f11a,System6,System6_2,2024-11-12 03:29:02.375000+00:00,383.1828,True
c173ad07-84ac-4fd8-8871-b5077ae9a250,System6,System6_1,2024-11-12 16:52:03.375000+00:00,306.30600000000004,True
25796578-a3b3-4619-aac0-81bd611ee9f1,System8,System8_2,2024-11-12 19:13:50.500000+00:00,23.428204800000003,True
6df10df6-1fbf-4523-b770-e3a796b19b8e,System8,System8_2,2024-11-12 22:52:19.500000+00:00,19.2192,True
26e60969-5874-4aba-8382-76777811670c,System6,System6_1,2024-11-12 23:16:27.375000+00:00,306.30600000000004,True
d06a0506-cabe-4918-a9fc-46d372616658,System6,System6_2,2024-11-12 23:16:36.375000+00:00,344.74440000000004,True
42eaefbe-603e-4893-abdf-8cbbcb0571a5,System3,System3_1,2024-11-12 23:18:03.625000+00:00,29011.3824,True
ea45184d-a912-4a99-98b7-fed5c423a254,System6,System6_2,2024-11-13 01:48:29.375000+00:00,306.30600000000004,True
83c985be-9e94-4e2c-9a50-3ab0e46046bb,System6,System6_2,2024-11-13 03:23:41.375000+00:00,344.74440000000004,True
c80f1f87-cfcd-4f15-b9de-bdc1694142ff,System3,System3_3,2024-11-13 04:06:40.625000+00:00,30289.4592,True
7f495274-e124-40fc-b968-0a1efa9998c6,System3,System3_1,2024-11-13 06:05:42.625000+00:00,28963.3344,True
cc1f5874-b371-4c1f-84dd-bd7fa9af1a3a,System2,System2_1,2024-11-13 06:26:59+00:00,651.6558048,True
92a0acb7-c066-4808-8b53-f5260aa58899,System6,System6_2,2024-11-13 21:32:07.375000+00:00,344.74440000000004,True
822e7879-e009-4111-ba0c-2684488a2d24,System8,System8_2,2024-11-13 21:37:47.500000+00:00,28.233004800000003,True
08c4f372-1b7b-4681-85ac-46dd8b96a2f6,System10,System10_1,2024-11-13 22:11:45.625000+00:00,1378.9776000000002,True
a695a43a-fe04-42fd-8e3a-012fb3663a4a,System3,System3_3,2024-11-14 00:51:56.625000+00:00,30251.0208,True
c98a6bae-d711-4f4a-bc79-25f0d5bab941,System3,System3_1,2024-11-14 03:43:04.625000+00:00,28963.3344,True
bb843622-d14c-4f31-8098-48915efa82ca,System3,System3_3,2024-11-14 22:33:42.625000+00:00,30222.192000000003,True
5b7e79b5-577a-4635-985c-019b82b5b165,System3,System3_3,2024-11-15 01:26:14.625000+00:00,30327.8976,True
3d4860ef-7b7a-4e5b-b056-c6148cd2aae3,System3,System3_1,2024-11-15 01:28:58.625000+00:00,29040.2112,True
ed169f61-3594-4f91-9743-0dfa2d363bdf,System6,System6_1,2024-11-15 01:29:16.375000+00:00,421.6212,True
0f9e428b-0bf4-4ff1-b2be-4deb68730a10,System6,System6_2,2024-11-15 01:29:21.375000+00:00,421.6212,True
eba046cb-45b6-4d6e-abf7-267486b44582,System6,System6_2,2024-11-15 01:35:25.375000+00:00,306.30600000000004,True
df002849-1a83-48ed-8f06-795a55d13bb8,System3,System3_3,2024-11-15 05:39:35.625000+00:00,30347.1168,True
59dcbb87-2517-4cc7-a089-6ada9c059308,System3,System3_3,2024-11-15 13:24:35.625000+00:00,30452.8224,True
024116e2-179d-4aa6-90c3-d56c85fbf368,System6,System6_2,2024-11-15 16:04:26.375000+00:00,306.30600000000004,True
37bb3ac9-bd5d-4fa3-96a5-3a7d97d67ab4,System8,System8_2,2024-11-15 21:10:29.500000+00:00,21.6216,True
4c4fa0b0-bb0e-4e58-ba1b-c970c7d69945,System11,System11_2,2024-11-15 21:16:42.250000+00:00,8.88888,True
d7ee2ad4-ae94-45a0-a5f1-1101b8cd77a6,System3,System3_3,2024-11-15 22:10:10.625000+00:00,30279.8496,True
45f22d3f-3f21-4ce8-a18a-8afa8a67765a,System3,System3_3,2024-11-16 01:31:34.625000+00:00,30356.7264,True
bbd04534-d78e-469e-806a-962c70882cce,System3,System3_1,2024-11-16 05:11:27.625000+00:00,29049.8208,True
819b765f-99e4-48c0-a0ff-67e510ec11f1,System4,System4_2,2024-11-16 12:16:38.625000+00:00,2.6234208000000003,True
60cbba63-895f-477f-bf49-aa31104f0c45,System11,System11_1,2024-11-16 12:17:37.500000+00:00,72.20653440000001,True
cdf46a8f-ebd1-4e93-aabc-fc280b760330,System6,System6_1,2024-11-16 13:37:14.375000+00:00,344.74440000000004,True
55af45a1-dcc2-437a-960f-555ff5dca5de,System6,System6_2,2024-11-16 13:37:19.375000+00:00,344.74440000000004,True
2678f85d-bcf2-4693-b9a2-8c60d624f573,System4,System4_2,2024-11-16 17:12:01.625000+00:00,2.450448,True
9927e95c-858e-4a78-9931-0f0768c899c7,System8,System8_2,2024-11-16 22:20:12.500000+00:00,21.025804800000003,True
80e4a393-1e7b-4c6a-96f9-06a6767f5eb5,System3,System3_1,2024-11-17 02:35:46.625000+00:00,29059.4304,True
13f22bc8-479e-40c3-b8e8-efbd3b2ed4df,System8,System8_2,2024-11-17 02:59:33.500000+00:00,19.2192,True
fa854ad3-83d1-4ab0-a471-ece896b4df44,System3,System3_3,2024-11-17 04:02:28.625000+00:00,30270.24,True
486e4249-34ab-47c2-a008-cab65d54d754,System6,System6_2,2024-11-17 04:26:25.375000+00:00,383.1828,True
580d4bd7-ac76-4551-8258-35e533f1b24f,System6,System6_1,2024-11-17 04:31:00.375000+00:00,383.1828,True
ec168fc7-83f7-4752-8eea-880d60a11302,System6,System6_2,2024-11-17 04:32:05.375000+00:00,383.1828,True
76d885c4-23da-4e92-9420-3af8b5697813,System3,System3_3,2024-11-17 14:19:50.625000+00:00,30347.1168,True
6f00bde8-d6e3-4256-9c30-d8542ad28091,System6,System6_1,2024-11-17 15:23:52.375000+00:00,306.30600000000004,True
fd8e3851-b62d-4065-8fa1-b8c31da0d540,System6,System6_2,2024-11-17 15:24:01.375000+00:00,536.9364,True
61d577c4-39d9-48b1-9251-fca7ce2956cf,System11,System11_1,2024-11-18 00:58:39.250000+00:00,76.5596832,True
2314e37b-a5bc-4e58-9801-44ca3afa65ac,System8,System8_2,2024-11-18 04:43:32.500000+00:00,26.4264,True
5273da2a-9f8f-4237-979f-4ce2d2b4c642,System6,System6_2,2024-11-18 13:40:32.375000+00:00,383.1828,True
6b78b575-46f0-4af1-b86f-5932add774bd,System4,System4_2,2024-11-18 22:53:38.625000+00:00,2.6234208000000003,True
efa83e2a-cf2d-4fd3-bc37-16980753d319,System6,System6_2,2024-11-18 22:58:27.375000+00:00,306.30600000000004,True
b12782d4-61d6-44e8-be55-00c1a17417e9,System6,System6_1,2024-11-18 23:47:50.375000+00:00,383.1828,True
0b57a0c1-65e6-4774-b373-5ce61349b462,System6,System6_2,2024-11-18 23:47:55.375000+00:00,383.1828,True
21edd128-2360-4134-8f0d-39a42294dd1e,System6,System6_2,2024-11-18 23:58:59.375000+00:00,306.30600000000004,True
0389a116-637a-42b5-97e4-17cd72978903,System3,System3_1,2024-11-19 02:02:36.625000+00:00,29030.6016,True
9f66eb60-eb67-42d9-8018-d45d3d19c906,System6,System6_2,2024-11-19 02:19:03.375000+00:00,306.30600000000004,True
710d4c64-2b63-4c8d-8ca5-d029e6f23c95,System3,System3_1,2024-11-19 04:24:58.625000+00:00,29059.4304,True
411dcdc2-a04b-47aa-b9b8-3638d5e5ada8,System3,System3_3,2024-11-19 19:44:46.625000+00:00,30414.384,True
e029ee23-1281-46bc-a094-163c90ceba6a,System8,System8_2,2024-11-20 03:16:43.500000+00:00,24.024,True
916c63cf-db43-41c2-b082-1f31d1e626dc,System6,System6_1,2024-11-20 03:58:28.375000+00:00,383.1828,True
49fbc87b-1fc8-41c2-a1ab-0b082899b4b2,System3,System3_3,2024-11-20 15:30:43.625000+00:00,30279.8496,True
d87e1d40-a801-47ca-9004-c34064acd249,System6,System6_2,2024-11-21 03:51:38.375000+00:00,383.1828,True
5366a98a-69a9-4bf3-b5fa-dd5704d2eee2,System8,System8_2,2024-11-21 03:58:58.500000+00:00,19.824604800000003,True
5d646f13-a913-460b-8d5b-3586ae27d3f5,System3,System3_3,2024-11-21 04:34:11.625000+00:00,30279.8496,True
5226167c-1be1-4de6-94e6-c08b68fa52ee,System12,System12_3,2024-11-21 14:00:25.500000+00:00,28.8288,True
6e60c5a9-eea2-437f-9591-3e5a9b54e5df,System3,System3_3,2024-11-21 14:58:06.625000+00:00,30251.0208,True
d0f58bd4-ebb0-4c2e-84e2-b854b8426c95,System7,System7_1,2024-11-21 17:32:23+00:00,1147.146,True
9c37f53f-799d-4bac-aeb0-317740df4d20,System2,System2_1,2024-11-21 17:37:22+00:00,649.2534048,True
765b9ded-6ba8-47dd-a1e6-d149d2e56e77,System8,System8_2,2024-11-21 21:13:03.500000+00:00,24.024,True
72d9c052-5d04-4530-b632-5e4bd39b1201,System3,System3_1,2024-11-21 21:41:21.625000+00:00,29011.3824,True
8760081a-0457-491c-8337-0b1066012ea2,System6,System6_1,2024-11-21 21:44:19.375000+00:00,344.74440000000004,True
88710bf4-65ed-46cb-9cd3-f1e6df7c2275,System6,System6_2,2024-11-21 21:44:20.375000+00:00,306.30600000000004,True
1974c63d-e628-492a-ae5d-5f31e8e577f3,System10,System10_1,2024-11-22 01:31:01.625000+00:00,1374.1728,True
cba90d25-347f-4194-8ecc-286853ea9040,System3,System3_3,2024-11-22 07:10:23.625000+00:00,30222.192000000003,True
fe03bb68-1292-404b-9d2f-d2698c191096,System8,System8_2,2024-11-22 16:15:16.500000+00:00,23.428204800000003,True
bee11675-0d1c-4ab2-80f3-c332f4ec649c,System1,System1_3,2024-11-22 18:20:37.625000+00:00,376.69632,True
38092434-fd44-4fdf-b287-92efa0618d2a,System3,System3_3,2024-11-22 18:23:15.625000+00:00,30395.1648,True
4f4ed239-3426-42db-a58b-5c19bd38f0c6,System3,System3_1,2024-11-22 20:57:38.625000+00:00,29059.4304,True
9909264a-e0a1-4ca0-962f-b13d03ef8afc,System4,System4_2,2024-11-22 22:20:36.625000+00:00,2.834832,True
2a24bee5-2bde-484e-84dc-363d88dd6c3a,System10,System10_1,2024-11-23 00:58:38.750000+00:00,1407.8064,True
61aa0ff6-13cf-45ef-9ad6-7fc7ecf24a46,System3,System3_3,2024-11-23 01:38:52.625000+00:00,30337.5072,True
f0bff879-746e-4f58-a63f-c43c5821e23a,System4,System4_2,2024-11-23 11:31:01.625000+00:00,2.5849824000000003,True
7f3c9be4-0615-4920-97da-232ab8b17535,System10,System10_1,2024-11-23 12:34:11.625000+00:00,1537.536,True
21e051bb-22a6-40a4-920e-c67221617c8e,System3,System3_3,2024-11-23 12:37:57.625000+00:00,30500.8704,True
92cfdbdf-0f1a-4130-abb7-bde05a9e18eb,System8,System8_2,2024-11-23 16:26:43.500000+00:00,19.2192,True
5c78c648-d1ec-42a5-8356-9684d2c3df49,System10,System10_1,2024-11-23 17:40:55.625000+00:00,1388.5872,True
f9649b24-a18a-4dcf-bcee-3080d5aff2fb,System3,System3_3,2024-11-23 18:20:56.625000+00:00,30289.4592,True
127b2948-4a02-4576-9fd5-20944fbfacdb,System6,System6_2,2024-11-23 22:08:36.375000+00:00,306.30600000000004,True
af2449c6-70ba-4d4e-b06d-4ca99d89a317,System10,System10_1,2024-11-23 22:24:12.625000+00:00,1595.1936,True
dd82b4bd-6b26-4757-b430-5d9f5541a201,System12,System12_3,2024-11-24 13:22:21.500000+00:00,28.8288,True
76be6d61-c342-49cb-ad33-c88f99b83cf8,System11,System11_1,2024-11-24 13:34:55.500000+00:00,72.0623904,True
d1c7d8b5-1c12-4f21-9131-5135424812d9,System3,System3_3,2024-11-24 14:52:33.625000+00:00,30241.4112,True
c59f1863-1f32-4f20-9de5-4c194ed7dcf4,System8,System8_2,2024-11-24 16:54:34.500000+00:00,31.836604800000003,True
6138b3ba-2992-447f-aff5-690ac01fc153,System6,System6_1,2024-11-24 17:55:17.375000+00:00,306.30600000000004,True
848f7ba9-12d3-468c-8a93-c475c4617918,System6,System6_2,2024-11-24 17:55:18.375000+00:00,344.74440000000004,True
838b59c1-979f-4efc-ad97-d2b7a4687dac,System10,System10_1,2024-11-24 20:37:40.750000+00:00,1446.2448,True
174f5159-8832-4b26-9cdb-39d2ac221106,System8,System8_2,2024-11-24 23:26:13.500000+00:00,28.8288,True
276ad79f-117f-4ae6-ae72-ced638aeb06a,System4,System4_2,2024-11-25 02:45:33.625000+00:00,5.5639584,True
a0c46f85-8989-4523-a7c7-31165fc2edaf,System4,System4_1,2024-11-25 02:45:33.625000+00:00,5.76576,True
a67f5c15-ffc1-4a06-a584-6a700373c82a,System3,System3_3,2024-11-25 03:46:43.625000+00:00,30231.801600000003,True
f6620004-d084-4412-bc34-94b8481f4182,System3,System3_3,2024-11-25 15:08:19.625000+00:00,30270.24,True
cbd8d00a-7cf8-4a76-9c53-a716829a203f,System11,System11_2,2024-11-25 17:28:49.250000+00:00,128.45152320000005,True
02e170f2-c403-4a68-99a5-5c5c1e1e0a68,System3,System3_1,2024-11-25 20:59:35.625000+00:00,29049.8208,True
6e80614d-d051-44e6-bc9e-6b1a7c7919a1,System6,System6_2,2024-11-25 23:30:24.375000+00:00,306.30600000000004,True
85739b84-8382-4867-b3c9-557717c43185,System3,System3_3,2024-11-26 03:50:52.625000+00:00,30241.4112,True
9a586be4-baf8-4634-ba35-ed5907b74d7e,System4,System4_2,2024-11-26 15:08:44.625000+00:00,2.4120096,True
1652912d-929d-4c5a-8aa9-a5c927373bfa,System6,System6_2,2024-11-26 15:22:57.375000+00:00,306.30600000000004,True
5400890d-01a5-4e33-b997-8816f98b2b71,System6,System6_1,2024-11-26 17:11:08.375000+00:00,306.30600000000004,True
399d6d5d-9544-4cb3-bc19-256c922ac449,System6,System6_2,2024-11-26 17:11:13.375000+00:00,306.30600000000004,True
d9105877-fa87-45e7-a056-c65f37940a9b,System11,System11_2,2024-11-26 21:02:58.250000+00:00,79.6828032,True
14e11a5b-99e5-40c7-9f65-f3310117ea69,System10,System10_1,2024-11-26 21:27:54.625000+00:00,1369.368,True
685be9e5-2ed5-4fbf-bc8c-6a01c48256a8,System10,System10_1,2024-11-27 00:23:25.625000+00:00,1561.56,True
213630a9-9e0d-4667-9344-e19101b04d1a,System6,System6_2,2024-11-27 03:06:03.375000+00:00,344.74440000000004,True
42b7b62f-b05a-449e-a0b6-281f5fa76563,System11,System11_1,2024-11-27 04:05:57.250000+00:00,105.3884832,True
f2aa6a7b-1ace-4632-b4c0-89eaea7c0b48,System3,System3_3,2024-11-27 04:10:54.625000+00:00,30491.2608,True
eba85007-a70d-4d6a-bd7b-11476d25ead1,System6,System6_1,2024-11-27 15:39:15.375000+00:00,306.30600000000004,True
4e9f74f0-9c80-43b5-b658-bbcf56931e50,System8,System8_2,2024-11-27 15:43:43.500000+00:00,31.2312,True
e6f14149-2ea0-4070-a5b1-6d503b3a5c66,System3,System3_3,2024-11-27 16:56:47.625000+00:00,30423.9936,True
a2813988-93b4-466d-bef6-58bcbf6b5b3c,System1,System1_3,2024-11-27 17:02:13.625000+00:00,374.7744,True
45bb0a75-a5e9-49d3-9fbf-49c858f126a3,System6,System6_2,2024-11-27 17:32:08.375000+00:00,306.30600000000004,True
7265da73-0799-408f-b7b9-f9ca57519eef,System1,System1_3,2024-11-27 21:04:56.625000+00:00,376.69632,True
99e23893-594a-4148-a2c2-2a60aea0b868,System3,System3_3,2024-11-27 21:15:24.625000+00:00,30299.0688,True
9fd572b7-c018-4844-a940-5c7ac5d1cf0d,System6,System6_2,2024-11-27 21:42:35.375000+00:00,306.30600000000004,True
0617dafa-dd1f-4a73-8129-f1eb98c9b05a,System13,System13_2,2024-11-28 14:46:14+00:00,28.8288,True
6793c870-841c-42ab-960d-9bfdbf5ecda1,System12,System12_4,2024-11-28 14:47:14.500000+00:00,28.8288,True
ddd01285-eeeb-4a90-8ccf-e63d0ac60012,System10,System10_1,2024-11-28 19:10:55.625000+00:00,1455.8544000000002,True
7d38c3a5-213e-4525-849e-c4e019e2ecc2,System3,System3_1,2024-11-28 19:50:24.625000+00:00,29059.4304,True
e272ee8e-a7c1-438a-8100-077169a37fbb,System13,System13_2,2024-11-29 14:12:36+00:00,28.8288,True
6e43ca60-9aed-4784-ba48-2df32d8743b8,System8,System8_2,2024-11-29 14:43:49.500000+00:00,28.233004800000003,True
5e805820-2eac-4dee-9111-b50e24a88e09,System3,System3_1,2024-11-29 15:40:19.625000+00:00,29059.4304,True
68681d79-e1d9-4c15-ac4d-775919eeb824,System8,System8_2,2024-11-29 19:11:57.500000+00:00,25.2252,True
b5986b0f-9ec6-45bb-8a6c-24cca72dbf4e,System3,System3_1,2024-11-29 23:08:41.625000+00:00,29030.6016,True
93ce0eba-e91c-4a02-86f5-8ee032aaf382,System3,System3_3,2024-11-29 23:25:53.625000+00:00,30279.8496,True
9b07ba76-02a9-4574-b441-8e9f6bafff9b,System3,System3_3,2024-11-30 04:12:37.625000+00:00,30289.4592,True
09f55fa1-1ce2-4c03-9af0-eaa017f63bff,System1,System1_3,2024-11-30 04:15:41.625000+00:00,372.85248,True
9fb150de-42fd-41f6-b1d6-0f321733931f,System12,System12_3,2024-11-30 14:12:28.500000+00:00,28.8288,True
1bf442c9-8b9a-465c-bcd4-7d389e0ba165,System13,System13_1,2024-11-30 14:13:53+00:00,28.8288,True
d79935dd-ba87-44ec-b816-5d5770116fbe,System8,System8_2,2024-11-30 16:54:29.500000+00:00,36.6414048,True
548e095f-8f9a-4e26-a510-6bc9cc08bd48,System3,System3_3,2024-11-30 18:07:33.625000+00:00,30222.192000000003,True
5b993334-b25d-4c3d-96b8-783b63ba73b9,System1,System1_3,2024-11-30 18:10:03.625000+00:00,372.85248,True
75bf420e-38bd-4260-a31c-5ddd4778acd1,System6,System6_2,2024-11-30 21:05:14.375000+00:00,344.74440000000004,True
19e26985-e7d2-4af7-9c31-0bd81a572931,System6,System6_1,2024-11-30 21:05:17.375000+00:00,421.6212,True
df23da35-041f-453c-970f-eb4b2b0c8d17,System6,System6_1,2024-11-30 23:35:41.375000+00:00,344.74440000000004,True
ff106d9d-450a-4e8c-a253-f1094b44aa22,System3,System3_3,2024-12-01 00:20:21.625000+00:00,30241.4112,True
ba9288e9-680c-4d95-9022-afa3a75adb19,System6,System6_1,2024-12-01 02:17:45.375000+00:00,460.0596000000001,True
54ff8a66-2cd7-4a2e-b9ca-ea8b038abdc9,System6,System6_2,2024-12-01 02:17:46.375000+00:00,383.1828,True
9fa28aa2-abbc-409a-8601-fe2c17d005f7,System10,System10_1,2024-12-01 03:39:43.750000+00:00,1523.1216,True
424ac085-b291-4919-93b3-431ff8931bca,System3,System3_3,2024-12-01 04:01:25.625000+00:00,30520.0896,True
95836d4f-94cb-47bf-a37b-ec25d6f0ebad,System6,System6_2,2024-12-01 04:14:06.375000+00:00,344.74440000000004,True
c63ff8de-669a-4ed6-95e6-43c6b3a50a51,System1,System1_3,2024-12-01 04:43:47.625000+00:00,361.32096,True
f93526d4-37c6-4f5c-a684-e38c078feaa7,System12,System12_3,2024-12-01 13:58:54.500000+00:00,28.8288,True
bce7aff7-3055-4881-9f0a-ad067b8a9a79,System13,System13_1,2024-12-01 14:00:10+00:00,28.8288,True
02ad2d6f-480f-42d0-a3c3-a492ec009065,System8,System8_2,2024-12-01 16:05:48.500000+00:00,21.025804800000003,True
cae8fd13-3fac-42b4-b1ad-8eeb9ca592d3,System10,System10_1,2024-12-01 17:19:59.625000+00:00,1378.9776000000002,True
c11ec482-daf2-4e92-af8e-829919dc1297,System1,System1_3,2024-12-01 18:19:24.625000+00:00,371.89152,True
74d81d6a-00ca-4d6c-be23-cd24345a840b,System3,System3_3,2024-12-01 18:20:28.625000+00:00,30452.8224,True
9e82e4d7-8c8c-492a-a8c9-2a2ab68895cc,System6,System6_2,2024-12-01 20:27:43.375000+00:00,383.1828,True
bef0ba50-6e73-4b7e-8401-60c2f6d4ac3c,System6,System6_1,2024-12-01 20:27:46.375000+00:00,421.6212,True
41d64a3d-1076-496f-a5f8-528627500a46,System6,System6_2,2024-12-02 00:22:48.375000+00:00,383.1828,True
4d281f44-33d0-4fdf-afc0-a1ee83f0d486,System6,System6_1,2024-12-02 00:23:11.375000+00:00,344.74440000000004,True
4c9b919b-1fb2-4120-822f-08351b9415b3,System8,System8_2,2024-12-02 00:41:27.500000+00:00,25.2252,True
05cfddfa-8709-44c0-a851-7dd825a8f099,System6,System6_2,2024-12-02 00:46:12.375000+00:00,306.30600000000004,True
4ef20905-bcf8-4cbb-868f-17e62c82f839,System3,System3_3,2024-12-02 01:05:37.625000+00:00,30481.6512,True
57056aca-a1c4-4773-a2a5-2453c80a4c9f,System1,System1_3,2024-12-02 01:21:33.625000+00:00,374.7744,True
9edb767b-49a1-4046-8f96-c46031745327,System6,System6_2,2024-12-02 02:51:08.375000+00:00,306.30600000000004,True
aa2e6b4e-7095-4eff-ae56-40ce8d12dcb9,System6,System6_1,2024-12-02 02:51:11.375000+00:00,383.1828,True
da7d4eba-408d-4ce0-ae0a-bad3e7a8f483,System6,System6_1,2024-12-02 03:10:27.375000+00:00,306.30600000000004,True
1e77ac13-c13d-40d8-b9b1-f3b647c325d5,System10,System10_1,2024-12-02 03:42:15.625000+00:00,1354.9536,True
78dcbc00-5c95-4322-918e-26262d8890b8,System1,System1_3,2024-12-02 03:59:49.625000+00:00,375.73536,True
7a9f226b-0674-4fc7-92af-ec6f4be56e3b,System9,System9_1,2024-12-02 14:48:59.500000+00:00,4478.0736,True
b1029d9d-10b1-41e6-a9e3-f811025d4143,System6,System6_1,2024-12-02 15:14:55.375000+00:00,383.1828,True
6a5811d5-374e-4ce3-a264-42024488f47a,System6,System6_2,2024-12-02 15:15:00.375000+00:00,306.30600000000004,True
54ad56e3-0ad0-4a3e-8fda-7316a93ff4bc,System3,System3_3,2024-12-02 16:27:07.625000+00:00,30327.8976,True
c4ea322d-58b1-4a7f-9c77-44456e719a5f,System7,System7_1,2024-12-02 17:30:27+00:00,1145.9448,True
aefbb3b4-53c4-4d1f-9cd8-2ba6e73cd730,System6,System6_1,2024-12-02 18:11:59.375000+00:00,306.30600000000004,True
cd690183-dee6-4bc8-853e-7da9785b7bdf,System6,System6_2,2024-12-02 18:12:08.375000+00:00,344.74440000000004,True
290aea05-e5b8-41ac-ac70-d6fb02a4379b,System8,System8_2,2024-12-02 20:09:19.500000+00:00,22.227004800000003,True
e8609c95-8cd0-4db0-a21b-28a611424477,System3,System3_3,2024-12-02 22:23:18.625000+00:00,30337.5072,True
8e406741-0ebe-4c4d-a401-e4ed1ca5e7f7,System12,System12_3,2024-12-03 03:30:35.500000+00:00,28.8288,True
59b18ae2-cf0e-4652-8460-9f57be64bc81,System6,System6_1,2024-12-03 04:10:33.375000+00:00,421.6212,True
c399e72d-434b-4728-95cd-2f50c937e244,System6,System6_2,2024-12-03 04:10:34.375000+00:00,383.1828,True
dba4d809-4c72-4e3e-9fca-9bfa223f7467,System3,System3_3,2024-12-03 04:34:01.625000+00:00,30318.288,True
cbfe0ca5-feaf-4c6d-a6e9-baf60f02df94,System3,System3_3,2024-12-03 13:22:06.625000+00:00,30270.24,True
0995d3fd-c6b9-4b87-9e78-c4026a1fdfd6,System8,System8_2,2024-12-03 13:41:08.500000+00:00,21.025804800000003,True
892572c1-5669-4b5f-9997-ffc6288471d3,System9,System9_1,2024-12-03 14:48:34.500000+00:00,4468.464,True
a0ea6c6e-001d-45f5-ac54-a534bc2ff5fc,System6,System6_1,2024-12-03 15:11:50.375000+00:00,421.6212,True
7d3065f1-7251-47d1-bfa8-eabd2e9d9856,System6,System6_2,2024-12-03 15:11:55.375000+00:00,344.74440000000004,True
038e1f8e-ff7a-4c57-bff2-0329f234a418,System3,System3_3,2024-12-03 16:19:00.625000+00:00,30616.1856,True
ade6fbe6-3152-4832-b0cb-785f0cde8a8f,System3,System3_3,2024-12-03 22:22:22.625000+00:00,30750.72,True
d901c3e8-10b0-46d1-9235-7488f3940779,System9,System9_1,2024-12-04 00:24:18.500000+00:00,4497.2928,True
11db0371-9efa-4b6e-9b7b-85dd84f4ae9a,System4,System4_2,2024-12-04 00:45:18.625000+00:00,2.786784,True
366a72e6-f84f-4ddf-8408-dca0a20fafdf,System6,System6_2,2024-12-04 00:45:59.375000+00:00,383.1828,True
675c7e45-d48c-43ce-9b21-9ce470fd64a6,System6,System6_1,2024-12-04 00:46:06.375000+00:00,383.1828,True
ec9394a4-c07b-4c9f-b66f-3858994afa73,System3,System3_3,2024-12-04 01:43:46.625000+00:00,30433.6032,True
4849a84f-961b-40a1-9cf9-f4e5b4ae8f90,System8,System8_2,2024-12-04 02:11:03.500000+00:00,21.6216,True
d03f29cb-f2ac-4f86-934f-fbbbe7427248,System3,System3_3,2024-12-04 13:04:12.625000+00:00,30318.288,True
b9749e30-93d5-4837-baa8-7cd46dce30b8,System4,System4_2,2024-12-04 15:59:32.625000+00:00,2.7963936,True
ad58c842-b552-4cc7-85ab-e7ba5e45522e,System6,System6_2,2024-12-04 16:00:05.375000+00:00,344.74440000000004,True
830c79ba-33aa-4ea7-a1b9-579a75909892,System4,System4_2,2024-12-04 17:47:32.625000+00:00,2.88288,True
7122bcbe-0fbc-4180-ad80-2e3830d13a89,System11,System11_1,2024-12-04 17:48:27.250000+00:00,78.87559680000001,True
347a9179-7122-456e-8ac0-2dcb15441255,System8,System8_2,2024-12-04 18:21:18.500000+00:00,23.428204800000003,True
c5bd101c-0810-4cf2-8546-745934b23a0d,System8,System8_2,2024-12-04 23:01:17.500000+00:00,26.4264,True
68191930-8bd4-43bc-b1df-a5898792d3a5,System11,System11_1,2024-12-05 00:06:08.375000+00:00,81.8449632,True
f22afc90-ef0d-4cf2-9063-8022e2362762,System11,System11_2,2024-12-05 00:07:30.125000+00:00,96.7878912,True
47621e80-a068-4d74-b788-9effce449dda,System6,System6_1,2024-12-05 02:29:08.375000+00:00,460.0596000000001,True
5f4d0a13-3d29-4b41-bb8b-2fed07af8b21,System6,System6_2,2024-12-05 02:29:09.375000+00:00,383.1828,True
febb5038-be81-43e6-9e8d-36a114295277,System3,System3_3,2024-12-05 04:19:35.625000+00:00,30529.699200000003,True
c8b869b1-edfc-4e7f-99f8-ef69670a4186,System6,System6_2,2024-12-05 05:34:58.375000+00:00,306.30600000000004,True
dd681373-28fa-498d-b84e-3179e762cc08,System6,System6_1,2024-12-05 05:48:29.375000+00:00,306.30600000000004,True
856c4aa7-fc7f-4af2-8e67-4bf9518f1820,System12,System12_4,2024-12-05 13:56:18.500000+00:00,28.8288,True
44cafa4e-f677-4c18-ad3a-3143307f8fe5,System3,System3_3,2024-12-05 18:07:45.625000+00:00,30558.528,True
d0cc7eae-f994-45f8-9457-c44e8138a359,System6,System6_2,2024-12-05 18:29:54.375000+00:00,306.30600000000004,True
52bff13d-df1f-4ac7-b05a-3cf6191d6c08,System6,System6_2,2024-12-05 21:03:55.375000+00:00,383.1828,True
9e169887-d8b8-495f-9cd6-cd4e4c5f481d,System6,System6_1,2024-12-05 21:04:02.375000+00:00,460.0596000000001,True
830f5101-4727-4d73-b15d-948ac38f3881,System3,System3_3,2024-12-05 21:39:52.625000+00:00,30251.0208,True
0b0f71c7-1dcc-4a9a-a89e-41df9babfbe0,System4,System4_2,2024-12-05 23:08:30.625000+00:00,2.8732704,True
fe6a9d65-3f02-48eb-806e-79018cb2d4ce,System6,System6_2,2024-12-05 23:08:59.375000+00:00,383.1828,True
1decba47-da7d-4cbd-b115-9df894b41793,System8,System8_2,2024-12-05 23:27:30.500000+00:00,19.2192,True
8493ed49-6f16-44ec-b028-38555e87f90c,System3,System3_3,2024-12-06 00:07:12.625000+00:00,30337.5072,True
6bd8e07e-8549-4c8d-bbad-674aa27a1bd4,System11,System11_2,2024-12-06 00:26:25+00:00,75.2239488,True
f2602f15-ce5c-4075-8a03-4268ab6c05f8,System6,System6_1,2024-12-06 02:06:26.375000+00:00,460.0596000000001,True
b6b85c26-f49c-408c-bdc8-9365fbc26ca7,System6,System6_2,2024-12-06 02:06:27.375000+00:00,383.1828,True
f14f8dcd-5c8c-4e1b-995b-f033c7f95f22,System6,System6_2,2024-12-06 04:06:39.375000+00:00,344.74440000000004,True
e6c83fa3-8374-41d0-84f6-181f44271fea,System3,System3_3,2024-12-06 04:37:34.625000+00:00,30491.2608,True
9c3ff747-528a-4de0-b197-64a432ac08ac,System5,System5_1,2024-12-06 05:27:36+00:00,19.2192,True
d269dd96-d994-444e-8842-253a83e5cb0c,System9,System9_1,2024-12-06 10:47:00.500000+00:00,4478.0736,True
e520329f-ecf5-46de-a229-f112c50447cf,System7,System7_1,2024-12-06 17:39:53+00:00,1147.7514048,True
aa3ea384-b2cf-4272-9a3a-0f154c06329f,System3,System3_3,2024-12-06 17:57:09.625000+00:00,30356.7264,True
00d16a7a-65d2-44f9-aaeb-cc58f4b31764,System4,System4_2,2024-12-06 20:17:45.625000+00:00,2.4024,True
55d4c342-57da-477c-b8a3-836f07f4fb94,System6,System6_2,2024-12-06 20:18:22.375000+00:00,383.1828,True
9b72ed81-d809-4fa9-bab6-0249d7516307,System6,System6_1,2024-12-06 20:18:29.375000+00:00,383.1828,True
0695d87f-ed1d-40e0-8622-faea8742375b,System5,System5_1,2024-12-06 21:24:07+00:00,16.8168,True
6cc7922f-4765-4dd5-83d4-496ddbc7fd7d,System11,System11_2,2024-12-06 21:25:48+00:00,76.37710080000001,True
de4c8530-9926-472b-a8e9-7ba8c4d893ef,System6,System6_2,2024-12-06 22:40:14.375000+00:00,306.30600000000004,True
5a1894c1-5e9f-4d00-8c4a-960ad49fe931,System5,System5_1,2024-12-06 22:42:15+00:00,16.8168,True
e45cc49b-ed1d-4a00-b8db-c2a73b779f61,System8,System8_2,2024-12-06 23:12:26.500000+00:00,21.6216,True
1a929b14-4ba8-4b08-8c2c-3ca115e60b4c,System3,System3_3,2024-12-06 23:52:29.625000+00:00,30366.336000000003,True
ef06ef9e-4a73-441c-a471-3601c1c9771b,System6,System6_1,2024-12-07 02:30:04.375000+00:00,421.6212,True
20812951-bd33-4b40-b8d5-23483fced910,System9,System9_1,2024-12-07 12:57:06.500000+00:00,4497.2928,True
8eac339f-8337-4c44-b23e-48a00d70e272,System12,System12_3,2024-12-07 12:57:39.500000+00:00,28.8288,True
920ab61e-d546-48cb-adcf-cba47fe8473b,System4,System4_2,2024-12-07 13:01:34.625000+00:00,2.8156128,True
69668225-0e94-4678-9a2d-a92cc6a72803,System6,System6_2,2024-12-07 13:02:15.375000+00:00,306.30600000000004,True
5c4da1b2-90ac-4d69-afa1-309cb62372ff,System4,System4_2,2024-12-07 15:14:34.625000+00:00,2.786784,True
aa2cd26a-23d4-4085-9885-2af3982e19f8,System3,System3_3,2024-12-07 16:48:20.625000+00:00,30462.432,True
bc486421-06c3-49c0-991e-448cedff67f7,System3,System3_3,2024-12-07 22:20:10.625000+00:00,30587.3568,True
19e0f40f-7420-43a3-bc3f-527f84692267,System3,System3_3,2024-12-08 12:59:03.625000+00:00,30212.5824,True
70eacebe-53b5-4d3a-ab21-c50f8c41337e,System6,System6_2,2024-12-08 16:35:04.375000+00:00,306.30600000000004,True
f33b7157-e46b-476f-b5ba-ca2d866fc764,System4,System4_2,2024-12-08 18:14:51.625000+00:00,2.6234208000000003,True
42403aae-4798-4f08-9980-a25ab048ea76,System3,System3_1,2024-12-08 21:08:33.625000+00:00,29059.4304,True
0504ea4b-c49c-4569-98a6-2c03131568bb,System4,System4_2,2024-12-08 22:16:49.625000+00:00,2.834832,True
88f4866f-1418-4dd7-b7ab-524c847cacc5,System3,System3_1,2024-12-08 22:18:43.625000+00:00,29011.3824,True
7a24e4f8-3a27-45be-9159-662112d7485a,System8,System8_2,2024-12-08 22:33:53.500000+00:00,19.824604800000003,True
2e75d3fc-5558-4c84-b03a-059bd2f33003,System4,System4_2,2024-12-09 01:01:37.625000+00:00,2.3639616,True
b874ac60-d3e4-4e1c-94a3-b4fab3a3a97e,System6,System6_2,2024-12-09 02:24:30.375000+00:00,306.30600000000004,True
198a45b0-4c7a-43a7-bc97-9333cbe44568,System3,System3_3,2024-12-09 02:54:43.625000+00:00,30491.2608,True
e2a3251d-4163-406c-b87f-140512d088ff,System4,System4_2,2024-12-09 14:05:38.625000+00:00,2.3255232,True
23230d19-6f95-4251-86bc-410523c6b445,System10,System10_1,2024-12-09 16:32:21.625000+00:00,1513.5120000000002,True
e1c0bca8-201d-490a-a39d-b43d458d1d81,System3,System3_3,2024-12-09 16:35:00.625000+00:00,30596.9664,True
c463f3b3-ca2a-4f0c-b279-33c13b53d0ec,System9,System9_1,2024-12-09 18:20:23.500000+00:00,4458.8544,True
d1ca9c80-49f8-47b1-a319-dc1d908d7302,System8,System8_2,2024-12-09 18:58:22.500000+00:00,19.2192,True
d8a79ecd-ed88-4d9f-9bc6-3a1f940d6554,System3,System3_3,2024-12-09 20:54:09.625000+00:00,30462.432,True
acf992a2-68dc-4ecd-8ff5-34bce1209b2f,System6,System6_1,2024-12-09 22:44:08.375000+00:00,306.30600000000004,True
d924f39e-a3fd-4b87-9a51-51880418246c,System8,System8_2,2024-12-10 03:42:25.500000+00:00,22.8228,True
faa16854-5fa8-4101-ad6c-417509943dc8,System10,System10_1,2024-12-10 04:18:05.625000+00:00,1441.44,True
7223549a-c5f8-472f-bdeb-b2553e0207c4,System9,System9_1,2024-12-10 05:04:57.500000+00:00,4458.8544,True
2ba9e233-95b6-4e81-a8f6-5bc4d86c1366,System13,System13_1,2024-12-10 15:44:40+00:00,28.8288,True
55160944-9fb4-49fc-a994-459899dbd624,System9,System9_1,2024-12-10 15:44:52.500000+00:00,4420.416,True
5f526eda-4c5f-43ba-850b-a933f72a7ff5,System10,System10_1,2024-12-10 19:22:04.625000+00:00,1412.6112,True
bf1ac87a-1471-4023-8663-a1b97de42557,System3,System3_3,2024-12-10 19:36:21.625000+00:00,30260.6304,True
2a19de36-3452-4f5b-8691-e17cd89721a1,System4,System4_2,2024-12-10 21:19:34.625000+00:00,2.7579552,True
5e6ce6bc-1910-45f1-96e8-2b9488175120,System3,System3_3,2024-12-10 22:33:56.625000+00:00,30385.555200000003,True
becc1d19-fefd-4d9d-b808-9d8b06d71c73,System10,System10_1,2024-12-10 22:49:03.625000+00:00,1383.7824,True
8f0bad95-7a9d-4a38-82f5-9f87e8cd4ad7,System6,System6_2,2024-12-10 23:12:09.625000+00:00,3.6036,True
a517c4ec-47ee-4c50-9442-d36bf7e12912,System4,System4_2,2024-12-11 00:09:10.625000+00:00,2.3639616,True
b6e9d2f7-0462-46f5-89e0-06dd4843add7,System8,System8_2,2024-12-11 00:22:38.500000+00:00,21.6216,True
6e4c54c2-9dc5-406d-b9a1-c5483d401154,System3,System3_3,2024-12-11 01:15:24.625000+00:00,30414.384,True
cd416154-e3df-4e0b-bc92-02bbe41f8ce3,System6,System6_2,2024-12-11 01:23:15.375000+00:00,306.30600000000004,True
ea97c74f-5829-47cc-85e2-97ebd992d806,System4,System4_2,2024-12-11 04:17:24.625000+00:00,2.8252224,True
fe1a246e-27dc-4ce7-8a34-a2ddf2d790e6,System3,System3_3,2024-12-11 05:17:58.625000+00:00,30395.1648,True
ad21bff0-9b06-4c37-986d-1bd34d912662,System12,System12_3,2024-12-11 12:47:00.500000+00:00,28.8288,True
5b6818b3-0baf-4eca-8c02-3b4451a7795d,System4,System4_2,2024-12-11 12:55:10.625000+00:00,3.0942912,True
1276f8d3-9c30-44f6-bc1d-46840aab5455,System6,System6_2,2024-12-11 12:56:47.375000+00:00,383.1828,True
8d2cb30c-2277-4029-9817-20c9b4453c91,System6,System6_1,2024-12-11 12:57:14.375000+00:00,344.74440000000004,True
a0b9dff6-69fc-47da-bb64-067f7583aa52,System3,System3_3,2024-12-11 13:50:28.625000+00:00,30616.1856,True
334ddf2f-63ee-4b91-b2f9-12730aaae5bc,System6,System6_2,2024-12-11 13:58:15.375000+00:00,344.74440000000004,True
02772545-d47f-49d3-a668-37d2bd70e42d,System4,System4_2,2024-12-11 15:15:34.625000+00:00,2.8636608,True
3c356f40-2386-42d6-a239-ae6b93bbbd6d,System3,System3_3,2024-12-11 16:13:14.625000+00:00,30327.8976,True
2bce0a08-44ac-4770-bc67-3ef9bb0f3c61,System6,System6_2,2024-12-11 16:16:19.375000+00:00,421.6212,True
f38bc320-ecc3-473a-832d-01a05637f312,System6,System6_1,2024-12-11 16:16:22.375000+00:00,383.1828,True
95e62096-d365-45d6-8c98-d10784343835,System8,System8_2,2024-12-11 16:31:56.500000+00:00,19.824604800000003,True
b9d27980-7f0b-412e-bf25-c410f81423aa,System10,System10_1,2024-12-11 18:10:38.750000+00:00,1378.9776000000002,True
d9e81290-7c4d-4ff0-a183-13745516006a,System3,System3_3,2024-12-11 18:27:24.625000+00:00,30299.0688,True
ffb17e53-1f0a-4064-9bbd-9304d438e6a9,System4,System4_2,2024-12-11 20:39:58.625000+00:00,2.7483456,True
39144944-6590-4e98-ae28-7725b53e143d,System8,System8_2,2024-12-11 21:01:38.500000+00:00,21.6216,True
442015ca-e2c8-40cb-9767-5de2eea2a0f5,System3,System3_3,2024-12-11 21:34:58.625000+00:00,30481.6512,True
26ad7e32-2e10-46cc-bfe5-c95cabb6b805,System6,System6_2,2024-12-12 00:22:51.375000+00:00,344.74440000000004,True
00321a0d-0c07-4191-bc70-c37d9b1ec9a5,System8,System8_2,2024-12-12 02:37:47.500000+00:00,19.824604800000003,True
6fe83617-33d5-4249-b307-67daea84b386,System8,System8_2,2024-12-12 15:23:57.500000+00:00,30.03,True
fad34a3e-a6e4-4dab-ad20-7673a1ef6ca3,System3,System3_3,2024-12-12 19:32:56.625000+00:00,30231.801600000003,True
475b47a1-e0fc-4b08-9e92-195c585fdd51,System4,System4_2,2024-12-12 21:09:08.625000+00:00,2.7675648,True
75edcc11-3b47-416c-b518-10a96eea53df,System6,System6_2,2024-12-12 21:10:05.375000+00:00,344.74440000000004,True
0e5f8c73-6600-43ce-b89f-45c83369d05d,System6,System6_1,2024-12-12 21:10:08.375000+00:00,383.1828,True
51da72da-ff2f-428d-8c1c-dfe5f1728366,System8,System8_2,2024-12-13 02:29:37.500000+00:00,28.8288,True
1824041f-171f-448e-819c-1c7feaaa6bf5,System6,System6_1,2024-12-13 02:56:31.375000+00:00,306.30600000000004,True
9432459c-ac48-493f-9071-cea430944828,System6,System6_2,2024-12-13 02:56:40.375000+00:00,306.30600000000004,True
2e5378c6-57de-470b-a5bf-06040a09b4cf,System4,System4_2,2024-12-13 19:23:11.625000+00:00,2.3927904,True
7a0e91d1-5fc9-4587-ab31-cd88d72e55a1,System3,System3_3,2024-12-13 20:21:09.625000+00:00,30327.8976,True
b57a70c3-1a21-486a-91a5-032daa36c661,System10,System10_1,2024-12-14 00:03:51.750000+00:00,1455.8544000000002,True
18a672ce-d093-4edd-960c-424cff049897,System3,System3_3,2024-12-14 00:17:09.625000+00:00,30375.945600000003,True
55111a9f-2a27-4b98-8fd3-f7f7af80238c,System8,System8_2,2024-12-14 03:58:15.500000+00:00,19.824604800000003,True
d05c0b39-c59e-4cfd-9fc5-5c45942d2479,System4,System4_1,2024-12-14 06:57:32.625000+00:00,2.88288,True
8bda36e8-cac7-4699-9c3b-9e965c39c8c8,System4,System4_2,2024-12-14 06:57:32.625000+00:00,3.1615584,True
1436f068-60e8-4a1e-9cac-7dd603acbb2b,System10,System10_1,2024-12-14 08:06:21.625000+00:00,1369.368,True
000607b1-9730-443d-978b-f90d8043da3b,System12,System12_3,2024-12-14 14:59:00.500000+00:00,28.8288,True
b039aa83-39bd-40d8-acf8-f0c3b703014c,System4,System4_2,2024-12-14 15:05:52.625000+00:00,2.738736,True
4fc71e20-775b-4046-8d41-08af3f5a40bb,System3,System3_3,2024-12-14 16:17:54.625000+00:00,30327.8976,True
786b096a-dc0b-42f4-9f4f-ecd9ad400c7e,System10,System10_1,2024-12-14 16:37:22.750000+00:00,1465.464,True
0aa4819a-33fb-4256-8e7d-3b44a5e38e84,System4,System4_2,2024-12-14 19:17:01.625000+00:00,2.5369344000000003,True
06b0de16-bfcc-4fe6-ba00-b5d3de631222,System3,System3_1,2024-12-14 19:23:15.625000+00:00,29049.8208,True
b5645cbc-6ca8-468a-81b8-0b0ead293b0a,System6,System6_1,2024-12-14 19:40:45.375000+00:00,344.74440000000004,True
23977b9b-7b2c-4725-8475-f34bbdc4e015,System6,System6_2,2024-12-14 19:40:54.375000+00:00,421.6212,True
6c458495-1357-4942-b6df-e9c2774b6982,System11,System11_1,2024-12-14 22:52:32.250000+00:00,11.3681568,True
0c9575cc-e771-4eb6-a447-b013ce08f09d,System10,System10_1,2024-12-15 03:39:28.625000+00:00,1508.7072,True
97e7bbc7-8348-4eb0-ad88-24775ccd88f2,System3,System3_3,2024-12-15 04:09:27.625000+00:00,30251.0208,True
4d634c3f-0a7e-4930-8158-8b56c343c9cc,System8,System8_2,2024-12-15 04:30:49.500000+00:00,19.824604800000003,True
8e7fda62-e1d6-4a37-ba59-3103b484a1cc,System10,System10_1,2024-12-15 05:54:20.625000+00:00,1393.392,True
4084820a-e80b-447a-b41d-7a8daede4f26,System3,System3_3,2024-12-15 05:58:31.625000+00:00,30404.7744,True
46bda16b-4e44-46af-8862-aeb2046c737f,System3,System3_3,2024-12-15 09:54:53.625000+00:00,30423.9936,True
4bee99e2-2017-4d9b-988b-45fc9f450ea1,System6,System6_2,2024-12-15 10:58:03.375000+00:00,306.30600000000004,True
97125627-5ed4-4892-b2d2-8aca16dc0ec5,System6,System6_2,2024-12-15 11:10:11.375000+00:00,306.30600000000004,True
bf4460ac-6127-4d0d-adbd-b41fb63baca9,System6,System6_1,2024-12-15 14:49:22.375000+00:00,344.74440000000004,True
45792bd8-76b0-48a2-a8c6-dec686080cf5,System6,System6_2,2024-12-15 14:49:23.375000+00:00,383.1828,True
7fae3512-25b4-497c-a379-c96311175e66,System8,System8_2,2024-12-15 16:30:09.500000+00:00,24.629404800000003,True
a381be12-0350-407d-910e-80b1ffc426cd,System3,System3_3,2024-12-15 18:34:00.625000+00:00,30385.555200000003,True
14f8ca64-a675-434c-9926-a6be2bfc5cbe,System3,System3_1,2024-12-16 01:10:41.625000+00:00,29049.8208,True
dfa514af-7434-4b64-a42b-09c2ed0578ef,System8,System8_2,2024-12-16 01:30:10.500000+00:00,20.4204,True
36d44aa0-d955-4caf-93eb-28ade280dce2,System8,System8_2,2024-12-16 03:20:16.500000+00:00,22.8228,True
1481a074-cc89-4c63-a0ad-d45793f5a215,System4,System4_2,2024-12-16 16:10:05.625000+00:00,2.354352,True
d42bf98a-993f-431a-b368-4acdc04acaba,System3,System3_3,2024-12-16 17:14:21.625000+00:00,30404.7744,True
8eceacee-e6ed-4419-9317-a7f6714fe717,System8,System8_2,2024-12-16 19:00:09.500000+00:00,19.824604800000003,True
3666da54-4bed-4b17-84de-7ae1334684ad,System10,System10_1,2024-12-16 20:37:19.750000+00:00,1494.2928000000002,True
42f22b75-a8ac-44fd-acf2-df75fd8fbfd8,System3,System3_1,2024-12-17 01:30:44.625000+00:00,29040.2112,True
bc190d39-5515-4bbc-aa2e-dd23f8aef039,System4,System4_2,2024-12-17 05:45:38.625000+00:00,2.3447424,True
96dee0d0-900a-40f6-bf73-175f4a584580,System3,System3_3,2024-12-17 22:27:34.625000+00:00,30318.288,True
3f819ab1-d92a-4a6d-9ddd-1267adc9a3c7,System10,System10_1,2024-12-17 22:31:31.625000+00:00,1354.9536,True
0753a1c7-494b-4eb8-8920-731795242319,System4,System4_2,2024-12-18 01:29:21.625000+00:00,2.6138112,True
7fc0d095-ae20-42b4-8a59-41a536def6bf,System8,System8_2,2024-12-18 01:53:51.500000+00:00,36.036,True
310c8e00-6003-401d-867c-72f6bcb9aae8,System3,System3_3,2024-12-18 02:59:37.625000+00:00,30472.0416,True
73232e35-a9c0-41d6-bd96-c04791d21edf,System3,System3_3,2024-12-18 16:31:23.625000+00:00,30251.0208,True
e34ca6cc-7701-444c-9bd4-57198b86cdb6,System4,System4_2,2024-12-18 18:56:43.625000+00:00,2.5081056000000004,True
91f799d0-6192-429c-82b1-3757750efb5a,System3,System3_3,2024-12-18 20:34:37.625000+00:00,30222.192000000003,True
3b6f9a12-bdbc-4584-8a8f-73ee1562926d,System6,System6_1,2024-12-18 21:02:59.375000+00:00,306.30600000000004,True
9008054f-5c7d-4b1d-8aaa-8ecc3724c9e7,System3,System3_1,2024-12-18 22:54:27.625000+00:00,29011.3824,True
ebc1bb9e-ff46-47b3-9611-8edf8a7f309f,System6,System6_1,2024-12-18 22:55:01.375000+00:00,383.1828,True
b126a83e-408b-400d-ac45-b327ad49f691,System6,System6_2,2024-12-18 22:55:10.375000+00:00,306.30600000000004,True
7dda9ce5-6bfd-4627-8df8-2f600362605d,System10,System10_1,2024-12-19 01:22:53.750000+00:00,1403.0016,True
8ca988e2-196f-43f7-bfec-e29afe334a80,System3,System3_3,2024-12-19 01:33:38.625000+00:00,30260.6304,True
d9feb147-8364-483d-862e-6f0ebfd364bf,System3,System3_1,2024-12-19 02:18:08.125000+00:00,28934.5056,True
2722eb10-0cc6-4b5b-9873-769ba495da07,System3,System3_3,2024-12-19 18:10:25.625000+00:00,30443.2128,True
c637d668-9c58-4e97-a6bf-4c34a0de7881,System3,System3_1,2024-12-19 18:12:59.625000+00:00,29059.4304,True
6429c374-f486-495c-b1aa-98cdcaf35c98,System8,System8_2,2024-12-19 21:57:24.500000+00:00,30.03,True
ebc70b7d-a08d-4bde-94f5-93f5e72b75db,System6,System6_1,2024-12-19 22:29:23.375000+00:00,306.30600000000004,True
94915616-9f53-4c15-80ca-34406a04143d,System3,System3_1,2024-12-20 00:49:40.625000+00:00,29040.2112,True
7066a4a3-fb92-48e5-935c-f00f094beb11,System8,System8_2,2024-12-20 01:00:53.500000+00:00,19.2192,True
9adc2907-1a3a-48d4-ada3-289145d8c990,System3,System3_3,2024-12-20 19:49:04.625000+00:00,30337.5072,True
db0327b2-34bd-4f1e-8edc-82c97f86379c,System6,System6_1,2024-12-20 20:15:12.375000+00:00,306.30600000000004,True
881f0bb9-6279-4f7f-b773-ab27f1b2a5ac,System4,System4_2,2024-12-20 22:23:25.625000+00:00,2.3351328,True
49f6cf52-5b83-4456-ab1a-e1fc519222c2,System8,System8_2,2024-12-20 22:44:30.500000+00:00,25.2252,True
554bac96-0119-4ebd-aa51-456ba2e0fa03,System3,System3_3,2024-12-21 04:05:40.625000+00:00,30510.48,True
8d1bc1da-0d2d-46af-b0c1-aa3152dbdeca,System10,System10_1,2024-12-21 04:17:21.625000+00:00,1364.5632,True
80f88f1f-ca89-46d3-a2f5-f9a7d734a42e,System6,System6_1,2024-12-21 04:31:32.375000+00:00,306.30600000000004,True
c16e5fef-9561-4fab-a963-22cac7019827,System6,System6_2,2024-12-21 04:31:37.375000+00:00,306.30600000000004,True
5ea13250-17a4-41b1-84a2-5e6b63b8397e,System6,System6_2,2024-12-21 14:43:37.375000+00:00,306.30600000000004,True
ab12ad85-286e-4b50-8a5d-668f47f66c87,System10,System10_1,2024-12-21 14:56:03.625000+00:00,1431.8304,True
b31ddfee-f1d4-49bb-bc3d-8358707b4b52,System3,System3_3,2024-12-21 15:00:24.625000+00:00,30385.555200000003,True
11d8237d-5de5-4060-9e09-6cf854284ac9,System6,System6_1,2024-12-21 18:18:45.375000+00:00,344.74440000000004,True
03a593f6-4a4b-4be3-a608-4d517c5f2af9,System6,System6_2,2024-12-21 18:18:46.375000+00:00,344.74440000000004,True
dce5e5e8-5bc4-4422-8df1-10c343411aeb,System11,System11_1,2024-12-21 18:30:08.250000+00:00,82.71943680000001,True
457e3fd0-b301-40f5-b2e6-452b5ac55970,System4,System4_2,2024-12-21 20:05:59.625000+00:00,2.834832,True
f0894c5e-bf5e-49f1-ae74-607e7b28738d,System10,System10_1,2024-12-21 22:54:04.625000+00:00,1484.6832,True
2da6045f-4860-489c-9f0a-81c4eb7c2f9d,System8,System8_2,2024-12-22 01:12:00.500000+00:00,22.227004800000003,True
6167e86e-27d6-49a4-b7ad-4b79c9b7b6b8,System10,System10_1,2024-12-22 04:29:59.625000+00:00,1451.0496,True
1286d187-9399-4abe-90be-54b9e0c03b2e,System6,System6_1,2024-12-22 04:50:01.375000+00:00,344.74440000000004,True
815fb222-174f-4dc1-8ea8-a22f9ceba36b,System6,System6_2,2024-12-22 04:50:06.375000+00:00,306.30600000000004,True
a1d77317-7637-4314-be39-e808b680bf15,System10,System10_1,2024-12-22 16:38:22.625000+00:00,1465.464,True
da36f9c3-6e6a-4765-94d6-812d7f9d063b,System10,System10_1,2024-12-22 21:48:28.625000+00:00,1484.6832,True
437fad0e-3389-4d35-8b03-676e443e6008,System8,System8_2,2024-12-23 00:29:26.500000+00:00,34.8348,True
0bfcc989-e394-4b5d-ae39-61fde3cb55b6,System10,System10_1,2024-12-23 02:15:18.625000+00:00,1412.6112,True
ee210bb4-5923-4381-b8cb-ee50818b6785,System6,System6_1,2024-12-23 02:49:10.375000+00:00,383.1828,True
e81809f5-608c-4e34-85ab-f8c0c0f1ec0e,System6,System6_2,2024-12-23 02:49:15.375000+00:00,383.1828,True
e525955e-fe6d-4264-8d1e-38e798c410bf,System12,System12_3,2024-12-23 14:41:12.500000+00:00,28.8288,True
ffc4decb-4cd0-43c8-be42-94f71a89192d,System4,System4_2,2024-12-23 14:53:50.625000+00:00,2.5273248,True
bb01fd3b-68df-4b1a-a28b-74a19e03eab8,System8,System8_2,2024-12-23 15:13:01.500000+00:00,19.2192,True
5ee91961-2f1c-4413-890b-a8f66a7cf2b3,System11,System11_2,2024-12-23 15:32:57+00:00,10.282272,True
3f0b07ba-101f-4a85-badc-d638305c22da,System3,System3_3,2024-12-23 19:35:58.625000+00:00,30308.6784,True
8114d02b-b484-4c83-81e8-1c0a842ac19f,System6,System6_1,2024-12-23 19:39:52.375000+00:00,383.1828,True
57df0424-ff87-43f7-97c9-ea93ba6ec36d,System6,System6_2,2024-12-23 19:39:53.375000+00:00,344.74440000000004,True
6d7074f5-cd22-4bab-902d-363e4d71ece6,System8,System8_2,2024-12-23 19:57:33.500000+00:00,24.629404800000003,True
0cdef1a8-d26d-4eec-b19f-52ddd0672949,System3,System3_3,2024-12-23 23:37:44.625000+00:00,30327.8976,True
4ab33321-c4cd-4b4d-8f8b-89ebbf69e2d2,System6,System6_2,2024-12-24 00:09:47.375000+00:00,306.30600000000004,True
3c2ffc70-4f0f-49ee-8232-931eec3b3350,System13,System13_1,2024-12-24 14:56:32+00:00,28.8288,True
188f9e48-5a63-4f6f-af45-c018e6ceae84,System12,System12_3,2024-12-24 14:58:08.500000+00:00,28.8288,True
4329f12f-e4fd-42cf-9c34-89705550c225,System10,System10_1,2024-12-24 15:31:19.750000+00:00,1451.0496,True
c25281d5-afa1-48c2-b676-ff82299e89f9,System6,System6_2,2024-12-24 16:43:25.375000+00:00,306.30600000000004,True
42d9b7f5-6929-4f7a-9b84-994d13d8a478,System3,System3_1,2024-12-25 00:07:29.625000+00:00,29059.4304,True
814239f6-8397-400a-99ee-c8346351c22f,System3,System3_3,2024-12-25 03:14:48.625000+00:00,30548.9184,True
253138a9-15d8-4c96-98cd-692c84d6f14b,System4,System4_2,2024-12-25 04:36:50.625000+00:00,2.4408384,True
791d0a36-980a-4a29-ace3-a10393b5ea55,System8,System8_2,2024-12-25 04:53:55.500000+00:00,21.025804800000003,True
9a5d68cd-cd10-490e-ad16-a6dc3769e704,System3,System3_3,2024-12-25 05:40:58.625000+00:00,30231.801600000003,True
8757af58-001b-470d-ab7b-7d126babab4f,System6,System6_2,2024-12-25 06:12:43.375000+00:00,306.30600000000004,True
2b507fe0-14bb-4923-af94-6056ac9203f0,System4,System4_2,2024-12-26 02:12:56.625000+00:00,2.4696672,True
c5ea5551-2a3e-4570-8215-6a029e612785,System13,System13_1,2024-12-26 15:12:49+00:00,28.8288,True
177e715e-dcdc-4eb5-866a-060f5fc9e967,System12,System12_3,2024-12-26 15:13:53.500000+00:00,28.8288,True
f1c93210-2626-4fa7-9643-691dcca2dc98,System4,System4_2,2024-12-26 15:23:42.625000+00:00,2.4408384,True
8ed813b4-a7ce-43ba-9235-bfc5879e2065,System3,System3_1,2024-12-26 19:11:07.625000+00:00,29011.3824,True
9a075389-ecea-43ec-b15f-7d3c86e16370,System4,System4_2,2024-12-27 00:41:24.625000+00:00,2.4312288,True
ef9b92c8-41d3-4a32-add5-047ca6bac9e1,System8,System8_2,2024-12-27 01:38:02.500000+00:00,21.025804800000003,True
c9853b1c-7dc8-431f-aa21-3974f40bbcee,System8,System8_2,2024-12-27 03:23:31.500000+00:00,20.4204,True
95c57c8a-abdc-4a37-9566-782cff8f9ba4,System3,System3_1,2024-12-27 04:20:26.625000+00:00,29049.8208,True
e6fbc1f3-eaca-4246-bdaa-f6d28dead043,System3,System3_3,2024-12-27 04:29:45.625000+00:00,30577.7472,True
1abdf4d6-468f-4bd2-81d0-7e3cf4726219,System10,System10_1,2024-12-27 15:07:09.750000+00:00,1460.6592,True
98298b77-2a3d-4d54-b205-c24a8168e240,System8,System8_2,2024-12-27 17:28:04.500000+00:00,22.227004800000003,True
ecae4382-b1fa-49d3-9411-aea6b175c671,System3,System3_1,2024-12-27 19:37:12.625000+00:00,29040.2112,True
57f7ad50-86bf-4745-b4fa-705609321618,System4,System4_2,2024-12-27 19:37:28.625000+00:00,2.6138112,True
51e110a6-733c-415e-9472-f9045b3fbb1a,System3,System3_1,2024-12-28 00:21:32.625000+00:00,29049.8208,True
c26f9a04-005c-4957-abcc-296588736997,System4,System4_2,2024-12-28 00:22:04.625000+00:00,2.4888864,True
6114185e-4996-4546-942e-61dcfda4c1cf,System10,System10_1,2024-12-28 00:55:54.625000+00:00,1388.5872,True
016d4ba8-1acc-4a5d-851c-1da94a553439,System8,System8_2,2024-12-28 04:49:14.500000+00:00,24.024,True
042cec27-1f16-4012-a1ef-86ea8cb1b704,System8,System8_2,2024-12-28 13:32:46.500000+00:00,28.8288,True
805c1438-91d5-49f6-b5d7-f7b5df2419f3,System3,System3_3,2024-12-28 14:45:13.625000+00:00,30308.6784,True
765d7ef1-22c1-41ac-abc1-757fd94d025e,System10,System10_1,2024-12-28 18:05:54.750000+00:00,1364.5632,True
3f12a1bf-8c16-4b4c-8fe3-f14f14a3fdad,System10,System10_1,2024-12-28 20:53:48.750000+00:00,1518.3168,True
77c3439f-392e-4c0b-a00a-2901e610e4e4,System6,System6_2,2024-12-29 00:34:47.375000+00:00,460.0596000000001,True
6fcfc4ec-a81c-4441-abc3-b751d3576c73,System3,System3_1,2024-12-29 03:46:28.625000+00:00,29049.8208,True
d1b4c52c-2041-4ef3-9d28-a65c62603724,System8,System8_2,2024-12-29 17:32:54.500000+00:00,21.025804800000003,True
53cdbeac-abd7-4eef-88cd-e482e7e0f8c3,System10,System10_1,2024-12-29 18:24:28.625000+00:00,1455.8544000000002,True
c4879397-4ba8-450c-86e8-cbe620cb995d,System10,System10_1,2024-12-29 21:43:01.625000+00:00,1369.368,True
2e63a066-5742-40b8-bf36-59f9aa99b04b,System6,System6_2,2024-12-29 21:52:19.375000+00:00,306.30600000000004,True
2c8f0933-7b63-47f5-ba21-1b495eccec2b,System3,System3_1,2024-12-29 21:58:20.625000+00:00,29049.8208,True
4cc8be0d-9a61-4550-b8db-56409d17f5bd,System4,System4_2,2024-12-29 23:16:38.625000+00:00,2.5849824000000003,True
ea8b8489-2f9a-4b71-be1c-64acf4d2762c,System3,System3_3,2024-12-30 01:08:08.625000+00:00,30366.336000000003,True
bd9c3cd1-5110-49c1-a68d-e55e0c29d63a,System4,System4_2,2024-12-30 04:09:52.625000+00:00,2.5465440000000004,True
716d2019-821f-40ad-97d9-816f01cc0a83,System13,System13_1,2024-12-30 14:46:29+00:00,28.8288,True
50aee85d-0929-4af5-a7be-ec8741e36e98,System8,System8_2,2024-12-30 18:09:02.500000+00:00,34.239004800000004,True
d6fee233-ccd5-49d0-a96f-6eb3f0aa5d7d,System10,System10_1,2024-12-30 19:26:03.625000+00:00,1369.368,True
23c0d58f-e1ea-4a4b-b938-ad62c0249f0a,System6,System6_2,2024-12-30 19:38:27.375000+00:00,306.30600000000004,True
169184bf-1e8a-469c-9413-f47e83968529,System3,System3_3,2024-12-30 19:43:10.625000+00:00,30270.24,True
3acb4895-5a25-4353-9ce7-3e47bc3f3969,System11,System11_1,2024-12-30 22:59:12.250000+00:00,202.28208,True
a194b00d-f54f-4327-85e8-43191a889707,System3,System3_3,2024-12-30 23:42:15.625000+00:00,30212.5824,True
998771ab-c8fa-4493-900b-cea13c30b279,System6,System6_2,2024-12-31 00:51:50.375000+00:00,344.74440000000004,True
45047365-9ce3-4859-b2b7-75b655a6fe02,System3,System3_3,2024-12-31 03:46:51.625000+00:00,30472.0416,True
268962a4-2e1e-427b-9171-01314b605b37,System12,System12_4,2024-12-31 15:14:00.500000+00:00,28.8288,True
8ed1cb33-c85a-46dc-aaff-402c592ba790,System10,System10_1,2024-12-31 16:16:30.750000+00:00,1407.8064,True
e04e2443-bb17-4923-993c-fcbb17ed8595,System3,System3_3,2024-12-31 16:34:30.625000+00:00,30491.2608,True
f2cb76fc-8fbd-497e-9677-00b99dedd846,System3,System3_1,2024-12-31 18:28:15.625000+00:00,28982.5536,True
d0fbf901-30a6-4a40-a6d3-6ef6a594018b,System3,System3_1,2024-12-31 20:37:53.625000+00:00,29049.8208,True
f87f6d8a-8a5c-45c6-8331-791cb60f5b6a,System10,System10_1,2024-12-31 22:44:14.625000+00:00,1398.1968000000002,True
9568fc5c-98c6-4349-97ba-ba90526cb9c0,System6,System6_1,2024-12-31 23:12:39.375000+00:00,306.30600000000004,True
7c5a9f17-ba6d-4cf5-a418-0141619bb9f9,System6,System6_2,2024-12-31 23:12:40.375000+00:00,383.1828,True
c0b9f366-d398-421e-acc7-8d2d573ce9d1,System3,System3_3,2025-01-01 04:07:47.625000+00:00,30625.7952,True
8c63a3ce-6cbe-452c-8a07-3200b6a54c4c,System12,System12_3,2025-01-01 11:51:10.500000+00:00,28.8288,True
64c8eb4b-a339-4f86-a6a9-03714a6f82c7,System3,System3_3,2025-01-01 16:25:03.625000+00:00,30529.699200000003,True
33785932-38a2-43f8-a853-cbcbf58a1f78,System10,System10_1,2025-01-01 16:28:12.625000+00:00,1580.7792,True
3a853a27-72d0-470e-b509-e58fa36dd476,System3,System3_3,2025-01-01 20:44:46.625000+00:00,30375.945600000003,True
2a11e252-1333-4874-87d3-5f186cdff05c,System6,System6_2,2025-01-01 21:13:19.375000+00:00,306.30600000000004,True
3e5ab917-61eb-47de-ae23-4ebfc3094659,System5,System5_1,2025-01-01 22:15:10+00:00,16.8168,True
09b1f323-65dc-4ec7-a812-ce4f476b2f46,System8,System8_2,2025-01-02 00:07:26.500000+00:00,25.2252,True
f166ab6a-29e1-4aaa-9f05-0cd170a25645,System3,System3_3,2025-01-02 02:26:32.625000+00:00,30683.452800000003,True
0a395151-a318-43bc-9f19-cd392224bc01,System10,System10_1,2025-01-02 02:29:13.625000+00:00,1388.5872,True
421046c1-82fb-4254-959b-94090c656e82,System10,System10_1,2025-01-02 06:11:49.625000+00:00,1412.6112,True
e9315447-87ca-49fa-a2ff-d18bbc33702f,System8,System8_2,2025-01-02 07:17:59.500000+00:00,19.824604800000003,True
a68d3111-ae1b-455f-8f04-1f5ff1b5bc06,System3,System3_3,2025-01-02 16:59:10.625000+00:00,30279.8496,True
f2d197f6-d63a-447e-98a4-8419513dff2d,System3,System3_3,2025-01-02 21:37:22.625000+00:00,30231.801600000003,True
6046b387-b3bb-4154-9062-905030adda73,System3,System3_3,2025-01-03 03:11:01.625000+00:00,30251.0208,True
7bb644be-fc3b-4786-bbfd-c9dcf886ea1e,System13,System13_2,2025-01-03 13:58:00+00:00,28.8288,True
d3f3a75f-5d0e-4ec0-93e6-dc8d62394a23,System4,System4_2,2025-01-03 14:15:31.625000+00:00,2.4312288,True
ff41a4a4-cc31-4433-ade0-1e7f52156ba6,System6,System6_2,2025-01-03 14:42:24.375000+00:00,344.74440000000004,True
71c51ce4-c746-4894-b4b4-ba632f0a4dec,System3,System3_1,2025-01-03 16:54:47.625000+00:00,29011.3824,True
ad4fcd03-7e31-431c-86a5-781d74f9d349,System4,System4_2,2025-01-03 18:14:25.625000+00:00,2.6714688000000004,True
bdc93406-bcb1-4c55-87c2-855a472387d5,System3,System3_1,2025-01-03 18:15:07.625000+00:00,29011.3824,True
c77b7463-4928-4ee0-b415-6a95c8a11ab0,System8,System8_2,2025-01-03 22:01:00.500000+00:00,19.824604800000003,True
c7e300d1-3ff1-4a2a-8c5c-70892391e581,System3,System3_1,2025-01-04 01:19:59.625000+00:00,29030.6016,True
0cf5a47b-b006-48c9-a96c-ca73658926de,System3,System3_3,2025-01-04 01:24:15.625000+00:00,30212.5824,True
9558be4e-e891-4bed-a35f-2a7f09a7e31b,System6,System6_2,2025-01-04 03:04:57.375000+00:00,306.30600000000004,True
b6a69224-aab4-4e2d-833a-82ccd56bb60a,System8,System8_2,2025-01-04 03:05:25.500000+00:00,24.629404800000003,True
243015db-5539-46e1-9ef3-6d8aa2cdebed,System6,System6_2,2025-01-04 16:48:37.375000+00:00,306.30600000000004,True
d94538c0-3b2f-4b17-b83b-e4f1ef51da34,System6,System6_2,2025-01-04 22:13:49.375000+00:00,383.1828,True
3a498ce3-caed-4fc2-aa78-aac67b47dbbc,System10,System10_1,2025-01-05 01:13:03.750000+00:00,1446.2448,True
bde4dfaf-cdec-48c4-8799-aa1a61ccd46f,System6,System6_2,2025-01-05 02:43:21.375000+00:00,306.30600000000004,True
15733599-31b0-4e71-8754-3c7c57091a96,System6,System6_2,2025-01-05 05:53:28.375000+00:00,383.1828,True
baf1376c-465e-40e3-9103-846c9160eb8d,System6,System6_1,2025-01-05 05:53:35.375000+00:00,306.30600000000004,True
99bec384-ecac-429e-9bcd-944f34f4fca5,System10,System10_1,2025-01-05 18:29:29.625000+00:00,1359.7584000000002,True
bb65f641-ca04-46d0-beb7-b03992f410b6,System3,System3_3,2025-01-05 18:45:24.625000+00:00,30260.6304,True
19216e9d-7d42-484a-94f0-d4ef36b978ea,System2,System2_1,2025-01-05 21:20:18+00:00,648.648,True
540e51a1-4730-4c7c-8882-e64c8489adcb,System6,System6_2,2025-01-05 22:42:14.375000+00:00,306.30600000000004,True
57f417e5-abd2-411a-ad7e-1989c76b8006,System8,System8_4,2025-01-05 22:43:01.500000+00:00,3.6036,True
b921ecb6-4df9-443b-801b-7e4dcafdcd1a,System10,System10_1,2025-01-06 02:26:02.625000+00:00,1537.536,True
d4a37e58-5026-485a-8c2e-53e53c398acd,System6,System6_1,2025-01-06 02:37:59.375000+00:00,421.6212,True
10c3023d-5bf1-4aef-beb7-9ab29566e4d3,System6,System6_2,2025-01-06 02:38:08.375000+00:00,421.6212,True
8eccbb90-3337-4885-9288-b844c9075cc4,System4,System4_2,2025-01-06 14:45:10.625000+00:00,2.6138112,True
f1292ae9-3a41-4cc8-90c2-804748d28b28,System6,System6_1,2025-01-06 14:45:46.375000+00:00,421.6212,True
e4c3767c-cfbb-4f22-8e9f-b3901868ff47,System6,System6_2,2025-01-06 14:45:59.375000+00:00,344.74440000000004,True
63c6f3ec-6ab5-447e-9f2f-1c06f1643cef,System8,System8_2,2025-01-06 15:10:48.500000+00:00,21.025804800000003,True
e8aefbe0-1cd3-4cc6-b8f5-134fe34cc255,System6,System6_1,2025-01-06 23:19:46.125000+00:00,10.8108,True
660f8943-fa3a-430f-b080-a5333856aee5,System3,System3_3,2025-01-07 04:38:46.625000+00:00,30395.1648,True
48ffb6fc-7530-4da3-bf01-20297cf038bc,System9,System9_1,2025-01-07 14:53:46.500000+00:00,4430.0256,True
d4c14751-beb9-4a6b-ac6a-116246bd8337,System3,System3_3,2025-01-07 18:53:33.625000+00:00,30270.24,True
00618b60-758d-48cc-86da-ae39ddf3c36b,System3,System3_3,2025-01-07 22:49:27.625000+00:00,30270.24,True
ed5d3c44-c7e9-4af0-aee2-51e2c923d352,System6,System6_1,2025-01-08 00:28:07.375000+00:00,16.8168,True
6a3e731d-067c-4f83-a736-a525fcec6d9d,System3,System3_1,2025-01-08 03:20:29.625000+00:00,29059.4304,True
37e4f704-e207-43fb-a2b6-c1ed1fb56be9,System8,System8_2,2025-01-08 17:40:10.500000+00:00,28.233004800000003,True
ef6dc3bf-15ef-4096-8cc3-27087f83b14a,System4,System4_2,2025-01-08 20:19:23.625000+00:00,3.0942912,True
e12c319c-741f-48e9-95a3-f90089e11744,System4,System4_1,2025-01-08 20:19:23.625000+00:00,3.84384,True
b02ef9d5-ad89-47bd-9ec3-87de37e40a88,System6,System6_2,2025-01-08 21:59:16.375000+00:00,344.74440000000004,True
9a438285-e883-4622-8d88-feb5b04ec961,System6,System6_2,2025-01-08 22:35:52.375000+00:00,306.30600000000004,True
d96cb9b0-0c8c-448a-a6e0-ae5991820113,System6,System6_1,2025-01-09 01:27:11.375000+00:00,460.0596000000001,True
eae3da7f-ed68-4255-8ca8-3608327fd724,System6,System6_2,2025-01-09 01:27:20.375000+00:00,344.74440000000004,True
2a98ac40-a219-4529-92c0-6c3162196257,System3,System3_3,2025-01-09 02:29:17.625000+00:00,30568.1376,True
042297a4-7362-4e97-83b7-c170f50a8502,System3,System3_3,2025-01-09 22:27:51.625000+00:00,30231.801600000003,True
9fede36c-3589-458f-b61a-3a20b300d9b0,System10,System10_1,2025-01-10 04:45:05.625000+00:00,1388.5872,True
b99930a8-eb34-412a-861c-9c19a99e206d,System6,System6_1,2025-01-10 04:47:48.375000+00:00,306.30600000000004,True
67daa289-710e-421e-869e-cf91ca75aa4a,System6,System6_2,2025-01-10 04:50:49.375000+00:00,306.30600000000004,True
5a166709-3979-4adc-96f8-68fb6b96bdee,System9,System9_1,2025-01-10 11:34:12.500000+00:00,4478.0736,True
d1448b7f-3359-417d-b9b4-ae1b3a9435f5,System6,System6_1,2025-01-10 15:26:10.375000+00:00,306.30600000000004,True
e353fee3-c7b3-4b3f-8627-9ae77a5449d4,System6,System6_2,2025-01-10 15:26:15.375000+00:00,306.30600000000004,True
83d455be-56e2-47a9-92f5-8681670fbe9c,System6,System6_2,2025-01-10 15:28:59.375000+00:00,306.30600000000004,True
5e7015b6-e2c7-44a4-ad46-d3a6f071d4d5,System8,System8_2,2025-01-10 15:45:37.500000+00:00,24.629404800000003,True
cbf2b425-f736-457d-acbf-d6e9c17e07e5,System6,System6_1,2025-01-10 16:36:06.375000+00:00,344.74440000000004,True
f16ed83e-d7df-460a-bda2-9260314545f2,System6,System6_2,2025-01-10 16:36:07.375000+00:00,498.4980000000001,True
98c4a5b4-8ff0-4678-a512-af2ad4cb9cb7,System8,System8_2,2025-01-10 21:21:01.500000+00:00,19.824604800000003,True
fd9d4325-9c03-48b7-ab69-637a51a7311b,System3,System3_3,2025-01-11 04:28:01.625000+00:00,30327.8976,True
015d5fc5-5e88-41fc-a78b-0a51d96aeb79,System8,System8_2,2025-01-11 13:36:08.500000+00:00,20.4204,True
3b74a48b-6376-4430-bf3e-3c2635851778,System6,System6_2,2025-01-11 14:37:56.375000+00:00,306.30600000000004,True
0c341ed5-3fc8-4fbe-a803-2b08a9275b57,System3,System3_1,2025-01-11 20:15:25.625000+00:00,29059.4304,True
82cd0dc7-05eb-4f7a-84e7-77c7298933dc,System8,System8_2,2025-01-11 20:34:46.500000+00:00,19.2192,True
0141b444-1de7-441c-a14d-73c7b5b82575,System3,System3_1,2025-01-12 00:28:34.625000+00:00,29049.8208,True
b34b585b-3725-4177-aa83-ab0381289fd2,System8,System8_2,2025-01-12 16:33:56.500000+00:00,25.830604800000003,True
2371815a-224b-4dd3-a64e-d3e6bf689535,System6,System6_2,2025-01-12 18:28:34.375000+00:00,498.4980000000001,True
f26dc1c9-d986-42d8-906b-ba8e0ad90a71,System9,System9_1,2025-01-13 12:03:19.500000+00:00,4439.635200000001,True
94594586-773a-4f20-8fd6-c2de43e57632,System9,System9_1,2025-01-13 14:53:36.500000+00:00,4439.635200000001,True
cf3505d5-01b1-47d3-b1d0-eb6d409292f0,System6,System6_2,2025-01-13 15:08:49.375000+00:00,383.1828,True
884aa97d-1e69-4b31-b0a1-31d2a7398b11,System6,System6_1,2025-01-13 15:08:56.375000+00:00,383.1828,True
07abb743-8686-4ffc-945a-980323421ec1,System6,System6_1,2025-01-13 15:12:28.375000+00:00,344.74440000000004,True
e9fef874-fe6b-45a6-bc6f-9d178f57479d,System6,System6_2,2025-01-13 15:12:29.375000+00:00,344.74440000000004,True
42aeee67-6012-430e-96ee-a334859ba7d9,System11,System11_1,2025-01-13 16:49:15.250000+00:00,77.76088320000001,True
e9800d20-1268-49f0-8d1b-1f1f53b9f3c4,System1,System1_2,2025-01-13 17:09:36.625000+00:00,620.78016,True
cff7dd1f-6747-45aa-9055-c53c9681739a,System11,System11_1,2025-01-13 18:22:27.500000+00:00,72.168096,True
1c4e64ce-adeb-49e6-8ec8-8e101c496e6a,System8,System8_2,2025-01-13 18:38:50.500000+00:00,27.031804800000003,True
11055d05-149a-42ba-b5ab-61505c26605e,System10,System10_1,2025-01-13 19:13:15.625000+00:00,1455.8544000000002,True
c5bd1a32-869c-4af8-8f14-652bdd7fda72,System1,System1_1,2025-01-13 19:22:37.625000+00:00,616.93632,True
5363a328-f482-4bfe-8b37-ffd0da96fa69,System1,System1_2,2025-01-13 19:35:53.625000+00:00,631.35072,True
942a8da0-aba9-44af-8597-b072a2b144dc,System3,System3_3,2025-01-13 22:51:33.625000+00:00,30472.0416,True
57ebc999-8e97-4cdf-bfcc-cac1d1d59966,System6,System6_1,2025-01-13 23:02:41.375000+00:00,306.30600000000004,True
20423339-19e1-4de2-99c2-b72662241095,System1,System1_2,2025-01-13 23:10:13.625000+00:00,620.78016,True
e59d46e0-67fa-4797-a44d-6ca22a56ba8e,System6,System6_2,2025-01-14 00:13:54.375000+00:00,344.74440000000004,True
f03fe81a-8b92-45ac-b280-06ad4b95816c,System8,System8_2,2025-01-14 00:35:54.500000+00:00,28.233004800000003,True
97386ee4-3cb8-4504-8a94-2b9e44047e13,System5,System5_1,2025-01-14 00:46:57+00:00,16.8168,True
52515a8b-4087-4045-84d9-5db1311da44d,System3,System3_3,2025-01-14 01:24:37.625000+00:00,30366.336000000003,True
3bd3608e-91ff-4597-b548-a98fa64ee12e,System1,System1_2,2025-01-14 01:57:09.625000+00:00,620.78016,True
802bec82-6ba9-403e-8833-6548c5ac57d7,System6,System6_1,2025-01-14 03:56:30.375000+00:00,306.30600000000004,True
209631a3-8828-4215-9deb-d74ba13ce1df,System6,System6_2,2025-01-14 04:00:39.375000+00:00,421.6212,True
a89c03b5-c480-49b1-bf8d-ea9e3bed00f6,System8,System8_2,2025-01-14 04:08:35.500000+00:00,23.428204800000003,True
38e8c790-7ea7-4fdc-80a8-2c621a1124cf,System1,System1_2,2025-01-14 04:40:58.625000+00:00,629.4288,True
4cdc9e7e-711a-4968-9596-a45e6251fd9f,System9,System9_1,2025-01-14 12:19:10.500000+00:00,4449.2448,True
b8b40f53-53be-48c7-95c9-95230082899a,System6,System6_1,2025-01-14 12:57:46.375000+00:00,306.30600000000004,True
06823e54-c65c-4e82-b031-a7039a7a1652,System6,System6_2,2025-01-14 12:57:51.375000+00:00,344.74440000000004,True
1ba3ca30-c6b2-4853-9fb6-1ee83f63282e,System1,System1_2,2025-01-14 13:42:30.625000+00:00,619.8192,True
9cf29ce9-f28c-4fa7-927b-8ab8c42471a1,System6,System6_2,2025-01-14 15:18:53.375000+00:00,306.30600000000004,True
aacffb04-7bd8-42d5-994c-4843c93fcd03,System1,System1_2,2025-01-14 16:12:36.625000+00:00,626.54592,True
4b67096f-4d12-4e62-9b49-122c2a80bb32,System8,System8_2,2025-01-14 18:31:41.500000+00:00,26.4264,True
a661d162-afbe-4e9a-9fcc-fb67baf1aa7b,System10,System10_1,2025-01-14 18:46:13.625000+00:00,1460.6592,True
54927912-41f2-4a7a-9695-6944987b1e83,System1,System1_1,2025-01-14 19:01:21.625000+00:00,615.97536,True
14f24e73-36fa-4a63-bcac-9c26d3cce6bf,System1,System1_2,2025-01-14 19:10:36.625000+00:00,632.31168,True
d382f410-3786-48a7-a68f-008443b28a01,System1,System1_2,2025-01-14 22:51:14.625000+00:00,643.8432,True
f46d207c-b707-4deb-ace7-0a457fe03ae5,System8,System8_2,2025-01-15 01:00:30.500000+00:00,19.824604800000003,True
b8ca1ad3-666f-4d54-bf90-bdc920db12d2,System1,System1_1,2025-01-15 01:58:12.625000+00:00,615.97536,True
9fb4bcff-ab71-4b51-a1eb-3dc60050a0fc,System1,System1_2,2025-01-15 02:13:07.625000+00:00,630.38976,True
6734b2f9-0c85-4f57-8ada-9b4f3f688f31,System3,System3_3,2025-01-15 05:15:30.625000+00:00,30423.9936,True
90818874-e791-4c85-affe-384651fe3138,System6,System6_2,2025-01-15 05:35:41.375000+00:00,344.74440000000004,True
b804318c-6402-40fd-a634-bdf231f63bb8,System6,System6_1,2025-01-15 05:35:44.375000+00:00,383.1828,True
d354fc3c-4920-4cd2-a2fd-c3d5107ae1f4,System1,System1_2,2025-01-15 05:40:16.625000+00:00,634.2336,True
6b6d115c-8098-4197-a493-dc043497734c,System4,System4_2,2025-01-15 13:27:19.625000+00:00,2.3735712,True
6d551f18-e48b-4e7e-8b50-b1a24142e45b,System3,System3_3,2025-01-15 14:20:39.625000+00:00,30366.336000000003,True
fe8933d9-49a7-4de4-b857-f223c262ee10,System10,System10_1,2025-01-15 14:25:18.625000+00:00,1479.8784,True
3846fa41-bd55-4b85-8b9d-d3650d5f2e9d,System1,System1_2,2025-01-15 14:39:03.625000+00:00,619.8192,True
467ae53d-03ce-419c-bb85-ec1f8bb2f868,System1,System1_2,2025-01-15 17:11:39.875000+00:00,647.68704,True
6db5dd19-8e7e-4deb-a3b5-b0dbb0103f57,System1,System1_1,2025-01-15 17:11:49.625000+00:00,641.92128,True
529ab9e2-e18c-4626-8d55-1836ee81a090,System7,System7_1,2025-01-15 17:14:52+00:00,1147.7514048,True
ad3ee5c2-6ee7-407c-b57d-38e8434ff05b,System8,System8_2,2025-01-15 17:31:26.500000+00:00,19.824604800000003,True
4dcc969c-3bde-47fe-bc33-2cef73287f7e,System1,System1_2,2025-01-15 18:41:53.625000+00:00,669.78912,True
e80b45f5-d801-43db-a62b-b81cd97127ac,System1,System1_1,2025-01-15 18:42:54.625000+00:00,656.33568,True
9edf98dc-edc2-4716-9a5c-6a07fd38d036,System6,System6_2,2025-01-15 20:59:54.375000+00:00,460.0596000000001,True
fbef7233-eb9c-4e27-afbe-2b3331b8357d,System11,System11_2,2025-01-15 21:20:15.250000+00:00,84.00712320000001,True
b31558e6-bf12-4e3b-b3e7-66507ad04697,System10,System10_1,2025-01-15 22:39:38.625000+00:00,1422.2208,True
5e20326c-684c-441f-964e-50c5621d564e,System1,System1_2,2025-01-15 23:02:06.625000+00:00,636.15552,True
81c63f1c-45a3-4805-8167-112235c91261,System3,System3_3,2025-01-16 01:17:44.625000+00:00,30568.1376,True
ee50ebcf-07d3-40b2-8585-99c251ad52ca,System1,System1_2,2025-01-16 01:51:14.625000+00:00,627.50688,True
ed9e3780-6741-4ed2-8a63-d3c0ee46ad2d,System3,System3_3,2025-01-16 05:07:45.625000+00:00,30270.24,True
ffcacbfe-7bd1-452c-bd50-bae5a1c169f8,System1,System1_2,2025-01-16 05:28:25.625000+00:00,627.50688,True
95d89a34-b63e-477d-adb8-7292d3e4213a,System6,System6_2,2025-01-16 12:20:26.375000+00:00,306.30600000000004,True
7ff79697-0f3b-4963-8b62-d83e36f96892,System1,System1_2,2025-01-16 13:43:13.625000+00:00,635.19456,True
452fcb41-ab92-4968-a7aa-b7b504647cb3,System3,System3_1,2025-01-16 15:35:35.625000+00:00,29059.4304,True
363bc22f-dd53-426f-b7c0-7503784e88d1,System1,System1_1,2025-01-16 16:12:55.625000+00:00,624.624,True
b17c1f63-3cb6-4158-940e-e0833eedea8e,System1,System1_2,2025-01-16 16:25:22.625000+00:00,644.80416,True
c4ea137e-92e4-410e-9d16-aaf451b812bc,System1,System1_1,2025-01-16 18:58:57.625000+00:00,619.8192,True
02a26dec-519e-4cd8-8849-894ced700122,System1,System1_2,2025-01-16 19:14:08.625000+00:00,654.41376,True
ae8c4e21-02bb-4999-88eb-1c1d83bab62a,System1,System1_2,2025-01-16 23:02:53.625000+00:00,620.78016,True
c2cee015-252d-46dc-aff5-ded380c8904b,System8,System8_2,2025-01-17 00:25:35.500000+00:00,22.8228,True
b8e32d42-f00a-423c-96d3-0acff27e9009,System1,System1_2,2025-01-17 01:50:09.625000+00:00,621.74112,True
38c377de-8d45-4ede-a54d-837248f521c2,System10,System10_1,2025-01-17 04:29:53.750000+00:00,1393.392,True
3d3c6f7f-d5c9-48d3-9bc1-750b08a39b15,System1,System1_2,2025-01-17 05:25:07.625000+00:00,627.50688,True
6f67c0f7-3e25-4228-bdba-27ad42ec5856,System3,System3_3,2025-01-17 14:20:59.625000+00:00,30385.555200000003,True
78f80494-addb-4758-9bf4-1e3f2e3c8729,System10,System10_1,2025-01-17 14:32:53.625000+00:00,1398.1968000000002,True
d76a0089-88aa-4253-a79c-5d5122002e21,System1,System1_2,2025-01-17 20:01:45.625000+00:00,643.8432,True
151673e5-d072-4385-a050-0dad68d6007e,System10,System10_1,2025-01-17 23:33:50.625000+00:00,1561.56,True
574b836c-7cbd-40cf-b36c-f82b911c1429,System3,System3_3,2025-01-18 00:29:31.625000+00:00,30327.8976,True
903bebfd-9e91-44cd-9b52-619e24baffee,System1,System1_2,2025-01-18 00:54:45.625000+00:00,617.89728,True
02fabdbe-be44-446c-b95d-53bb38c04390,System8,System8_2,2025-01-18 03:18:04.500000+00:00,22.227004800000003,True
f19a4370-e7f9-4af4-9262-a48825941496,System6,System6_2,2025-01-18 04:29:04.375000+00:00,344.74440000000004,True
dc7a2d9b-9f64-4c14-b7aa-807bbd0fb936,System10,System10_1,2025-01-18 04:30:22.625000+00:00,1494.2928000000002,True
517fbe36-8325-45c0-b301-41df78f7b977,System1,System1_2,2025-01-18 04:57:51.625000+00:00,630.38976,True
29f53d2a-2efd-4a7c-aadb-376cddc6def0,System9,System9_1,2025-01-18 16:20:22.500000+00:00,4468.464,True
1e772252-73c4-4da3-9f8f-d8d7e59438b4,System5,System5_1,2025-01-18 16:55:18.625000+00:00,19.2192,True
0fc78e87-528d-4ebe-babb-74f3e8b84ab9,System8,System8_1,2025-01-18 17:12:14+00:00,22.8228,True
0b582bc5-559e-450f-b91c-028bbe919541,System8,System8_2,2025-01-18 17:12:25.500000+00:00,38.4384,True
9b2918be-51a5-42e2-b9ae-6cad898082ac,System9,System9_1,2025-01-18 21:06:58.500000+00:00,4497.2928,True
0f8cbfa1-a574-4532-9d3b-1880c373dda7,System10,System10_1,2025-01-18 23:37:48.625000+00:00,1580.7792,True
d78156e9-7785-41f7-b35e-f86639380ee3,System3,System3_3,2025-01-18 23:41:42.625000+00:00,30231.801600000003,True
9b4a0683-b50f-4cc0-abde-3a99c40b32d9,System6,System6_1,2025-01-19 00:45:19.375000+00:00,460.0596000000001,True
e0b4f124-191a-4827-9b31-0f1075636a0f,System6,System6_2,2025-01-19 00:45:28.375000+00:00,460.0596000000001,True
a043844e-8d89-4838-b420-c5f3e2ac6259,System9,System9_1,2025-01-19 04:06:31.500000+00:00,4478.0736,True
9c553c38-3e7c-4abe-896d-90689ff2141a,System4,System4_2,2025-01-19 04:21:07.625000+00:00,2.7963936,True
1809324b-9799-49e9-aa1e-0208e64e7097,System3,System3_3,2025-01-19 05:43:37.625000+00:00,30385.555200000003,True
e7bb4e48-699f-4d4a-bac9-76e2a27566d6,System9,System9_1,2025-01-19 13:16:47.500000+00:00,4362.758400000001,True
43f85d28-07b3-4c48-95f0-794d9e36155c,System9,System9_1,2025-01-19 13:38:35.500000+00:00,4420.416,True
282a812f-1543-4c97-8834-febe88f32641,System4,System4_2,2025-01-19 13:48:23.625000+00:00,3.7093056,True
2f0fc688-dc26-43dd-b88d-8ae3c8d93f78,System6,System6_2,2025-01-19 14:04:40.375000+00:00,460.0596000000001,True
900af4ad-b425-45b6-98fb-c7c65c1f1c68,System8,System8_2,2025-01-19 14:11:20.500000+00:00,27.6276,True
db74bf75-6db9-4cbe-9e0c-aa884d42cfda,System10,System10_1,2025-01-19 14:47:33.625000+00:00,1566.3648,True
eb1a4287-fc3e-4947-84ee-2b88a7833365,System3,System3_3,2025-01-19 14:49:25.625000+00:00,30423.9936,True
c55ce870-1dd3-446a-b8f4-6e36f7958863,System6,System6_2,2025-01-19 18:14:06.375000+00:00,383.1828,True
8ef8d30e-7ab6-4ee7-b3e5-588d4f581e05,System10,System10_1,2025-01-19 19:01:08.625000+00:00,1523.1216,True
fe375b43-510d-4914-9048-222865fc62aa,System3,System3_3,2025-01-19 19:10:55.625000+00:00,30212.5824,True
60330cda-30b5-4d8e-aa7c-f0c81b90a9be,System9,System9_1,2025-01-19 20:17:21.500000+00:00,4468.464,True
82d64304-fba4-4e9f-8d08-1eb5d9d5e65c,System4,System4_2,2025-01-19 20:24:53.625000+00:00,2.8924896,True
246b210f-4370-4208-bcea-2d3c52f04cd0,System10,System10_1,2025-01-19 21:18:21.625000+00:00,1398.1968000000002,True
b714844c-e365-4fd1-9a5c-015281eba0ae,System3,System3_3,2025-01-19 21:41:25.625000+00:00,30318.288,True
5effb2db-f954-46b5-adbc-3e163a436d38,System4,System4_2,2025-01-20 00:36:50.625000+00:00,2.8540512,True
da593141-3072-4242-881a-f9304afaa105,System9,System9_1,2025-01-20 02:56:10.500000+00:00,4420.416,True
6b6a632c-bba9-4da0-8dc3-9ae0fd952cb7,System9,System9_1,2025-01-20 09:56:23.500000+00:00,4372.368,True
7fd82b4e-209a-4465-b765-747cdfc4d062,System9,System9_1,2025-01-20 11:57:48.500000+00:00,4458.8544,True
28325b72-f49f-4033-852d-deb2243f2e21,System4,System4_2,2025-01-20 12:12:16.625000+00:00,2.5465440000000004,True
726fce47-4513-473f-a1df-8d0560f6dfec,System6,System6_1,2025-01-20 12:13:00.375000+00:00,383.1828,True
dd81ae1c-06c9-490c-9980-8cb1bf941393,System6,System6_2,2025-01-20 12:13:01.375000+00:00,383.1828,True
b1f0bd0e-6b00-477b-b80c-4f75462f81fb,System6,System6_2,2025-01-20 12:16:09.375000+00:00,306.30600000000004,True
ae05c1ec-80e1-4746-9f50-fa9533d26242,System6,System6_2,2025-01-20 12:18:53.375000+00:00,344.74440000000004,True
af64f9cf-9e3a-4880-b58b-06c2688b90e6,System6,System6_2,2025-01-20 12:23:45.375000+00:00,383.1828,True
afaf6492-1a16-432d-ae6a-11fa022f8a9f,System6,System6_2,2025-01-20 12:28:25.375000+00:00,383.1828,True
b4b722a5-5be2-408a-8614-ccdcf5c858db,System6,System6_2,2025-01-20 12:32:45.375000+00:00,306.30600000000004,True
fe9a5b9b-c593-4b5f-848d-6c23f8807c9c,System9,System9_1,2025-01-20 15:11:32.500000+00:00,4420.416,True
a5f3a3c9-18f6-4329-bf1b-d5f2aa710b37,System9,System9_1,2025-01-20 15:52:12.500000+00:00,4410.8064,True
61b60a44-9a88-468b-bfbb-17fb0ebbddf4,System11,System11_2,2025-01-20 16:31:50.250000+00:00,80.96088,True
3fc3458b-2e6b-495e-8fb0-2eafb9d9bd2a,System11,System11_1,2025-01-20 16:42:23.250000+00:00,120.6773568,True
4c570ce8-7800-4d59-82c0-d92d4874707d,System10,System10_1,2025-01-20 16:56:15.625000+00:00,1465.464,True
8db549ab-748b-4c58-ab69-c9a2c93ad2cc,System9,System9_1,2025-01-20 20:58:06.500000+00:00,4449.2448,True
00e1f342-9560-45e1-b95b-8243d8db5dc0,System4,System4_2,2025-01-20 21:12:30.625000+00:00,2.4600576000000003,True
9e8719f1-af9b-4391-96e0-ab176d1a5971,System9,System9_1,2025-01-20 23:12:42.500000+00:00,4314.7104,True
2d00ae1d-3bc7-47f2-83c7-afab37200d93,System4,System4_2,2025-01-20 23:19:58.625000+00:00,3.5171136,True
a47a0f7e-2f40-4efb-af1a-1371391606b3,System3,System3_3,2025-01-20 23:23:50.625000+00:00,30231.801600000003,True
2938d3e6-ef79-41fe-b1b3-4822449085c6,System9,System9_1,2025-01-21 03:34:21.500000+00:00,4458.8544,True
d9dcf904-5245-40a3-9b97-457637f47061,System4,System4_2,2025-01-21 03:49:33.625000+00:00,2.9501472,True
d0f402b4-63bd-4d74-a2c1-fdfe7bd2fd81,System3,System3_3,2025-01-21 04:57:17.625000+00:00,30299.0688,True
c983db26-e92a-4b69-b568-eb230925526f,System3,System3_3,2025-01-21 14:58:36.625000+00:00,30443.2128,True
f0aee5dc-c7ee-44d1-b295-7479ce3f138d,System6,System6_1,2025-01-21 15:18:12.375000+00:00,306.30600000000004,True
f9f70761-edc4-46ea-ae1d-f0937625a46b,System1,System1_2,2025-01-21 15:29:48.625000+00:00,616.93632,True
8d51f926-525a-4db3-b115-69eaf589b794,System1,System1_2,2025-01-21 18:37:48.625000+00:00,633.27264,True
cd38a639-5d3c-4d4d-b740-cd827e354de7,System8,System8_2,2025-01-22 00:21:02.500000+00:00,28.8288,True
e67d860b-1aac-4928-9c8b-925a80f489c7,System3,System3_3,2025-01-22 01:18:19.625000+00:00,30443.2128,True
9db509b4-2f3d-435c-9e2d-79298d61deeb,System1,System1_2,2025-01-22 01:37:49.625000+00:00,613.09248,True
2784e7fd-e48b-4633-b30a-5e1b6a9ee956,System4,System4_2,2025-01-22 04:18:07.625000+00:00,2.7963936,True
99fe69a8-2acf-4256-81e1-6443026864b0,System6,System6_2,2025-01-22 04:23:32.375000+00:00,306.30600000000004,True
c6fd74d6-d86a-4b27-91fc-ad2d4618ffe3,System12,System12_3,2025-01-22 11:47:34.500000+00:00,28.8288,True
63a96a2f-66ed-49fc-a5ff-e0427594e0fa,System6,System6_2,2025-01-22 12:15:27.375000+00:00,306.30600000000004,True
b53ce74b-fa02-4967-9065-eeeb718e8474,System4,System4_2,2025-01-22 15:23:04.625000+00:00,2.5369344000000003,True
4a90d1cf-7609-46a9-9964-cd183d642a1e,System6,System6_2,2025-01-22 15:30:49.375000+00:00,306.30600000000004,True
ca1de087-ff1c-4817-916a-371f5ed0fc35,System1,System1_2,2025-01-22 16:18:24.625000+00:00,612.13152,True
dcc581e8-fbcf-4bed-9008-e628d09e61ae,System3,System3_3,2025-01-23 04:27:19.625000+00:00,30231.801600000003,True
46d4ff28-e8de-49a1-b5aa-43506c2e7465,System9,System9_1,2025-01-23 05:07:09.500000+00:00,4401.1968,True
1dc4f795-7681-4a6e-a905-1b720e2c45c1,System9,System9_1,2025-01-23 11:24:22.500000+00:00,4439.635200000001,True
bddcc832-6aec-4c93-812a-d1c49b4a7110,System1,System1_2,2025-01-23 14:43:41.625000+00:00,612.13152,True
d5aba6a4-ee8d-44f4-8728-5f468888b368,System6,System6_2,2025-01-23 14:45:38.375000+00:00,306.30600000000004,True
0d5f09b3-daaa-4327-b69d-6f39792eaa06,System8,System8_1,2025-01-23 15:04:55+00:00,22.227004800000003,True
f7766cfb-e82a-4685-822f-136d22afccfb,System8,System8_2,2025-01-23 15:27:45.500000+00:00,21.6216,True
f2dcfd90-7634-402d-99f2-fb0540e5269a,System6,System6_2,2025-01-23 19:39:09.375000+00:00,306.30600000000004,True
e674639d-e153-40c8-9943-eb89536b83eb,System6,System6_2,2025-01-23 19:50:21.375000+00:00,306.30600000000004,True
12a94da5-50d1-4911-85cd-80885db45eed,System6,System6_1,2025-01-23 20:22:28.375000+00:00,306.30600000000004,True
dc828b72-d333-442c-8da7-5779a349b476,System6,System6_2,2025-01-23 20:22:29.375000+00:00,306.30600000000004,True
f862ca59-41b4-414d-8285-447bb0877475,System3,System3_1,2025-01-23 20:24:00.625000+00:00,29040.2112,True
ac9ea6f7-f9d8-4a2b-8965-6b3d81abcd2c,System1,System1_2,2025-01-23 20:33:28.625000+00:00,635.19456,True
f017b309-8cb3-45c6-83d9-7401b66005be,System1,System1_1,2025-01-23 23:22:57.625000+00:00,615.0144,True
9cade682-329d-48e7-b0e1-a88c5d16a22c,System1,System1_2,2025-01-23 23:38:52.625000+00:00,631.35072,True
f9ab0127-c557-43e4-87b3-96e24d47a026,System1,System1_3,2025-01-24 02:00:45.625000+00:00,622.70208,True
e9d23b88-18ec-4370-b911-ca66cc17c2ac,System1,System1_1,2025-01-24 02:04:04.625000+00:00,636.15552,True
8e5b36aa-1209-48b2-bb45-2811438bde75,System1,System1_2,2025-01-24 02:07:15.625000+00:00,648.648,True
6d45d12f-578e-4693-8247-ea7dc347c671,System1,System1_1,2025-01-24 16:12:33.625000+00:00,629.4288,True
65bb0dd0-7674-47a2-9398-7b8bef9cd6c7,System1,System1_2,2025-01-24 16:34:16.625000+00:00,639.0384,True
bdd30c7c-b4e6-4bbe-9c0e-ee9c286f43cc,System1,System1_1,2025-01-24 18:49:56.625000+00:00,642.88224,True
b11e58a7-20a6-4bc4-a375-e63fc3e268f5,System1,System1_3,2025-01-24 18:53:41.625000+00:00,626.54592,True
1ee7e9bd-1b28-415b-8c7e-e9d7381b5534,System1,System1_2,2025-01-24 18:55:39.625000+00:00,650.56992,True
071b8a2f-6ff7-47f7-b14b-d8b1e617a08d,System1,System1_1,2025-01-24 20:45:16.625000+00:00,641.92128,True
f0c40580-8f09-40a7-85e7-52089d93cce3,System1,System1_3,2025-01-24 20:50:53.625000+00:00,617.89728,True
6fd41828-1e4c-4b0e-b588-faef5bab71ee,System1,System1_2,2025-01-24 21:04:03.625000+00:00,654.41376,True
61544ecb-bbe6-4dd1-872e-11f027eab154,System8,System8_2,2025-01-24 23:03:04.500000+00:00,22.8228,True
b597ab8d-cb15-4572-b333-535a221afdeb,System1,System1_1,2025-01-24 23:19:24.625000+00:00,642.88224,True
15caaaeb-9193-4e82-8a44-44f5c55969c6,System1,System1_3,2025-01-24 23:22:49.625000+00:00,619.8192,True
456a5095-1650-471b-94ea-0c7fab0bfdae,System1,System1_2,2025-01-24 23:44:03.625000+00:00,661.14048,True
682c88e7-1af8-4d59-8055-a2d7b5c040e8,System13,System13_2,2025-01-25 14:26:55+00:00,28.8288,True
0425ed85-5e14-4f33-acef-8ce943c2db7e,System1,System1_2,2025-01-25 14:33:34.625000+00:00,639.99936,True
27b70c98-02bf-41df-b40a-f4c627bcf8e4,System1,System1_1,2025-01-25 15:05:08.625000+00:00,634.2336,True
347f96ab-3d4e-455f-a0ec-63ea6ad57c4f,System1,System1_2,2025-01-25 18:42:15.625000+00:00,641.92128,True
a642cd76-05d7-42c9-b41f-b83d60f9c131,System1,System1_1,2025-01-25 21:32:32.625000+00:00,612.13152,True
f9b0831d-7dcc-44d1-97b0-270267d542e5,System1,System1_2,2025-01-25 21:53:03.625000+00:00,651.53088,True
0f3806cc-4548-4e5c-a822-e962c630d4ac,System1,System1_2,2025-01-26 01:56:28.625000+00:00,619.8192,True
3cff9d97-1141-492e-a3a7-f28ce085f83b,System9,System9_1,2025-01-26 02:50:07.500000+00:00,4439.635200000001,True
f5e8caee-4778-46a3-a1ae-a5544350e038,System9,System9_1,2025-01-26 10:04:35.500000+00:00,4478.0736,True
a2a57d2c-ab1d-441a-80ff-29b64424f814,System1,System1_2,2025-01-26 12:35:34.625000+00:00,647.68704,True
01eb4962-fe7e-48a6-9500-06e5c2b37c50,System10,System10_1,2025-01-26 12:53:00.625000+00:00,1374.1728,True
b13e0188-7f34-4b31-a5f7-0c021f2a7b31,System1,System1_1,2025-01-26 13:32:19.625000+00:00,622.70208,True
86aa8172-a116-4a8c-a5dc-732aa3a1a4c3,System6,System6_1,2025-01-26 14:13:50.375000+00:00,344.74440000000004,True
7c4664a9-4606-4994-a917-9555f5b64231,System6,System6_2,2025-01-26 14:13:51.375000+00:00,383.1828,True
288976d6-dafc-4081-942c-a7ae96b75814,System7,System7_1,2025-01-26 15:51:34+00:00,718.9230048000001,True
41055439-9f6b-4e92-b92c-fe79c65971de,System11,System11_1,2025-01-26 16:08:29.250000+00:00,80.96088,True
6b4ec0be-1cc7-4898-a589-2e82429f7d4f,System1,System1_1,2025-01-26 16:35:23.625000+00:00,619.8192,True
9667771d-858e-4bc3-ac4d-90dac806ab17,System3,System3_1,2025-01-26 16:47:24.625000+00:00,29040.2112,True
4ac95f4b-ccf8-46cd-aaf1-9c2b42e0d914,System1,System1_2,2025-01-26 16:58:30.625000+00:00,640.96032,True
ae05a206-2aa4-4795-b7a3-3ef0590f800f,System6,System6_2,2025-01-26 18:32:27.375000+00:00,306.30600000000004,True
6dfea41a-0015-4a49-8d09-387dec302167,System10,System10_1,2025-01-26 19:39:23.625000+00:00,1407.8064,True
a34752ca-82a8-4508-9c31-b85d82b732c4,System6,System6_1,2025-01-26 19:44:58.375000+00:00,344.74440000000004,True
e75c73d5-e803-493e-bbc4-fd84759d374a,System6,System6_2,2025-01-26 19:45:07.375000+00:00,306.30600000000004,True
3af8745f-9ca3-48fa-973e-4d19ed256789,System11,System11_1,2025-01-26 19:57:29.375000+00:00,94.4719776,True
6f308b2d-ef32-4770-b895-483dfac72581,System1,System1_2,2025-01-26 19:59:14.625000+00:00,642.88224,True
fa1a002b-31ec-455a-99a7-66327e4ace44,System1,System1_1,2025-01-26 22:02:28.625000+00:00,616.93632,True
2028e57e-8bd0-4fa1-9e1c-0ca4d19dbba4,System1,System1_2,2025-01-26 22:18:47.625000+00:00,644.80416,True
b06cd7dc-d860-4019-a332-be1002d77400,System6,System6_1,2025-01-27 01:26:35.375000+00:00,15.6156,True
a7c1e781-5439-4439-a3b8-42f055773a45,System6,System6_2,2025-01-27 03:49:36.375000+00:00,306.30600000000004,True
125554d2-ddde-4b52-9ff3-05889fa483f8,System8,System8_2,2025-01-27 04:20:06.500000+00:00,27.6276,True
41fb7fc7-ec9a-4cce-b8db-39c565e81a50,System10,System10_1,2025-01-27 04:24:41.625000+00:00,1407.8064,True
8b4b142b-7a02-424c-8bb1-a198e5eb56e1,System6,System6_2,2025-01-27 04:39:36.375000+00:00,344.74440000000004,True
c4c2acf2-f55c-4d7f-bd4e-d8d066fa9568,System1,System1_2,2025-01-27 04:49:59.625000+00:00,619.8192,True
29f0bee6-1aab-4261-a8b5-1a9244b287b7,System11,System11_1,2025-01-27 13:09:15.250000+00:00,122.76264,True
fbc910ea-0e6e-4fef-a6f5-0fb58c2e0890,System6,System6_2,2025-01-27 13:20:01.375000+00:00,306.30600000000004,True
9615845d-6eda-4def-af64-2bf0e683b1dd,System8,System8_2,2025-01-27 15:06:40.500000+00:00,19.2192,True
36bfe4be-531b-4afa-a000-5373b524857c,System10,System10_1,2025-01-27 18:57:23.625000+00:00,1575.9744,True
f53033a8-6745-4442-b888-7d353ccd81f7,System3,System3_3,2025-01-27 18:58:57.625000+00:00,30251.0208,True
ee43efe5-35ad-4e38-a512-246a07c23029,System6,System6_1,2025-01-27 20:50:36.375000+00:00,421.6212,True
6e52b259-53c2-46b3-ae5a-97a53d443864,System6,System6_2,2025-01-27 20:50:41.375000+00:00,383.1828,True
1d7f07e4-c38c-4cf4-a77c-ff84359e0626,System6,System6_2,2025-01-27 21:01:25.375000+00:00,344.74440000000004,True
eb76f4b0-21c9-4abc-8711-fe54e7984c7a,System3,System3_3,2025-01-27 21:57:30.625000+00:00,30260.6304,True
6ebc55e6-cbf2-4be9-9490-3d4e523cfb80,System1,System1_2,2025-01-27 22:29:16.625000+00:00,621.74112,True
63fa9ce2-67ca-43f8-a1f2-e55a43c7af03,System4,System4_2,2025-01-28 00:00:24.625000+00:00,2.3927904,True
daebafed-c555-494f-90c9-adbca0a301c0,System10,System10_1,2025-01-28 00:32:01.625000+00:00,1446.2448,True
533d1501-0140-4363-90e9-b22e32cb3778,System1,System1_2,2025-01-28 00:59:04.625000+00:00,623.66304,True
fe15e681-e197-48a9-8ad1-531f41dfadef,System9,System9_1,2025-01-28 02:01:56.500000+00:00,4458.8544,True
6024072b-b2f6-4b77-b025-fb8d814b3e4b,System9,System9_1,2025-01-28 10:29:30.500000+00:00,4468.464,True
e0a18353-74aa-4e50-955a-da3e13d3567b,System1,System1_2,2025-01-28 12:17:33.625000+00:00,631.35072,True
c49d297f-12f4-49d5-bead-addcf65e11b5,System10,System10_1,2025-01-28 13:20:40.625000+00:00,1403.0016,True
b6d25ad4-1063-4f71-a0a1-eb8ff74e4f3f,System6,System6_1,2025-01-28 14:00:33.375000+00:00,306.30600000000004,True
e0cd0fe5-6190-468c-950d-a57e724b47b5,System10,System10_1,2025-01-28 17:20:19.750000+00:00,1455.8544000000002,True
1759aa47-a07b-44a3-8bde-1d0f2853cd54,System1,System1_1,2025-01-28 18:39:42.625000+00:00,617.89728,True
85df9030-ef3e-4224-b6f6-ff05cbfedadd,System6,System6_1,2025-01-28 18:50:17.375000+00:00,383.1828,True
982c602b-8784-4765-a8e9-122b68d2ab2c,System6,System6_2,2025-01-28 18:50:26.375000+00:00,383.1828,True
86b88287-ee1f-49c2-9d7d-24f7671554b7,System1,System1_2,2025-01-28 18:55:25.625000+00:00,643.8432,True
61651f95-3054-4258-af93-28915ff94264,System12,System12_4,2025-03-05 09:29:34.500000+00:00,28.8288,True
3714bbe0-6804-4c84-b674-2ba313bfec96,System13,System13_1,2025-03-05 09:31:16+00:00,28.8288,True
290ec90c-8968-4f63-85cc-2098dd37cb20,System7,System7_1,2025-03-05 15:51:36+00:00,1060.6596,True
c5a664b3-9738-41dc-b897-9e936d9f5a62,System6,System6_2,2025-03-05 16:50:26.375000+00:00,306.30600000000004,True
2a5713f9-9cf4-4cee-be71-25f2daffdedf,System6,System6_2,2025-03-05 16:53:42.375000+00:00,344.74440000000004,True
2be6322c-ac2b-419e-8943-b0f3deb3b2df,System10,System10_1,2025-03-05 17:01:51.625000+00:00,1417.4160000000002,True
58c148bb-0a5a-42e2-81cb-31bf1202c4a9,System7,System7_1,2025-03-05 23:24:45+00:00,1045.6494048,True
e772acf7-898f-4831-926f-a1ac9c7433bd,System7,System7_1,2025-03-06 04:03:05+00:00,1046.8506048000002,True
0bc4547c-1c26-4a8e-8d68-db85a98e4533,System10,System10_1,2025-03-06 15:26:03.750000+00:00,1364.5632,True
1d7df273-25be-4050-8168-34ae4d72f6e2,System6,System6_2,2025-03-06 15:37:01.375000+00:00,344.74440000000004,True
42260bc3-4883-4b2d-af98-d93eaaba644d,System7,System7_1,2025-03-06 21:34:08+00:00,1046.2452,True
e62960c7-a37b-45c2-aa5d-50f7a1b1c610,System10,System10_1,2025-03-06 21:53:12.750000+00:00,1378.9776000000002,True
a38d5584-b2ed-4c3e-99d2-cef883a37ef2,System3,System3_1,2025-03-07 07:19:01.625000+00:00,29059.4304,True
422ce8c1-cef1-4a7c-b80b-73fa51dbfef2,System6,System6_1,2025-03-07 07:52:37.375000+00:00,306.30600000000004,True
445692df-feee-4005-ad09-7c2e8e3ee892,System6,System6_2,2025-03-07 07:52:38.375000+00:00,344.74440000000004,True
c6d45bd0-62fa-4e6a-8c21-f60b68c6007d,System7,System7_1,2025-03-07 19:35:51+00:00,1043.8428,True
6fe5ad8d-af5f-412f-b9bb-a763f259f155,System7,System7_1,2025-03-07 21:18:05+00:00,1054.6536,True
7507dfe5-8d78-4752-971f-7433485f98da,System3,System3_3,2025-03-07 23:05:01.625000+00:00,30433.6032,True
becb4081-50a5-41c5-b073-67bf0df72f0c,System6,System6_2,2025-03-08 02:19:54.375000+00:00,306.30600000000004,True
9752c6ee-adeb-4b48-bc93-8242ae5a2204,System6,System6_2,2025-03-08 02:50:18.375000+00:00,344.74440000000004,True
8002a3c2-6b53-4b7b-8edc-894e447b60d6,System12,System12_3,2025-03-08 14:54:36.500000+00:00,28.8288,True
72237d82-f41d-4a94-8b9a-10f26a972f39,System7,System7_1,2025-03-08 15:04:43.375000+00:00,1056.4602048000002,True
93571514-6073-4450-8acd-9b9727cdd173,System6,System6_1,2025-03-08 15:05:26.375000+00:00,383.1828,True
3754b436-ebd8-4a13-be32-91b5486c64e9,System6,System6_2,2025-03-08 15:09:07.375000+00:00,306.30600000000004,True
fe296dca-1f03-4ee7-a11c-73c4996c6a99,System6,System6_2,2025-03-08 15:13:03.375000+00:00,306.30600000000004,True
f5202639-ece2-42a5-92d4-7450e9e9e416,System6,System6_1,2025-03-08 17:13:47.375000+00:00,421.6212,True
35d2cdd3-a7d2-4613-8d6c-975a5872eab6,System6,System6_2,2025-03-08 19:53:28.375000+00:00,306.30600000000004,True
8e979e4b-298f-43e7-addc-925525884a39,System7,System7_1,2025-03-08 21:48:24.375000+00:00,1057.056,True
c934cb4d-c145-401d-86da-c9067a0ca85e,System10,System10_1,2025-03-08 23:53:09.750000+00:00,1494.2928000000002,True
e9eeb9be-396d-4721-894f-e2228b92540a,System3,System3_3,2025-03-09 00:35:31.625000+00:00,30251.0208,True
2dc90707-7ec0-47c7-a433-bc17a27818c8,System6,System6_2,2025-03-09 00:38:00.375000+00:00,421.6212,True
74802ec4-1be8-4ef7-9fcb-416b3f9128a8,System6,System6_1,2025-03-09 00:38:07.375000+00:00,344.74440000000004,True
adb4b5d1-2b72-46e4-8fe8-a4c3415c9f3d,System3,System3_3,2025-03-09 02:39:43.625000+00:00,30241.4112,True
8c1259c4-99e7-4c5f-a2e3-8967c24ca677,System7,System7_1,2025-03-09 03:28:57+00:00,1056.4602048000002,True
912e063a-d5a7-44cd-ad57-5fce106876ff,System7,System7_1,2025-03-09 14:09:35+00:00,1055.2590048,True
3aa628cc-af95-4a50-a4b7-1f4bfa1fcbbb,System10,System10_1,2025-03-09 15:30:35.625000+00:00,1475.0736000000002,True
19b65709-4f94-4217-b2d7-8e3e74a48358,System3,System3_3,2025-03-09 15:44:41.625000+00:00,30375.945600000003,True
0d5413ab-f4b8-4a90-9936-352f78d87dc7,System3,System3_3,2025-03-10 03:30:14.625000+00:00,30241.4112,True
60b64a19-b0d1-443a-a87f-f9aa2e250882,System6,System6_1,2025-03-10 12:25:28.375000+00:00,306.30600000000004,True
47761ff4-a78e-4cb3-a6f9-e20d2fbcc91b,System3,System3_3,2025-03-10 13:33:00.625000+00:00,30241.4112,True
2bbbe7db-6aad-4d26-9343-43039bec8871,System10,System10_1,2025-03-10 17:55:20.625000+00:00,1566.3648,True
33f7cd10-9ef8-4831-bee9-6758577efbec,System6,System6_2,2025-03-10 18:03:11.375000+00:00,306.30600000000004,True
baf9fb56-b601-4428-9a14-e78ef0870f15,System3,System3_3,2025-03-10 18:03:36.625000+00:00,30327.8976,True
b480168c-5703-46ec-8330-06d445a4a622,System7,System7_1,2025-03-10 18:14:22+00:00,1040.8446048,True
7440afb2-1a93-4cac-8153-55e5c112466c,System11,System11_1,2025-03-10 20:16:44.250000+00:00,87.6876,True
01e587cf-38fc-4a9b-8393-8c15334869a5,System3,System3_3,2025-03-10 20:52:09.625000+00:00,30251.0208,True
fbcd4019-9be1-46d8-ad63-bb1722ba1c9f,System7,System7_1,2025-03-10 21:11:57+00:00,1056.4602048000002,True
ba6cb5ca-b807-4ef4-9841-458df89a1918,System7,System7_1,2025-03-10 23:40:13+00:00,1039.038,True
dce4e207-f815-4351-9459-468250bed35a,System4,System4_1,2025-03-11 13:35:10.625000+00:00,5.76576,True
e63268b9-842e-4b28-ab1b-e468e3d583e4,System4,System4_2,2025-03-11 13:35:10.625000+00:00,4.8816768,True
84752cb5-17d0-4a39-833b-48140d3110d2,System7,System7_1,2025-03-11 14:12:58+00:00,1046.2452,True
7eee8f15-d50d-41b8-ae41-200511fba785,System7,System7_1,2025-03-11 23:24:02+00:00,1046.8506048000002,True
0b956274-f21e-41ac-8dfe-13bab5d98c5b,System8,System8_2,2025-03-12 12:46:11.500000+00:00,21.6216,True
e0a9ff27-747c-4699-960e-f1a77a1c3af9,System6,System6_2,2025-03-12 13:06:25.375000+00:00,421.6212,True
cb2c97cd-4fe2-4d69-965f-ecd763cb9f40,System10,System10_1,2025-03-12 13:08:02.625000+00:00,1609.6080000000002,True
d790997b-daae-4f76-a367-a085005479a4,System6,System6_1,2025-03-12 15:10:56.375000+00:00,421.6212,True
2d691cf5-0a0e-4411-bade-b5a8b51d4bc4,System7,System7_1,2025-03-12 18:29:42.125000+00:00,1047.4464,True
01c25657-0b68-4e45-b51e-7b8b473796a5,System6,System6_2,2025-03-12 20:15:46.375000+00:00,383.1828,True
1e4c66ce-9cc3-4781-a7d2-f89705207b85,System6,System6_1,2025-03-12 21:34:21.375000+00:00,306.30600000000004,True
77a1fe9d-7e1e-4876-9e02-d26991754a05,System10,System10_1,2025-03-12 23:03:38.625000+00:00,1427.0256,True
ef1e539a-17a6-4c3d-bd3d-c95f234db190,System7,System7_1,2025-03-13 02:37:19+00:00,1059.4584,True
64414acb-fb70-4836-861f-3ff497cfad6e,System8,System8_2,2025-03-13 02:58:52.500000+00:00,19.2192,True
52d74487-4098-46c8-9759-4fa2198d4e8b,System12,System12_3,2025-03-13 11:07:00.500000+00:00,28.8288,True
7dc4ea64-2d1e-43b9-b0e9-ab2350164a93,System7,System7_1,2025-03-13 11:17:10+00:00,1061.2650048,True
69c058d3-4c53-40bb-b7e2-a86277bacd80,System7,System7_1,2025-03-13 14:31:10+00:00,1060.0638048,True
b9504f9f-71a5-4e87-a1d6-efccb4104058,System7,System7_1,2025-03-13 17:45:02+00:00,1057.6614048,True
80bbb665-9571-467b-b72b-529661ca6638,System6,System6_1,2025-03-13 18:00:26.375000+00:00,344.74440000000004,True
0966c116-8410-4176-8914-36cbf9039c8a,System7,System7_1,2025-03-14 00:04:58+00:00,1045.6494048,True
80d975d5-b0af-4f5f-90f4-9c0d78c8b99e,System6,System6_2,2025-03-14 01:17:31.375000+00:00,306.30600000000004,True
e54364b8-44e0-4546-915f-a665571fefee,System3,System3_3,2025-03-14 01:50:12.625000+00:00,30241.4112,True
4d85c0d8-4788-4181-9c90-f63ea53f479e,System4,System4_1,2025-03-14 18:00:49.625000+00:00,3.84384,True
cc93494d-a058-4d58-9e9c-ea3fc573abe9,System4,System4_2,2025-03-14 18:00:49.625000+00:00,3.0558528000000003,True
d2ec3b65-3e2c-477e-87de-57f418ee2ca4,System10,System10_1,2025-03-14 18:49:37.625000+00:00,1455.8544000000002,True
09728e75-64b6-42c2-bd4e-fe21bdd2350d,System6,System6_2,2025-03-14 18:53:58.375000+00:00,306.30600000000004,True
92019e16-c512-4097-b50b-725a66d10204,System6,System6_2,2025-03-14 19:08:38.375000+00:00,306.30600000000004,True
41e0fb3c-04c0-4a0a-93cb-910f6a3f4e5d,System6,System6_2,2025-03-14 19:15:30.375000+00:00,306.30600000000004,True
7c372fdf-c4dc-4f36-ab12-f2f61c32c85c,System6,System6_2,2025-03-14 19:25:06.375000+00:00,306.30600000000004,True
1d97b5b9-a473-4361-b53b-83ca27a49291,System6,System6_2,2025-03-14 19:28:14.375000+00:00,306.30600000000004,True
ce86d4f0-66cb-475e-b3c6-544886d4f529,System6,System6_2,2025-03-14 19:31:58.375000+00:00,306.30600000000004,True
d6ca52b5-e070-4b4e-bd36-08679590874c,System6,System6_2,2025-03-14 19:35:34.375000+00:00,306.30600000000004,True
a4c6b3bd-9ebb-465e-a193-52d5d96ac96e,System7,System7_1,2025-03-14 20:23:01+00:00,1046.2452,True
892176b8-5663-44c2-b0fb-656b2a9e4ec0,System7,System7_1,2025-03-14 21:55:45+00:00,1040.2392,True
468f93ae-56d1-4aa3-84b6-558af2092e14,System7,System7_1,2025-03-15 00:44:54+00:00,1043.2470048,True
9bae9619-24d8-429a-836f-190a93c82ba2,System3,System3_1,2025-03-15 02:07:30.625000+00:00,29040.2112,True
d7d19cf4-bb7a-4b5d-a6d5-fe5330aa566a,System7,System7_1,2025-03-15 02:49:38+00:00,1046.2452,True
296a4429-4d32-4f8a-95c0-cbfaf25d9ab1,System7,System7_1,2025-03-15 05:41:22+00:00,1046.2452,True
fef53057-0551-48fb-821b-4ac7f95e4b34,System7,System7_1,2025-03-15 14:51:50+00:00,1046.2452,True
c0d4ba06-b4d3-4ab9-a8c9-f4f9b44b4d43,System7,System7_1,2025-03-15 20:05:50+00:00,1058.8626048,True
b0493c0a-0948-47f6-8fd6-a59f1632eac4,System3,System3_3,2025-03-15 23:35:22.625000+00:00,30231.801600000003,True
4de808d7-d532-4be8-abdd-aba61fb533ec,System6,System6_2,2025-03-15 23:48:49.375000+00:00,306.30600000000004,True
c30c5c66-3a5e-45d4-843b-f8c032b327ce,System7,System7_1,2025-03-16 00:24:28+00:00,1058.2572,True
edc47cc4-a697-40fe-b3af-fa3895ddf22b,System7,System7_1,2025-03-16 13:15:16+00:00,1046.2452,True
be1db429-8550-41a1-a5db-4491d0d67684,System7,System7_1,2025-03-16 14:57:44.875000+00:00,1055.2590048,True
8c94e4ec-3bb8-490a-8300-e4f00a620975,System7,System7_1,2025-03-16 18:20:21+00:00,1045.6494048,True
82b4b970-e384-4ba2-b8e0-a840af67b2fd,System7,System7_1,2025-03-16 19:59:09+00:00,1054.6536,True
6c7389fc-aed1-4b97-a263-6ebf34ba9f2f,System10,System10_1,2025-03-16 20:21:24.750000+00:00,1407.8064,True
058ed705-6e5a-4d85-a920-56df80690ae1,System6,System6_1,2025-03-16 21:32:33.375000+00:00,344.74440000000004,True
5967c7c8-cbe9-4457-98ce-c4803bde3ce4,System6,System6_2,2025-03-16 21:32:34.375000+00:00,383.1828,True
1809ea70-32fa-474d-83e6-fa9645320f73,System6,System6_2,2025-03-17 02:41:25.375000+00:00,306.30600000000004,True
67579780-b7a3-4c2f-a209-db1a6a18d35c,System6,System6_2,2025-03-17 02:55:13.375000+00:00,306.30600000000004,True
6c56f060-c06e-423a-b71e-c6f5ea78c486,System11,System11_1,2025-03-17 02:57:03.250000+00:00,98.01792,True
e99e0c8b-0658-41e0-a077-7ad986cfed37,System10,System10_1,2025-03-17 03:08:05.625000+00:00,1508.7072,True
d28cae4f-d056-4acc-81bc-b41be1537336,System6,System6_2,2025-03-17 03:38:01.375000+00:00,344.74440000000004,True
790172ff-7438-4cc5-8cf6-bd3023feadb9,System6,System6_2,2025-03-17 03:44:17.375000+00:00,306.30600000000004,True
04e8a6bd-b407-40c3-8037-25e30bff3567,System9,System9_1,2025-03-17 10:59:12.500000+00:00,4487.6832,True
d2244521-46f0-4472-bbee-8232ef289894,System3,System3_3,2025-03-17 15:15:57.625000+00:00,30260.6304,True
ef318ecb-fc1f-40ca-b88a-4b0b491261c8,System6,System6_2,2025-03-17 17:39:04.375000+00:00,306.30600000000004,True
c556a8de-bceb-4078-8268-929859a41295,System6,System6_2,2025-03-17 17:42:32.375000+00:00,344.74440000000004,True
dc926c5e-72a1-4096-9fce-7cc5f0fc64d6,System10,System10_1,2025-03-17 17:43:26.625000+00:00,1378.9776000000002,True
d9c36983-416a-422c-8e85-22df5ca24295,System11,System11_1,2025-03-17 20:28:51.250000+00:00,83.76688320000001,True
c88fde85-a484-4d5f-93a0-4501a93480bb,System7,System7_1,2025-03-18 02:11:06+00:00,1054.6536,True
86336a12-f442-4288-b55d-a8e0ab4cb589,System12,System12_4,2025-03-18 11:08:32.500000+00:00,28.8288,True
8f963fa0-1f87-4c59-a2d2-a965cec5447f,System7,System7_1,2025-03-18 13:42:24+00:00,1046.8506048000002,True
76642342-f96f-4fb8-9aaf-2728a52bebcc,System10,System10_1,2025-03-18 14:34:26.625000+00:00,1475.0736000000002,True
2ba10559-f95a-4f46-acad-abfe1381e928,System1,System1_1,2025-03-18 14:39:01.625000+00:00,620.78016,True
c69226a6-d4bf-439e-b239-f02a3d559fd5,System1,System1_2,2025-03-18 14:59:04.625000+00:00,654.41376,True
bb42a607-f52d-47ec-9254-5892cf29fcd8,System13,System13_1,2025-03-18 23:30:44+00:00,28.8288,True
b571b94f-1f38-4648-a56c-2a03a3e13a54,System12,System12_4,2025-03-18 23:31:54.500000+00:00,28.8288,True
6246db5a-7afa-4304-b156-4d45640f234b,System10,System10_1,2025-03-19 01:31:05.625000+00:00,1412.6112,True
b899b33c-9db5-45c8-b400-0fbf95aa8eb1,System1,System1_2,2025-03-19 01:55:57.625000+00:00,650.56992,True
a3f77ce6-422e-453a-b405-6b936119060c,System11,System11_2,2025-03-19 14:29:02.250000+00:00,149.5061568,True
b2588270-8159-4569-9897-025637437fc5,System6,System6_2,2025-03-19 14:56:17.375000+00:00,306.30600000000004,True
e799a4bd-7803-43b9-9c1f-d52450e65e38,System6,System6_2,2025-03-19 15:19:05.375000+00:00,306.30600000000004,True
3e169edf-c7af-481d-8731-3338a67e4af8,System1,System1_2,2025-03-19 15:40:00.625000+00:00,616.93632,True
e1b0f7f1-214e-4ad3-bc44-fc72e6b7b385,System4,System4_1,2025-03-19 17:50:21.625000+00:00,5.76576,True
5f1bb832-033c-4f57-988f-6ba53b4d5550,System4,System4_2,2025-03-19 17:50:21.625000+00:00,5.4678624,True
d87d4bea-fcb1-4444-aa99-290a6d05c593,System3,System3_3,2025-03-19 19:18:22.625000+00:00,30337.5072,True
6f298b2d-fc79-496c-9d58-7f15160bf726,System1,System1_3,2025-03-19 19:22:04.625000+00:00,377.65728,True
e51abdea-6b6b-4fbb-a6e6-69024f1f5f0d,System7,System7_1,2025-03-19 19:50:02+00:00,1056.4602048000002,True
73ad408a-31e1-494a-83e3-158b59068046,System6,System6_1,2025-03-19 19:53:46.375000+00:00,344.74440000000004,True
d25dc9d6-cf88-43ee-a27b-b37051ee293b,System6,System6_2,2025-03-19 19:53:47.375000+00:00,421.6212,True
31eeb3b8-f1fd-43b9-a5be-957f77996a5b,System1,System1_2,2025-03-19 19:55:26.625000+00:00,634.2336,True
e2b04a85-da50-41ba-8e90-60b1b118e053,System3,System3_1,2025-03-19 21:29:38.625000+00:00,29059.4304,True
6b919bb9-eed8-4b79-b70c-f6ce3b9789a2,System7,System7_1,2025-03-19 21:51:18+00:00,1042.6416,True
3dcd24df-29c0-4654-b17c-87b0c4038844,System1,System1_1,2025-03-19 21:58:43.625000+00:00,655.37472,True
3d0ddf7a-00d5-4dc0-bad3-0761012d65f3,System1,System1_2,2025-03-19 22:02:02.625000+00:00,681.32064,True
ad3558be-02af-4040-be44-23997a0f53e6,System6,System6_2,2025-03-20 00:40:11.375000+00:00,306.30600000000004,True
edf9e10b-cd0a-4641-97e6-de36fda4d084,System6,System6_2,2025-03-20 00:44:19.375000+00:00,383.1828,True
73f2e175-0809-4ef2-baac-fda448d27c57,System10,System10_1,2025-03-20 00:46:13.625000+00:00,1561.56,True
49c3b62d-98e3-4583-892e-e1bec7d1fd10,System1,System1_2,2025-03-20 01:12:30.625000+00:00,652.49184,True
5bd5761c-6898-4513-ab1d-9754248609c6,System3,System3_3,2025-03-20 04:08:56.625000+00:00,30308.6784,True
d0ff8ef3-a258-4c6e-829d-c6d10354fa4a,System6,System6_2,2025-03-20 04:16:35.375000+00:00,383.1828,True
e18f55a4-f6d1-4205-9d00-2c0fe1e86cfb,System6,System6_1,2025-03-20 04:16:38.375000+00:00,344.74440000000004,True
2515c51b-4164-4530-a543-c538e112bb7c,System7,System7_1,2025-03-20 04:34:46+00:00,1045.6494048,True
54fe23cc-c8d5-4a7f-a36f-3b2f893a5ee4,System1,System1_2,2025-03-20 04:43:02.625000+00:00,641.92128,True
94cb74a8-42f3-43e9-a874-4fef36792410,System7,System7_1,2025-03-20 06:29:38+00:00,1045.6494048,True
9f98a98a-66cc-4cfe-ac87-5f3511768b7e,System1,System1_1,2025-03-20 06:34:23.625000+00:00,643.8432,True
39c977dd-39a3-4526-8d27-f08eb510dcc6,System6,System6_1,2025-03-20 06:37:34.375000+00:00,306.30600000000004,True
019c1982-d426-4f55-a3b6-263d4b266479,System6,System6_2,2025-03-20 06:37:35.375000+00:00,344.74440000000004,True
c7739807-1ada-4013-aba2-306644d895de,System1,System1_2,2025-03-20 06:40:58.625000+00:00,672.672,True
10a7a9f7-2ae5-4363-9b06-096934c10ff2,System7,System7_1,2025-03-20 14:42:15.250000+00:00,1040.8446048,True
e3cbee25-e4ec-4fca-b553-ec38e82e1dc3,System1,System1_1,2025-03-20 14:48:56.875000+00:00,648.648,True
304346c1-df82-4baa-8353-d6b0a4e9698a,System1,System1_2,2025-03-20 14:53:51.875000+00:00,674.59392,True
817cb723-469b-46da-8f9e-672158cf1a85,System7,System7_1,2025-03-20 16:58:38.250000+00:00,1045.044,True
a4d7e366-a160-4570-89fc-e10b03f06231,System1,System1_1,2025-03-20 17:12:11.875000+00:00,657.29664,True
12bb487f-59c4-4fa8-9e42-97f875f23ddf,System1,System1_2,2025-03-20 17:12:42.875000+00:00,682.2816,True
1e7a6199-7e40-4497-a897-100a5ba178c1,System10,System10_1,2025-03-20 21:33:48.875000+00:00,1398.1968000000002,True
307d00f1-88bb-48db-85f5-ef5e396c10c2,System11,System11_1,2025-03-20 21:48:27.500000+00:00,75.99271680000001,True
97def3c5-22ed-42a1-adfe-8a3f2a9722db,System1,System1_2,2025-03-20 21:53:08.875000+00:00,619.8192,True
0b7dfee6-e47e-4322-8f04-026050c1d053,System3,System3_3,2025-03-21 01:22:35.875000+00:00,30443.2128,True
48dee03d-35c6-4cdf-814b-8c10852496fe,System10,System10_1,2025-03-21 01:37:58+00:00,1393.392,True
8ede5cd1-06f7-4f96-a16c-e09ffe91079e,System6,System6_2,2025-03-21 01:48:30.625000+00:00,306.30600000000004,True
2fe90ab4-05fb-4632-9401-cb47c9faf051,System1,System1_2,2025-03-21 02:04:33.875000+00:00,612.13152,True
1cfc366a-5f66-4884-b3f1-63ac98eb344a,System7,System7_1,2025-03-21 02:05:21.250000+00:00,1060.6596,True
78ccd1b6-eedb-4f8d-b94c-d043ef19e792,System7,System7_1,2025-03-21 13:06:53.250000+00:00,1060.6596,True
90c09f7b-0a10-4762-92d8-72e12bbb01bb,System6,System6_2,2025-03-21 13:10:50.625000+00:00,344.74440000000004,True
ff6afc24-76b7-4d55-a4ca-22b170c31b2d,System3,System3_3,2025-03-21 14:36:27.875000+00:00,30337.5072,True
708edfd2-2e5d-448e-814d-88dda6276a52,System6,System6_2,2025-03-21 15:06:54.625000+00:00,306.30600000000004,True
1d4f536d-4010-4540-b995-3cbdcb9d320f,System10,System10_1,2025-03-21 15:23:26.875000+00:00,1585.584,True
ccccfa9f-7ea5-4cf5-bc59-cd219241cd7c,System1,System1_2,2025-03-21 15:52:37.875000+00:00,621.74112,True
c5d1369e-31bc-44e9-8221-a86ac0a2fcc9,System10,System10_1,2025-03-21 17:56:15+00:00,1479.8784,True
a4305251-b457-40bf-bf75-dc3c79a54650,System3,System3_3,2025-03-21 19:36:26.875000+00:00,30241.4112,True
0f77152e-ea36-4f0d-8847-8b9ac82853d5,System1,System1_2,2025-03-21 19:47:48.875000+00:00,631.35072,True
4ff51eba-4151-4afa-8e4c-b0d1b5b806c0,System3,System3_3,2025-03-21 22:19:29.875000+00:00,30270.24,True
52472eed-cd59-4b8d-9973-044000bcfe29,System1,System1_2,2025-03-21 22:42:56.875000+00:00,639.0384,True
8f12b6ba-7da5-4ae7-9fc4-327b40d44197,System7,System7_1,2025-03-22 00:45:26.250000+00:00,1057.6614048,True
345148d1-4d45-4a68-9e2e-81536650abe7,System1,System1_1,2025-03-22 00:54:11.875000+00:00,639.0384,True
922079c1-520a-4571-a57c-f78243d8e116,System1,System1_2,2025-03-22 01:02:14.875000+00:00,679.39872,True
9a04c833-efef-4d6b-bb1d-32d0af59d980,System1,System1_1,2025-03-22 02:43:34.875000+00:00,635.19456,True
c75d1e10-4d14-4b27-90f6-3ee0b3cff4ed,System1,System1_2,2025-03-22 02:56:41.875000+00:00,666.90624,True
2390085c-ccd2-4459-9810-f57971ac70bc,System1,System1_2,2025-03-22 06:09:52.875000+00:00,624.624,True
3e41f772-6c0c-4664-847a-1633322cf4cb,System7,System7_1,2025-03-22 06:12:56.250000+00:00,1046.8506048000002,True
fc141e03-9b2f-4ccb-91ae-c944e8bdd6ad,System3,System3_3,2025-03-22 14:27:41.875000+00:00,30241.4112,True
fead4f8a-8782-498a-99bb-f3a993452353,System1,System1_2,2025-03-22 15:06:13.875000+00:00,638.07744,True
f680ac0c-71ec-48dc-8828-b8f0cd9e4aa2,System7,System7_1,2025-03-22 16:56:29.250000+00:00,1056.4602048000002,True
7ad6dcd6-dd48-4e23-9178-fe795e3ee91b,System8,System8_2,2025-03-22 17:11:53.750000+00:00,24.629404800000003,True
e56c720e-b57d-4acc-a752-4a078dc559f6,System3,System3_3,2025-03-22 18:11:03.875000+00:00,30222.192000000003,True
adad2000-bb67-454b-8095-112669c09008,System1,System1_2,2025-03-22 18:29:09.875000+00:00,626.54592,True
67cfbd8c-c4f1-42bf-826d-e9357ceb51a4,System8,System8_4,2025-03-22 20:08:03.750000+00:00,3.6036,True
326129c0-1109-4b62-96e8-a61e022680f3,System1,System1_2,2025-03-22 21:53:13.875000+00:00,627.50688,True
e60bfa49-82ff-4066-8746-d71fed5c68f7,System6,System6_2,2025-03-23 01:49:56.625000+00:00,306.30600000000004,True
bd3323e9-0f67-48f0-87da-4a45cf4fe185,System1,System1_2,2025-03-23 01:53:07.875000+00:00,645.76512,True
7dfa77a2-cff2-48bd-aec9-11a34df04d50,System7,System7_1,2025-03-23 14:14:13.375000+00:00,1046.8506048000002,True
3d546e6c-226c-4992-9be4-d074989d4adc,System10,System10_1,2025-03-23 15:46:37.875000+00:00,1446.2448,True
32d34e08-a877-46ee-81e4-2dc9f54f00af,System3,System3_3,2025-03-23 16:01:28.875000+00:00,30308.6784,True
a689f983-8320-4ba9-b7f0-c021d46e42ec,System6,System6_2,2025-03-23 16:13:13.625000+00:00,306.30600000000004,True
1f767ce0-3bba-4ee9-a3de-f509b1e38b35,System1,System1_2,2025-03-23 16:19:12.875000+00:00,626.54592,True
a3fe477b-44de-48de-b4d6-cc27d1495d36,System3,System3_3,2025-03-23 19:15:53.875000+00:00,30279.8496,True
976bfd6f-4730-4714-b911-b39e60f6bc8a,System1,System1_2,2025-03-23 20:02:00.875000+00:00,643.8432,True
2c1be8f0-2545-4784-bf02-eae83e9dca12,System11,System11_2,2025-03-23 21:27:11.500000+00:00,9.36936,True
ea45d958-1c56-45bc-9ffd-f863ec5b00cd,System7,System7_1,2025-03-23 21:45:17.250000+00:00,1036.0398048,True
aa952ddc-c8ea-4d84-addd-9efd59d67540,System1,System1_1,2025-03-23 21:47:22.875000+00:00,663.0624,True
10350f0c-e899-4e9a-83cb-e3f452ab2e34,System1,System1_2,2025-03-23 21:51:13.875000+00:00,693.81312,True
4cad7c55-2e89-46cb-81d6-4ee1c330b026,System7,System7_1,2025-03-23 23:48:49.250000+00:00,1042.6416,True
ad4454cd-e0cf-4f4e-9d99-cce1169ad903,System3,System3_3,2025-03-24 01:01:11.875000+00:00,30308.6784,True
6b3060cb-ed27-42bf-9d6e-55b9f35da9ae,System6,System6_2,2025-03-24 01:04:18.625000+00:00,383.1828,True
ad416f70-2ac0-4102-b2fc-a789b2461938,System6,System6_1,2025-03-24 01:04:25.625000+00:00,344.74440000000004,True
453633d0-9238-4a86-b33f-776a76cf9110,System1,System1_2,2025-03-24 01:13:33.875000+00:00,632.31168,True
34cd8fe1-f876-4d9b-8c74-219e035f61e4,System1,System1_2,2025-03-24 04:08:21.875000+00:00,648.648,True
81ce3458-6a16-4f77-99cc-c4afbcba9124,System6,System6_2,2025-03-24 15:40:42.625000+00:00,306.30600000000004,True
c7f85ad4-fea6-4773-821a-311369013982,System1,System1_2,2025-03-24 15:49:05.875000+00:00,644.80416,True
da874a81-85ec-48a4-8d65-6b719e359a8d,System6,System6_1,2025-03-24 15:52:33.375000+00:00,3.6036,True
a98aad4d-deb9-4be0-b557-8b44738ed1ca,System6,System6_2,2025-03-24 15:52:33.375000+00:00,3.6036,True
d74d9b8d-1610-4646-95f7-765fb17fcda8,System1,System1_2,2025-03-24 18:38:46.875000+00:00,640.96032,True
8e223387-0dd1-4a06-92b7-1d1e97808476,System7,System7_1,2025-03-24 20:38:38.250000+00:00,1054.6536,True
52e1d4a6-c7ac-49e2-a438-b4e060866d30,System3,System3_1,2025-03-24 20:54:26.875000+00:00,29011.3824,True
4a25eb01-a397-430f-a918-d01676ee5b36,System1,System1_2,2025-03-24 21:10:26.875000+00:00,678.43776,True
dbca905b-86ee-44e2-b8ff-00ebbe189cbf,System1,System1_1,2025-03-24 21:12:27.875000+00:00,650.56992,True
72e0d8ba-ce93-498b-9fc1-d8321b700cad,System11,System11_1,2025-03-24 23:47:44.500000+00:00,77.76088320000001,True
ce233979-849e-479e-941d-cb9fca5a7f94,System11,System11_2,2025-03-24 23:47:51.500000+00:00,75.3584832,True
5f9c7494-2658-4c6b-b320-f770d9bfdb40,System1,System1_1,2025-03-24 23:53:10.875000+00:00,656.33568,True
4814aa4a-dd62-4c36-b4da-f08e3bb7cc1f,System7,System7_1,2025-03-25 00:01:45.250000+00:00,1043.8428,True
fd4f72ba-6804-48b5-8895-056e364de564,System1,System1_2,2025-03-25 00:07:33.875000+00:00,689.96928,True
ef1db13a-8f38-4194-954f-8ad92cf7c44d,System6,System6_1,2025-03-25 02:13:37.625000+00:00,306.30600000000004,True
c2143882-f344-4146-9988-fa7517b8f35e,System11,System11_1,2025-03-25 02:28:56.500000+00:00,84.00712320000001,True
ecf571bf-301d-4d99-87dd-08e820c508c1,System3,System3_3,2025-03-25 03:06:55.875000+00:00,30241.4112,True
314987b6-b103-404d-ad94-8f4e300b3b44,System7,System7_1,2025-03-25 03:27:09.250000+00:00,660.0642048000001,True
20fa2009-f8f6-4b6e-8383-594d8e7baf1d,System1,System1_2,2025-03-25 03:39:49.875000+00:00,663.0624,True
20f4679c-0060-47a2-b871-0ccb5fb153b4,System9,System9_1,2025-03-25 03:47:53.750000+00:00,5698.4928,True
00351486-d879-47e4-ac66-7e5e0e50efc1,System8,System8_2,2025-03-25 16:13:13.750000+00:00,21.025804800000003,True
dc3dfcee-9e1b-4a1b-ae23-9f238f20ca02,System11,System11_2,2025-03-25 17:18:03.250000+00:00,10.9357248,True
6f3ce14c-9bd6-4dd2-865e-6c4a7cb7deec,System1,System1_2,2025-03-25 17:37:04.875000+00:00,648.648,True
cb95021a-f461-4258-a9ed-93d694865438,System1,System1_2,2025-03-25 20:56:18.875000+00:00,640.96032,True
49be1f6e-4f62-45a6-a05b-c86c73e9324b,System8,System8_2,2025-03-25 22:38:44.750000+00:00,26.4264,True
3a9b56da-9760-4c37-87e1-e706dac6f716,System1,System1_2,2025-03-26 00:18:30.875000+00:00,641.92128,True
70a6576a-beef-42cd-86ca-addd94904909,System7,System7_1,2025-03-26 01:53:17.250000+00:00,1045.6494048,True
352dc1cf-d67d-4266-8916-512d57f04ec8,System11,System11_2,2025-03-26 03:27:47.500000+00:00,77.67439680000001,True
9734e6c0-5461-4fbf-ad95-68ecd7b1c1ad,System11,System11_1,2025-03-26 03:27:48.500000+00:00,89.60952,True
f478f3d3-71d5-4a88-a5dc-9a1c7b256d91,System6,System6_2,2025-03-26 03:41:34.625000+00:00,306.30600000000004,True
39be3a42-a6f0-46cc-bc42-f11419933157,System1,System1_2,2025-03-26 03:46:53.875000+00:00,669.78912,True
7da77979-3339-4141-9f7f-9e1eed1f8e8e,System1,System1_2,2025-03-26 15:57:43.875000+00:00,643.8432,True
bf9bdd20-29d5-4ad3-9962-fe438e72fd2b,System1,System1_2,2025-03-26 21:29:37.875000+00:00,648.648,True
0ac10a01-1779-4737-ae48-d0fef5bc5adb,System6,System6_2,2025-03-26 21:30:46.625000+00:00,344.74440000000004,True
335587c0-b9ce-4186-af88-34cb2b82612d,System12,System12_3,2025-03-27 13:45:10.750000+00:00,28.8288,True
afac1f80-dfff-422e-9c81-d7ff7aa191ee,System1,System1_1,2025-03-27 14:35:18.875000+00:00,625.58496,True
e607276f-9532-4b7d-87dd-add0cc04be8b,System7,System7_1,2025-03-27 14:49:25.250000+00:00,1045.044,True
562804cf-3b2d-409b-b504-63d4bf7e9476,System1,System1_2,2025-03-27 14:51:37.875000+00:00,661.14048,True
00d704d3-0397-4f04-b10d-8e1fd10811a3,System7,System7_1,2025-03-27 17:15:28.625000+00:00,1055.8548,True
51115e70-2e12-4932-9e28-affd55d785d4,System3,System3_3,2025-03-27 18:40:46.875000+00:00,30289.4592,True
65635206-1f17-42e1-af26-6137f8ec043b,System1,System1_2,2025-03-27 18:51:30.875000+00:00,637.11648,True
df6d61fe-06f4-4cbe-923b-95e96364cd0c,System10,System10_1,2025-03-27 21:40:19+00:00,1475.0736000000002,True
7c81456c-b994-41fc-8267-2505f3b77409,System1,System1_2,2025-03-27 21:59:15.875000+00:00,655.37472,True
6d13fd1d-d5ae-42f1-9695-d1680c3182f4,System11,System11_1,2025-03-28 01:29:50.500000+00:00,76.15608,True
0a0570bc-8cc4-4723-9ef5-b4505f290991,System1,System1_2,2025-03-28 01:29:51.875000+00:00,619.8192,True
848a4133-08a7-4405-885b-799ade90b7b8,System13,System13_1,2025-03-28 12:50:49.250000+00:00,28.8288,True
0b4c343b-a9c3-4238-ba33-884f77dc291f,System12,System12_3,2025-03-28 12:51:56.750000+00:00,28.8288,True
c10acd14-7a49-40bc-81ad-7c3a33c1452d,System8,System8_2,2025-03-28 13:22:12.750000+00:00,22.8228,True
ccdebc39-d3f7-44c9-9ef9-b23b4f029115,System1,System1_2,2025-03-28 14:35:27.875000+00:00,646.72608,True
a8a48aeb-987e-4e6c-9357-aed8fb71f5f1,System1,System1_2,2025-03-28 18:46:21.875000+00:00,653.4528,True
463c67fd-56ca-4967-a021-de0be7d2cba7,System7,System7_1,2025-03-28 18:47:13.250000+00:00,1045.6494048,True
a69c87da-4e07-4e86-b5af-edfa90e78b21,System3,System3_1,2025-03-28 20:03:21.875000+00:00,29030.6016,True
2fb0062a-19b5-45f3-862b-17d256579583,System7,System7_1,2025-03-28 20:03:53.250000+00:00,1038.4422048,True
42f0cbe4-b8d0-4933-b2fe-3d694b34e8f8,System8,System8_2,2025-03-28 20:29:07.750000+00:00,21.025804800000003,True
6f42c5bd-db0f-4ce6-aa83-2bddbec4cc0b,System10,System10_1,2025-03-28 20:34:19.875000+00:00,1451.0496,True
6b5956fe-1c70-401f-bf92-fd46f76e73e5,System6,System6_2,2025-03-28 21:34:46.625000+00:00,306.30600000000004,True
8d201c61-e92d-4822-9044-f26ac013371a,System6,System6_2,2025-03-28 21:41:14.625000+00:00,306.30600000000004,True
5e75bd39-391f-49ef-8931-17308e607f0b,System1,System1_2,2025-03-28 22:08:01.875000+00:00,650.56992,True
a33aeeff-a1ad-470b-a44f-4511c09e3d90,System7,System7_1,2025-03-28 23:34:25.250000+00:00,1045.6494048,True
cda1d9e9-7ebc-436e-802a-42f74a786b29,System8,System8_2,2025-03-28 23:57:33.750000+00:00,27.6276,True
b5639d6a-68e1-411a-96c3-ebb85201c542,System3,System3_1,2025-03-29 00:39:47.875000+00:00,29049.8208,True
d220c28d-0291-435f-915f-981d2a9d21e4,System1,System1_1,2025-03-29 01:09:58.875000+00:00,620.78016,True
dc1189ed-ce2d-4ed3-821f-22ea21b0aa9a,System1,System1_2,2025-03-29 01:23:17.875000+00:00,649.60896,True
34573525-2b4a-486f-9bb0-df2a1603c8b7,System12,System12_3,2025-03-29 12:47:28.750000+00:00,28.8288,True
ef3e00b8-0642-495a-8d28-b39788bc248f,System1,System1_2,2025-03-29 12:56:29.375000+00:00,654.41376,True
2bbb84ec-3ba6-49cc-af56-22b5b9c096f5,System8,System8_2,2025-03-29 13:20:18.750000+00:00,31.836604800000003,True
f90cd3e0-76d3-4392-8151-8c18bbacbdca,System6,System6_2,2025-03-29 14:17:36.625000+00:00,306.30600000000004,True
22f62ad1-1288-4753-8a2c-ccfd6439b4bb,System7,System7_1,2025-03-29 14:31:47.250000+00:00,1046.2452,True
c86f5cde-2d9f-4d2e-ac9a-50bc28acfce5,System7,System7_1,2025-03-29 17:30:04.250000+00:00,1046.2452,True
285360a7-7fbe-4495-9153-1eed786606c6,System1,System1_1,2025-03-29 19:12:09.875000+00:00,623.66304,True
9f2064a9-a4e6-43a9-8969-16b6c8d46cee,System1,System1_2,2025-03-29 19:21:40.875000+00:00,648.648,True
cc3341ed-3b6c-420b-a412-fb7d60eb66f9,System6,System6_2,2025-03-29 20:58:27.375000+00:00,1.2012,True
7aa21bf8-4e61-426b-8590-079a0ac958a3,System1,System1_1,2025-03-29 22:17:43.875000+00:00,613.09248,True
63dfa889-f2f2-455c-abd8-4428cdb4e017,System7,System7_1,2025-03-29 22:36:46.250000+00:00,1042.6416,True
86bd7e49-45f9-4cb2-a5da-01113ef97ae0,System1,System1_2,2025-03-29 22:38:06.875000+00:00,661.14048,True
9e7be768-3a0f-4c63-a6f9-79ad84eb5234,System7,System7_1,2025-03-30 01:28:53.250000+00:00,1037.2410048000002,True
f900066b-981f-4a56-bed0-21d2c506a9ab,System8,System8_2,2025-03-30 01:51:30.750000+00:00,19.2192,True
9a0f526f-5b4b-43b1-b8bc-8f05d7d222f3,System1,System1_1,2025-03-30 02:28:34.875000+00:00,621.74112,True
57970153-7eed-42fb-af36-bf05bb236548,System1,System1_2,2025-03-30 02:35:17.875000+00:00,662.10144,True
f68c87c0-bce0-44b0-b535-48bb608d9348,System6,System6_2,2025-03-30 13:54:20.625000+00:00,306.30600000000004,True
244c6787-1560-4fd7-aeb3-4658dc26755c,System6,System6_2,2025-03-30 15:16:40.625000+00:00,306.30600000000004,True
44a8047a-7a30-4642-ba52-e995e966531d,System6,System6_2,2025-03-30 15:36:24.625000+00:00,306.30600000000004,True
61341e20-ceed-4640-a3a3-5e3e2f240423,System1,System1_2,2025-03-30 16:15:35.875000+00:00,625.58496,True
2bd17d0c-621c-410b-aa44-bce7e70f5404,System7,System7_1,2025-03-30 16:18:55.250000+00:00,1045.6494048,True
25c2d85b-a4ef-44c7-ad13-339d892a3ed2,System1,System1_1,2025-03-30 19:18:18.875000+00:00,621.74112,True
4f6a5dcd-1b00-483b-9afd-e6ef46d968f9,System7,System7_1,2025-03-30 19:36:05.250000+00:00,1043.2470048,True
f72aa058-d23d-43cb-b3da-55c64648cf2a,System1,System1_2,2025-03-30 19:39:25.875000+00:00,646.72608,True
38c0f9dc-748c-495c-ad20-1c9fc11f506e,System7,System7_1,2025-03-30 20:44:18.250000+00:00,1040.8446048,True
e1e2c7f9-76ea-4093-bb53-350dc397e7df,System1,System1_2,2025-03-30 22:49:59.875000+00:00,625.58496,True
98d5bf3c-ef4a-400f-a47e-5176515b5f6c,System1,System1_2,2025-03-31 02:25:27.875000+00:00,643.8432,True
16db08a5-1392-489d-ad28-5020367edbc6,System11,System11_2,2025-03-31 14:40:28.500000+00:00,78.96208320000001,True
2b1201b4-481d-4db2-8a34-1ebf3049e005,System3,System3_3,2025-03-31 15:21:14.875000+00:00,30395.1648,True
ac534a62-4855-47dc-a83c-be6ae7eb6cf0,System3,System3_3,2025-03-31 19:20:04.875000+00:00,30289.4592,True
561033bd-ca35-43c2-9afe-d3e081d9ff09,System7,System7_1,2025-03-31 19:27:28.250000+00:00,1058.2572,True
25c9e25d-cd2e-4a4e-bdf8-17d40cdaf113,System8,System8_2,2025-03-31 19:29:12.750000+00:00,20.4204,True
1c013301-f4d8-497c-b795-b9f823449e1f,System7,System7_1,2025-03-31 20:31:16.250000+00:00,1054.6536,True
3d544769-8550-4f3e-9b34-c86b9414cb32,System6,System6_2,2025-03-31 21:50:37.625000+00:00,306.30600000000004,True
edd9423b-5f3e-4532-83bc-118b7608ea04,System1,System1_2,2025-03-31 21:59:28.875000+00:00,623.66304,True
a6a702ea-67e1-4ae2-a610-ab930cd09b20,System8,System8_4,2025-04-01 00:41:24.750000+00:00,3.6036,True
30444524-9986-4e7a-9321-637394cb89b6,System10,System10_1,2025-04-01 00:59:51.875000+00:00,1513.5120000000002,True
53a5cb00-d967-4709-b1c5-3529db2a654b,System1,System1_2,2025-04-01 01:21:48.875000+00:00,620.78016,True
6cb18a31-6b86-492a-a668-64f650f3fbcd,System7,System7_1,2025-04-01 01:22:52.250000+00:00,1057.6614048,True
7ed6eb52-fa69-4e33-b060-0d6c47f75e87,System6,System6_2,2025-04-01 14:18:08.625000+00:00,306.30600000000004,True
4c1451de-1b09-4127-8ef6-f5bb2e8402ac,System8,System8_2,2025-04-01 14:35:36.750000+00:00,24.024,True
4fb1b32f-e4a4-46b9-a9df-c6f779e51c5d,System10,System10_1,2025-04-01 15:44:52.875000+00:00,1455.8544000000002,True
5e133b4b-1acd-43ff-9407-7e33aa0523cc,System7,System7_1,2025-04-01 16:21:59.250000+00:00,1056.4602048000002,True
8634870c-8284-4d9e-a54d-1597cd3068db,System1,System1_2,2025-04-01 16:25:39.875000+00:00,616.93632,True
74c6fe9b-2a0e-43ae-b27d-86587bd93619,System6,System6_2,2025-04-01 18:52:04.625000+00:00,306.30600000000004,True
f93b16b2-50b3-4fa9-a1e6-51e019df1d6f,System10,System10_1,2025-04-01 19:42:09+00:00,1422.2208,True
1d653299-cde1-4b90-ad44-60a705c3ec7e,System3,System3_3,2025-04-01 20:01:03.875000+00:00,30231.801600000003,True
d39d902f-0a61-47ac-bde8-d8552a1a1c0a,System6,System6_1,2025-04-01 20:09:15.625000+00:00,383.1828,True
7b97dabf-9ef9-4eaf-a2e9-45d0426d4568,System6,System6_2,2025-04-01 20:09:16.625000+00:00,306.30600000000004,True
5eade872-e0d7-4999-8029-d43eee99b140,System1,System1_1,2025-04-01 23:00:19.875000+00:00,639.99936,True
8ff938f4-627f-4460-a37a-2e1116553182,System1,System1_2,2025-04-01 23:10:22.875000+00:00,659.21856,True
15ac58bd-31f8-4a89-8481-8f42497a0e3d,System8,System8_4,2025-04-02 00:21:26.125000+00:00,3.6036,True
d1a47a57-a8be-4cf7-a106-4944f071a6c7,System1,System1_1,2025-04-02 00:59:31.875000+00:00,614.05344,True
9a9d40e0-044d-4dd9-908f-5f69bf3de353,System3,System3_1,2025-04-02 01:06:36.875000+00:00,29059.4304,True
46183766-76c7-41b9-962b-0764ac624e4f,System1,System1_2,2025-04-02 01:07:38.875000+00:00,640.96032,True
9898ed31-3efc-41c3-8a30-43421d155a34,System1,System1_2,2025-04-02 03:23:34.875000+00:00,637.11648,True
5a314b10-99f5-4a32-a2e8-0f5fcfd812d2,System1,System1_2,2025-04-02 22:17:09.875000+00:00,630.38976,True
f64d8b0f-b523-46e2-bf14-a7e4397af346,System7,System7_1,2025-04-03 00:07:02.625000+00:00,1046.8506048000002,True
bd51e9c2-2f13-47ee-a5a0-33aa5c590c00,System1,System1_2,2025-04-03 01:50:05.875000+00:00,618.85824,True
dc2a6468-90f6-4981-bbe7-5aa77f134704,System10,System10_1,2025-04-03 05:15:27.875000+00:00,1364.5632,True
d42f72e2-46d5-4e07-ae7b-99f75b2cefe6,System1,System1_1,2025-04-03 05:30:54.875000+00:00,615.0144,True
412b6631-a2e6-4669-bb30-41e9d0c0fa23,System1,System1_2,2025-04-03 05:33:25.875000+00:00,632.31168,True
a1ded5dd-2879-410d-acc8-c74ab2338917,System1,System1_1,2025-04-03 14:01:50.875000+00:00,613.09248,True
417499cd-0167-4801-8bc8-a618e9069e1f,System6,System6_1,2025-04-03 14:02:57.625000+00:00,344.74440000000004,True
d95f1ecf-cfb0-4db0-b685-f50f38515daf,System1,System1_2,2025-04-03 14:15:17.875000+00:00,631.35072,True
9aa21e84-b3ec-4e20-9f87-2a271ee78ce1,System8,System8_4,2025-04-03 15:46:45.750000+00:00,3.6036,True
a83e32ad-f176-45d3-b543-a1f718848744,System1,System1_2,2025-04-03 16:35:22.875000+00:00,629.4288,True
bc876499-99e7-4ffe-9f10-dd2af3a7931f,System13,System13_1,2025-04-03 17:43:11.250000+00:00,28.8288,True
368b5480-e775-4822-bc51-1b6217cb5b6c,System10,System10_1,2025-04-03 18:24:57.875000+00:00,1359.7584000000002,True
aadafd16-27f5-4994-9217-532ce17bb9a3,System11,System11_1,2025-04-03 18:30:54.500000+00:00,131.89176,True
991d4a5f-128c-4cea-836f-5a9a041052d8,System6,System6_2,2025-04-03 18:32:52.625000+00:00,306.30600000000004,True
5ea5cf87-3568-41b6-976c-610a7e03aa2c,System1,System1_1,2025-04-03 18:34:04.875000+00:00,612.13152,True
bada5f0b-5577-492c-9fff-8a5c624f1117,System1,System1_2,2025-04-03 18:47:47.875000+00:00,633.27264,True
9cb22485-fd7d-4b66-806a-decd8353baad,System10,System10_1,2025-04-03 21:53:11.875000+00:00,1412.6112,True
38b379db-0e06-445a-b193-a85cd4aa2ed7,System1,System1_2,2025-04-03 22:21:08.875000+00:00,633.27264,True
79e5abc2-1609-4848-a203-56d466d8d237,System7,System7_1,2025-04-04 02:06:58.250000+00:00,1055.8548,True
6b7985ae-3b7d-4b65-aebf-fdd8735eac7e,System6,System6_2,2025-04-04 05:27:35.625000+00:00,306.30600000000004,True
c90f8e07-2fba-44d5-ad28-ca5b41b1a541,System9,System9_1,2025-04-04 14:29:28.750000+00:00,4468.464,True
048347dc-3990-4e3e-9e12-b1a0e70b8cbb,System1,System1_2,2025-04-04 18:14:26.875000+00:00,624.624,True
d0700b47-8060-4441-88e2-7fc8de77e9e8,System1,System1_2,2025-04-04 22:19:48.875000+00:00,629.4288,True
c217dec2-6287-4396-a030-fd628a4cfda1,System1,System1_2,2025-04-05 02:01:24.875000+00:00,639.0384,True
99f63c63-0d77-4dc9-a8f5-c48a4daf0f11,System6,System6_2,2025-04-05 16:29:47.625000+00:00,306.30600000000004,True
7ad92072-558c-4bef-9ae2-aa72f267df87,System1,System1_2,2025-04-05 17:29:54.875000+00:00,648.648,True
77a56726-738f-4192-8a5a-3eb9e216a184,System10,System10_1,2025-04-05 19:40:46+00:00,1547.1456,True
b262a39c-3b83-48ad-b8ef-d4952e3a5c19,System3,System3_3,2025-04-05 21:06:38.875000+00:00,30212.5824,True
b9c97d4d-5926-455a-a1dc-182a6876ca0e,System1,System1_2,2025-04-05 21:57:26.875000+00:00,626.54592,True
2661aa24-b7f9-478c-bc34-fcb29ff79d7e,System1,System1_1,2025-04-06 00:37:40.875000+00:00,618.85824,True
907a3e99-2d04-4d57-acb4-774d54e63209,System6,System6_2,2025-04-06 00:45:20.625000+00:00,306.30600000000004,True
bc8f2958-f9b3-4ff6-909d-300286273fa8,System1,System1_2,2025-04-06 00:57:15.875000+00:00,659.21856,True
ad29e5d5-e2d9-4ae6-a986-2883e828a75e,System5,System5_1,2025-04-06 03:01:24.125000+00:00,24.024,True
c9afd331-afda-476c-bad5-562563c9ac81,System1,System1_2,2025-04-06 04:04:53.875000+00:00,645.76512,True
ccf09ff2-7881-4d7d-9317-8c7fe94178a0,System1,System1_1,2025-04-06 06:32:59.875000+00:00,649.60896,True
62e041c5-3456-4184-bc35-9fce20fbaa14,System7,System7_1,2025-04-06 06:34:34.250000+00:00,1046.2452,True
1503227e-ba6c-47f3-a10b-bb9b784301f6,System1,System1_2,2025-04-06 06:49:46.875000+00:00,671.71104,True
cf29310c-11e0-4d4d-8861-5df6a2eb1755,System1,System1_2,2025-04-06 15:55:12.625000+00:00,663.0624,True
349c1168-2503-437e-b476-96ec38c37b39,System7,System7_1,2025-04-06 16:02:47.250000+00:00,1046.2452,True
e884cc1c-8bff-410c-94dc-c301578226d5,System6,System6_1,2025-04-06 16:15:07.625000+00:00,306.30600000000004,True
cd384ecc-b7a5-45af-8809-af9d092162fd,System6,System6_2,2025-04-06 16:15:08.625000+00:00,306.30600000000004,True
6aff25c3-0ce8-4711-b997-7ef1c884ab27,System6,System6_2,2025-04-06 16:19:44.625000+00:00,306.30600000000004,True
7e78f782-bbc1-4cde-8f15-7db8a5dac303,System1,System1_1,2025-04-06 16:21:44.875000+00:00,647.68704,True
2438ca57-4114-4542-ab9e-21a4f4b013e8,System3,System3_1,2025-04-06 18:11:11.875000+00:00,29059.4304,True
c27df54e-8f1e-49fd-aa72-11da8fab879b,System1,System1_1,2025-04-06 18:39:12.875000+00:00,642.88224,True
a22b6f19-77db-4ff1-973b-f61032b18094,System7,System7_1,2025-04-06 18:45:27.250000+00:00,1058.8626048,True
d4020d29-9bd4-40b9-864c-c57a214062eb,System1,System1_2,2025-04-06 18:47:27.875000+00:00,666.90624,True
f28ec1e3-d354-47fa-98ed-3bdfb434e092,System8,System8_4,2025-04-06 20:20:11.750000+00:00,3.6036,True
cfcc9bad-9369-49d1-95ed-e97b62426b3c,System10,System10_1,2025-04-06 21:43:55.875000+00:00,1354.9536,True
2763e210-7b57-4002-9ead-7bff1b8a1bac,System1,System1_2,2025-04-07 02:06:16.875000+00:00,613.09248,True
52c69740-0692-45aa-936f-cb53d5b15aee,System7,System7_1,2025-04-07 02:06:48.250000+00:00,1058.8626048,True
eadb1c5a-2346-477a-a7ce-4402e613fec0,System13,System13_1,2025-04-07 13:01:13.250000+00:00,28.8288,True
79073a95-7c21-493d-8392-3236785b72b6,System12,System12_3,2025-04-07 13:22:05.750000+00:00,28.8288,True
c0670ddb-5206-44d8-8c10-f7ccf3cf0131,System6,System6_2,2025-04-07 13:45:21.625000+00:00,306.30600000000004,True
07861971-b072-4d94-b3f0-0a9da00de2be,System3,System3_3,2025-04-07 16:00:08.875000+00:00,30356.7264,True
726c3d41-8cf0-4bd5-b138-07a82f5ac6ed,System8,System8_2,2025-04-07 18:17:49.750000+00:00,19.2192,True
455c4042-cb15-49bb-969e-2a55cfccb52d,System10,System10_1,2025-04-07 19:15:45+00:00,1619.2176,True
c6418e92-44ef-46d4-a937-fa7680860584,System1,System1_2,2025-04-07 20:27:06.875000+00:00,624.624,True
07919bf7-ec1b-438a-87f8-17519614b1cd,System1,System1_1,2025-04-07 22:15:39.875000+00:00,616.93632,True
74d89ee0-052a-49ae-9d0a-b64bf94bb5cc,System1,System1_2,2025-04-07 22:25:42.875000+00:00,644.80416,True
dbc3f3b5-669d-4139-95b4-14c41dbabe75,System8,System8_4,2025-04-08 00:06:32.125000+00:00,3.6036,True
89bb6df5-175d-4e3e-813e-f5a97e27b513,System10,System10_1,2025-04-08 01:47:03+00:00,1542.3408,True
61b6fdcb-5477-44db-bde4-310c5e23014e,System3,System3_3,2025-04-08 02:40:29.875000+00:00,30241.4112,True
da424118-e33e-4f2f-95bf-9c7386a2b1c2,System6,System6_2,2025-04-08 11:52:31.625000+00:00,306.30600000000004,True
fb0fc120-529a-47dc-bf32-3d6839498a9b,System7,System7_1,2025-04-08 15:14:22.250000+00:00,1054.6536,True
d399513a-f160-4340-a18a-92c9e7d644b9,System1,System1_2,2025-04-08 15:18:10.875000+00:00,612.13152,True
c99df1e6-6812-4fdb-a142-afc8e3a8d236,System1,System1_2,2025-04-08 16:37:28.875000+00:00,660.17952,True
3ebc7ae3-3e2d-49b8-89a5-65ae2af24b9a,System1,System1_1,2025-04-08 17:01:11.875000+00:00,648.648,True
7d0c7ca6-44ea-42c9-9c1f-588656afe4ee,System7,System7_1,2025-04-08 19:18:42.250000+00:00,1055.2590048,True
8d32123f-9a1c-4217-aa33-8f90c16c141e,System8,System8_4,2025-04-09 01:08:04.750000+00:00,3.6036,True
4566e6f2-2333-42de-b062-df671f3a1b71,System8,System8_2,2025-04-09 01:13:42.750000+00:00,25.830604800000003,True
93c83bc5-80e2-4747-b8f5-4bd1927caacc,System7,System7_1,2025-04-09 02:26:26.250000+00:00,1058.8626048,True
148c2af6-e649-46da-97f2-701153b83a97,System10,System10_1,2025-04-09 15:36:52.875000+00:00,1508.7072,True
1901d912-338d-4fd6-afa4-c96b2479a4c9,System3,System3_3,2025-04-09 15:41:33.875000+00:00,30260.6304,True
5ae49300-aaa1-4b1a-af03-fe196ee9f77d,System10,System10_1,2025-04-09 19:22:05.875000+00:00,1398.1968000000002,True
fc375a3c-fa3c-42fb-9440-1536bbb1197a,System6,System6_2,2025-04-09 19:26:08.625000+00:00,306.30600000000004,True
715e2ea7-33ba-476c-98f1-d980b5c5fd22,System6,System6_2,2025-04-09 19:29:36.625000+00:00,306.30600000000004,True
687af432-03ee-4ee5-a8fa-84b370d410c3,System1,System1_2,2025-04-09 20:16:27.875000+00:00,633.27264,True
2ec11f73-49d8-4030-9c3c-15d6ec5158b1,System7,System7_1,2025-04-09 22:00:57.250000+00:00,1046.2452,True
2198a751-2c5e-46bf-a6f5-9fdcff0387f3,System1,System1_1,2025-04-09 22:02:18.875000+00:00,659.21856,True
4389271f-5e33-4c54-a93a-ea3486a655b8,System1,System1_2,2025-04-09 22:08:41.875000+00:00,683.24256,True
b4f4dc13-ce2f-4abb-88f6-ee8694a16674,System8,System8_2,2025-04-10 00:03:31.750000+00:00,25.830604800000003,True
e38ee947-b7fa-4b7a-a2cc-b50bc126d222,System1,System1_1,2025-04-10 00:24:49.875000+00:00,635.19456,True
ea09bd4b-1198-421b-8ce9-f0bb3d71fd68,System6,System6_1,2025-04-10 00:40:20.625000+00:00,306.30600000000004,True
7763994a-88ef-4a48-93e8-9747ebd6ec84,System6,System6_2,2025-04-10 00:40:21.625000+00:00,344.74440000000004,True
4126fe84-f509-40d6-aeef-00263b32ba6f,System1,System1_2,2025-04-10 00:46:12.875000+00:00,669.78912,True
d7099cff-f4ad-4e61-8c88-fa527ed204d6,System7,System7_1,2025-04-10 02:18:12.250000+00:00,1047.4464,True
a6f102bc-2271-4cc1-ba63-600475463b8d,System1,System1_1,2025-04-10 03:06:22.875000+00:00,626.54592,True
bcbf70b4-f899-4141-b56c-6b30e65ccdc9,System1,System1_2,2025-04-10 03:14:09.875000+00:00,657.29664,True
c287b258-695e-423e-897c-fc9dcf748a91,System6,System6_2,2025-04-10 03:15:00.375000+00:00,1.2012,True
1ec625e2-af4f-4c3c-9527-eb83229e7ec3,System1,System1_2,2025-04-10 06:21:56.125000+00:00,676.51584,True
6555584c-133b-4d5b-b694-3e5758dc5cab,System1,System1_1,2025-04-10 06:40:13.875000+00:00,656.33568,True
ee7f8329-72ca-406e-ac98-2bb38d9c1000,System7,System7_1,2025-04-10 06:40:44.250000+00:00,1043.8428,True
fc58f1db-2bf8-4c9c-9286-1ed82584cbed,System6,System6_1,2025-04-10 06:42:00.625000+00:00,344.74440000000004,True
67b940be-bc60-4dd5-a008-47f147e231a6,System6,System6_2,2025-04-10 06:42:01.625000+00:00,421.6212,True
6a0da036-65d6-4e7e-9d6a-7dfff00822a6,System1,System1_2,2025-04-10 14:48:30.375000+00:00,664.02336,True
e3917daf-3ee9-464d-8442-dfac3d41a5a2,System7,System7_1,2025-04-10 15:03:14.250000+00:00,1043.2470048,True
f15f1d4a-1eab-4305-be67-ff02d9a85dcd,System1,System1_1,2025-04-10 15:07:55.875000+00:00,655.37472,True
626039c8-6e69-482d-b6b4-031a41948ba6,System3,System3_1,2025-04-10 15:09:22.875000+00:00,29049.8208,True
aa81d5e1-9297-409a-baf1-877db220efa9,System8,System8_2,2025-04-10 16:38:11.750000+00:00,21.6216,True
84d8414a-6735-4ca1-ac33-9e748b331a3a,System1,System1_1,2025-04-10 16:54:55.875000+00:00,621.74112,True
95eeb796-e220-4132-a3c9-4e1009ae9a0a,System7,System7_1,2025-04-10 17:09:46.250000+00:00,1046.8506048000002,True
90c26115-7cc9-49fa-af76-c5e26a053bf4,System1,System1_2,2025-04-10 17:18:18.875000+00:00,664.98432,True
6df2dd12-31e4-4fbf-8bc4-87647595b482,System10,System10_1,2025-04-10 18:29:46.875000+00:00,1354.9536,True
670e54c4-983b-4c0b-82e7-975b64ceb3bd,System1,System1_1,2025-04-10 18:37:35.875000+00:00,617.89728,True
b5ed6fab-2ed8-43bb-af2b-7b1bd4304c01,System1,System1_2,2025-04-10 18:55:22.875000+00:00,657.29664,True
777d7759-33c1-4adf-9dd1-b0e80b04cfe3,System7,System7_1,2025-04-10 20:56:27.250000+00:00,1064.2632,True
f0946a53-7877-48eb-8457-4c0f98de94e5,System1,System1_2,2025-04-10 22:01:47.875000+00:00,619.8192,True
dce0411c-508d-4b03-8184-5f17919bce0f,System7,System7_1,2025-04-10 23:18:59.250000+00:00,1054.6536,True
ec6b75fb-75cc-4e8d-97e0-d113ec156a30,System8,System8_2,2025-04-10 23:33:51.750000+00:00,25.830604800000003,True
08f6f61e-7f2e-4a40-8876-2eef3be0239b,System6,System6_2,2025-04-11 00:39:12.625000+00:00,383.1828,True
afdd7e9c-cdb4-415e-9ea9-448212b65315,System6,System6_1,2025-04-11 00:39:15.625000+00:00,344.74440000000004,True
c4e96680-e1b1-4dd0-8e0d-ca6f4be5dc82,System1,System1_2,2025-04-11 00:47:31.875000+00:00,631.35072,True
3c97601d-38ec-42f5-868e-953b21059bc5,System1,System1_1,2025-04-11 03:14:04.875000+00:00,631.35072,True
67a8d2cd-d3a0-4e3d-a807-5095242d83cc,System1,System1_2,2025-04-11 03:21:47.875000+00:00,657.29664,True
0dad0a18-2a04-4d29-ac89-adab57750bca,System7,System7_1,2025-04-11 12:31:19.250000+00:00,1057.056,True
4a43620b-973a-4f3e-b004-7ee7d2a7ef6a,System6,System6_2,2025-04-11 12:42:16.625000+00:00,306.30600000000004,True
94726715-e19e-4a15-91f2-c480dbd8e72a,System3,System3_3,2025-04-11 14:12:53.875000+00:00,30318.288,True
ef673c35-ad48-478b-a412-87c94d2f2a73,System6,System6_2,2025-04-11 14:30:16.625000+00:00,344.74440000000004,True
16bb5c01-3cd0-43eb-87d5-9d8c5c0e55f5,System1,System1_2,2025-04-11 14:38:23.875000+00:00,618.85824,True
f8d3814c-1a89-4fcc-b434-7996272ce013,System8,System8_2,2025-04-11 16:19:51.750000+00:00,27.031804800000003,True
db91188e-5539-4317-bf09-4fcc4149b5e7,System3,System3_3,2025-04-11 17:18:33.875000+00:00,30279.8496,True
b2572e31-6e37-4082-880f-57035ea35093,System3,System3_3,2025-04-11 20:12:27.875000+00:00,30260.6304,True
072489e8-90f4-4848-bf94-64d638d3e57a,System1,System1_2,2025-04-11 20:36:59.875000+00:00,627.50688,True
825819df-7d2c-4438-aea5-c9113d5cdf51,System7,System7_1,2025-04-11 22:19:56.250000+00:00,1059.4584,True
2e9d3b1a-f9c8-4687-a2b8-70235038d9f6,System6,System6_2,2025-04-11 23:36:05.625000+00:00,306.30600000000004,True
98dcbc0a-aa67-4e1c-933b-410914b29c4b,System1,System1_2,2025-04-11 23:43:08.875000+00:00,634.2336,True
a36f7804-bad4-4d9e-ae2b-ef5ba6c3a347,System1,System1_2,2025-04-12 02:36:00.875000+00:00,627.50688,True
d9e2eb38-bbb3-4c01-9566-53c36ad5c3ea,System1,System1_2,2025-04-12 16:19:50.875000+00:00,636.15552,True
b9de15a0-d8a0-45b0-ad7c-936e3f602be2,System1,System1_2,2025-04-12 19:05:06.875000+00:00,620.78016,True
fb784fb0-7055-4aef-a21e-31be791fefea,System8,System8_2,2025-04-12 19:09:08.750000+00:00,20.4204,True
442ad26b-d57a-4524-b381-15235e14c85e,System6,System6_1,2025-04-12 20:51:14.625000+00:00,306.30600000000004,True
fa427eb1-6f3f-4519-aa61-3de287c1d4cf,System6,System6_1,2025-04-12 22:01:39.625000+00:00,344.74440000000004,True
fc08e1b6-a9d9-422d-b855-6144d04ce056,System6,System6_2,2025-04-12 22:01:40.625000+00:00,344.74440000000004,True
52d4fa42-94c5-4791-a3a9-ca0743052856,System11,System11_2,2025-04-12 22:20:18.125000+00:00,76.492416,True
7726f5b5-4b95-440b-a735-91beeaed2994,System1,System1_2,2025-04-12 22:24:19.875000+00:00,643.8432,True
a5b68adb-f5c8-428f-be50-546d6b68be51,System1,System1_2,2025-04-13 00:58:47.875000+00:00,623.66304,True
bdf98b38-61c1-4e5c-9aff-48ee40fe9de6,System8,System8_4,2025-04-13 03:07:21.375000+00:00,3.6036,True
f77acc3b-b964-43ac-9420-81f0f88d391b,System1,System1_1,2025-04-13 04:14:40.875000+00:00,613.09248,True
15a0b69d-0fd4-4297-bcc4-5c72f38ba7e7,System1,System1_2,2025-04-13 04:20:19.875000+00:00,633.27264,True
1c21131d-68d7-4a2d-b64f-7e1ff5efc359,System7,System7_1,2025-04-13 04:23:31.250000+00:00,1046.2452,True
61fedcc0-9ffd-4224-9dec-9b51d05f57ea,System7,System7_1,2025-04-13 10:55:32.250000+00:00,1046.2452,True
900d6913-764f-4cf4-88e7-0d5a5b4f9b2a,System3,System3_3,2025-04-13 12:09:16.875000+00:00,30337.5072,True
31d3e103-735b-4e05-82e0-d6555afe8f13,System6,System6_2,2025-04-13 12:25:17.625000+00:00,306.30600000000004,True
bf72c083-9e44-492c-9448-16f491d43663,System8,System8_2,2025-04-13 16:49:05.750000+00:00,19.2192,True
6424c79a-f991-44d9-a63d-7bc059d9b49b,System11,System11_2,2025-04-13 17:13:21.500000+00:00,10.4071968,True
e940d083-5ffb-4210-8514-377d19ba4668,System1,System1_2,2025-04-13 17:39:15.875000+00:00,625.58496,True
921e68ca-d6ce-4b0d-ba4c-b669a3ae031b,System4,System4_1,2025-04-13 19:40:15.875000+00:00,4.8048,True
db3ad718-100f-4963-83de-444ec8dd5ac1,System4,System4_2,2025-04-13 19:40:15.875000+00:00,4.0072032,True
70dd569e-2603-45e4-8273-03700435a0e3,System7,System7_1,2025-04-13 19:40:19.250000+00:00,1043.2470048,True
78937a0d-24ea-4c41-83fe-cd85d19bba14,System1,System1_2,2025-04-13 20:54:43.875000+00:00,645.76512,True
25770d62-b189-4fc9-b62e-b085f113f0c3,System7,System7_1,2025-04-14 02:02:12.250000+00:00,1043.8428,True
